{
  "status": "PASS",
  "phase": "30–60m Life Agent playtest",
  "runId": "20261007T103239Z-pid7426",
  "mode": "life",
  "durationMinimumSeconds": 1800,
  "durationTargetSeconds": 1800,
  "producer": "phase5-life-browser-qa",
  "harnessAuthor": {
    "requestedAgent": "g6_luna_med_phase5_browser_qa_engineer",
    "requestedModel": "GPT-6 Luna",
    "requestedEffort": "medium",
    "backendRuntimeVerified": false
  },
  "runnerExecution": {
    "requestedModel": "gpt-6-luna",
    "requestedEffort": "low",
    "backendRuntimeVerified": false,
    "providedBy": "explicit launcher arguments"
  },
  "policyExecution": {
    "controller": "deterministic runner-driven policy",
    "modelInference": "none",
    "adaptationInputs": "visible UI plan and read-only current-state telemetry"
  },
  "sourceBefore": {
    "head": "f9f969c9d3dfa3cbf1c379bec98eafab765b11cc",
    "sourceSha256": {
      "src/App.vue": "6a4cb4bd521c671a5428eae511b1c10270bf1a74355a0cd3dd42cb0cafef1972",
      "src/components/AdventureWindow.vue": "eb6167f033c2c871d0719fb3742319df591feace02bffabe8af5a4802ebfc087",
      "src/components/CharacterSheet.vue": "0905f39da0b3ba52ed2c8c4c852ce08bc96a5e80d925cb64bb1f3dcb5b0d0dbd",
      "src/components/IdentityWindow.vue": "982afc32143581311c9a014236e3e2a75e1a40b8f04f8fe97796c542966f7f06",
      "src/components/InventoryWindow.vue": "12794d34b5d7df1902804f36698c26d58f0c46e3ec8f8bcd4519b075d2ad4609",
      "src/components/LifeNewsWindow.vue": "deeade4eb492f3ac846d5de7755254f6dea86687f136426c888f14b4379bd322",
      "src/components/NpcWindow.vue": "0e930a8dfeec0f4db6cdad0adace75825baa8cc40e09307e1e55c7085cde4cd7",
      "src/components/PixelMeter.vue": "77b69a1b161f6ad7e29a346665a69645a3d8589281e8bc32832f149e41d81ca9",
      "src/components/PixelWindow.vue": "15397996c0984586bd95e6383c647fba88dbb77ec0a9f01e78dc723821e61da4",
      "src/components/PlaceWindow.vue": "815c541a39d79de566e06d4f733d1b138df36c0ba158318e030a6e9ecc82a7d5",
      "src/components/PropertyWindow.vue": "9bd6f8d2a5b00435b6e86c149bf6a7d4bf5343ed2be26e2416772a3aaf0c27d1",
      "src/components/StatusNotice.vue": "6c722ade5aa61f45e5fb2c77c8a8dc15e701173484f3871f7365d7cf9500f6a9",
      "src/components/WorldMap.vue": "37de32ea49da36d4e74c9ced377adbe280fa45cb60fdf69d8a5c39a260719a5f",
      "src/components/WorldRecords.vue": "424365a02880ce6767ffc9e9769e5a0f61905c0fc046753d8fc80f5bfadaaed8",
      "src/data/config.ts": "3e6295be41dbc66f092133f75b6c0dc7a5181cdfbb94de7cf8e908d09fdf7bd7",
      "src/data/crafting.ts": "a6946d02a5783c52e672bc25abc33202830f98983488e7f0df2ee1984d7c86f9",
      "src/data/identity.ts": "0acc09bbd1f9d9c4e057b2bdca01fa202730e868325cb873286c5c31a809dae0",
      "src/data/lifeRules.ts": "07b9ab1836c6d96077a4a6aaedd7f5d7abec6f1b5132bc5203da1d1e9291e1b3",
      "src/data/livingEvents.ts": "768aaee2a9d1e8b9919163059d36a494f5071bf7a0568bfe7b0c80f735d03bc1",
      "src/data/npcLife.ts": "5089f01033570e33528b63538a06a3f0645735b8c8c884d8f2c54a900a937b4f",
      "src/data/ownership.ts": "32b4133d753764952905da43276cd1cd56ea26f32e44b4b540225dc8f59140f2",
      "src/data/rewards.ts": "f2d60b4eb0c7d3349e242b6c2a81853e92cf5b74e25e1be071cf839fd6c98cd5",
      "src/domain/life.ts": "db2eff0c1eb6d3ae310f39d8df5a6bf40b125193741a25b9bbe652c4640de72a",
      "src/domain/reward.ts": "fb7463d0327e73097979d5ccd6823b10b0f0d9d14280974215ba6459eb899c0a",
      "src/domain/types.ts": "7a06eb4f36d44561a3b13a0729800b1776583bc555680814931b59f6cb775400",
      "src/engine/actions.test.ts": "81b2f116cb18daf5525fd79a2246863bc3e4e36214f9caac466e4f820d9e37ba",
      "src/engine/actions.ts": "96146f525b5f87cc1ecd394594c46fbf7da2a76c265d3344e17f6feec3e6e100",
      "src/engine/calendar.ts": "e587ce1d1e149fea987f5a3ab6013872528d5d74beafcb0f40d2fe476abf5524",
      "src/engine/combatStats.test.ts": "896b7517b4a2bcb4671b4d17188f0823edfe290e3826fc21f3bc94fe0f062bea",
      "src/engine/combatStats.ts": "d7235e4c59edc77aec368f940e8825712672cc3fcd49e83c7c901c5f049db34f",
      "src/engine/crafting.test.ts": "240458a3586c98449282e388709af4b230d1301330f31c76dd53289d1875126c",
      "src/engine/crafting.ts": "d5abd71325252cfad846680cbdd3d844b78ab326bffea14e3314f618737a3491",
      "src/engine/events.ts": "e2b781ad3f99cfc2b20f58ce561b2bf9c489c417512f4c7b209e02e3d5d2a1b1",
      "src/engine/gameLoop.test.ts": "96c76b875cedace6ab191a95e0b01285a024723691c1ebaca3ae76407492258d",
      "src/engine/gameLoop.ts": "016305d39fe6746347f783723e0f6e6d53f387766d3ca899816d618e9ab2d941",
      "src/engine/gearStats.ts": "66fa786c0c3e81cc317033181a0f11d9ef987c15f943e0960ec20a668eff0702",
      "src/engine/identity.test.ts": "5dc96ec9abf767c0e9202429cabebedefeb3bc0237ebe519c4d9feeccda2a07f",
      "src/engine/identity.ts": "2d7596a712c16940a590bdf47edd288fc965f429304889e0be3b09969d61119e",
      "src/engine/itemGeneration.test.ts": "2b09ecb49724820a5187a26099f654a00b0457a0d0f8e50609562ff26f5d39e2",
      "src/engine/itemGeneration.ts": "87be6646c4aa67a8d6443586373e848d0d8ffabad72b9752825224cb170fff71",
      "src/engine/lifeIntegration.test.ts": "c9e702a8819e0d372aff7411f45a85ebc1e829dfc6f1e753b728863a21f56a16",
      "src/engine/lifeState.ts": "bd7697bcb564061cd00ff7fc14373625c30d2a7de06473b8f97bffb4c61b3c58",
      "src/engine/livingEvents.test.ts": "cfbb5b99724fe0de53428c80378249b1063084f2dee6f9d85652b950979c10c0",
      "src/engine/livingEvents.ts": "afd535e634752a328d7ae3e0daa3d93cf07c4f7c2473705ed64d3058f02867f4",
      "src/engine/lod.ts": "325c339270bc38b55bf9e5185f9f502e3934a1055ece7f1b67fb448743fe5df4",
      "src/engine/npcLife.test.ts": "8bbe40ae3b0a87926c7d65a53d079931b59bdd26ac8489148518c188a466a9dc",
      "src/engine/npcLife.ts": "7f2fe08b29c5ee145a06c3623b19b663fcd7251bdfa5c3a7bfe19bc393bf5c28",
      "src/engine/ownership.test.ts": "b339812b317032d3cf497e53c139c6397cc829ad5f5d50859897306acb2de725",
      "src/engine/ownership.ts": "fef2361be0a18221e7d50d17d97c82b64df360c257cc0598684842c9295f5526",
      "src/engine/random.ts": "b0844202733996c5dd2f123a32ad800c433b22c02ddf0e744c163e880b612734",
      "src/engine/rewardActions.test.ts": "0b8972f23231416b0cff9d4f8af8d8cc4c79804bdb1a971c437e0581ca5a7c7f",
      "src/engine/rewardActions.ts": "e65c62d7477347152fa63cf208aaa06f76cd69371ca79cbdebb541cb7553f4c1",
      "src/engine/rewardState.ts": "2bc667870966beec916017a865f8e8cbf7b9893b31fe33823fec98305df5d901",
      "src/engine/simulation.test.ts": "a0808a2c3a02ea77382e0c29cd931e175f71e3201fc0827ae177c2af320d3b4e",
      "src/engine/simulation.ts": "82c84768ca89a87efa0beb6ba0c846bb60bf5a652c888ff243130a3de04ce6e3",
      "src/engine/wolfFamily.test.ts": "9d1aa4f13c4582c317dd4e91b6a3cf32db1ea33e8adeef4a54097ecf4355716f",
      "src/engine/wolfFamily.ts": "1c1c18f12926a13f804ae215e60349e0c69e2dcb0e5c8d26518b11eeb7197ed7",
      "src/main.ts": "d40986b5fc51412d180baf7fd19e010611819486787be3a901e22315f3ae34a4",
      "src/presentation/craftingProjection.test.ts": "9e267bcd768b9ee7238ff6c6c7e669df5b7fa987fd872c7bf2848aee5d1090ce",
      "src/presentation/craftingProjection.ts": "26e70a094527b49ed17cf4e8a802d8e32f145789b13cb78d5b1825d70ce80dbf",
      "src/presentation/icons.ts": "765708954fb2796d5a31715a4f66e9036672417b61aad5e80ccdddaf2231a135",
      "src/presentation/lifeProjection.test.ts": "fa6c4282aedc420b300baf2d283bf11222b3cd806a4e4b7dbf8c77269a95292a",
      "src/presentation/lifeProjection.ts": "07c2f4a68e2ce095c8eb352db85a22d0481e9cf6131c1440da950f765b0e24f4",
      "src/presentation/rewardProjection.test.ts": "cb54650c0885c3c1c245a9eb7d599fa63589f7543fb1c7514fd570d6e1244d86",
      "src/presentation/rewardProjection.ts": "969498139ed5fa7b221378d939032d7948904c242ea3d3691657728293603d92",
      "src/presentation/worldProjection.test.ts": "ac09f1dd5fd910f21f54f2475de22aaab72c8ba5be3b974d90913cde7910bad4",
      "src/presentation/worldProjection.ts": "06d76b4946a11de5ef28d3fa4a6966a0a2a0e0859c43370009b4ad30d2dcc73b",
      "src/presentation/worldUI.test.ts": "2f3df8b838778eabfb17e3364c37905b3a2ab043ebba3ad1500c911cce7e4e6e",
      "src/presentation/worldUI.ts": "a0abdb1cc227cf4d60e7bb3c1531fc555dff800d462b74be312f67c562e6c91e",
      "src/services/playJournal.test.ts": "94a17d9de5df2bcdc87a4584e7fbb021a021b4aa0e61de97519288b70ba765b9",
      "src/services/playJournal.ts": "92d55ee79abe39e0e0c83fd2cc54243559517f787cfe23262486810f45163940",
      "src/services/rewardSave.test.ts": "ebd8476dc3500e310fc214877a47cc5edfcd11cdd4f7a5be6d6dfa66ec88349e",
      "src/services/rewardValidation.ts": "039cab272c301f7d91d2ba49cade91ea0751d80bbb8957a20692e8e723a24171",
      "src/services/saveService.test.ts": "c0019a9e290787c10c31143d292a7ef78b1d460c6a22f5962dd0969782c71277",
      "src/services/saveService.ts": "27af78b529a5f464d5ccafd13a0a187cacebfa3d962787a106c60821d10e068a",
      "src/services/saveWriter.ts": "0703016eb96d12bb843f0b04b6e21b6568bf7f9b44defc59e340896c675ff43b",
      "src/stores/gameStore.test.ts": "7f1b8f4cf703f448802a54da7edfb3844c66765e2621b20bc445bda67b5bd840",
      "src/stores/gameStore.ts": "b5d18a378cf4b05d05a37a2825e7eff045fd1ef68ac0714076b8f7c049bf5ac2",
      "src/style.scss": "39ff3ebf848b580a2e80da3a65860bf9f401623deae77efe161d80ad123a9f46"
    },
    "sourceFingerprint": "64118ae0a53e69a897ba5bf0611da3d913d75b0861c80d56f95729feebba12cb",
    "buildInputsSha256": {
      "package.json": "e44cbba601836e8b2adc8e872caba3ce665c6b21873aeee153fc729099625f80",
      "package-lock.json": "cd8379969a4ee99f80434dce4c7afff4fcf52290aa9d40ba4668c5165dbdc53d",
      "tsconfig.json": "2f45629d03f844524c3b19b580db910c7c120e4e0d06b00eae6f73e829d968b0",
      "vite.config.ts": "f5e64ccf326c3dd505ea11a18e691d1bc5b698d9bd130b234a788fc3c9017366",
      "index.html": "bfa28297eece5f57e38878097b4db8b481d5fcee44442da76244e0bb3dffb794"
    },
    "buildInputsFingerprint": "953400b45ba7b923fe1f99ec590543615929d91e42782cd5c58ee3d75f739b71",
    "distSha256": {
      "dist/assets/index-D5p_OlSI.js": "463c9612fa7a4a7026d5247e10371c36142bfbd4d54046a9543e1e9ebbf9c146",
      "dist/assets/index-N61qMvza.css": "230de3747a4d005dcba6d2984cd2930d9f6430e59ff7eb4d119a3befeadff20e",
      "dist/index.html": "02dfd359e60ae0cde25de6bbbddb2369ac3633b7916d97b9e3fa1c3fce96741f"
    },
    "distFingerprint": "6824067c45cb8bcda82376c05fa763e1ca109d3be1dbdc8815b00549e5371d16",
    "buildStatusPath": "/workspace/plw-rpg/reports/v2/20261007-life-craftsmanship/phase-05/build-status.json",
    "buildStatusSha256": "29b54af491df360466d61e43da51e4ac22b94f333d0c46aa90def67da85aa442",
    "ownedHarnessAndHelperSha256": {
      "reports/v2/20261007-life-craftsmanship/phase-05/phase05_browser_launcher.py": "84c7f4429196180787be2de52b6cf05817078e41faac984813c6472125823297",
      "reports/v2/20261007-life-craftsmanship/phase-05/phase05_browser_driver.py": "5c20b23c7f1bf93ae4dbc55f5bfe902a31ee2022785d8ddf8a6dce7845f31b0c",
      "reports/v2/20261007-life-craftsmanship/phase-05/phase05_browser_support.py": "8572bdf613f7840d5818e7ec0de844c3f4501ce70fe66df71986c0a1e1f6572c"
    },
    "recordedReportsSha256": "bc09dc981267e9cdfaf63103b260c052417b2ff675e551cd2677986f9231962b"
  },
  "releaseMarker": {
    "authorized": true,
    "authorizedModes": [
      "stress",
      "life"
    ],
    "stage": "J detached full runtime retry after independent nearby/ownership and strict supervisor acceptance",
    "authorizedBy": "g61-sol-med-orchestrator",
    "sourceCommitBase": "f9f969c9d3dfa3cbf1c379bec98eafab765b11cc",
    "sourceFingerprint": "64118ae0a53e69a897ba5bf0611da3d913d75b0861c80d56f95729feebba12cb",
    "buildStatusSha256": "29b54af491df360466d61e43da51e4ac22b94f333d0c46aa90def67da85aa442",
    "distFingerprint": "6824067c45cb8bcda82376c05fa763e1ca109d3be1dbdc8815b00549e5371d16",
    "qaFilesSha256": {
      "reports/v2/20261007-life-craftsmanship/phase-05/phase05_browser_launcher.py": "84c7f4429196180787be2de52b6cf05817078e41faac984813c6472125823297",
      "reports/v2/20261007-life-craftsmanship/phase-05/phase05_browser_driver.py": "5c20b23c7f1bf93ae4dbc55f5bfe902a31ee2022785d8ddf8a6dce7845f31b0c",
      "reports/v2/20261007-life-craftsmanship/phase-05/phase05_browser_support.py": "8572bdf613f7840d5818e7ec0de844c3f4501ce70fe66df71986c0a1e1f6572c"
    },
    "humanGate": "DEFERRED / NOT APPLICABLE AT THIS STAGE",
    "supervisorSha256": "7c603a12380a4e0829983effb092c4f13ae933871117aeecd69dbbec620c6657"
  },
  "buildStatusPath": "/workspace/plw-rpg/reports/v2/20261007-life-craftsmanship/phase-05/build-status.json",
  "url": "http://127.0.0.1:40203",
  "normalFreshSave": {
    "isolatedContext": true,
    "stateInjected": false,
    "debugTimeOrStateInjection": false
  },
  "controlledFixture": false,
  "humanValidation": {
    "status": "DEFERRED / NOT APPLICABLE AT THIS STAGE"
  },
  "startUTC": "2026-10-07T10:32:39.811153+00:00",
  "pageErrors": [],
  "consoleErrors": [],
  "requestFailures": [],
  "httpFailures": [],
  "rejections": [],
  "storageErrors": [],
  "uiLatencyMs": [
    {
      "action": "open nearby interactions",
      "milliseconds": 37.4
    },
    {
      "action": "open nearby store (雜貨店)",
      "milliseconds": 42.4
    },
    {
      "action": "inspect live recipe registry option fieldSpear",
      "milliseconds": 19.2
    },
    {
      "action": "inspect live recipe registry option fieldArmor",
      "milliseconds": 31.6
    },
    {
      "action": "inspect live recipe registry option ironShortSword",
      "milliseconds": 22.1
    },
    {
      "action": "move one legal map step toward forest",
      "milliseconds": 24.8
    },
    {
      "action": "move one legal map step toward forest",
      "milliseconds": 19.8
    },
    {
      "action": "open forest (北方森林)",
      "milliseconds": 53.8
    },
    {
      "action": "open inventory from its desktop accessible name",
      "milliseconds": 21.0
    },
    {
      "action": "move one legal map step toward store",
      "milliseconds": 20.8
    },
    {
      "action": "move one legal map step toward store",
      "milliseconds": 21.6
    },
    {
      "action": "open nearby interactions",
      "milliseconds": 41.4
    },
    {
      "action": "open nearby store (雜貨店)",
      "milliseconds": 41.4
    },
    {
      "action": "open inventory from its desktop accessible name",
      "milliseconds": 61.5
    },
    {
      "action": "move one legal map step toward farm",
      "milliseconds": 19.5
    },
    {
      "action": "move one legal map step toward farm",
      "milliseconds": 24.0
    },
    {
      "action": "move one legal map step toward farm",
      "milliseconds": 21.2
    },
    {
      "action": "move one legal map step toward farm",
      "milliseconds": 19.5
    },
    {
      "action": "move one legal map step toward farm",
      "milliseconds": 38.0
    },
    {
      "action": "move one legal map step toward farm",
      "milliseconds": 22.9
    },
    {
      "action": "open nearby interactions",
      "milliseconds": 42.0
    },
    {
      "action": "open nearby farm (農田)",
      "milliseconds": 37.5
    },
    {
      "action": "move one legal map step toward store",
      "milliseconds": 25.7
    },
    {
      "action": "move one legal map step toward store",
      "milliseconds": 19.7
    },
    {
      "action": "move one legal map step toward store",
      "milliseconds": 19.3
    },
    {
      "action": "move one legal map step toward store",
      "milliseconds": 54.2
    },
    {
      "action": "move one legal map step toward store",
      "milliseconds": 51.1
    },
    {
      "action": "move one legal map step toward store",
      "milliseconds": 16.9
    },
    {
      "action": "open nearby interactions",
      "milliseconds": 38.9
    },
    {
      "action": "open nearby store (雜貨店)",
      "milliseconds": 39.7
    },
    {
      "action": "inspect live recipe registry option fieldSpear",
      "milliseconds": 13.1
    },
    {
      "action": "inspect live recipe registry option fieldArmor",
      "milliseconds": 28.5
    },
    {
      "action": "inspect live recipe registry option ironShortSword",
      "milliseconds": 18.6
    },
    {
      "action": "move one legal map step toward forest",
      "milliseconds": 40.9
    },
    {
      "action": "move one legal map step toward forest",
      "milliseconds": 16.6
    },
    {
      "action": "open forest (北方森林)",
      "milliseconds": 39.1
    },
    {
      "action": "open inventory from its desktop accessible name",
      "milliseconds": 53.0
    },
    {
      "action": "move one legal map step toward store",
      "milliseconds": 39.5
    },
    {
      "action": "move one legal map step toward store",
      "milliseconds": 17.7
    },
    {
      "action": "open nearby interactions",
      "milliseconds": 35.1
    },
    {
      "action": "open nearby store (雜貨店)",
      "milliseconds": 26.7
    },
    {
      "action": "inspect live recipe registry option fieldSpear",
      "milliseconds": 26.9
    },
    {
      "action": "inspect live recipe registry option fieldArmor",
      "milliseconds": 16.5
    },
    {
      "action": "inspect live recipe registry option ironShortSword",
      "milliseconds": 21.3
    },
    {
      "action": "move one legal map step toward forest",
      "milliseconds": 35.8
    },
    {
      "action": "move one legal map step toward forest",
      "milliseconds": 19.5
    },
    {
      "action": "open forest (北方森林)",
      "milliseconds": 42.3
    },
    {
      "action": "open inventory from its desktop accessible name",
      "milliseconds": 43.1
    },
    {
      "action": "move one legal map step toward store",
      "milliseconds": 20.2
    },
    {
      "action": "move one legal map step toward store",
      "milliseconds": 17.6
    },
    {
      "action": "open nearby interactions",
      "milliseconds": 35.4
    },
    {
      "action": "open nearby store (雜貨店)",
      "milliseconds": 38.6
    },
    {
      "action": "open inventory from its desktop accessible name",
      "milliseconds": 50.8
    },
    {
      "action": "open nearby interactions",
      "milliseconds": 32.0
    },
    {
      "action": "open nearby store (雜貨店)",
      "milliseconds": 26.8
    },
    {
      "action": "move one legal map step toward forest",
      "milliseconds": 32.2
    },
    {
      "action": "move one legal map step toward forest",
      "milliseconds": 23.5
    },
    {
      "action": "open forest (北方森林)",
      "milliseconds": 44.2
    },
    {
      "action": "open inventory from its desktop accessible name",
      "milliseconds": 22.4
    },
    {
      "action": "move one legal map step toward store",
      "milliseconds": 27.4
    },
    {
      "action": "move one legal map step toward store",
      "milliseconds": 13.7
    },
    {
      "action": "open nearby interactions",
      "milliseconds": 17.0
    },
    {
      "action": "open nearby store (雜貨店)",
      "milliseconds": 40.2
    },
    {
      "action": "move one legal map step toward forest",
      "milliseconds": 47.0
    },
    {
      "action": "move one legal map step toward forest",
      "milliseconds": 44.0
    },
    {
      "action": "open forest (北方森林)",
      "milliseconds": 48.6
    },
    {
      "action": "open inventory from its desktop accessible name",
      "milliseconds": 37.6
    },
    {
      "action": "move one legal map step toward store",
      "milliseconds": 32.3
    },
    {
      "action": "move one legal map step toward store",
      "milliseconds": 36.2
    },
    {
      "action": "open nearby interactions",
      "milliseconds": 22.1
    },
    {
      "action": "open nearby store (雜貨店)",
      "milliseconds": 33.5
    },
    {
      "action": "inspect live recipe registry option fieldSpear",
      "milliseconds": 17.8
    },
    {
      "action": "inspect live recipe registry option fieldArmor",
      "milliseconds": 38.2
    },
    {
      "action": "inspect live recipe registry option ironShortSword",
      "milliseconds": 24.6
    },
    {
      "action": "open inventory from its desktop accessible name",
      "milliseconds": 54.0
    },
    {
      "action": "move one legal map step toward farm",
      "milliseconds": 29.1
    },
    {
      "action": "move one legal map step toward farm",
      "milliseconds": 16.8
    },
    {
      "action": "move one legal map step toward farm",
      "milliseconds": 19.3
    },
    {
      "action": "move one legal map step toward farm",
      "milliseconds": 16.8
    },
    {
      "action": "move one legal map step toward farm",
      "milliseconds": 22.7
    },
    {
      "action": "move one legal map step toward farm",
      "milliseconds": 64.2
    },
    {
      "action": "open farm (農田)",
      "milliseconds": 33.2
    },
    {
      "action": "move one legal map step toward store",
      "milliseconds": 35.0
    },
    {
      "action": "move one legal map step toward store",
      "milliseconds": 20.2
    },
    {
      "action": "move one legal map step toward store",
      "milliseconds": 20.6
    },
    {
      "action": "move one legal map step toward store",
      "milliseconds": 17.0
    },
    {
      "action": "move one legal map step toward store",
      "milliseconds": 23.1
    },
    {
      "action": "move one legal map step toward store",
      "milliseconds": 21.6
    },
    {
      "action": "open nearby interactions",
      "milliseconds": 39.3
    },
    {
      "action": "open nearby store (雜貨店)",
      "milliseconds": 35.5
    },
    {
      "action": "inspect live recipe registry option fieldSpear",
      "milliseconds": 14.6
    },
    {
      "action": "inspect live recipe registry option fieldArmor",
      "milliseconds": 41.4
    },
    {
      "action": "inspect live recipe registry option ironShortSword",
      "milliseconds": 33.3
    },
    {
      "action": "move one legal map step toward forest",
      "milliseconds": 23.6
    },
    {
      "action": "move one legal map step toward forest",
      "milliseconds": 20.5
    },
    {
      "action": "open forest (北方森林)",
      "milliseconds": 52.8
    },
    {
      "action": "open inventory from its desktop accessible name",
      "milliseconds": 53.5
    },
    {
      "action": "move one legal map step toward store",
      "milliseconds": 32.5
    },
    {
      "action": "move one legal map step toward store",
      "milliseconds": 47.2
    },
    {
      "action": "open nearby interactions",
      "milliseconds": 39.7
    },
    {
      "action": "open nearby store (雜貨店)",
      "milliseconds": 33.6
    },
    {
      "action": "move one legal map step toward house",
      "milliseconds": 22.8
    },
    {
      "action": "move one legal map step toward house",
      "milliseconds": 32.7
    },
    {
      "action": "move one legal map step toward house",
      "milliseconds": 20.4
    },
    {
      "action": "move one legal map step toward house",
      "milliseconds": 21.7
    },
    {
      "action": "open nearby interactions",
      "milliseconds": 43.5
    },
    {
      "action": "open nearby house (家)",
      "milliseconds": 45.3
    },
    {
      "action": "advance world time through an ordinary visible rest action",
      "milliseconds": 35.1
    },
    {
      "action": "move one legal map step toward store",
      "milliseconds": 34.9
    },
    {
      "action": "move one legal map step toward store",
      "milliseconds": 21.2
    },
    {
      "action": "open nearby interactions",
      "milliseconds": 43.0
    },
    {
      "action": "open nearby store (雜貨店)",
      "milliseconds": 47.1
    },
    {
      "action": "move one legal map step toward house",
      "milliseconds": 21.3
    },
    {
      "action": "move one legal map step toward house",
      "milliseconds": 24.7
    },
    {
      "action": "open nearby interactions",
      "milliseconds": 42.2
    },
    {
      "action": "open nearby house (家)",
      "milliseconds": 41.3
    },
    {
      "action": "advance world time through an ordinary visible rest action",
      "milliseconds": 22.4
    },
    {
      "action": "move one legal map step toward store",
      "milliseconds": 42.6
    },
    {
      "action": "move one legal map step toward store",
      "milliseconds": 21.7
    },
    {
      "action": "open nearby interactions",
      "milliseconds": 41.0
    },
    {
      "action": "open nearby store (雜貨店)",
      "milliseconds": 40.9
    },
    {
      "action": "move one legal map step toward house",
      "milliseconds": 30.3
    },
    {
      "action": "move one legal map step toward house",
      "milliseconds": 34.5
    },
    {
      "action": "open nearby interactions",
      "milliseconds": 40.5
    },
    {
      "action": "open nearby house (家)",
      "milliseconds": 43.7
    },
    {
      "action": "advance world time through an ordinary visible rest action",
      "milliseconds": 31.5
    },
    {
      "action": "move one legal map step toward store",
      "milliseconds": 29.5
    },
    {
      "action": "move one legal map step toward store",
      "milliseconds": 17.6
    },
    {
      "action": "open nearby interactions",
      "milliseconds": 20.7
    },
    {
      "action": "open nearby store (雜貨店)",
      "milliseconds": 42.0
    },
    {
      "action": "move one legal map step toward house",
      "milliseconds": 31.3
    },
    {
      "action": "move one legal map step toward house",
      "milliseconds": 14.4
    },
    {
      "action": "open nearby interactions",
      "milliseconds": 45.5
    },
    {
      "action": "open nearby house (家)",
      "milliseconds": 33.2
    },
    {
      "action": "advance world time through an ordinary visible rest action",
      "milliseconds": 28.2
    },
    {
      "action": "move one legal map step toward store",
      "milliseconds": 25.3
    },
    {
      "action": "move one legal map step toward store",
      "milliseconds": 19.1
    },
    {
      "action": "open nearby interactions",
      "milliseconds": 39.5
    },
    {
      "action": "open nearby store (雜貨店)",
      "milliseconds": 40.5
    },
    {
      "action": "move one legal map step toward house",
      "milliseconds": 36.9
    },
    {
      "action": "move one legal map step toward house",
      "milliseconds": 19.4
    },
    {
      "action": "open nearby interactions",
      "milliseconds": 45.3
    },
    {
      "action": "open nearby house (家)",
      "milliseconds": 40.5
    },
    {
      "action": "advance world time through an ordinary visible rest action",
      "milliseconds": 24.5
    },
    {
      "action": "move one legal map step toward store",
      "milliseconds": 47.0
    },
    {
      "action": "move one legal map step toward store",
      "milliseconds": 15.5
    },
    {
      "action": "open nearby interactions",
      "milliseconds": 38.9
    },
    {
      "action": "open nearby store (雜貨店)",
      "milliseconds": 47.5
    },
    {
      "action": "move one legal map step toward house",
      "milliseconds": 21.5
    },
    {
      "action": "move one legal map step toward house",
      "milliseconds": 37.4
    },
    {
      "action": "open nearby interactions",
      "milliseconds": 42.8
    },
    {
      "action": "open nearby house (家)",
      "milliseconds": 36.0
    },
    {
      "action": "advance world time through an ordinary visible rest action",
      "milliseconds": 30.7
    },
    {
      "action": "move one legal map step toward store",
      "milliseconds": 32.3
    },
    {
      "action": "move one legal map step toward store",
      "milliseconds": 47.7
    },
    {
      "action": "open nearby interactions",
      "milliseconds": 23.8
    },
    {
      "action": "open nearby store (雜貨店)",
      "milliseconds": 37.0
    },
    {
      "action": "move one legal map step toward house",
      "milliseconds": 17.7
    },
    {
      "action": "move one legal map step toward house",
      "milliseconds": 22.8
    },
    {
      "action": "open nearby interactions",
      "milliseconds": 38.0
    },
    {
      "action": "open nearby house (家)",
      "milliseconds": 43.0
    },
    {
      "action": "advance world time through an ordinary visible rest action",
      "milliseconds": 17.5
    },
    {
      "action": "move one legal map step toward store",
      "milliseconds": 20.7
    },
    {
      "action": "move one legal map step toward store",
      "milliseconds": 19.0
    },
    {
      "action": "open nearby interactions",
      "milliseconds": 39.3
    },
    {
      "action": "open nearby store (雜貨店)",
      "milliseconds": 43.6
    },
    {
      "action": "move one legal map step toward house",
      "milliseconds": 21.5
    },
    {
      "action": "move one legal map step toward house",
      "milliseconds": 37.5
    },
    {
      "action": "open nearby interactions",
      "milliseconds": 41.8
    },
    {
      "action": "open nearby house (家)",
      "milliseconds": 34.3
    },
    {
      "action": "advance world time through an ordinary visible rest action",
      "milliseconds": 27.1
    },
    {
      "action": "move one legal map step toward store",
      "milliseconds": 46.3
    },
    {
      "action": "move one legal map step toward store",
      "milliseconds": 40.0
    },
    {
      "action": "open nearby interactions",
      "milliseconds": 19.3
    },
    {
      "action": "open nearby store (雜貨店)",
      "milliseconds": 40.5
    },
    {
      "action": "move one legal map step toward house",
      "milliseconds": 29.4
    },
    {
      "action": "move one legal map step toward house",
      "milliseconds": 33.7
    },
    {
      "action": "open nearby interactions",
      "milliseconds": 17.3
    },
    {
      "action": "open nearby house (家)",
      "milliseconds": 39.5
    },
    {
      "action": "advance world time through an ordinary visible rest action",
      "milliseconds": 32.1
    },
    {
      "action": "move one legal map step toward store",
      "milliseconds": 27.8
    },
    {
      "action": "move one legal map step toward store",
      "milliseconds": 18.1
    },
    {
      "action": "open nearby interactions",
      "milliseconds": 43.8
    },
    {
      "action": "open nearby store (雜貨店)",
      "milliseconds": 15.7
    },
    {
      "action": "move one legal map step toward house",
      "milliseconds": 34.1
    },
    {
      "action": "move one legal map step toward house",
      "milliseconds": 20.7
    },
    {
      "action": "open nearby interactions",
      "milliseconds": 58.1
    },
    {
      "action": "open nearby house (家)",
      "milliseconds": 30.3
    },
    {
      "action": "advance world time through an ordinary visible rest action",
      "milliseconds": 40.1
    },
    {
      "action": "move one legal map step toward store",
      "milliseconds": 33.2
    },
    {
      "action": "move one legal map step toward store",
      "milliseconds": 18.7
    },
    {
      "action": "open nearby interactions",
      "milliseconds": 44.2
    },
    {
      "action": "open nearby store (雜貨店)",
      "milliseconds": 16.3
    },
    {
      "action": "open nearby interactions",
      "milliseconds": 39.9
    },
    {
      "action": "open nearby store (雜貨店)",
      "milliseconds": 41.7
    },
    {
      "action": "inspect live recipe registry option fieldSpear",
      "milliseconds": 16.5
    },
    {
      "action": "inspect live recipe registry option fieldArmor",
      "milliseconds": 18.1
    },
    {
      "action": "inspect live recipe registry option ironShortSword",
      "milliseconds": 22.0
    },
    {
      "action": "move one legal map step toward forest",
      "milliseconds": 35.8
    },
    {
      "action": "move one legal map step toward forest",
      "milliseconds": 21.0
    },
    {
      "action": "open nearby interactions",
      "milliseconds": 46.9
    },
    {
      "action": "open nearby forest (北方森林)",
      "milliseconds": 25.2
    },
    {
      "action": "pursue the currently visible normal adventure action",
      "milliseconds": 43.8
    },
    {
      "action": "take one visible combat turn",
      "milliseconds": 39.9
    },
    {
      "action": "move one legal map step toward store",
      "milliseconds": 21.4
    },
    {
      "action": "move one legal map step toward store",
      "milliseconds": 19.3
    },
    {
      "action": "open nearby interactions",
      "milliseconds": 68.3
    },
    {
      "action": "open nearby store (雜貨店)",
      "milliseconds": 16.9
    },
    {
      "action": "inspect live recipe registry option fieldSpear",
      "milliseconds": 37.3
    },
    {
      "action": "inspect live recipe registry option fieldArmor",
      "milliseconds": 35.6
    },
    {
      "action": "inspect live recipe registry option ironShortSword",
      "milliseconds": 16.8
    },
    {
      "action": "select adaptive Life Agent recipe goal fieldArmor",
      "milliseconds": 18.4
    },
    {
      "action": "submit the enabled normal workbench recipe",
      "milliseconds": 28.3
    },
    {
      "action": "open the crafted item through its visible result bridge",
      "milliseconds": 36.1
    },
    {
      "action": "equip the exact crafted instance item-158 through inventory comparison",
      "milliseconds": 30.2
    },
    {
      "action": "pause world clock through its visible speed control",
      "milliseconds": 16.7
    },
    {
      "action": "explicit native save after closing all dialogs",
      "milliseconds": 13.1
    },
    {
      "action": "open nearby interactions",
      "milliseconds": 36.8
    },
    {
      "action": "open nearby store (雜貨店)",
      "milliseconds": 31.7
    },
    {
      "action": "inspect live recipe registry option fieldSpear",
      "milliseconds": 21.3
    },
    {
      "action": "inspect live recipe registry option fieldArmor",
      "milliseconds": 29.6
    },
    {
      "action": "inspect live recipe registry option ironShortSword",
      "milliseconds": 26.1
    },
    {
      "action": "open inventory from its desktop accessible name",
      "milliseconds": 56.4
    },
    {
      "action": "open nearby interactions",
      "milliseconds": 29.2
    },
    {
      "action": "open nearby store (雜貨店)",
      "milliseconds": 44.4
    },
    {
      "action": "inspect live recipe registry option fieldSpear",
      "milliseconds": 26.2
    },
    {
      "action": "inspect live recipe registry option fieldArmor",
      "milliseconds": 21.8
    },
    {
      "action": "inspect live recipe registry option ironShortSword",
      "milliseconds": 22.3
    },
    {
      "action": "move one legal map step toward forest",
      "milliseconds": 28.3
    },
    {
      "action": "open forest (北方森林)",
      "milliseconds": 30.7
    },
    {
      "action": "open inventory from its desktop accessible name",
      "milliseconds": 19.8
    },
    {
      "action": "move one legal map step toward store",
      "milliseconds": 26.9
    },
    {
      "action": "open nearby interactions",
      "milliseconds": 25.9
    },
    {
      "action": "open nearby store (雜貨店)",
      "milliseconds": 39.3
    },
    {
      "action": "move one legal map step toward forest",
      "milliseconds": 45.9
    },
    {
      "action": "open forest (北方森林)",
      "milliseconds": 61.1
    },
    {
      "action": "gather planner-requested wood through normal visible UI",
      "milliseconds": 47.8
    },
    {
      "action": "move one legal map step toward store",
      "milliseconds": 33.8
    },
    {
      "action": "open nearby interactions",
      "milliseconds": 50.4
    },
    {
      "action": "open nearby store (雜貨店)",
      "milliseconds": 33.9
    },
    {
      "action": "inspect live recipe registry option fieldSpear",
      "milliseconds": 30.3
    },
    {
      "action": "inspect live recipe registry option fieldArmor",
      "milliseconds": 14.3
    },
    {
      "action": "inspect live recipe registry option ironShortSword",
      "milliseconds": 30.2
    },
    {
      "action": "select adaptive Life Agent recipe goal starterSpear",
      "milliseconds": 16.6
    },
    {
      "action": "submit the enabled normal workbench recipe",
      "milliseconds": 23.1
    },
    {
      "action": "open the crafted item through its visible result bridge",
      "milliseconds": 30.1
    },
    {
      "action": "equip the exact crafted instance item-159 through inventory comparison",
      "milliseconds": 20.5
    },
    {
      "action": "pause world clock through its visible speed control",
      "milliseconds": 64.8
    },
    {
      "action": "explicit native save after closing all dialogs",
      "milliseconds": 40.1
    },
    {
      "action": "open nearby interactions",
      "milliseconds": 32.1
    },
    {
      "action": "open nearby store (雜貨店)",
      "milliseconds": 20.5
    },
    {
      "action": "inspect live recipe registry option fieldSpear",
      "milliseconds": 45.8
    },
    {
      "action": "inspect live recipe registry option fieldArmor",
      "milliseconds": 24.3
    },
    {
      "action": "inspect live recipe registry option ironShortSword",
      "milliseconds": 16.3
    },
    {
      "action": "move one legal map step toward forest",
      "milliseconds": 32.1
    },
    {
      "action": "open forest (北方森林)",
      "milliseconds": 46.8
    },
    {
      "action": "open inventory from its desktop accessible name",
      "milliseconds": 45.4
    },
    {
      "action": "move one legal map step toward store",
      "milliseconds": 26.4
    },
    {
      "action": "open nearby interactions",
      "milliseconds": 36.7
    },
    {
      "action": "open nearby store (雜貨店)",
      "milliseconds": 32.0
    },
    {
      "action": "open inventory from its desktop accessible name",
      "milliseconds": 56.7
    },
    {
      "action": "move one legal map step toward farm",
      "milliseconds": 43.0
    },
    {
      "action": "move one legal map step toward farm",
      "milliseconds": 16.8
    },
    {
      "action": "move one legal map step toward farm",
      "milliseconds": 24.7
    },
    {
      "action": "move one legal map step toward farm",
      "milliseconds": 18.9
    },
    {
      "action": "move one legal map step toward farm",
      "milliseconds": 21.6
    },
    {
      "action": "move one legal map step toward farm",
      "milliseconds": 21.4
    },
    {
      "action": "move one legal map step toward farm",
      "milliseconds": 24.1
    },
    {
      "action": "move one legal map step toward farm",
      "milliseconds": 54.7
    },
    {
      "action": "open nearby interactions",
      "milliseconds": 34.7
    },
    {
      "action": "open nearby farm (農田)",
      "milliseconds": 40.5
    },
    {
      "action": "move one legal map step toward store",
      "milliseconds": 39.8
    },
    {
      "action": "move one legal map step toward store",
      "milliseconds": 53.5
    },
    {
      "action": "move one legal map step toward store",
      "milliseconds": 35.3
    },
    {
      "action": "move one legal map step toward store",
      "milliseconds": 22.1
    },
    {
      "action": "move one legal map step toward store",
      "milliseconds": 19.9
    },
    {
      "action": "move one legal map step toward store",
      "milliseconds": 38.6
    },
    {
      "action": "open nearby interactions",
      "milliseconds": 47.5
    },
    {
      "action": "open nearby store (雜貨店)",
      "milliseconds": 36.6
    },
    {
      "action": "inspect live recipe registry option fieldSpear",
      "milliseconds": 23.2
    },
    {
      "action": "inspect live recipe registry option fieldArmor",
      "milliseconds": 28.9
    },
    {
      "action": "inspect live recipe registry option ironShortSword",
      "milliseconds": 24.2
    },
    {
      "action": "move one legal map step toward forest",
      "milliseconds": 46.5
    },
    {
      "action": "move one legal map step toward forest",
      "milliseconds": 50.8
    },
    {
      "action": "open forest (北方森林)",
      "milliseconds": 34.0
    },
    {
      "action": "open inventory from its desktop accessible name",
      "milliseconds": 48.0
    },
    {
      "action": "move one legal map step toward store",
      "milliseconds": 45.4
    },
    {
      "action": "move one legal map step toward store",
      "milliseconds": 20.5
    },
    {
      "action": "open nearby interactions",
      "milliseconds": 18.9
    },
    {
      "action": "open nearby store (雜貨店)",
      "milliseconds": 42.7
    },
    {
      "action": "move one legal map step toward forest",
      "milliseconds": 19.2
    },
    {
      "action": "move one legal map step toward forest",
      "milliseconds": 19.2
    },
    {
      "action": "open forest (北方森林)",
      "milliseconds": 53.4
    },
    {
      "action": "open inventory from its desktop accessible name",
      "milliseconds": 55.5
    },
    {
      "action": "move one legal map step toward store",
      "milliseconds": 49.4
    },
    {
      "action": "move one legal map step toward store",
      "milliseconds": 19.3
    },
    {
      "action": "open nearby interactions",
      "milliseconds": 40.1
    },
    {
      "action": "open nearby store (雜貨店)",
      "milliseconds": 37.5
    },
    {
      "action": "open inventory from its desktop accessible name",
      "milliseconds": 29.7
    },
    {
      "action": "open nearby interactions",
      "milliseconds": 24.7
    },
    {
      "action": "open nearby store (雜貨店)",
      "milliseconds": 37.9
    },
    {
      "action": "move one legal map step toward forest",
      "milliseconds": 27.1
    },
    {
      "action": "move one legal map step toward forest",
      "milliseconds": 17.4
    },
    {
      "action": "open forest (北方森林)",
      "milliseconds": 37.4
    },
    {
      "action": "open inventory from its desktop accessible name",
      "milliseconds": 20.7
    },
    {
      "action": "move one legal map step toward store",
      "milliseconds": 24.5
    },
    {
      "action": "move one legal map step toward store",
      "milliseconds": 19.4
    },
    {
      "action": "open nearby interactions",
      "milliseconds": 41.5
    },
    {
      "action": "open nearby store (雜貨店)",
      "milliseconds": 44.7
    },
    {
      "action": "inspect live recipe registry option fieldSpear",
      "milliseconds": 24.5
    },
    {
      "action": "inspect live recipe registry option fieldArmor",
      "milliseconds": 22.2
    },
    {
      "action": "inspect live recipe registry option ironShortSword",
      "milliseconds": 14.8
    },
    {
      "action": "move one legal map step toward forest",
      "milliseconds": 36.2
    },
    {
      "action": "move one legal map step toward forest",
      "milliseconds": 14.9
    },
    {
      "action": "open forest (北方森林)",
      "milliseconds": 47.9
    },
    {
      "action": "open inventory from its desktop accessible name",
      "milliseconds": 27.4
    },
    {
      "action": "move one legal map step toward store",
      "milliseconds": 39.9
    },
    {
      "action": "move one legal map step toward store",
      "milliseconds": 38.0
    },
    {
      "action": "open nearby interactions",
      "milliseconds": 46.7
    },
    {
      "action": "open nearby store (雜貨店)",
      "milliseconds": 41.5
    },
    {
      "action": "open inventory from its desktop accessible name",
      "milliseconds": 18.7
    },
    {
      "action": "move one legal map step toward farm",
      "milliseconds": 28.7
    },
    {
      "action": "move one legal map step toward farm",
      "milliseconds": 21.5
    },
    {
      "action": "move one legal map step toward farm",
      "milliseconds": 48.0
    },
    {
      "action": "move one legal map step toward farm",
      "milliseconds": 34.6
    },
    {
      "action": "move one legal map step toward farm",
      "milliseconds": 15.8
    },
    {
      "action": "move one legal map step toward farm",
      "milliseconds": 19.0
    },
    {
      "action": "open nearby interactions",
      "milliseconds": 42.5
    },
    {
      "action": "open nearby farm (農田)",
      "milliseconds": 37.9
    },
    {
      "action": "move one legal map step toward store",
      "milliseconds": 30.6
    },
    {
      "action": "move one legal map step toward store",
      "milliseconds": 18.1
    },
    {
      "action": "move one legal map step toward store",
      "milliseconds": 37.0
    },
    {
      "action": "move one legal map step toward store",
      "milliseconds": 22.2
    },
    {
      "action": "move one legal map step toward store",
      "milliseconds": 17.5
    },
    {
      "action": "move one legal map step toward store",
      "milliseconds": 22.6
    },
    {
      "action": "open nearby interactions",
      "milliseconds": 31.5
    },
    {
      "action": "open nearby store (雜貨店)",
      "milliseconds": 42.5
    },
    {
      "action": "inspect live recipe registry option fieldSpear",
      "milliseconds": 25.8
    },
    {
      "action": "inspect live recipe registry option fieldArmor",
      "milliseconds": 27.9
    },
    {
      "action": "inspect live recipe registry option ironShortSword",
      "milliseconds": 22.8
    },
    {
      "action": "move one legal map step toward forest",
      "milliseconds": 21.3
    },
    {
      "action": "move one legal map step toward forest",
      "milliseconds": 19.2
    },
    {
      "action": "open forest (北方森林)",
      "milliseconds": 40.7
    },
    {
      "action": "open inventory from its desktop accessible name",
      "milliseconds": 43.0
    },
    {
      "action": "move one legal map step toward store",
      "milliseconds": 21.5
    },
    {
      "action": "move one legal map step toward store",
      "milliseconds": 38.3
    },
    {
      "action": "open nearby interactions",
      "milliseconds": 25.5
    },
    {
      "action": "open nearby store (雜貨店)",
      "milliseconds": 36.2
    },
    {
      "action": "inspect live recipe registry option fieldSpear",
      "milliseconds": 23.3
    },
    {
      "action": "inspect live recipe registry option fieldArmor",
      "milliseconds": 14.5
    },
    {
      "action": "inspect live recipe registry option ironShortSword",
      "milliseconds": 15.0
    },
    {
      "action": "move one legal map step toward forest",
      "milliseconds": 31.9
    },
    {
      "action": "move one legal map step toward forest",
      "milliseconds": 35.6
    },
    {
      "action": "open forest (北方森林)",
      "milliseconds": 36.3
    },
    {
      "action": "open inventory from its desktop accessible name",
      "milliseconds": 22.9
    },
    {
      "action": "move one legal map step toward store",
      "milliseconds": 45.5
    },
    {
      "action": "move one legal map step toward store",
      "milliseconds": 14.7
    },
    {
      "action": "open nearby interactions",
      "milliseconds": 24.2
    },
    {
      "action": "open nearby store (雜貨店)",
      "milliseconds": 45.9
    },
    {
      "action": "open inventory from its desktop accessible name",
      "milliseconds": 25.6
    },
    {
      "action": "open nearby interactions",
      "milliseconds": 32.9
    },
    {
      "action": "open nearby store (雜貨店)",
      "milliseconds": 43.5
    },
    {
      "action": "move one legal map step toward forest",
      "milliseconds": 26.0
    },
    {
      "action": "move one legal map step toward forest",
      "milliseconds": 17.5
    },
    {
      "action": "open forest (北方森林)",
      "milliseconds": 40.9
    },
    {
      "action": "open inventory from its desktop accessible name",
      "milliseconds": 32.0
    },
    {
      "action": "move one legal map step toward store",
      "milliseconds": 34.2
    },
    {
      "action": "move one legal map step toward store",
      "milliseconds": 36.7
    },
    {
      "action": "open nearby interactions",
      "milliseconds": 34.5
    },
    {
      "action": "open nearby store (雜貨店)",
      "milliseconds": 39.7
    },
    {
      "action": "move one legal map step toward forest",
      "milliseconds": 25.3
    },
    {
      "action": "move one legal map step toward forest",
      "milliseconds": 47.7
    },
    {
      "action": "open forest (北方森林)",
      "milliseconds": 28.6
    },
    {
      "action": "open inventory from its desktop accessible name",
      "milliseconds": 21.7
    },
    {
      "action": "move one legal map step toward store",
      "milliseconds": 15.7
    },
    {
      "action": "move one legal map step toward store",
      "milliseconds": 40.4
    },
    {
      "action": "open nearby interactions",
      "milliseconds": 38.3
    },
    {
      "action": "open nearby store (雜貨店)",
      "milliseconds": 38.6
    },
    {
      "action": "inspect live recipe registry option fieldSpear",
      "milliseconds": 26.7
    },
    {
      "action": "inspect live recipe registry option fieldArmor",
      "milliseconds": 20.9
    },
    {
      "action": "inspect live recipe registry option ironShortSword",
      "milliseconds": 14.0
    },
    {
      "action": "open inventory from its desktop accessible name",
      "milliseconds": 46.5
    },
    {
      "action": "move one legal map step toward farm",
      "milliseconds": 16.6
    },
    {
      "action": "move one legal map step toward farm",
      "milliseconds": 24.5
    },
    {
      "action": "move one legal map step toward farm",
      "milliseconds": 15.1
    },
    {
      "action": "move one legal map step toward farm",
      "milliseconds": 49.0
    },
    {
      "action": "move one legal map step toward farm",
      "milliseconds": 18.6
    },
    {
      "action": "move one legal map step toward farm",
      "milliseconds": 23.8
    },
    {
      "action": "open farm (農田)",
      "milliseconds": 38.0
    },
    {
      "action": "move one legal map step toward store",
      "milliseconds": 38.3
    },
    {
      "action": "move one legal map step toward store",
      "milliseconds": 50.6
    },
    {
      "action": "move one legal map step toward store",
      "milliseconds": 40.8
    },
    {
      "action": "move one legal map step toward store",
      "milliseconds": 50.2
    },
    {
      "action": "move one legal map step toward store",
      "milliseconds": 31.8
    },
    {
      "action": "move one legal map step toward store",
      "milliseconds": 39.5
    },
    {
      "action": "open nearby interactions",
      "milliseconds": 30.8
    },
    {
      "action": "open nearby store (雜貨店)",
      "milliseconds": 37.8
    },
    {
      "action": "inspect live recipe registry option fieldSpear",
      "milliseconds": 24.2
    },
    {
      "action": "inspect live recipe registry option fieldArmor",
      "milliseconds": 17.5
    },
    {
      "action": "inspect live recipe registry option ironShortSword",
      "milliseconds": 23.6
    },
    {
      "action": "move one legal map step toward forest",
      "milliseconds": 31.1
    },
    {
      "action": "move one legal map step toward forest",
      "milliseconds": 18.4
    },
    {
      "action": "open forest (北方森林)",
      "milliseconds": 28.6
    },
    {
      "action": "open inventory from its desktop accessible name",
      "milliseconds": 18.1
    },
    {
      "action": "move one legal map step toward store",
      "milliseconds": 24.1
    },
    {
      "action": "move one legal map step toward store",
      "milliseconds": 47.8
    },
    {
      "action": "open nearby interactions",
      "milliseconds": 31.4
    },
    {
      "action": "open nearby store (雜貨店)",
      "milliseconds": 15.5
    },
    {
      "action": "move one legal map step toward house",
      "milliseconds": 20.2
    },
    {
      "action": "move one legal map step toward house",
      "milliseconds": 19.7
    },
    {
      "action": "move one legal map step toward house",
      "milliseconds": 26.0
    },
    {
      "action": "move one legal map step toward house",
      "milliseconds": 27.3
    },
    {
      "action": "open nearby interactions",
      "milliseconds": 32.0
    },
    {
      "action": "open nearby house (家)",
      "milliseconds": 38.1
    },
    {
      "action": "advance world time through an ordinary visible rest action",
      "milliseconds": 42.5
    },
    {
      "action": "move one legal map step toward store",
      "milliseconds": 48.7
    },
    {
      "action": "move one legal map step toward store",
      "milliseconds": 24.5
    },
    {
      "action": "open nearby interactions",
      "milliseconds": 21.7
    },
    {
      "action": "open nearby store (雜貨店)",
      "milliseconds": 41.7
    },
    {
      "action": "move one legal map step toward house",
      "milliseconds": 28.4
    },
    {
      "action": "move one legal map step toward house",
      "milliseconds": 16.8
    },
    {
      "action": "open nearby interactions",
      "milliseconds": 41.8
    },
    {
      "action": "open nearby house (家)",
      "milliseconds": 63.7
    },
    {
      "action": "advance world time through an ordinary visible rest action",
      "milliseconds": 41.6
    },
    {
      "action": "move one legal map step toward store",
      "milliseconds": 20.1
    },
    {
      "action": "move one legal map step toward store",
      "milliseconds": 16.7
    },
    {
      "action": "open nearby interactions",
      "milliseconds": 36.4
    },
    {
      "action": "open nearby store (雜貨店)",
      "milliseconds": 42.4
    },
    {
      "action": "move one legal map step toward house",
      "milliseconds": 25.3
    },
    {
      "action": "move one legal map step toward house",
      "milliseconds": 18.5
    },
    {
      "action": "open nearby interactions",
      "milliseconds": 34.8
    },
    {
      "action": "open nearby house (家)",
      "milliseconds": 35.0
    },
    {
      "action": "advance world time through an ordinary visible rest action",
      "milliseconds": 21.1
    },
    {
      "action": "move one legal map step toward store",
      "milliseconds": 28.5
    },
    {
      "action": "move one legal map step toward store",
      "milliseconds": 20.8
    },
    {
      "action": "open nearby interactions",
      "milliseconds": 41.2
    },
    {
      "action": "open nearby store (雜貨店)",
      "milliseconds": 40.6
    },
    {
      "action": "move one legal map step toward house",
      "milliseconds": 49.6
    },
    {
      "action": "move one legal map step toward house",
      "milliseconds": 22.1
    },
    {
      "action": "open nearby interactions",
      "milliseconds": 43.4
    },
    {
      "action": "open nearby house (家)",
      "milliseconds": 39.9
    },
    {
      "action": "advance world time through an ordinary visible rest action",
      "milliseconds": 26.0
    },
    {
      "action": "move one legal map step toward store",
      "milliseconds": 17.0
    },
    {
      "action": "move one legal map step toward store",
      "milliseconds": 36.1
    },
    {
      "action": "open nearby interactions",
      "milliseconds": 44.0
    },
    {
      "action": "open nearby store (雜貨店)",
      "milliseconds": 34.5
    },
    {
      "action": "move one legal map step toward house",
      "milliseconds": 26.1
    },
    {
      "action": "move one legal map step toward house",
      "milliseconds": 46.5
    },
    {
      "action": "open nearby interactions",
      "milliseconds": 25.6
    },
    {
      "action": "open nearby house (家)",
      "milliseconds": 37.0
    },
    {
      "action": "advance world time through an ordinary visible rest action",
      "milliseconds": 27.3
    },
    {
      "action": "move one legal map step toward store",
      "milliseconds": 44.3
    },
    {
      "action": "move one legal map step toward store",
      "milliseconds": 40.9
    },
    {
      "action": "open nearby interactions",
      "milliseconds": 40.1
    },
    {
      "action": "open nearby store (雜貨店)",
      "milliseconds": 22.2
    },
    {
      "action": "move one legal map step toward house",
      "milliseconds": 50.8
    },
    {
      "action": "move one legal map step toward house",
      "milliseconds": 60.8
    },
    {
      "action": "open nearby interactions",
      "milliseconds": 32.7
    },
    {
      "action": "open nearby house (家)",
      "milliseconds": 37.8
    },
    {
      "action": "advance world time through an ordinary visible rest action",
      "milliseconds": 31.1
    },
    {
      "action": "move one legal map step toward store",
      "milliseconds": 25.4
    },
    {
      "action": "move one legal map step toward store",
      "milliseconds": 39.8
    },
    {
      "action": "open nearby interactions",
      "milliseconds": 47.8
    },
    {
      "action": "open nearby store (雜貨店)",
      "milliseconds": 37.5
    },
    {
      "action": "move one legal map step toward house",
      "milliseconds": 30.5
    },
    {
      "action": "move one legal map step toward house",
      "milliseconds": 49.8
    },
    {
      "action": "open nearby interactions",
      "milliseconds": 40.7
    },
    {
      "action": "open nearby house (家)",
      "milliseconds": 28.5
    },
    {
      "action": "advance world time through an ordinary visible rest action",
      "milliseconds": 30.7
    },
    {
      "action": "move one legal map step toward store",
      "milliseconds": 36.3
    },
    {
      "action": "move one legal map step toward store",
      "milliseconds": 23.0
    },
    {
      "action": "open nearby interactions",
      "milliseconds": 41.4
    },
    {
      "action": "open nearby store (雜貨店)",
      "milliseconds": 40.7
    },
    {
      "action": "move one legal map step toward house",
      "milliseconds": 22.8
    },
    {
      "action": "move one legal map step toward house",
      "milliseconds": 20.4
    },
    {
      "action": "open nearby interactions",
      "milliseconds": 40.7
    },
    {
      "action": "open nearby house (家)",
      "milliseconds": 33.6
    },
    {
      "action": "advance world time through an ordinary visible rest action",
      "milliseconds": 30.8
    },
    {
      "action": "move one legal map step toward store",
      "milliseconds": 25.9
    },
    {
      "action": "move one legal map step toward store",
      "milliseconds": 38.7
    },
    {
      "action": "open nearby interactions",
      "milliseconds": 24.4
    },
    {
      "action": "open nearby store (雜貨店)",
      "milliseconds": 46.2
    },
    {
      "action": "move one legal map step toward house",
      "milliseconds": 24.4
    },
    {
      "action": "move one legal map step toward house",
      "milliseconds": 32.6
    },
    {
      "action": "open nearby interactions",
      "milliseconds": 22.6
    },
    {
      "action": "open nearby house (家)",
      "milliseconds": 39.7
    },
    {
      "action": "advance world time through an ordinary visible rest action",
      "milliseconds": 22.2
    },
    {
      "action": "move one legal map step toward store",
      "milliseconds": 54.3
    },
    {
      "action": "move one legal map step toward store",
      "milliseconds": 53.4
    },
    {
      "action": "open nearby interactions",
      "milliseconds": 25.8
    },
    {
      "action": "open nearby store (雜貨店)",
      "milliseconds": 23.8
    },
    {
      "action": "move one legal map step toward house",
      "milliseconds": 30.3
    },
    {
      "action": "move one legal map step toward house",
      "milliseconds": 48.1
    },
    {
      "action": "open nearby interactions",
      "milliseconds": 43.9
    },
    {
      "action": "open nearby house (家)",
      "milliseconds": 44.0
    },
    {
      "action": "advance world time through an ordinary visible rest action",
      "milliseconds": 39.4
    },
    {
      "action": "move one legal map step toward store",
      "milliseconds": 32.9
    },
    {
      "action": "move one legal map step toward store",
      "milliseconds": 45.1
    },
    {
      "action": "open nearby interactions",
      "milliseconds": 45.7
    },
    {
      "action": "open nearby store (雜貨店)",
      "milliseconds": 28.5
    }
  ],
  "operations": 13936,
  "reloads": 155,
  "dialogCycles": 2755,
  "checkpointCount": 158,
  "lifeNotes": [
    {
      "atUTC": "2026-10-07T10:42:42.405471+00:00",
      "elapsedMinutes": 10.0,
      "shortReward": {
        "inventoryDelta": {
          "stone": 1,
          "food": 3,
          "wood": 1,
          "potion": 2,
          "material": 5,
          "iron": 3
        },
        "ownedMaterialDelta": {
          "wolfFang": 2,
          "wolfHide": 1
        },
        "newInstances": [
          {
            "instanceId": "item-1",
            "recipeId": null,
            "baseId": "spear",
            "rarity": "common"
          },
          {
            "instanceId": "item-2",
            "recipeId": null,
            "baseId": "spear",
            "rarity": "common"
          },
          {
            "instanceId": "item-3",
            "recipeId": null,
            "baseId": "spear",
            "rarity": "common"
          },
          {
            "instanceId": "item-4",
            "recipeId": null,
            "baseId": "chainArmor",
            "rarity": "common"
          },
          {
            "instanceId": "item-5",
            "recipeId": null,
            "baseId": "spear",
            "rarity": "common"
          },
          {
            "instanceId": "item-6",
            "recipeId": null,
            "baseId": "chainArmor",
            "rarity": "common"
          },
          {
            "instanceId": "item-7",
            "recipeId": null,
            "baseId": "spear",
            "rarity": "uncommon"
          },
          {
            "instanceId": "item-8",
            "recipeId": null,
            "baseId": "spear",
            "rarity": "uncommon"
          },
          {
            "instanceId": "item-9",
            "recipeId": null,
            "baseId": "chainArmor",
            "rarity": "uncommon"
          },
          {
            "instanceId": "item-10",
            "recipeId": null,
            "baseId": "chainArmor",
            "rarity": "uncommon"
          },
          {
            "instanceId": "item-11",
            "recipeId": null,
            "baseId": "spear",
            "rarity": "uncommon"
          },
          {
            "instanceId": "item-12",
            "recipeId": null,
            "baseId": "spear",
            "rarity": "rare"
          },
          {
            "instanceId": "item-13",
            "recipeId": null,
            "baseId": "spear",
            "rarity": "uncommon"
          },
          {
            "instanceId": "item-14",
            "recipeId": null,
            "baseId": "spear",
            "rarity": "uncommon"
          },
          {
            "instanceId": "item-15",
            "recipeId": null,
            "baseId": "chainArmor",
            "rarity": "uncommon"
          },
          {
            "instanceId": "item-16",
            "recipeId": null,
            "baseId": "spear",
            "rarity": "uncommon"
          },
          {
            "instanceId": "item-17",
            "recipeId": null,
            "baseId": "spear",
            "rarity": "uncommon"
          },
          {
            "instanceId": "item-18",
            "recipeId": null,
            "baseId": "chainArmor",
            "rarity": "uncommon"
          },
          {
            "instanceId": "item-19",
            "recipeId": null,
            "baseId": "spear",
            "rarity": "uncommon"
          },
          {
            "instanceId": "item-20",
            "recipeId": null,
            "baseId": "chainArmor",
            "rarity": "uncommon"
          },
          {
            "instanceId": "item-21",
            "recipeId": null,
            "baseId": "spear",
            "rarity": "uncommon"
          },
          {
            "instanceId": "item-22",
            "recipeId": null,
            "baseId": "spear",
            "rarity": "uncommon"
          },
          {
            "instanceId": "item-23",
            "recipeId": null,
            "baseId": "spear",
            "rarity": "uncommon"
          },
          {
            "instanceId": "item-24",
            "recipeId": null,
            "baseId": "chainArmor",
            "rarity": "uncommon"
          },
          {
            "instanceId": "item-25",
            "recipeId": null,
            "baseId": "chainArmor",
            "rarity": "rare"
          },
          {
            "instanceId": "item-26",
            "recipeId": null,
            "baseId": "spear",
            "rarity": "uncommon"
          },
          {
            "instanceId": "item-27",
            "recipeId": null,
            "baseId": "spear",
            "rarity": "uncommon"
          },
          {
            "instanceId": "item-28",
            "recipeId": null,
            "baseId": "chainArmor",
            "rarity": "rare"
          },
          {
            "instanceId": "item-29",
            "recipeId": null,
            "baseId": "chainArmor",
            "rarity": "uncommon"
          },
          {
            "instanceId": "item-30",
            "recipeId": null,
            "baseId": "spear",
            "rarity": "rare"
          },
          {
            "instanceId": "item-31",
            "recipeId": null,
            "baseId": "hideArmor",
            "rarity": "common"
          },
          {
            "instanceId": "item-32",
            "recipeId": null,
            "baseId": "chainArmor",
            "rarity": "uncommon"
          },
          {
            "instanceId": "item-33",
            "recipeId": null,
            "baseId": "chainArmor",
            "rarity": "uncommon"
          },
          {
            "instanceId": "item-34",
            "recipeId": null,
            "baseId": "chainArmor",
            "rarity": "uncommon"
          },
          {
            "instanceId": "item-35",
            "recipeId": null,
            "baseId": "chainArmor",
            "rarity": "uncommon"
          },
          {
            "instanceId": "item-36",
            "recipeId": null,
            "baseId": "spear",
            "rarity": "uncommon"
          },
          {
            "instanceId": "item-37",
            "recipeId": null,
            "baseId": "spear",
            "rarity": "uncommon"
          },
          {
            "instanceId": "item-38",
            "recipeId": null,
            "baseId": "chainArmor",
            "rarity": "uncommon"
          },
          {
            "instanceId": "item-39",
            "recipeId": null,
            "baseId": "spear",
            "rarity": "uncommon"
          },
          {
            "instanceId": "item-40",
            "recipeId": null,
            "baseId": "chainArmor",
            "rarity": "uncommon"
          },
          {
            "instanceId": "item-41",
            "recipeId": null,
            "baseId": "chainArmor",
            "rarity": "uncommon"
          },
          {
            "instanceId": "item-42",
            "recipeId": null,
            "baseId": "chainArmor",
            "rarity": "uncommon"
          },
          {
            "instanceId": "item-43",
            "recipeId": null,
            "baseId": "spear",
            "rarity": "uncommon"
          },
          {
            "instanceId": "item-44",
            "recipeId": null,
            "baseId": "spear",
            "rarity": "epic"
          },
          {
            "instanceId": "item-45",
            "recipeId": null,
            "baseId": "chainArmor",
            "rarity": "uncommon"
          },
          {
            "instanceId": "item-46",
            "recipeId": null,
            "baseId": "spear",
            "rarity": "rare"
          },
          {
            "instanceId": "item-47",
            "recipeId": null,
            "baseId": "spear",
            "rarity": "epic"
          },
          {
            "instanceId": "item-48",
            "recipeId": null,
            "baseId": "chainArmor",
            "rarity": "uncommon"
          },
          {
            "instanceId": "item-49",
            "recipeId": null,
            "baseId": "chainArmor",
            "rarity": "uncommon"
          },
          {
            "instanceId": "item-50",
            "recipeId": null,
            "baseId": "spear",
            "rarity": "uncommon"
          },
          {
            "instanceId": "item-51",
            "recipeId": null,
            "baseId": "spear",
            "rarity": "uncommon"
          },
          {
            "instanceId": "item-52",
            "recipeId": null,
            "baseId": "spear",
            "rarity": "uncommon"
          },
          {
            "instanceId": "item-53",
            "recipeId": null,
            "baseId": "spear",
            "rarity": "uncommon"
          },
          {
            "instanceId": "item-54",
            "recipeId": null,
            "baseId": "chainArmor",
            "rarity": "uncommon"
          },
          {
            "instanceId": "item-55",
            "recipeId": null,
            "baseId": "spear",
            "rarity": "uncommon"
          },
          {
            "instanceId": "item-56",
            "recipeId": null,
            "baseId": "chainArmor",
            "rarity": "uncommon"
          },
          {
            "instanceId": "item-57",
            "recipeId": null,
            "baseId": "spear",
            "rarity": "uncommon"
          },
          {
            "instanceId": "item-58",
            "recipeId": null,
            "baseId": "spear",
            "rarity": "uncommon"
          },
          {
            "instanceId": "item-59",
            "recipeId": null,
            "baseId": "spear",
            "rarity": "uncommon"
          },
          {
            "instanceId": "item-60",
            "recipeId": null,
            "baseId": "spear",
            "rarity": "uncommon"
          },
          {
            "instanceId": "item-61",
            "recipeId": null,
            "baseId": "spear",
            "rarity": "uncommon"
          },
          {
            "instanceId": "item-62",
            "recipeId": null,
            "baseId": "chainArmor",
            "rarity": "uncommon"
          },
          {
            "instanceId": "item-63",
            "recipeId": null,
            "baseId": "chainArmor",
            "rarity": "uncommon"
          },
          {
            "instanceId": "item-64",
            "recipeId": null,
            "baseId": "spear",
            "rarity": "uncommon"
          },
          {
            "instanceId": "item-65",
            "recipeId": null,
            "baseId": "spear",
            "rarity": "uncommon"
          },
          {
            "instanceId": "item-66",
            "recipeId": null,
            "baseId": "spear",
            "rarity": "rare"
          },
          {
            "instanceId": "item-67",
            "recipeId": null,
            "baseId": "hideArmor",
            "rarity": "common"
          },
          {
            "instanceId": "item-68",
            "recipeId": null,
            "baseId": "spear",
            "rarity": "uncommon"
          },
          {
            "instanceId": "item-69",
            "recipeId": null,
            "baseId": "chainArmor",
            "rarity": "uncommon"
          },
          {
            "instanceId": "item-70",
            "recipeId": null,
            "baseId": "chainArmor",
            "rarity": "uncommon"
          },
          {
            "instanceId": "item-71",
            "recipeId": null,
            "baseId": "spear",
            "rarity": "uncommon"
          },
          {
            "instanceId": "item-72",
            "recipeId": null,
            "baseId": "spear",
            "rarity": "uncommon"
          },
          {
            "instanceId": "item-73",
            "recipeId": null,
            "baseId": "spear",
            "rarity": "uncommon"
          },
          {
            "instanceId": "item-74",
            "recipeId": null,
            "baseId": "spear",
            "rarity": "epic"
          },
          {
            "instanceId": "item-75",
            "recipeId": null,
            "baseId": "spear",
            "rarity": "uncommon"
          },
          {
            "instanceId": "item-76",
            "recipeId": null,
            "baseId": "spear",
            "rarity": "uncommon"
          },
          {
            "instanceId": "item-77",
            "recipeId": null,
            "baseId": "chainArmor",
            "rarity": "uncommon"
          }
        ],
        "smithing": {
          "level": 5,
          "exp": 0
        },
        "worldTimeDelta": 0
      },
      "midGoal": "Use the current visible planner denial and legal gathering route to clear the next requirement.",
      "longGoal": "Work toward the currently selected recipe fieldArmor (鎖甲\nSmithing Lv.2 已解鎖); required Smithing 2, current Smithing 5, live shortages None.",
      "unexpected": [
        {
          "id": 439,
          "at": 30985,
          "type": "combat.started",
          "category": "player",
          "message": "遭遇灰狼。",
          "tier": "gameplay"
        },
        {
          "id": 440,
          "at": 30985,
          "type": "loot.material",
          "category": "player",
          "message": "獲得狼牙 ×1。",
          "tier": "gameplay"
        },
        {
          "id": 441,
          "at": 30985,
          "type": "loot.material",
          "category": "player",
          "message": "獲得狼皮 ×1。",
          "tier": "gameplay"
        },
        {
          "id": 442,
          "at": 30985,
          "type": "character.skillUp",
          "category": "player",
          "message": "戰鬥熟練度升到 Lv.5。",
          "tier": "gameplay"
        },
        {
          "id": 443,
          "at": 30985,
          "type": "identity.formed",
          "category": "player",
          "message": "奧登成為冒險者。",
          "tier": "major"
        },
        {
          "id": 444,
          "at": 30985,
          "type": "combat.won",
          "category": "player",
          "message": "戰鬥勝利！獲得 25 經驗與 12 金幣。",
          "tier": "gameplay"
        },
        {
          "id": 445,
          "at": 31059,
          "type": "craft.completed",
          "category": "player",
          "message": "打造完成：精良鎖甲。",
          "tier": "gameplay"
        },
        {
          "id": 446,
          "at": 31060,
          "type": "player.equipped",
          "category": "player",
          "message": "穿戴精良鎖甲。",
          "tier": "gameplay"
        },
        {
          "id": 1,
          "at": 480,
          "type": "world.founded",
          "category": "world",
          "message": "陌生的天空下，橡谷的炊煙升起。你將在這片邊境開始新的人生。",
          "tier": "major"
        },
        {
          "id": 57,
          "at": 3991,
          "type": "identity.formed",
          "category": "player",
          "message": "奧登成為礦工。",
          "tier": "major"
        },
        {
          "id": 66,
          "at": 4994,
          "type": "identity.formed",
          "category": "player",
          "message": "奧登成為鍛造師。",
          "tier": "major"
        },
        {
          "id": 297,
          "at": 21600,
          "type": "npc.immigrated",
          "category": "npc",
          "message": "奧斯卡 30 搬進橡谷，成為礦工。",
          "tier": "major"
        },
        {
          "id": 333,
          "at": 23742,
          "type": "identity.formed",
          "category": "player",
          "message": "奧登成為熟練礦工。",
          "tier": "major"
        },
        {
          "id": 443,
          "at": 30985,
          "type": "identity.formed",
          "category": "player",
          "message": "奧登成為冒險者。",
          "tier": "major"
        }
      ],
      "meaningfulChoice": {
        "recentActionCounts": {
          "move one legal map step toward store": 8,
          "open nearby interactions": 2,
          "open nearby store (雜貨店)": 2,
          "inspect live recipe registry option fieldSpear": 2,
          "inspect live recipe registry option fieldArmor": 2,
          "inspect live recipe registry option ironShortSword": 2,
          "move one legal map step toward forest": 2,
          "open forest (北方森林)": 1,
          "pursue the currently visible normal adventure action": 1,
          "take one visible combat turn": 1,
          "select adaptive Life Agent recipe goal fieldArmor": 1,
          "choose visible influence material wolfHide under focus=balanced": 1,
          "submit the enabled normal workbench recipe": 1,
          "open the crafted item through its visible result bridge": 1,
          "equip the exact crafted instance item-77 through inventory comparison": 1,
          "pause world clock through its visible speed control": 1,
          "explicit native save after closing all dialogs": 1
        },
        "focusControl": "balanced",
        "visibleMaterialOption": null
      },
      "information": {
        "currentGoals": [],
        "visibleRecipe": {
          "available": false
        }
      },
      "progress": {
        "worldTime": 31060,
        "rngState": 2848644033,
        "eventSequence": 446,
        "eventCount": 150,
        "historyCount": 6,
        "journalPending": 0,
        "character": {
          "isAlive": true,
          "hp": 154,
          "maxHp": 154,
          "stamina": 34,
          "maxStamina": 84,
          "gold": 5,
          "level": 10,
          "position": {
            "x": 11,
            "y": 8
          }
        },
        "skills": {
          "combat": {
            "level": 5,
            "exp": 0
          },
          "farming": {
            "level": 1,
            "exp": 0
          },
          "mining": {
            "level": 7,
            "exp": 60
          },
          "woodcutting": {
            "level": 7,
            "exp": 90
          },
          "smithing": {
            "level": 5,
            "exp": 0
          }
        },
        "inventory": {
          "wood": 1,
          "stone": 1,
          "iron": 3,
          "food": 3,
          "material": 5,
          "potion": 2,
          "sword": 0,
          "armor": 0
        },
        "instanceCount": 77,
        "equipped": {
          "weapon": "item-76",
          "armor": "item-77"
        },
        "npcCount": 30,
        "livingNpcCount": 30,
        "threat": {
          "monsterPopulation": 0,
          "threatLevel": 1,
          "growthRate": 0.65,
          "bossProgress": 0,
          "campLevel": 1,
          "bossAlive": false,
          "warningLevel": 0
        },
        "boss": {
          "alive": false,
          "progress": 0,
          "wolfBossForm": null
        },
        "combat": null,
        "dungeon": {
          "discovered": false,
          "threat": 1,
          "progress": 8.400000000000002,
          "runs": 0,
          "stage": 0,
          "inDungeon": false
        },
        "ownership": []
      },
      "drought": "repeated-action-pattern",
      "repetition": {
        "highestSameActionInRecent30": 8,
        "actionWindow": [
          "move one legal map step toward store",
          "move one legal map step toward store",
          "move one legal map step toward store",
          "move one legal map step toward store",
          "move one legal map step toward store",
          "move one legal map step toward store",
          "open nearby interactions",
          "open nearby store (雜貨店)",
          "inspect live recipe registry option fieldSpear",
          "inspect live recipe registry option fieldArmor",
          "inspect live recipe registry option ironShortSword",
          "move one legal map step toward forest",
          "move one legal map step toward forest",
          "open forest (北方森林)",
          "pursue the currently visible normal adventure action",
          "take one visible combat turn",
          "move one legal map step toward store",
          "move one legal map step toward store",
          "open nearby interactions",
          "open nearby store (雜貨店)",
          "inspect live recipe registry option fieldSpear",
          "inspect live recipe registry option fieldArmor",
          "inspect live recipe registry option ironShortSword",
          "select adaptive Life Agent recipe goal fieldArmor",
          "choose visible influence material wolfHide under focus=balanced",
          "submit the enabled normal workbench recipe",
          "open the crafted item through its visible result bridge",
          "equip the exact crafted instance item-77 through inventory comparison",
          "pause world clock through its visible speed control",
          "explicit native save after closing all dialogs"
        ]
      },
      "agentAssessment": "runner-derived progress and friction notes; not human fun evidence"
    },
    {
      "atUTC": "2026-10-07T10:52:42.697866+00:00",
      "elapsedMinutes": 20.0,
      "shortReward": {
        "inventoryDelta": {
          "stone": 1,
          "wood": 5,
          "material": 3
        },
        "ownedMaterialDelta": {
          "wolfFang": -1
        },
        "newInstances": [
          {
            "instanceId": "item-78",
            "recipeId": null,
            "baseId": "chainArmor",
            "rarity": "uncommon"
          },
          {
            "instanceId": "item-79",
            "recipeId": null,
            "baseId": "spear",
            "rarity": "uncommon"
          },
          {
            "instanceId": "item-80",
            "recipeId": null,
            "baseId": "spear",
            "rarity": "uncommon"
          },
          {
            "instanceId": "item-81",
            "recipeId": null,
            "baseId": "spear",
            "rarity": "rare"
          },
          {
            "instanceId": "item-82",
            "recipeId": null,
            "baseId": "spear",
            "rarity": "uncommon"
          },
          {
            "instanceId": "item-83",
            "recipeId": null,
            "baseId": "spear",
            "rarity": "uncommon"
          },
          {
            "instanceId": "item-84",
            "recipeId": null,
            "baseId": "chainArmor",
            "rarity": "uncommon"
          },
          {
            "instanceId": "item-85",
            "recipeId": null,
            "baseId": "spear",
            "rarity": "uncommon"
          },
          {
            "instanceId": "item-86",
            "recipeId": null,
            "baseId": "spear",
            "rarity": "uncommon"
          },
          {
            "instanceId": "item-87",
            "recipeId": null,
            "baseId": "spear",
            "rarity": "uncommon"
          },
          {
            "instanceId": "item-88",
            "recipeId": null,
            "baseId": "spear",
            "rarity": "uncommon"
          },
          {
            "instanceId": "item-89",
            "recipeId": null,
            "baseId": "spear",
            "rarity": "uncommon"
          },
          {
            "instanceId": "item-90",
            "recipeId": null,
            "baseId": "spear",
            "rarity": "uncommon"
          },
          {
            "instanceId": "item-91",
            "recipeId": null,
            "baseId": "spear",
            "rarity": "uncommon"
          },
          {
            "instanceId": "item-92",
            "recipeId": null,
            "baseId": "spear",
            "rarity": "uncommon"
          },
          {
            "instanceId": "item-93",
            "recipeId": null,
            "baseId": "chainArmor",
            "rarity": "uncommon"
          },
          {
            "instanceId": "item-94",
            "recipeId": null,
            "baseId": "spear",
            "rarity": "uncommon"
          },
          {
            "instanceId": "item-95",
            "recipeId": null,
            "baseId": "spear",
            "rarity": "rare"
          },
          {
            "instanceId": "item-96",
            "recipeId": null,
            "baseId": "chainArmor",
            "rarity": "uncommon"
          },
          {
            "instanceId": "item-97",
            "recipeId": null,
            "baseId": "spear",
            "rarity": "uncommon"
          },
          {
            "instanceId": "item-98",
            "recipeId": null,
            "baseId": "chainArmor",
            "rarity": "uncommon"
          },
          {
            "instanceId": "item-99",
            "recipeId": null,
            "baseId": "spear",
            "rarity": "uncommon"
          },
          {
            "instanceId": "item-100",
            "recipeId": null,
            "baseId": "chainArmor",
            "rarity": "uncommon"
          },
          {
            "instanceId": "item-101",
            "recipeId": null,
            "baseId": "spear",
            "rarity": "uncommon"
          },
          {
            "instanceId": "item-102",
            "recipeId": null,
            "baseId": "spear",
            "rarity": "uncommon"
          },
          {
            "instanceId": "item-103",
            "recipeId": null,
            "baseId": "spear",
            "rarity": "epic"
          },
          {
            "instanceId": "item-104",
            "recipeId": null,
            "baseId": "chainArmor",
            "rarity": "uncommon"
          },
          {
            "instanceId": "item-105",
            "recipeId": null,
            "baseId": "spear",
            "rarity": "rare"
          },
          {
            "instanceId": "item-106",
            "recipeId": null,
            "baseId": "spear",
            "rarity": "uncommon"
          },
          {
            "instanceId": "item-107",
            "recipeId": null,
            "baseId": "chainArmor",
            "rarity": "uncommon"
          },
          {
            "instanceId": "item-108",
            "recipeId": null,
            "baseId": "spear",
            "rarity": "uncommon"
          },
          {
            "instanceId": "item-109",
            "recipeId": null,
            "baseId": "spear",
            "rarity": "uncommon"
          },
          {
            "instanceId": "item-110",
            "recipeId": null,
            "baseId": "spear",
            "rarity": "uncommon"
          },
          {
            "instanceId": "item-111",
            "recipeId": null,
            "baseId": "spear",
            "rarity": "uncommon"
          },
          {
            "instanceId": "item-112",
            "recipeId": null,
            "baseId": "spear",
            "rarity": "uncommon"
          },
          {
            "instanceId": "item-113",
            "recipeId": null,
            "baseId": "spear",
            "rarity": "uncommon"
          },
          {
            "instanceId": "item-114",
            "recipeId": null,
            "baseId": "chainArmor",
            "rarity": "uncommon"
          },
          {
            "instanceId": "item-115",
            "recipeId": null,
            "baseId": "chainArmor",
            "rarity": "uncommon"
          },
          {
            "instanceId": "item-116",
            "recipeId": null,
            "baseId": "chainArmor",
            "rarity": "rare"
          }
        ],
        "smithing": {
          "level": 5,
          "exp": 0
        },
        "worldTimeDelta": 21449
      },
      "midGoal": "Use the current visible planner denial and legal gathering route to clear the next requirement.",
      "longGoal": "Work toward the currently selected recipe ironShortSword (鐵短劍\nSmithing Lv.5 已解鎖); required Smithing 5, current Smithing 5, live shortages None.",
      "unexpected": [
        {
          "id": 702,
          "at": 51750,
          "type": "player.rested",
          "category": "player",
          "message": "休息後，你恢復了生命與體力。",
          "tier": "gameplay"
        },
        {
          "id": 703,
          "at": 51832,
          "type": "player.rested",
          "category": "player",
          "message": "休息後，你恢復了生命與體力。",
          "tier": "gameplay"
        },
        {
          "id": 704,
          "at": 51914,
          "type": "player.rested",
          "category": "player",
          "message": "休息後，你恢復了生命與體力。",
          "tier": "gameplay"
        },
        {
          "id": 705,
          "at": 51996,
          "type": "player.rested",
          "category": "player",
          "message": "休息後，你恢復了生命與體力。",
          "tier": "gameplay"
        },
        {
          "id": 706,
          "at": 52078,
          "type": "player.rested",
          "category": "player",
          "message": "休息後，你恢復了生命與體力。",
          "tier": "gameplay"
        },
        {
          "id": 707,
          "at": 52160,
          "type": "player.rested",
          "category": "player",
          "message": "休息後，你恢復了生命與體力。",
          "tier": "gameplay"
        },
        {
          "id": 708,
          "at": 52242,
          "type": "player.rested",
          "category": "player",
          "message": "休息後，你恢復了生命與體力。",
          "tier": "gameplay"
        },
        {
          "id": 709,
          "at": 52324,
          "type": "player.rested",
          "category": "player",
          "message": "休息後，你恢復了生命與體力。",
          "tier": "gameplay"
        },
        {
          "id": 1,
          "at": 480,
          "type": "world.founded",
          "category": "world",
          "message": "陌生的天空下，橡谷的炊煙升起。你將在這片邊境開始新的人生。",
          "tier": "major"
        },
        {
          "id": 57,
          "at": 3991,
          "type": "identity.formed",
          "category": "player",
          "message": "奧登成為礦工。",
          "tier": "major"
        },
        {
          "id": 66,
          "at": 4994,
          "type": "identity.formed",
          "category": "player",
          "message": "奧登成為鍛造師。",
          "tier": "major"
        },
        {
          "id": 297,
          "at": 21600,
          "type": "npc.immigrated",
          "category": "npc",
          "message": "奧斯卡 30 搬進橡谷，成為礦工。",
          "tier": "major"
        },
        {
          "id": 333,
          "at": 23742,
          "type": "identity.formed",
          "category": "player",
          "message": "奧登成為熟練礦工。",
          "tier": "major"
        },
        {
          "id": 443,
          "at": 30985,
          "type": "identity.formed",
          "category": "player",
          "message": "奧登成為冒險者。",
          "tier": "major"
        },
        {
          "id": 609,
          "at": 43200,
          "type": "npc.immigrated",
          "category": "npc",
          "message": "米拉 31 搬進橡谷，成為樵夫。",
          "tier": "major"
        },
        {
          "id": 610,
          "at": 43200,
          "type": "npc.born",
          "category": "npc",
          "message": "羅恩 32 出生了。",
          "tier": "major"
        }
      ],
      "meaningfulChoice": {
        "recentActionCounts": {
          "move one legal map step toward store": 9,
          "open nearby interactions": 3,
          "open nearby store (雜貨店)": 3,
          "inspect live recipe registry option fieldSpear": 2,
          "inspect live recipe registry option fieldArmor": 2,
          "inspect live recipe registry option ironShortSword": 2,
          "move one legal map step toward forest": 4,
          "open forest (北方森林)": 2,
          "open inventory from its desktop accessible name": 3
        },
        "focusControl": "balanced",
        "visibleMaterialOption": null
      },
      "information": {
        "currentGoals": [],
        "visibleRecipe": {
          "available": false
        }
      },
      "progress": {
        "worldTime": 52509,
        "rngState": 3622645400,
        "eventSequence": 709,
        "eventCount": 150,
        "historyCount": 8,
        "journalPending": 0,
        "character": {
          "isAlive": true,
          "hp": 160,
          "maxHp": 160,
          "stamina": 84,
          "maxStamina": 84,
          "gold": 3,
          "level": 11,
          "position": {
            "x": 11,
            "y": 8
          }
        },
        "skills": {
          "combat": {
            "level": 6,
            "exp": 45
          },
          "farming": {
            "level": 1,
            "exp": 0
          },
          "mining": {
            "level": 8,
            "exp": 100
          },
          "woodcutting": {
            "level": 9,
            "exp": 10
          },
          "smithing": {
            "level": 5,
            "exp": 0
          }
        },
        "inventory": {
          "wood": 6,
          "stone": 2,
          "iron": 3,
          "food": 3,
          "material": 8,
          "potion": 2,
          "sword": 0,
          "armor": 0
        },
        "instanceCount": 116,
        "equipped": {
          "weapon": "item-113",
          "armor": "item-116"
        },
        "npcCount": 32,
        "livingNpcCount": 32,
        "threat": {
          "monsterPopulation": 0.51,
          "threatLevel": 1,
          "growthRate": 0.65,
          "bossProgress": 0.39,
          "campLevel": 1,
          "bossAlive": false,
          "warningLevel": 0
        },
        "boss": {
          "alive": false,
          "progress": 0.39,
          "wolfBossForm": null
        },
        "combat": null,
        "dungeon": {
          "discovered": false,
          "threat": 1,
          "progress": 14.400000000000007,
          "runs": 0,
          "stage": 0,
          "inDungeon": false
        },
        "ownership": []
      },
      "drought": "repeated-action-pattern",
      "repetition": {
        "highestSameActionInRecent30": 9,
        "actionWindow": [
          "move one legal map step toward store",
          "move one legal map step toward store",
          "move one legal map step toward store",
          "move one legal map step toward store",
          "move one legal map step toward store",
          "open nearby interactions",
          "open nearby store (雜貨店)",
          "inspect live recipe registry option fieldSpear",
          "inspect live recipe registry option fieldArmor",
          "inspect live recipe registry option ironShortSword",
          "move one legal map step toward forest",
          "move one legal map step toward forest",
          "open forest (北方森林)",
          "open inventory from its desktop accessible name",
          "move one legal map step toward store",
          "move one legal map step toward store",
          "open nearby interactions",
          "open nearby store (雜貨店)",
          "move one legal map step toward forest",
          "move one legal map step toward forest",
          "open forest (北方森林)",
          "open inventory from its desktop accessible name",
          "move one legal map step toward store",
          "move one legal map step toward store",
          "open nearby interactions",
          "open nearby store (雜貨店)",
          "inspect live recipe registry option fieldSpear",
          "inspect live recipe registry option fieldArmor",
          "inspect live recipe registry option ironShortSword",
          "open inventory from its desktop accessible name"
        ]
      },
      "agentAssessment": "runner-derived progress and friction notes; not human fun evidence"
    },
    {
      "atUTC": "2026-10-07T11:02:42.877856+00:00",
      "elapsedMinutes": 30.0,
      "shortReward": {
        "inventoryDelta": {
          "wood": -1,
          "material": 5,
          "iron": 1
        },
        "ownedMaterialDelta": {},
        "newInstances": [
          {
            "instanceId": "item-117",
            "recipeId": null,
            "baseId": "spear",
            "rarity": "rare"
          },
          {
            "instanceId": "item-118",
            "recipeId": null,
            "baseId": "chainArmor",
            "rarity": "uncommon"
          },
          {
            "instanceId": "item-119",
            "recipeId": null,
            "baseId": "spear",
            "rarity": "uncommon"
          },
          {
            "instanceId": "item-120",
            "recipeId": null,
            "baseId": "spear",
            "rarity": "uncommon"
          },
          {
            "instanceId": "item-121",
            "recipeId": null,
            "baseId": "spear",
            "rarity": "uncommon"
          },
          {
            "instanceId": "item-122",
            "recipeId": null,
            "baseId": "chainArmor",
            "rarity": "uncommon"
          },
          {
            "instanceId": "item-123",
            "recipeId": null,
            "baseId": "spear",
            "rarity": "uncommon"
          },
          {
            "instanceId": "item-124",
            "recipeId": null,
            "baseId": "spear",
            "rarity": "uncommon"
          },
          {
            "instanceId": "item-125",
            "recipeId": null,
            "baseId": "spear",
            "rarity": "uncommon"
          },
          {
            "instanceId": "item-126",
            "recipeId": null,
            "baseId": "spear",
            "rarity": "uncommon"
          },
          {
            "instanceId": "item-127",
            "recipeId": null,
            "baseId": "spear",
            "rarity": "uncommon"
          },
          {
            "instanceId": "item-128",
            "recipeId": null,
            "baseId": "spear",
            "rarity": "uncommon"
          },
          {
            "instanceId": "item-129",
            "recipeId": null,
            "baseId": "spear",
            "rarity": "uncommon"
          },
          {
            "instanceId": "item-130",
            "recipeId": null,
            "baseId": "chainArmor",
            "rarity": "uncommon"
          },
          {
            "instanceId": "item-131",
            "recipeId": null,
            "baseId": "spear",
            "rarity": "uncommon"
          },
          {
            "instanceId": "item-132",
            "recipeId": null,
            "baseId": "chainArmor",
            "rarity": "uncommon"
          },
          {
            "instanceId": "item-133",
            "recipeId": null,
            "baseId": "spear",
            "rarity": "uncommon"
          },
          {
            "instanceId": "item-134",
            "recipeId": null,
            "baseId": "spear",
            "rarity": "uncommon"
          },
          {
            "instanceId": "item-135",
            "recipeId": null,
            "baseId": "hideArmor",
            "rarity": "common"
          },
          {
            "instanceId": "item-136",
            "recipeId": null,
            "baseId": "chainArmor",
            "rarity": "uncommon"
          },
          {
            "instanceId": "item-137",
            "recipeId": null,
            "baseId": "spear",
            "rarity": "uncommon"
          },
          {
            "instanceId": "item-138",
            "recipeId": null,
            "baseId": "spear",
            "rarity": "uncommon"
          },
          {
            "instanceId": "item-139",
            "recipeId": null,
            "baseId": "chainArmor",
            "rarity": "rare"
          },
          {
            "instanceId": "item-140",
            "recipeId": null,
            "baseId": "spear",
            "rarity": "uncommon"
          },
          {
            "instanceId": "item-141",
            "recipeId": null,
            "baseId": "spear",
            "rarity": "uncommon"
          },
          {
            "instanceId": "item-142",
            "recipeId": null,
            "baseId": "spear",
            "rarity": "uncommon"
          },
          {
            "instanceId": "item-143",
            "recipeId": null,
            "baseId": "spear",
            "rarity": "uncommon"
          },
          {
            "instanceId": "item-144",
            "recipeId": null,
            "baseId": "spear",
            "rarity": "uncommon"
          },
          {
            "instanceId": "item-145",
            "recipeId": null,
            "baseId": "chainArmor",
            "rarity": "uncommon"
          },
          {
            "instanceId": "item-146",
            "recipeId": null,
            "baseId": "spear",
            "rarity": "uncommon"
          },
          {
            "instanceId": "item-147",
            "recipeId": null,
            "baseId": "spear",
            "rarity": "uncommon"
          },
          {
            "instanceId": "item-148",
            "recipeId": null,
            "baseId": "spear",
            "rarity": "rare"
          },
          {
            "instanceId": "item-149",
            "recipeId": null,
            "baseId": "spear",
            "rarity": "uncommon"
          },
          {
            "instanceId": "item-150",
            "recipeId": null,
            "baseId": "chainArmor",
            "rarity": "uncommon"
          },
          {
            "instanceId": "item-151",
            "recipeId": null,
            "baseId": "spear",
            "rarity": "uncommon"
          },
          {
            "instanceId": "item-152",
            "recipeId": null,
            "baseId": "spear",
            "rarity": "uncommon"
          },
          {
            "instanceId": "item-153",
            "recipeId": null,
            "baseId": "spear",
            "rarity": "uncommon"
          },
          {
            "instanceId": "item-154",
            "recipeId": null,
            "baseId": "chainArmor",
            "rarity": "uncommon"
          },
          {
            "instanceId": "item-155",
            "recipeId": null,
            "baseId": "spear",
            "rarity": "uncommon"
          },
          {
            "instanceId": "item-156",
            "recipeId": null,
            "baseId": "chainArmor",
            "rarity": "uncommon"
          },
          {
            "instanceId": "item-157",
            "recipeId": null,
            "baseId": "spear",
            "rarity": "rare"
          },
          {
            "instanceId": "item-158",
            "recipeId": null,
            "baseId": "chainArmor",
            "rarity": "uncommon"
          },
          {
            "instanceId": "item-159",
            "recipeId": null,
            "baseId": "spear",
            "rarity": "uncommon"
          }
        ],
        "smithing": {
          "level": 5,
          "exp": 0
        },
        "worldTimeDelta": 25757
      },
      "midGoal": {
        "available": true,
        "text": "工作台 實際工作台 雜貨店 · 服務時間 08:00–18:00。 選擇配方 木石長矛 Smithing Lv.1 已解鎖 進階長矛 Smithing Lv.2 已解鎖 鎖甲 Smithing Lv.2 已解鎖 鐵短劍 Smithing Lv.5 已解鎖 木石長矛 影響素材 素材會消耗 1 份，依選擇調整詞綴權重或條件式特性機率；不保證指定結果。品質機率只依鍛造熟練度能力調整。 不使用素材 🦴 狼牙 · 持有 1 🌙 月石 · 持有 0 成品 獵矛 · 武器 · Lv.2 材料 木材 ×3 ／持有 5 石材 ×2 ／持有 2 費用 4 金 ／持有 1 體力與時間 體力 10 ／目前 84 · 45 分鐘 鍛造熟練度 需求 Lv.1 ／目前 Lv.5 品質能力 目前最低品質：精良 · 普通 0%、精良 87%、稀有 10%、史詩 2.8%、傳說 0.2% 成功練習 本配方已達熟練上限 Lv.3 此配方已完成熟練；可製作其他配方或追求更高品質能力。 金幣不足。 製作木石長矛",
        "inputRows": [
          "木材 ×3 ／持有 5",
          "石材 ×2 ／持有 2"
        ],
        "recipeControls": 1,
        "materialControls": 3,
        "selectedRecipe": "starterSpear",
        "selectedMaterial": "none",
        "recipeLabel": "木石長矛\nSmithing Lv.1 已解鎖",
        "disabledReason": [
          "金幣不足。"
        ]
      },
      "longGoal": "Work toward the currently selected recipe ironShortSword (鐵短劍\nSmithing Lv.5 已解鎖); required Smithing 5, current Smithing 5, live shortages None.",
      "unexpected": [
        {
          "id": 1028,
          "at": 77683,
          "type": "player.rested",
          "category": "player",
          "message": "休息後，你恢復了生命與體力。",
          "tier": "gameplay"
        },
        {
          "id": 1029,
          "at": 77764,
          "type": "player.rested",
          "category": "player",
          "message": "休息後，你恢復了生命與體力。",
          "tier": "gameplay"
        },
        {
          "id": 1030,
          "at": 77846,
          "type": "player.rested",
          "category": "player",
          "message": "休息後，你恢復了生命與體力。",
          "tier": "gameplay"
        },
        {
          "id": 1031,
          "at": 77928,
          "type": "player.rested",
          "category": "player",
          "message": "休息後，你恢復了生命與體力。",
          "tier": "gameplay"
        },
        {
          "id": 1032,
          "at": 78010,
          "type": "player.rested",
          "category": "player",
          "message": "休息後，你恢復了生命與體力。",
          "tier": "gameplay"
        },
        {
          "id": 1033,
          "at": 78091,
          "type": "player.rested",
          "category": "player",
          "message": "休息後，你恢復了生命與體力。",
          "tier": "gameplay"
        },
        {
          "id": 1034,
          "at": 78173,
          "type": "player.rested",
          "category": "player",
          "message": "休息後，你恢復了生命與體力。",
          "tier": "gameplay"
        },
        {
          "id": 1035,
          "at": 78255,
          "type": "player.rested",
          "category": "player",
          "message": "休息後，你恢復了生命與體力。",
          "tier": "gameplay"
        },
        {
          "id": 66,
          "at": 4994,
          "type": "identity.formed",
          "category": "player",
          "message": "奧登成為鍛造師。",
          "tier": "major"
        },
        {
          "id": 297,
          "at": 21600,
          "type": "npc.immigrated",
          "category": "npc",
          "message": "奧斯卡 30 搬進橡谷，成為礦工。",
          "tier": "major"
        },
        {
          "id": 333,
          "at": 23742,
          "type": "identity.formed",
          "category": "player",
          "message": "奧登成為熟練礦工。",
          "tier": "major"
        },
        {
          "id": 443,
          "at": 30985,
          "type": "identity.formed",
          "category": "player",
          "message": "奧登成為冒險者。",
          "tier": "major"
        },
        {
          "id": 609,
          "at": 43200,
          "type": "npc.immigrated",
          "category": "npc",
          "message": "米拉 31 搬進橡谷，成為樵夫。",
          "tier": "major"
        },
        {
          "id": 610,
          "at": 43200,
          "type": "npc.born",
          "category": "npc",
          "message": "羅恩 32 出生了。",
          "tier": "major"
        },
        {
          "id": 865,
          "at": 64800,
          "type": "npc.immigrated",
          "category": "npc",
          "message": "艾妲 33 搬進橡谷，成為店主。",
          "tier": "major"
        },
        {
          "id": 985,
          "at": 73959,
          "type": "reputation.rankChanged",
          "category": "settlement",
          "message": "奧登在橡谷的名聲從「普通居民」轉為「熟面孔」。",
          "tier": "major"
        }
      ],
      "meaningfulChoice": {
        "recentActionCounts": {
          "move one legal map step toward store": 7,
          "open nearby interactions": 7,
          "open nearby store (雜貨店)": 4,
          "move one legal map step toward house": 6,
          "open nearby house (家)": 3,
          "advance world time through an ordinary visible rest action": 3
        },
        "focusControl": "balanced",
        "visibleMaterialOption": "none"
      },
      "information": {
        "currentGoals": [],
        "visibleRecipe": {
          "available": true,
          "text": "工作台 實際工作台 雜貨店 · 服務時間 08:00–18:00。 選擇配方 木石長矛 Smithing Lv.1 已解鎖 進階長矛 Smithing Lv.2 已解鎖 鎖甲 Smithing Lv.2 已解鎖 鐵短劍 Smithing Lv.5 已解鎖 木石長矛 影響素材 素材會消耗 1 份，依選擇調整詞綴權重或條件式特性機率；不保證指定結果。品質機率只依鍛造熟練度能力調整。 不使用素材 🦴 狼牙 · 持有 1 🌙 月石 · 持有 0 成品 獵矛 · 武器 · Lv.2 材料 木材 ×3 ／持有 5 石材 ×2 ／持有 2 費用 4 金 ／持有 1 體力與時間 體力 10 ／目前 84 · 45 分鐘 鍛造熟練度 需求 Lv.1 ／目前 Lv.5 品質能力 目前最低品質：精良 · 普通 0%、精良 87%、稀有 10%、史詩 2.8%、傳說 0.2% 成功練習 本配方已達熟練上限 Lv.3 此配方已完成熟練；可製作其他配方或追求更高品質能力。 金幣不足。 製作木石長矛",
          "inputRows": [
            "木材 ×3 ／持有 5",
            "石材 ×2 ／持有 2"
          ],
          "recipeControls": 1,
          "materialControls": 3,
          "selectedRecipe": "starterSpear",
          "selectedMaterial": "none",
          "recipeLabel": "木石長矛\nSmithing Lv.1 已解鎖",
          "disabledReason": [
            "金幣不足。"
          ]
        }
      },
      "progress": {
        "worldTime": 78266,
        "rngState": 1059294316,
        "eventSequence": 1035,
        "eventCount": 150,
        "historyCount": 10,
        "journalPending": 0,
        "character": {
          "isAlive": true,
          "hp": 172,
          "maxHp": 172,
          "stamina": 84,
          "maxStamina": 84,
          "gold": 1,
          "level": 13,
          "position": {
            "x": 9,
            "y": 8
          }
        },
        "skills": {
          "combat": {
            "level": 7,
            "exp": 100
          },
          "farming": {
            "level": 1,
            "exp": 0
          },
          "mining": {
            "level": 9,
            "exp": 110
          },
          "woodcutting": {
            "level": 10,
            "exp": 20
          },
          "smithing": {
            "level": 5,
            "exp": 0
          }
        },
        "inventory": {
          "wood": 5,
          "stone": 2,
          "iron": 4,
          "food": 3,
          "material": 13,
          "potion": 2,
          "sword": 0,
          "armor": 0
        },
        "instanceCount": 159,
        "equipped": {
          "weapon": "item-159",
          "armor": "item-158"
        },
        "npcCount": 33,
        "livingNpcCount": 33,
        "threat": {
          "monsterPopulation": 0.51,
          "threatLevel": 1,
          "growthRate": 0.65,
          "bossProgress": 0.39,
          "campLevel": 1,
          "bossAlive": false,
          "warningLevel": 0
        },
        "boss": {
          "alive": false,
          "progress": 0.39,
          "wolfBossForm": null
        },
        "combat": null,
        "dungeon": {
          "discovered": false,
          "threat": 1,
          "progress": 21.599999999999987,
          "runs": 0,
          "stage": 0,
          "inDungeon": false
        },
        "ownership": []
      },
      "drought": null,
      "repetition": {
        "highestSameActionInRecent30": 7,
        "actionWindow": [
          "move one legal map step toward store",
          "open nearby interactions",
          "open nearby store (雜貨店)",
          "move one legal map step toward house",
          "move one legal map step toward house",
          "open nearby interactions",
          "open nearby house (家)",
          "advance world time through an ordinary visible rest action",
          "move one legal map step toward store",
          "move one legal map step toward store",
          "open nearby interactions",
          "open nearby store (雜貨店)",
          "move one legal map step toward house",
          "move one legal map step toward house",
          "open nearby interactions",
          "open nearby house (家)",
          "advance world time through an ordinary visible rest action",
          "move one legal map step toward store",
          "move one legal map step toward store",
          "open nearby interactions",
          "open nearby store (雜貨店)",
          "move one legal map step toward house",
          "move one legal map step toward house",
          "open nearby interactions",
          "open nearby house (家)",
          "advance world time through an ordinary visible rest action",
          "move one legal map step toward store",
          "move one legal map step toward store",
          "open nearby interactions",
          "open nearby store (雜貨店)"
        ]
      },
      "agentAssessment": "runner-derived progress and friction notes; not human fun evidence"
    }
  ],
  "limitations": [
    "Runner-driven browser QA is not human product validation.",
    "Source/build release correlation is required before every run.",
    "Life Agent notes are observations, not fun or retention proof."
  ],
  "servedAssets": {
    "index": {
      "status": 200,
      "bytes": 448,
      "sha256": "02dfd359e60ae0cde25de6bbbddb2369ac3633b7916d97b9e3fa1c3fce96741f"
    },
    "assets": [
      {
        "path": "assets/index-D5p_OlSI.js",
        "status": 200,
        "bytes": 296898,
        "sha256": "463c9612fa7a4a7026d5247e10371c36142bfbd4d54046a9543e1e9ebbf9c146"
      },
      {
        "path": "assets/index-N61qMvza.css",
        "status": 200,
        "bytes": 29768,
        "sha256": "230de3747a4d005dcba6d2984cd2930d9f6430e59ff7eb4d119a3befeadff20e"
      }
    ],
    "favicon": {
      "status": 204,
      "bytes": 0
    }
  },
  "preAppGuard": {
    "readyState": "loading",
    "present": false,
    "error": null
  },
  "profilingCapabilities": {
    "Performance.enable": true,
    "Memory.getDOMCounters": true,
    "Runtime.getHeapUsage": true,
    "Performance.getMetrics": true
  },
  "nativeOpeningState": {
    "worldTime": 480,
    "rngState": 2617785268,
    "eventSequence": 1,
    "eventCount": 1,
    "historyCount": 1,
    "journalPending": 0,
    "character": {
      "isAlive": true,
      "hp": 100,
      "maxHp": 100,
      "stamina": 84,
      "maxStamina": 84,
      "gold": 45,
      "level": 1,
      "position": {
        "x": 7,
        "y": 9
      }
    },
    "skills": {
      "combat": {
        "level": 1,
        "exp": 0
      },
      "farming": {
        "level": 1,
        "exp": 0
      },
      "mining": {
        "level": 1,
        "exp": 0
      },
      "woodcutting": {
        "level": 1,
        "exp": 0
      },
      "smithing": {
        "level": 1,
        "exp": 0
      }
    },
    "inventory": {
      "wood": 0,
      "stone": 0,
      "iron": 0,
      "food": 3,
      "material": 0,
      "potion": 2,
      "sword": 0,
      "armor": 0
    },
    "instanceCount": 0,
    "equipped": {},
    "npcCount": 29,
    "livingNpcCount": 29,
    "threat": {
      "monsterPopulation": 12,
      "threatLevel": 1,
      "growthRate": 0.65,
      "bossProgress": 0,
      "campLevel": 1,
      "bossAlive": false,
      "warningLevel": 0
    },
    "boss": {
      "alive": false,
      "progress": 0,
      "wolfBossForm": null
    },
    "combat": null,
    "dungeon": {
      "discovered": false,
      "threat": 1,
      "progress": 0,
      "runs": 0,
      "stage": 0,
      "inDungeon": false
    },
    "ownership": []
  },
  "nativeOpeningSave": {
    "createdByNormalOpeningAction": true,
    "openingSeen": true,
    "activeCharacterId": "alden",
    "characterCount": 1,
    "worldTime": 480,
    "eventSequence": 1,
    "freshRewardInstances": 0
  },
  "openingState": {
    "worldTime": 480,
    "rngState": 2617785268,
    "eventSequence": 1,
    "eventCount": 1,
    "historyCount": 1,
    "journalPending": 0,
    "character": {
      "isAlive": true,
      "hp": 100,
      "maxHp": 100,
      "stamina": 84,
      "maxStamina": 84,
      "gold": 45,
      "level": 1,
      "position": {
        "x": 7,
        "y": 9
      }
    },
    "skills": {
      "combat": {
        "level": 1,
        "exp": 0
      },
      "farming": {
        "level": 1,
        "exp": 0
      },
      "mining": {
        "level": 1,
        "exp": 0
      },
      "woodcutting": {
        "level": 1,
        "exp": 0
      },
      "smithing": {
        "level": 1,
        "exp": 0
      }
    },
    "inventory": {
      "wood": 0,
      "stone": 0,
      "iron": 0,
      "food": 3,
      "material": 0,
      "potion": 2,
      "sword": 0,
      "armor": 0
    },
    "instanceCount": 0,
    "equipped": {},
    "npcCount": 29,
    "livingNpcCount": 29,
    "threat": {
      "monsterPopulation": 12,
      "threatLevel": 1,
      "growthRate": 0.65,
      "bossProgress": 0,
      "campLevel": 1,
      "bossAlive": false,
      "warningLevel": 0
    },
    "boss": {
      "alive": false,
      "progress": 0,
      "wolfBossForm": null
    },
    "combat": null,
    "dungeon": {
      "discovered": false,
      "threat": 1,
      "progress": 0,
      "runs": 0,
      "stage": 0,
      "inDungeon": false
    },
    "ownership": []
  },
  "recipeRegistryObservations": [
    {
      "recipeId": "starterSpear",
      "selectable": true,
      "recipeLabel": "木石長矛\nSmithing Lv.1 已解鎖",
      "craftEnabled": false,
      "requiredSkill": 1,
      "currentSkill": 5,
      "shortage": null,
      "denial": [
        "工作台目前未營業，請於 08:00–18:00 前往。"
      ],
      "inputRows": [
        "木材 ×3 ／持有 5",
        "石材 ×2 ／持有 2"
      ]
    },
    {
      "recipeId": "fieldSpear",
      "selectable": true,
      "recipeLabel": "進階長矛\nSmithing Lv.2 已解鎖",
      "craftEnabled": false,
      "requiredSkill": 2,
      "currentSkill": 5,
      "shortage": [
        "stone",
        "mine",
        "採石"
      ],
      "denial": [
        "工作台目前未營業，請於 08:00–18:00 前往。"
      ],
      "inputRows": [
        "木材 ×4 ／持有 5",
        "石材 ×3 ／持有 2"
      ]
    },
    {
      "recipeId": "fieldArmor",
      "selectable": true,
      "recipeLabel": "鎖甲\nSmithing Lv.2 已解鎖",
      "craftEnabled": false,
      "requiredSkill": 2,
      "currentSkill": 5,
      "shortage": null,
      "denial": [
        "工作台目前未營業，請於 08:00–18:00 前往。"
      ],
      "inputRows": [
        "鐵礦 ×2 ／持有 4",
        "木材 ×1 ／持有 5"
      ]
    },
    {
      "recipeId": "ironShortSword",
      "selectable": true,
      "recipeLabel": "鐵短劍\nSmithing Lv.5 已解鎖",
      "craftEnabled": false,
      "requiredSkill": 5,
      "currentSkill": 5,
      "shortage": null,
      "denial": [
        "這項配方的工作台尚未開放。"
      ],
      "inputRows": [
        "鐵礦 ×3 ／持有 4",
        "木材 ×1 ／持有 5"
      ]
    }
  ],
  "craftingObservations": [
    {
      "available": true,
      "text": "工作台 實際工作台 鐵匠鋪 · 服務時間 08:00–18:00。 選擇配方 木石長矛 Smithing Lv.1 已解鎖 進階長矛 Smithing Lv.2 已解鎖 鎖甲 Smithing Lv.2 已解鎖 鐵短劍 Smithing Lv.5 已解鎖 鐵短劍 影響素材 素材會消耗 1 份，依選擇調整詞綴權重或條件式特性機率；不保證指定結果。品質機率只依鍛造熟練度能力調整。 不使用素材 🦴 狼牙 · 持有 1 🌙 月石 · 持有 0 成品 短劍 · 武器 · Lv.6 材料 鐵礦 ×3 ／持有 6 木材 ×1 ／持有 3 費用 18 金 ／持有 1 體力與時間 體力 16 ／目前 84 · 90 分鐘 鍛造熟練度 需求 Lv.5 ／目前 Lv.5 品質能力 目前最低品質：稀有 · 普通 0%、精良 0%、稀有 97%、史詩 2.8%、傳說 0.2% 成功練習 成功後鍛造熟練 +10 XP，上限 Lv.6 這項配方的工作台尚未開放。 製作鐵短劍",
      "inputRows": [
        "鐵礦 ×3 ／持有 6",
        "木材 ×1 ／持有 3"
      ],
      "recipeControls": 1,
      "materialControls": 3,
      "selectedRecipe": "ironShortSword",
      "selectedMaterial": "none",
      "recipeLabel": "鐵短劍\nSmithing Lv.5 已解鎖",
      "disabledReason": [
        "這項配方的工作台尚未開放。"
      ]
    },
    {
      "available": true,
      "text": "工作台 實際工作台 雜貨店 · 服務時間 08:00–18:00。 選擇配方 木石長矛 Smithing Lv.1 已解鎖 進階長矛 Smithing Lv.2 已解鎖 鎖甲 Smithing Lv.2 已解鎖 鐵短劍 Smithing Lv.5 已解鎖 木石長矛 影響素材 素材會消耗 1 份，依選擇調整詞綴權重或條件式特性機率；不保證指定結果。品質機率只依鍛造熟練度能力調整。 不使用素材 🦴 狼牙 · 持有 1 🌙 月石 · 持有 0 成品 獵矛 · 武器 · Lv.2 材料 木材 ×3 ／持有 3 石材 ×2 ／持有 4 費用 4 金 ／持有 1 體力與時間 體力 10 ／目前 84 · 45 分鐘 鍛造熟練度 需求 Lv.1 ／目前 Lv.5 品質能力 目前最低品質：精良 · 普通 0%、精良 87%、稀有 10%、史詩 2.8%、傳說 0.2% 成功練習 本配方已達熟練上限 Lv.3 此配方已完成熟練；可製作其他配方或追求更高品質能力。 金幣不足。 製作木石長矛",
      "inputRows": [
        "木材 ×3 ／持有 3",
        "石材 ×2 ／持有 4"
      ],
      "recipeControls": 1,
      "materialControls": 3,
      "selectedRecipe": "starterSpear",
      "selectedMaterial": "none",
      "recipeLabel": "木石長矛\nSmithing Lv.1 已解鎖",
      "disabledReason": [
        "金幣不足。"
      ]
    },
    {
      "available": true,
      "text": "工作台 實際工作台 雜貨店 · 服務時間 08:00–18:00。 選擇配方 木石長矛 Smithing Lv.1 已解鎖 進階長矛 Smithing Lv.2 已解鎖 鎖甲 Smithing Lv.2 已解鎖 鐵短劍 Smithing Lv.5 已解鎖 木石長矛 影響素材 素材會消耗 1 份，依選擇調整詞綴權重或條件式特性機率；不保證指定結果。品質機率只依鍛造熟練度能力調整。 不使用素材 🦴 狼牙 · 持有 1 🌙 月石 · 持有 0 成品 獵矛 · 武器 · Lv.2 材料 木材 ×3 ／持有 3 石材 ×2 ／持有 4 費用 4 金 ／持有 1 體力與時間 體力 10 ／目前 84 · 45 分鐘 鍛造熟練度 需求 Lv.1 ／目前 Lv.5 品質能力 目前最低品質：精良 · 普通 0%、精良 87%、稀有 10%、史詩 2.8%、傳說 0.2% 成功練習 本配方已達熟練上限 Lv.3 此配方已完成熟練；可製作其他配方或追求更高品質能力。 金幣不足。 製作木石長矛",
      "inputRows": [
        "木材 ×3 ／持有 3",
        "石材 ×2 ／持有 4"
      ],
      "recipeControls": 1,
      "materialControls": 3,
      "selectedRecipe": "starterSpear",
      "selectedMaterial": "none",
      "recipeLabel": "木石長矛\nSmithing Lv.1 已解鎖",
      "disabledReason": [
        "金幣不足。"
      ]
    },
    {
      "available": true,
      "text": "工作台 實際工作台 鐵匠鋪 · 服務時間 08:00–18:00。 選擇配方 木石長矛 Smithing Lv.1 已解鎖 進階長矛 Smithing Lv.2 已解鎖 鎖甲 Smithing Lv.2 已解鎖 鐵短劍 Smithing Lv.5 已解鎖 鐵短劍 影響素材 素材會消耗 1 份，依選擇調整詞綴權重或條件式特性機率；不保證指定結果。品質機率只依鍛造熟練度能力調整。 不使用素材 🦴 狼牙 · 持有 1 🌙 月石 · 持有 0 成品 短劍 · 武器 · Lv.6 材料 鐵礦 ×3 ／持有 6 木材 ×1 ／持有 3 費用 18 金 ／持有 1 體力與時間 體力 16 ／目前 84 · 90 分鐘 鍛造熟練度 需求 Lv.5 ／目前 Lv.5 品質能力 目前最低品質：稀有 · 普通 0%、精良 0%、稀有 97%、史詩 2.8%、傳說 0.2% 成功練習 成功後鍛造熟練 +10 XP，上限 Lv.6 這項配方的工作台尚未開放。 製作鐵短劍",
      "inputRows": [
        "鐵礦 ×3 ／持有 6",
        "木材 ×1 ／持有 3"
      ],
      "recipeControls": 1,
      "materialControls": 3,
      "selectedRecipe": "ironShortSword",
      "selectedMaterial": "none",
      "recipeLabel": "鐵短劍\nSmithing Lv.5 已解鎖",
      "disabledReason": [
        "這項配方的工作台尚未開放。"
      ]
    },
    {
      "available": true,
      "text": "工作台 實際工作台 鐵匠鋪 · 服務時間 08:00–18:00。 選擇配方 木石長矛 Smithing Lv.1 已解鎖 進階長矛 Smithing Lv.2 已解鎖 鎖甲 Smithing Lv.2 已解鎖 鐵短劍 Smithing Lv.5 已解鎖 鐵短劍 影響素材 素材會消耗 1 份，依選擇調整詞綴權重或條件式特性機率；不保證指定結果。品質機率只依鍛造熟練度能力調整。 不使用素材 🦴 狼牙 · 持有 1 🌙 月石 · 持有 0 成品 短劍 · 武器 · Lv.6 材料 鐵礦 ×3 ／持有 6 木材 ×1 ／持有 3 費用 18 金 ／持有 1 體力與時間 體力 16 ／目前 84 · 90 分鐘 鍛造熟練度 需求 Lv.5 ／目前 Lv.5 品質能力 目前最低品質：稀有 · 普通 0%、精良 0%、稀有 97%、史詩 2.8%、傳說 0.2% 成功練習 成功後鍛造熟練 +10 XP，上限 Lv.6 這項配方的工作台尚未開放。 製作鐵短劍",
      "inputRows": [
        "鐵礦 ×3 ／持有 6",
        "木材 ×1 ／持有 3"
      ],
      "recipeControls": 1,
      "materialControls": 3,
      "selectedRecipe": "ironShortSword",
      "selectedMaterial": "none",
      "recipeLabel": "鐵短劍\nSmithing Lv.5 已解鎖",
      "disabledReason": [
        "這項配方的工作台尚未開放。"
      ]
    },
    {
      "available": true,
      "text": "工作台 實際工作台 雜貨店 · 服務時間 08:00–18:00。 選擇配方 木石長矛 Smithing Lv.1 已解鎖 進階長矛 Smithing Lv.2 已解鎖 鎖甲 Smithing Lv.2 已解鎖 鐵短劍 Smithing Lv.5 已解鎖 木石長矛 影響素材 素材會消耗 1 份，依選擇調整詞綴權重或條件式特性機率；不保證指定結果。品質機率只依鍛造熟練度能力調整。 不使用素材 🦴 狼牙 · 持有 1 🌙 月石 · 持有 0 成品 獵矛 · 武器 · Lv.2 材料 木材 ×3 ／持有 3 石材 ×2 ／持有 4 費用 4 金 ／持有 1 體力與時間 體力 10 ／目前 84 · 45 分鐘 鍛造熟練度 需求 Lv.1 ／目前 Lv.5 品質能力 目前最低品質：精良 · 普通 0%、精良 87%、稀有 10%、史詩 2.8%、傳說 0.2% 成功練習 本配方已達熟練上限 Lv.3 此配方已完成熟練；可製作其他配方或追求更高品質能力。 金幣不足。 製作木石長矛",
      "inputRows": [
        "木材 ×3 ／持有 3",
        "石材 ×2 ／持有 4"
      ],
      "recipeControls": 1,
      "materialControls": 3,
      "selectedRecipe": "starterSpear",
      "selectedMaterial": "none",
      "recipeLabel": "木石長矛\nSmithing Lv.1 已解鎖",
      "disabledReason": [
        "金幣不足。"
      ]
    },
    {
      "available": true,
      "text": "工作台 實際工作台 雜貨店 · 服務時間 08:00–18:00。 選擇配方 木石長矛 Smithing Lv.1 已解鎖 進階長矛 Smithing Lv.2 已解鎖 鎖甲 Smithing Lv.2 已解鎖 鐵短劍 Smithing Lv.5 已解鎖 木石長矛 影響素材 素材會消耗 1 份，依選擇調整詞綴權重或條件式特性機率；不保證指定結果。品質機率只依鍛造熟練度能力調整。 不使用素材 🦴 狼牙 · 持有 1 🌙 月石 · 持有 0 成品 獵矛 · 武器 · Lv.2 材料 木材 ×3 ／持有 3 石材 ×2 ／持有 4 費用 4 金 ／持有 1 體力與時間 體力 10 ／目前 84 · 45 分鐘 鍛造熟練度 需求 Lv.1 ／目前 Lv.5 品質能力 目前最低品質：精良 · 普通 0%、精良 87%、稀有 10%、史詩 2.8%、傳說 0.2% 成功練習 本配方已達熟練上限 Lv.3 此配方已完成熟練；可製作其他配方或追求更高品質能力。 金幣不足。 製作木石長矛",
      "inputRows": [
        "木材 ×3 ／持有 3",
        "石材 ×2 ／持有 4"
      ],
      "recipeControls": 1,
      "materialControls": 3,
      "selectedRecipe": "starterSpear",
      "selectedMaterial": "none",
      "recipeLabel": "木石長矛\nSmithing Lv.1 已解鎖",
      "disabledReason": [
        "金幣不足。"
      ]
    },
    {
      "available": true,
      "text": "工作台 實際工作台 雜貨店 · 服務時間 08:00–18:00。 選擇配方 木石長矛 Smithing Lv.1 已解鎖 進階長矛 Smithing Lv.2 已解鎖 鎖甲 Smithing Lv.2 已解鎖 鐵短劍 Smithing Lv.5 已解鎖 木石長矛 影響素材 素材會消耗 1 份，依選擇調整詞綴權重或條件式特性機率；不保證指定結果。品質機率只依鍛造熟練度能力調整。 不使用素材 🦴 狼牙 · 持有 1 🌙 月石 · 持有 0 成品 獵矛 · 武器 · Lv.2 材料 木材 ×3 ／持有 3 石材 ×2 ／持有 4 費用 4 金 ／持有 1 體力與時間 體力 10 ／目前 84 · 45 分鐘 鍛造熟練度 需求 Lv.1 ／目前 Lv.5 品質能力 目前最低品質：精良 · 普通 0%、精良 87%、稀有 10%、史詩 2.8%、傳說 0.2% 成功練習 本配方已達熟練上限 Lv.3 此配方已完成熟練；可製作其他配方或追求更高品質能力。 金幣不足。 製作木石長矛",
      "inputRows": [
        "木材 ×3 ／持有 3",
        "石材 ×2 ／持有 4"
      ],
      "recipeControls": 1,
      "materialControls": 3,
      "selectedRecipe": "starterSpear",
      "selectedMaterial": "none",
      "recipeLabel": "木石長矛\nSmithing Lv.1 已解鎖",
      "disabledReason": [
        "金幣不足。"
      ]
    },
    {
      "available": true,
      "text": "工作台 實際工作台 鐵匠鋪 · 服務時間 08:00–18:00。 選擇配方 木石長矛 Smithing Lv.1 已解鎖 進階長矛 Smithing Lv.2 已解鎖 鎖甲 Smithing Lv.2 已解鎖 鐵短劍 Smithing Lv.5 已解鎖 鐵短劍 影響素材 素材會消耗 1 份，依選擇調整詞綴權重或條件式特性機率；不保證指定結果。品質機率只依鍛造熟練度能力調整。 不使用素材 🦴 狼牙 · 持有 1 🌙 月石 · 持有 0 成品 短劍 · 武器 · Lv.6 材料 鐵礦 ×3 ／持有 6 木材 ×1 ／持有 3 費用 18 金 ／持有 1 體力與時間 體力 16 ／目前 84 · 90 分鐘 鍛造熟練度 需求 Lv.5 ／目前 Lv.5 品質能力 目前最低品質：稀有 · 普通 0%、精良 0%、稀有 97%、史詩 2.8%、傳說 0.2% 成功練習 成功後鍛造熟練 +10 XP，上限 Lv.6 這項配方的工作台尚未開放。 製作鐵短劍",
      "inputRows": [
        "鐵礦 ×3 ／持有 6",
        "木材 ×1 ／持有 3"
      ],
      "recipeControls": 1,
      "materialControls": 3,
      "selectedRecipe": "ironShortSword",
      "selectedMaterial": "none",
      "recipeLabel": "鐵短劍\nSmithing Lv.5 已解鎖",
      "disabledReason": [
        "這項配方的工作台尚未開放。"
      ]
    },
    {
      "available": true,
      "text": "工作台 實際工作台 雜貨店 · 服務時間 08:00–18:00。 選擇配方 木石長矛 Smithing Lv.1 已解鎖 進階長矛 Smithing Lv.2 已解鎖 鎖甲 Smithing Lv.2 已解鎖 鐵短劍 Smithing Lv.5 已解鎖 木石長矛 影響素材 素材會消耗 1 份，依選擇調整詞綴權重或條件式特性機率；不保證指定結果。品質機率只依鍛造熟練度能力調整。 不使用素材 🦴 狼牙 · 持有 1 🌙 月石 · 持有 0 成品 獵矛 · 武器 · Lv.2 材料 木材 ×3 ／持有 3 石材 ×2 ／持有 4 費用 4 金 ／持有 1 體力與時間 體力 10 ／目前 84 · 45 分鐘 鍛造熟練度 需求 Lv.1 ／目前 Lv.5 品質能力 目前最低品質：精良 · 普通 0%、精良 87%、稀有 10%、史詩 2.8%、傳說 0.2% 成功練習 本配方已達熟練上限 Lv.3 此配方已完成熟練；可製作其他配方或追求更高品質能力。 金幣不足。 製作木石長矛",
      "inputRows": [
        "木材 ×3 ／持有 3",
        "石材 ×2 ／持有 4"
      ],
      "recipeControls": 1,
      "materialControls": 3,
      "selectedRecipe": "starterSpear",
      "selectedMaterial": "none",
      "recipeLabel": "木石長矛\nSmithing Lv.1 已解鎖",
      "disabledReason": [
        "金幣不足。"
      ]
    },
    {
      "available": true,
      "text": "工作台 實際工作台 鐵匠鋪 · 服務時間 08:00–18:00。 選擇配方 木石長矛 Smithing Lv.1 已解鎖 進階長矛 Smithing Lv.2 已解鎖 鎖甲 Smithing Lv.2 已解鎖 鐵短劍 Smithing Lv.5 已解鎖 鐵短劍 影響素材 素材會消耗 1 份，依選擇調整詞綴權重或條件式特性機率；不保證指定結果。品質機率只依鍛造熟練度能力調整。 不使用素材 🦴 狼牙 · 持有 1 🌙 月石 · 持有 0 成品 短劍 · 武器 · Lv.6 材料 鐵礦 ×3 ／持有 6 木材 ×1 ／持有 3 費用 18 金 ／持有 1 體力與時間 體力 16 ／目前 84 · 90 分鐘 鍛造熟練度 需求 Lv.5 ／目前 Lv.5 品質能力 目前最低品質：稀有 · 普通 0%、精良 0%、稀有 97%、史詩 2.8%、傳說 0.2% 成功練習 成功後鍛造熟練 +10 XP，上限 Lv.6 這項配方的工作台尚未開放。 製作鐵短劍",
      "inputRows": [
        "鐵礦 ×3 ／持有 6",
        "木材 ×1 ／持有 3"
      ],
      "recipeControls": 1,
      "materialControls": 3,
      "selectedRecipe": "ironShortSword",
      "selectedMaterial": "none",
      "recipeLabel": "鐵短劍\nSmithing Lv.5 已解鎖",
      "disabledReason": [
        "這項配方的工作台尚未開放。"
      ]
    },
    {
      "available": true,
      "text": "工作台 實際工作台 鐵匠鋪 · 服務時間 08:00–18:00。 選擇配方 木石長矛 Smithing Lv.1 已解鎖 進階長矛 Smithing Lv.2 已解鎖 鎖甲 Smithing Lv.2 已解鎖 鐵短劍 Smithing Lv.5 已解鎖 鐵短劍 影響素材 素材會消耗 1 份，依選擇調整詞綴權重或條件式特性機率；不保證指定結果。品質機率只依鍛造熟練度能力調整。 不使用素材 🦴 狼牙 · 持有 1 🌙 月石 · 持有 0 成品 短劍 · 武器 · Lv.6 材料 鐵礦 ×3 ／持有 6 木材 ×1 ／持有 3 費用 18 金 ／持有 1 體力與時間 體力 16 ／目前 84 · 90 分鐘 鍛造熟練度 需求 Lv.5 ／目前 Lv.5 品質能力 目前最低品質：稀有 · 普通 0%、精良 0%、稀有 97%、史詩 2.8%、傳說 0.2% 成功練習 成功後鍛造熟練 +10 XP，上限 Lv.6 這項配方的工作台尚未開放。 製作鐵短劍",
      "inputRows": [
        "鐵礦 ×3 ／持有 6",
        "木材 ×1 ／持有 3"
      ],
      "recipeControls": 1,
      "materialControls": 3,
      "selectedRecipe": "ironShortSword",
      "selectedMaterial": "none",
      "recipeLabel": "鐵短劍\nSmithing Lv.5 已解鎖",
      "disabledReason": [
        "這項配方的工作台尚未開放。"
      ]
    },
    {
      "available": true,
      "text": "工作台 實際工作台 雜貨店 · 服務時間 08:00–18:00。 選擇配方 木石長矛 Smithing Lv.1 已解鎖 進階長矛 Smithing Lv.2 已解鎖 鎖甲 Smithing Lv.2 已解鎖 鐵短劍 Smithing Lv.5 已解鎖 木石長矛 影響素材 素材會消耗 1 份，依選擇調整詞綴權重或條件式特性機率；不保證指定結果。品質機率只依鍛造熟練度能力調整。 不使用素材 🦴 狼牙 · 持有 1 🌙 月石 · 持有 0 成品 獵矛 · 武器 · Lv.2 材料 木材 ×3 ／持有 3 石材 ×2 ／持有 4 費用 4 金 ／持有 1 體力與時間 體力 10 ／目前 84 · 45 分鐘 鍛造熟練度 需求 Lv.1 ／目前 Lv.5 品質能力 目前最低品質：精良 · 普通 0%、精良 87%、稀有 10%、史詩 2.8%、傳說 0.2% 成功練習 本配方已達熟練上限 Lv.3 此配方已完成熟練；可製作其他配方或追求更高品質能力。 金幣不足。 製作木石長矛",
      "inputRows": [
        "木材 ×3 ／持有 3",
        "石材 ×2 ／持有 4"
      ],
      "recipeControls": 1,
      "materialControls": 3,
      "selectedRecipe": "starterSpear",
      "selectedMaterial": "none",
      "recipeLabel": "木石長矛\nSmithing Lv.1 已解鎖",
      "disabledReason": [
        "金幣不足。"
      ]
    },
    {
      "available": true,
      "text": "工作台 實際工作台 雜貨店 · 服務時間 08:00–18:00。 選擇配方 木石長矛 Smithing Lv.1 已解鎖 進階長矛 Smithing Lv.2 已解鎖 鎖甲 Smithing Lv.2 已解鎖 鐵短劍 Smithing Lv.5 已解鎖 木石長矛 影響素材 素材會消耗 1 份，依選擇調整詞綴權重或條件式特性機率；不保證指定結果。品質機率只依鍛造熟練度能力調整。 不使用素材 🦴 狼牙 · 持有 1 🌙 月石 · 持有 0 成品 獵矛 · 武器 · Lv.2 材料 木材 ×3 ／持有 3 石材 ×2 ／持有 4 費用 4 金 ／持有 1 體力與時間 體力 10 ／目前 84 · 45 分鐘 鍛造熟練度 需求 Lv.1 ／目前 Lv.5 品質能力 目前最低品質：精良 · 普通 0%、精良 87%、稀有 10%、史詩 2.8%、傳說 0.2% 成功練習 本配方已達熟練上限 Lv.3 此配方已完成熟練；可製作其他配方或追求更高品質能力。 金幣不足。 製作木石長矛",
      "inputRows": [
        "木材 ×3 ／持有 3",
        "石材 ×2 ／持有 4"
      ],
      "recipeControls": 1,
      "materialControls": 3,
      "selectedRecipe": "starterSpear",
      "selectedMaterial": "none",
      "recipeLabel": "木石長矛\nSmithing Lv.1 已解鎖",
      "disabledReason": [
        "金幣不足。"
      ]
    },
    {
      "available": true,
      "text": "工作台 實際工作台 雜貨店 · 服務時間 08:00–18:00。 選擇配方 木石長矛 Smithing Lv.1 已解鎖 進階長矛 Smithing Lv.2 已解鎖 鎖甲 Smithing Lv.2 已解鎖 鐵短劍 Smithing Lv.5 已解鎖 木石長矛 影響素材 素材會消耗 1 份，依選擇調整詞綴權重或條件式特性機率；不保證指定結果。品質機率只依鍛造熟練度能力調整。 不使用素材 🦴 狼牙 · 持有 1 🌙 月石 · 持有 0 成品 獵矛 · 武器 · Lv.2 材料 木材 ×3 ／持有 3 石材 ×2 ／持有 4 費用 4 金 ／持有 1 體力與時間 體力 10 ／目前 84 · 45 分鐘 鍛造熟練度 需求 Lv.1 ／目前 Lv.5 品質能力 目前最低品質：精良 · 普通 0%、精良 87%、稀有 10%、史詩 2.8%、傳說 0.2% 成功練習 本配方已達熟練上限 Lv.3 此配方已完成熟練；可製作其他配方或追求更高品質能力。 金幣不足。 製作木石長矛",
      "inputRows": [
        "木材 ×3 ／持有 3",
        "石材 ×2 ／持有 4"
      ],
      "recipeControls": 1,
      "materialControls": 3,
      "selectedRecipe": "starterSpear",
      "selectedMaterial": "none",
      "recipeLabel": "木石長矛\nSmithing Lv.1 已解鎖",
      "disabledReason": [
        "金幣不足。"
      ]
    },
    {
      "available": true,
      "text": "工作台 實際工作台 鐵匠鋪 · 服務時間 08:00–18:00。 選擇配方 木石長矛 Smithing Lv.1 已解鎖 進階長矛 Smithing Lv.2 已解鎖 鎖甲 Smithing Lv.2 已解鎖 鐵短劍 Smithing Lv.5 已解鎖 鐵短劍 影響素材 素材會消耗 1 份，依選擇調整詞綴權重或條件式特性機率；不保證指定結果。品質機率只依鍛造熟練度能力調整。 不使用素材 🦴 狼牙 · 持有 1 🌙 月石 · 持有 0 成品 短劍 · 武器 · Lv.6 材料 鐵礦 ×3 ／持有 6 木材 ×1 ／持有 3 費用 18 金 ／持有 1 體力與時間 體力 16 ／目前 84 · 90 分鐘 鍛造熟練度 需求 Lv.5 ／目前 Lv.5 品質能力 目前最低品質：稀有 · 普通 0%、精良 0%、稀有 97%、史詩 2.8%、傳說 0.2% 成功練習 成功後鍛造熟練 +10 XP，上限 Lv.6 這項配方的工作台尚未開放。 製作鐵短劍",
      "inputRows": [
        "鐵礦 ×3 ／持有 6",
        "木材 ×1 ／持有 3"
      ],
      "recipeControls": 1,
      "materialControls": 3,
      "selectedRecipe": "ironShortSword",
      "selectedMaterial": "none",
      "recipeLabel": "鐵短劍\nSmithing Lv.5 已解鎖",
      "disabledReason": [
        "這項配方的工作台尚未開放。"
      ]
    },
    {
      "available": true,
      "text": "工作台 實際工作台 鐵匠鋪 · 服務時間 08:00–18:00。 選擇配方 木石長矛 Smithing Lv.1 已解鎖 進階長矛 Smithing Lv.2 已解鎖 鎖甲 Smithing Lv.2 已解鎖 鐵短劍 Smithing Lv.5 已解鎖 鐵短劍 影響素材 素材會消耗 1 份，依選擇調整詞綴權重或條件式特性機率；不保證指定結果。品質機率只依鍛造熟練度能力調整。 不使用素材 🦴 狼牙 · 持有 1 🌙 月石 · 持有 0 成品 短劍 · 武器 · Lv.6 材料 鐵礦 ×3 ／持有 6 木材 ×1 ／持有 3 費用 18 金 ／持有 1 體力與時間 體力 16 ／目前 84 · 90 分鐘 鍛造熟練度 需求 Lv.5 ／目前 Lv.5 品質能力 目前最低品質：稀有 · 普通 0%、精良 0%、稀有 97%、史詩 2.8%、傳說 0.2% 成功練習 成功後鍛造熟練 +10 XP，上限 Lv.6 這項配方的工作台尚未開放。 製作鐵短劍",
      "inputRows": [
        "鐵礦 ×3 ／持有 6",
        "木材 ×1 ／持有 3"
      ],
      "recipeControls": 1,
      "materialControls": 3,
      "selectedRecipe": "ironShortSword",
      "selectedMaterial": "none",
      "recipeLabel": "鐵短劍\nSmithing Lv.5 已解鎖",
      "disabledReason": [
        "這項配方的工作台尚未開放。"
      ]
    },
    {
      "available": true,
      "text": "工作台 實際工作台 雜貨店 · 服務時間 08:00–18:00。 選擇配方 木石長矛 Smithing Lv.1 已解鎖 進階長矛 Smithing Lv.2 已解鎖 鎖甲 Smithing Lv.2 已解鎖 鐵短劍 Smithing Lv.5 已解鎖 木石長矛 影響素材 素材會消耗 1 份，依選擇調整詞綴權重或條件式特性機率；不保證指定結果。品質機率只依鍛造熟練度能力調整。 不使用素材 🦴 狼牙 · 持有 1 🌙 月石 · 持有 0 成品 獵矛 · 武器 · Lv.2 材料 木材 ×3 ／持有 3 石材 ×2 ／持有 4 費用 4 金 ／持有 1 體力與時間 體力 10 ／目前 84 · 45 分鐘 鍛造熟練度 需求 Lv.1 ／目前 Lv.5 品質能力 目前最低品質：精良 · 普通 0%、精良 87%、稀有 10%、史詩 2.8%、傳說 0.2% 成功練習 本配方已達熟練上限 Lv.3 此配方已完成熟練；可製作其他配方或追求更高品質能力。 工作台目前未營業，請於 08:00–18:00 前往。 製作木石長矛",
      "inputRows": [
        "木材 ×3 ／持有 3",
        "石材 ×2 ／持有 4"
      ],
      "recipeControls": 1,
      "materialControls": 3,
      "selectedRecipe": "starterSpear",
      "selectedMaterial": "none",
      "recipeLabel": "木石長矛\nSmithing Lv.1 已解鎖",
      "disabledReason": [
        "工作台目前未營業，請於 08:00–18:00 前往。"
      ]
    },
    {
      "available": true,
      "text": "工作台 實際工作台 鐵匠鋪 · 服務時間 08:00–18:00。 選擇配方 木石長矛 Smithing Lv.1 已解鎖 進階長矛 Smithing Lv.2 已解鎖 鎖甲 Smithing Lv.2 已解鎖 鐵短劍 Smithing Lv.5 已解鎖 鐵短劍 影響素材 素材會消耗 1 份，依選擇調整詞綴權重或條件式特性機率；不保證指定結果。品質機率只依鍛造熟練度能力調整。 不使用素材 🦴 狼牙 · 持有 1 🌙 月石 · 持有 0 成品 短劍 · 武器 · Lv.6 材料 鐵礦 ×3 ／持有 6 木材 ×1 ／持有 3 費用 18 金 ／持有 1 體力與時間 體力 16 ／目前 84 · 90 分鐘 鍛造熟練度 需求 Lv.5 ／目前 Lv.5 品質能力 目前最低品質：稀有 · 普通 0%、精良 0%、稀有 97%、史詩 2.8%、傳說 0.2% 成功練習 成功後鍛造熟練 +10 XP，上限 Lv.6 這項配方的工作台尚未開放。 製作鐵短劍",
      "inputRows": [
        "鐵礦 ×3 ／持有 6",
        "木材 ×1 ／持有 3"
      ],
      "recipeControls": 1,
      "materialControls": 3,
      "selectedRecipe": "ironShortSword",
      "selectedMaterial": "none",
      "recipeLabel": "鐵短劍\nSmithing Lv.5 已解鎖",
      "disabledReason": [
        "這項配方的工作台尚未開放。"
      ]
    },
    {
      "available": true,
      "text": "工作台 實際工作台 雜貨店 · 服務時間 08:00–18:00。 選擇配方 木石長矛 Smithing Lv.1 已解鎖 進階長矛 Smithing Lv.2 已解鎖 鎖甲 Smithing Lv.2 已解鎖 鐵短劍 Smithing Lv.5 已解鎖 鎖甲 影響素材 素材會消耗 1 份，依選擇調整詞綴權重或條件式特性機率；不保證指定結果。品質機率只依鍛造熟練度能力調整。 不使用素材 🐺 狼皮 · 持有 1 成品 鎖甲 · 防具 · Lv.3 材料 鐵礦 ×2 ／持有 6 木材 ×1 ／持有 3 費用 8 金 ／持有 9 體力與時間 體力 12 ／目前 76 · 60 分鐘 鍛造熟練度 需求 Lv.2 ／目前 Lv.5 品質能力 目前最低品質：精良 · 普通 0%、精良 87%、稀有 10%、史詩 2.8%、傳說 0.2% 成功練習 本配方已達熟練上限 Lv.5 此配方已完成熟練；可製作其他配方或追求更高品質能力。 製作鎖甲",
      "inputRows": [
        "鐵礦 ×2 ／持有 6",
        "木材 ×1 ／持有 3"
      ],
      "recipeControls": 1,
      "materialControls": 2,
      "selectedRecipe": "fieldArmor",
      "selectedMaterial": "none",
      "recipeLabel": "鎖甲\nSmithing Lv.2 已解鎖",
      "disabledReason": []
    },
    {
      "available": true,
      "text": "工作台 實際工作台 鐵匠鋪 · 服務時間 08:00–18:00。 選擇配方 木石長矛 Smithing Lv.1 已解鎖 進階長矛 Smithing Lv.2 已解鎖 鎖甲 Smithing Lv.2 已解鎖 鐵短劍 Smithing Lv.5 已解鎖 鐵短劍 影響素材 素材會消耗 1 份，依選擇調整詞綴權重或條件式特性機率；不保證指定結果。品質機率只依鍛造熟練度能力調整。 不使用素材 🦴 狼牙 · 持有 1 🌙 月石 · 持有 0 成品 短劍 · 武器 · Lv.6 材料 鐵礦 ×3 ／持有 4 木材 ×1 ／持有 2 費用 18 金 ／持有 1 體力與時間 體力 16 ／目前 64 · 90 分鐘 鍛造熟練度 需求 Lv.5 ／目前 Lv.5 品質能力 目前最低品質：稀有 · 普通 0%、精良 0%、稀有 97%、史詩 2.8%、傳說 0.2% 成功練習 成功後鍛造熟練 +10 XP，上限 Lv.6 這項配方的工作台尚未開放。 製作鐵短劍",
      "inputRows": [
        "鐵礦 ×3 ／持有 4",
        "木材 ×1 ／持有 2"
      ],
      "recipeControls": 1,
      "materialControls": 3,
      "selectedRecipe": "ironShortSword",
      "selectedMaterial": "none",
      "recipeLabel": "鐵短劍\nSmithing Lv.5 已解鎖",
      "disabledReason": [
        "這項配方的工作台尚未開放。"
      ]
    },
    {
      "available": true,
      "text": "工作台 實際工作台 鐵匠鋪 · 服務時間 08:00–18:00。 選擇配方 木石長矛 Smithing Lv.1 已解鎖 進階長矛 Smithing Lv.2 已解鎖 鎖甲 Smithing Lv.2 已解鎖 鐵短劍 Smithing Lv.5 已解鎖 鐵短劍 影響素材 素材會消耗 1 份，依選擇調整詞綴權重或條件式特性機率；不保證指定結果。品質機率只依鍛造熟練度能力調整。 不使用素材 🦴 狼牙 · 持有 1 🌙 月石 · 持有 0 成品 短劍 · 武器 · Lv.6 材料 鐵礦 ×3 ／持有 4 木材 ×1 ／持有 2 費用 18 金 ／持有 1 體力與時間 體力 16 ／目前 64 · 90 分鐘 鍛造熟練度 需求 Lv.5 ／目前 Lv.5 品質能力 目前最低品質：稀有 · 普通 0%、精良 0%、稀有 97%、史詩 2.8%、傳說 0.2% 成功練習 成功後鍛造熟練 +10 XP，上限 Lv.6 這項配方的工作台尚未開放。 製作鐵短劍",
      "inputRows": [
        "鐵礦 ×3 ／持有 4",
        "木材 ×1 ／持有 2"
      ],
      "recipeControls": 1,
      "materialControls": 3,
      "selectedRecipe": "ironShortSword",
      "selectedMaterial": "none",
      "recipeLabel": "鐵短劍\nSmithing Lv.5 已解鎖",
      "disabledReason": [
        "這項配方的工作台尚未開放。"
      ]
    },
    {
      "available": true,
      "text": "工作台 實際工作台 雜貨店 · 服務時間 08:00–18:00。 選擇配方 木石長矛 Smithing Lv.1 已解鎖 進階長矛 Smithing Lv.2 已解鎖 鎖甲 Smithing Lv.2 已解鎖 鐵短劍 Smithing Lv.5 已解鎖 木石長矛 影響素材 素材會消耗 1 份，依選擇調整詞綴權重或條件式特性機率；不保證指定結果。品質機率只依鍛造熟練度能力調整。 不使用素材 🦴 狼牙 · 持有 1 🌙 月石 · 持有 0 成品 獵矛 · 武器 · Lv.2 材料 木材 ×3 ／持有 2 石材 ×2 ／持有 4 費用 4 金 ／持有 1 體力與時間 體力 10 ／目前 64 · 45 分鐘 鍛造熟練度 需求 Lv.1 ／目前 Lv.5 品質能力 目前最低品質：精良 · 普通 0%、精良 87%、稀有 10%、史詩 2.8%、傳說 0.2% 成功練習 本配方已達熟練上限 Lv.3 此配方已完成熟練；可製作其他配方或追求更高品質能力。 鍛造材料不足。 製作木石長矛",
      "inputRows": [
        "木材 ×3 ／持有 2",
        "石材 ×2 ／持有 4"
      ],
      "recipeControls": 1,
      "materialControls": 3,
      "selectedRecipe": "starterSpear",
      "selectedMaterial": "none",
      "recipeLabel": "木石長矛\nSmithing Lv.1 已解鎖",
      "disabledReason": [
        "鍛造材料不足。"
      ]
    },
    {
      "available": true,
      "text": "工作台 實際工作台 雜貨店 · 服務時間 08:00–18:00。 選擇配方 木石長矛 Smithing Lv.1 已解鎖 進階長矛 Smithing Lv.2 已解鎖 鎖甲 Smithing Lv.2 已解鎖 鐵短劍 Smithing Lv.5 已解鎖 木石長矛 影響素材 素材會消耗 1 份，依選擇調整詞綴權重或條件式特性機率；不保證指定結果。品質機率只依鍛造熟練度能力調整。 不使用素材 🦴 狼牙 · 持有 1 🌙 月石 · 持有 0 成品 獵矛 · 武器 · Lv.2 材料 木材 ×3 ／持有 8 石材 ×2 ／持有 4 費用 4 金 ／持有 5 體力與時間 體力 10 ／目前 54 · 45 分鐘 鍛造熟練度 需求 Lv.1 ／目前 Lv.5 品質能力 目前最低品質：精良 · 普通 0%、精良 87%、稀有 10%、史詩 2.8%、傳說 0.2% 成功練習 本配方已達熟練上限 Lv.3 此配方已完成熟練；可製作其他配方或追求更高品質能力。 製作木石長矛",
      "inputRows": [
        "木材 ×3 ／持有 8",
        "石材 ×2 ／持有 4"
      ],
      "recipeControls": 1,
      "materialControls": 3,
      "selectedRecipe": "starterSpear",
      "selectedMaterial": "none",
      "recipeLabel": "木石長矛\nSmithing Lv.1 已解鎖",
      "disabledReason": []
    },
    {
      "available": true,
      "text": "工作台 實際工作台 鐵匠鋪 · 服務時間 08:00–18:00。 選擇配方 木石長矛 Smithing Lv.1 已解鎖 進階長矛 Smithing Lv.2 已解鎖 鎖甲 Smithing Lv.2 已解鎖 鐵短劍 Smithing Lv.5 已解鎖 鐵短劍 影響素材 素材會消耗 1 份，依選擇調整詞綴權重或條件式特性機率；不保證指定結果。品質機率只依鍛造熟練度能力調整。 不使用素材 🦴 狼牙 · 持有 1 🌙 月石 · 持有 0 成品 短劍 · 武器 · Lv.6 材料 鐵礦 ×3 ／持有 4 木材 ×1 ／持有 5 費用 18 金 ／持有 1 體力與時間 體力 16 ／目前 44 · 90 分鐘 鍛造熟練度 需求 Lv.5 ／目前 Lv.5 品質能力 目前最低品質：稀有 · 普通 0%、精良 0%、稀有 97%、史詩 2.8%、傳說 0.2% 成功練習 成功後鍛造熟練 +10 XP，上限 Lv.6 這項配方的工作台尚未開放。 製作鐵短劍",
      "inputRows": [
        "鐵礦 ×3 ／持有 4",
        "木材 ×1 ／持有 5"
      ],
      "recipeControls": 1,
      "materialControls": 3,
      "selectedRecipe": "ironShortSword",
      "selectedMaterial": "none",
      "recipeLabel": "鐵短劍\nSmithing Lv.5 已解鎖",
      "disabledReason": [
        "這項配方的工作台尚未開放。"
      ]
    },
    {
      "available": true,
      "text": "工作台 實際工作台 雜貨店 · 服務時間 08:00–18:00。 選擇配方 木石長矛 Smithing Lv.1 已解鎖 進階長矛 Smithing Lv.2 已解鎖 鎖甲 Smithing Lv.2 已解鎖 鐵短劍 Smithing Lv.5 已解鎖 木石長矛 影響素材 素材會消耗 1 份，依選擇調整詞綴權重或條件式特性機率；不保證指定結果。品質機率只依鍛造熟練度能力調整。 不使用素材 🦴 狼牙 · 持有 1 🌙 月石 · 持有 0 成品 獵矛 · 武器 · Lv.2 材料 木材 ×3 ／持有 5 石材 ×2 ／持有 2 費用 4 金 ／持有 1 體力與時間 體力 10 ／目前 44 · 45 分鐘 鍛造熟練度 需求 Lv.1 ／目前 Lv.5 品質能力 目前最低品質：精良 · 普通 0%、精良 87%、稀有 10%、史詩 2.8%、傳說 0.2% 成功練習 本配方已達熟練上限 Lv.3 此配方已完成熟練；可製作其他配方或追求更高品質能力。 金幣不足。 製作木石長矛",
      "inputRows": [
        "木材 ×3 ／持有 5",
        "石材 ×2 ／持有 2"
      ],
      "recipeControls": 1,
      "materialControls": 3,
      "selectedRecipe": "starterSpear",
      "selectedMaterial": "none",
      "recipeLabel": "木石長矛\nSmithing Lv.1 已解鎖",
      "disabledReason": [
        "金幣不足。"
      ]
    },
    {
      "available": true,
      "text": "工作台 實際工作台 鐵匠鋪 · 服務時間 08:00–18:00。 選擇配方 木石長矛 Smithing Lv.1 已解鎖 進階長矛 Smithing Lv.2 已解鎖 鎖甲 Smithing Lv.2 已解鎖 鐵短劍 Smithing Lv.5 已解鎖 鐵短劍 影響素材 素材會消耗 1 份，依選擇調整詞綴權重或條件式特性機率；不保證指定結果。品質機率只依鍛造熟練度能力調整。 不使用素材 🦴 狼牙 · 持有 1 🌙 月石 · 持有 0 成品 短劍 · 武器 · Lv.6 材料 鐵礦 ×3 ／持有 4 木材 ×1 ／持有 5 費用 18 金 ／持有 1 體力與時間 體力 16 ／目前 44 · 90 分鐘 鍛造熟練度 需求 Lv.5 ／目前 Lv.5 品質能力 目前最低品質：稀有 · 普通 0%、精良 0%、稀有 97%、史詩 2.8%、傳說 0.2% 成功練習 成功後鍛造熟練 +10 XP，上限 Lv.6 這項配方的工作台尚未開放。 製作鐵短劍",
      "inputRows": [
        "鐵礦 ×3 ／持有 4",
        "木材 ×1 ／持有 5"
      ],
      "recipeControls": 1,
      "materialControls": 3,
      "selectedRecipe": "ironShortSword",
      "selectedMaterial": "none",
      "recipeLabel": "鐵短劍\nSmithing Lv.5 已解鎖",
      "disabledReason": [
        "這項配方的工作台尚未開放。"
      ]
    },
    {
      "available": true,
      "text": "工作台 實際工作台 雜貨店 · 服務時間 08:00–18:00。 選擇配方 木石長矛 Smithing Lv.1 已解鎖 進階長矛 Smithing Lv.2 已解鎖 鎖甲 Smithing Lv.2 已解鎖 鐵短劍 Smithing Lv.5 已解鎖 木石長矛 影響素材 素材會消耗 1 份，依選擇調整詞綴權重或條件式特性機率；不保證指定結果。品質機率只依鍛造熟練度能力調整。 不使用素材 🦴 狼牙 · 持有 1 🌙 月石 · 持有 0 成品 獵矛 · 武器 · Lv.2 材料 木材 ×3 ／持有 5 石材 ×2 ／持有 2 費用 4 金 ／持有 1 體力與時間 體力 10 ／目前 44 · 45 分鐘 鍛造熟練度 需求 Lv.1 ／目前 Lv.5 品質能力 目前最低品質：精良 · 普通 0%、精良 87%、稀有 10%、史詩 2.8%、傳說 0.2% 成功練習 本配方已達熟練上限 Lv.3 此配方已完成熟練；可製作其他配方或追求更高品質能力。 金幣不足。 製作木石長矛",
      "inputRows": [
        "木材 ×3 ／持有 5",
        "石材 ×2 ／持有 2"
      ],
      "recipeControls": 1,
      "materialControls": 3,
      "selectedRecipe": "starterSpear",
      "selectedMaterial": "none",
      "recipeLabel": "木石長矛\nSmithing Lv.1 已解鎖",
      "disabledReason": [
        "金幣不足。"
      ]
    },
    {
      "available": true,
      "text": "工作台 實際工作台 雜貨店 · 服務時間 08:00–18:00。 選擇配方 木石長矛 Smithing Lv.1 已解鎖 進階長矛 Smithing Lv.2 已解鎖 鎖甲 Smithing Lv.2 已解鎖 鐵短劍 Smithing Lv.5 已解鎖 木石長矛 影響素材 素材會消耗 1 份，依選擇調整詞綴權重或條件式特性機率；不保證指定結果。品質機率只依鍛造熟練度能力調整。 不使用素材 🦴 狼牙 · 持有 1 🌙 月石 · 持有 0 成品 獵矛 · 武器 · Lv.2 材料 木材 ×3 ／持有 5 石材 ×2 ／持有 2 費用 4 金 ／持有 1 體力與時間 體力 10 ／目前 44 · 45 分鐘 鍛造熟練度 需求 Lv.1 ／目前 Lv.5 品質能力 目前最低品質：精良 · 普通 0%、精良 87%、稀有 10%、史詩 2.8%、傳說 0.2% 成功練習 本配方已達熟練上限 Lv.3 此配方已完成熟練；可製作其他配方或追求更高品質能力。 金幣不足。 製作木石長矛",
      "inputRows": [
        "木材 ×3 ／持有 5",
        "石材 ×2 ／持有 2"
      ],
      "recipeControls": 1,
      "materialControls": 3,
      "selectedRecipe": "starterSpear",
      "selectedMaterial": "none",
      "recipeLabel": "木石長矛\nSmithing Lv.1 已解鎖",
      "disabledReason": [
        "金幣不足。"
      ]
    },
    {
      "available": true,
      "text": "工作台 實際工作台 雜貨店 · 服務時間 08:00–18:00。 選擇配方 木石長矛 Smithing Lv.1 已解鎖 進階長矛 Smithing Lv.2 已解鎖 鎖甲 Smithing Lv.2 已解鎖 鐵短劍 Smithing Lv.5 已解鎖 木石長矛 影響素材 素材會消耗 1 份，依選擇調整詞綴權重或條件式特性機率；不保證指定結果。品質機率只依鍛造熟練度能力調整。 不使用素材 🦴 狼牙 · 持有 1 🌙 月石 · 持有 0 成品 獵矛 · 武器 · Lv.2 材料 木材 ×3 ／持有 5 石材 ×2 ／持有 2 費用 4 金 ／持有 1 體力與時間 體力 10 ／目前 44 · 45 分鐘 鍛造熟練度 需求 Lv.1 ／目前 Lv.5 品質能力 目前最低品質：精良 · 普通 0%、精良 87%、稀有 10%、史詩 2.8%、傳說 0.2% 成功練習 本配方已達熟練上限 Lv.3 此配方已完成熟練；可製作其他配方或追求更高品質能力。 金幣不足。 製作木石長矛",
      "inputRows": [
        "木材 ×3 ／持有 5",
        "石材 ×2 ／持有 2"
      ],
      "recipeControls": 1,
      "materialControls": 3,
      "selectedRecipe": "starterSpear",
      "selectedMaterial": "none",
      "recipeLabel": "木石長矛\nSmithing Lv.1 已解鎖",
      "disabledReason": [
        "金幣不足。"
      ]
    },
    {
      "available": true,
      "text": "工作台 實際工作台 鐵匠鋪 · 服務時間 08:00–18:00。 選擇配方 木石長矛 Smithing Lv.1 已解鎖 進階長矛 Smithing Lv.2 已解鎖 鎖甲 Smithing Lv.2 已解鎖 鐵短劍 Smithing Lv.5 已解鎖 鐵短劍 影響素材 素材會消耗 1 份，依選擇調整詞綴權重或條件式特性機率；不保證指定結果。品質機率只依鍛造熟練度能力調整。 不使用素材 🦴 狼牙 · 持有 1 🌙 月石 · 持有 0 成品 短劍 · 武器 · Lv.6 材料 鐵礦 ×3 ／持有 4 木材 ×1 ／持有 5 費用 18 金 ／持有 1 體力與時間 體力 16 ／目前 44 · 90 分鐘 鍛造熟練度 需求 Lv.5 ／目前 Lv.5 品質能力 目前最低品質：稀有 · 普通 0%、精良 0%、稀有 97%、史詩 2.8%、傳說 0.2% 成功練習 成功後鍛造熟練 +10 XP，上限 Lv.6 這項配方的工作台尚未開放。 製作鐵短劍",
      "inputRows": [
        "鐵礦 ×3 ／持有 4",
        "木材 ×1 ／持有 5"
      ],
      "recipeControls": 1,
      "materialControls": 3,
      "selectedRecipe": "ironShortSword",
      "selectedMaterial": "none",
      "recipeLabel": "鐵短劍\nSmithing Lv.5 已解鎖",
      "disabledReason": [
        "這項配方的工作台尚未開放。"
      ]
    },
    {
      "available": true,
      "text": "工作台 實際工作台 雜貨店 · 服務時間 08:00–18:00。 選擇配方 木石長矛 Smithing Lv.1 已解鎖 進階長矛 Smithing Lv.2 已解鎖 鎖甲 Smithing Lv.2 已解鎖 鐵短劍 Smithing Lv.5 已解鎖 木石長矛 影響素材 素材會消耗 1 份，依選擇調整詞綴權重或條件式特性機率；不保證指定結果。品質機率只依鍛造熟練度能力調整。 不使用素材 🦴 狼牙 · 持有 1 🌙 月石 · 持有 0 成品 獵矛 · 武器 · Lv.2 材料 木材 ×3 ／持有 5 石材 ×2 ／持有 2 費用 4 金 ／持有 1 體力與時間 體力 10 ／目前 44 · 45 分鐘 鍛造熟練度 需求 Lv.1 ／目前 Lv.5 品質能力 目前最低品質：精良 · 普通 0%、精良 87%、稀有 10%、史詩 2.8%、傳說 0.2% 成功練習 本配方已達熟練上限 Lv.3 此配方已完成熟練；可製作其他配方或追求更高品質能力。 金幣不足。 製作木石長矛",
      "inputRows": [
        "木材 ×3 ／持有 5",
        "石材 ×2 ／持有 2"
      ],
      "recipeControls": 1,
      "materialControls": 3,
      "selectedRecipe": "starterSpear",
      "selectedMaterial": "none",
      "recipeLabel": "木石長矛\nSmithing Lv.1 已解鎖",
      "disabledReason": [
        "金幣不足。"
      ]
    },
    {
      "available": true,
      "text": "工作台 實際工作台 鐵匠鋪 · 服務時間 08:00–18:00。 選擇配方 木石長矛 Smithing Lv.1 已解鎖 進階長矛 Smithing Lv.2 已解鎖 鎖甲 Smithing Lv.2 已解鎖 鐵短劍 Smithing Lv.5 已解鎖 鐵短劍 影響素材 素材會消耗 1 份，依選擇調整詞綴權重或條件式特性機率；不保證指定結果。品質機率只依鍛造熟練度能力調整。 不使用素材 🦴 狼牙 · 持有 1 🌙 月石 · 持有 0 成品 短劍 · 武器 · Lv.6 材料 鐵礦 ×3 ／持有 4 木材 ×1 ／持有 5 費用 18 金 ／持有 1 體力與時間 體力 16 ／目前 44 · 90 分鐘 鍛造熟練度 需求 Lv.5 ／目前 Lv.5 品質能力 目前最低品質：稀有 · 普通 0%、精良 0%、稀有 97%、史詩 2.8%、傳說 0.2% 成功練習 成功後鍛造熟練 +10 XP，上限 Lv.6 這項配方的工作台尚未開放。 製作鐵短劍",
      "inputRows": [
        "鐵礦 ×3 ／持有 4",
        "木材 ×1 ／持有 5"
      ],
      "recipeControls": 1,
      "materialControls": 3,
      "selectedRecipe": "ironShortSword",
      "selectedMaterial": "none",
      "recipeLabel": "鐵短劍\nSmithing Lv.5 已解鎖",
      "disabledReason": [
        "這項配方的工作台尚未開放。"
      ]
    },
    {
      "available": true,
      "text": "工作台 實際工作台 鐵匠鋪 · 服務時間 08:00–18:00。 選擇配方 木石長矛 Smithing Lv.1 已解鎖 進階長矛 Smithing Lv.2 已解鎖 鎖甲 Smithing Lv.2 已解鎖 鐵短劍 Smithing Lv.5 已解鎖 鐵短劍 影響素材 素材會消耗 1 份，依選擇調整詞綴權重或條件式特性機率；不保證指定結果。品質機率只依鍛造熟練度能力調整。 不使用素材 🦴 狼牙 · 持有 1 🌙 月石 · 持有 0 成品 短劍 · 武器 · Lv.6 材料 鐵礦 ×3 ／持有 4 木材 ×1 ／持有 5 費用 18 金 ／持有 1 體力與時間 體力 16 ／目前 44 · 90 分鐘 鍛造熟練度 需求 Lv.5 ／目前 Lv.5 品質能力 目前最低品質：稀有 · 普通 0%、精良 0%、稀有 97%、史詩 2.8%、傳說 0.2% 成功練習 成功後鍛造熟練 +10 XP，上限 Lv.6 這項配方的工作台尚未開放。 製作鐵短劍",
      "inputRows": [
        "鐵礦 ×3 ／持有 4",
        "木材 ×1 ／持有 5"
      ],
      "recipeControls": 1,
      "materialControls": 3,
      "selectedRecipe": "ironShortSword",
      "selectedMaterial": "none",
      "recipeLabel": "鐵短劍\nSmithing Lv.5 已解鎖",
      "disabledReason": [
        "這項配方的工作台尚未開放。"
      ]
    },
    {
      "available": true,
      "text": "工作台 實際工作台 雜貨店 · 服務時間 08:00–18:00。 選擇配方 木石長矛 Smithing Lv.1 已解鎖 進階長矛 Smithing Lv.2 已解鎖 鎖甲 Smithing Lv.2 已解鎖 鐵短劍 Smithing Lv.5 已解鎖 木石長矛 影響素材 素材會消耗 1 份，依選擇調整詞綴權重或條件式特性機率；不保證指定結果。品質機率只依鍛造熟練度能力調整。 不使用素材 🦴 狼牙 · 持有 1 🌙 月石 · 持有 0 成品 獵矛 · 武器 · Lv.2 材料 木材 ×3 ／持有 5 石材 ×2 ／持有 2 費用 4 金 ／持有 1 體力與時間 體力 10 ／目前 44 · 45 分鐘 鍛造熟練度 需求 Lv.1 ／目前 Lv.5 品質能力 目前最低品質：精良 · 普通 0%、精良 87%、稀有 10%、史詩 2.8%、傳說 0.2% 成功練習 本配方已達熟練上限 Lv.3 此配方已完成熟練；可製作其他配方或追求更高品質能力。 金幣不足。 製作木石長矛",
      "inputRows": [
        "木材 ×3 ／持有 5",
        "石材 ×2 ／持有 2"
      ],
      "recipeControls": 1,
      "materialControls": 3,
      "selectedRecipe": "starterSpear",
      "selectedMaterial": "none",
      "recipeLabel": "木石長矛\nSmithing Lv.1 已解鎖",
      "disabledReason": [
        "金幣不足。"
      ]
    },
    {
      "available": true,
      "text": "工作台 實際工作台 雜貨店 · 服務時間 08:00–18:00。 選擇配方 木石長矛 Smithing Lv.1 已解鎖 進階長矛 Smithing Lv.2 已解鎖 鎖甲 Smithing Lv.2 已解鎖 鐵短劍 Smithing Lv.5 已解鎖 木石長矛 影響素材 素材會消耗 1 份，依選擇調整詞綴權重或條件式特性機率；不保證指定結果。品質機率只依鍛造熟練度能力調整。 不使用素材 🦴 狼牙 · 持有 1 🌙 月石 · 持有 0 成品 獵矛 · 武器 · Lv.2 材料 木材 ×3 ／持有 5 石材 ×2 ／持有 2 費用 4 金 ／持有 1 體力與時間 體力 10 ／目前 44 · 45 分鐘 鍛造熟練度 需求 Lv.1 ／目前 Lv.5 品質能力 目前最低品質：精良 · 普通 0%、精良 87%、稀有 10%、史詩 2.8%、傳說 0.2% 成功練習 本配方已達熟練上限 Lv.3 此配方已完成熟練；可製作其他配方或追求更高品質能力。 金幣不足。 製作木石長矛",
      "inputRows": [
        "木材 ×3 ／持有 5",
        "石材 ×2 ／持有 2"
      ],
      "recipeControls": 1,
      "materialControls": 3,
      "selectedRecipe": "starterSpear",
      "selectedMaterial": "none",
      "recipeLabel": "木石長矛\nSmithing Lv.1 已解鎖",
      "disabledReason": [
        "金幣不足。"
      ]
    },
    {
      "available": true,
      "text": "工作台 實際工作台 雜貨店 · 服務時間 08:00–18:00。 選擇配方 木石長矛 Smithing Lv.1 已解鎖 進階長矛 Smithing Lv.2 已解鎖 鎖甲 Smithing Lv.2 已解鎖 鐵短劍 Smithing Lv.5 已解鎖 木石長矛 影響素材 素材會消耗 1 份，依選擇調整詞綴權重或條件式特性機率；不保證指定結果。品質機率只依鍛造熟練度能力調整。 不使用素材 🦴 狼牙 · 持有 1 🌙 月石 · 持有 0 成品 獵矛 · 武器 · Lv.2 材料 木材 ×3 ／持有 5 石材 ×2 ／持有 2 費用 4 金 ／持有 1 體力與時間 體力 10 ／目前 44 · 45 分鐘 鍛造熟練度 需求 Lv.1 ／目前 Lv.5 品質能力 目前最低品質：精良 · 普通 0%、精良 87%、稀有 10%、史詩 2.8%、傳說 0.2% 成功練習 本配方已達熟練上限 Lv.3 此配方已完成熟練；可製作其他配方或追求更高品質能力。 金幣不足。 製作木石長矛",
      "inputRows": [
        "木材 ×3 ／持有 5",
        "石材 ×2 ／持有 2"
      ],
      "recipeControls": 1,
      "materialControls": 3,
      "selectedRecipe": "starterSpear",
      "selectedMaterial": "none",
      "recipeLabel": "木石長矛\nSmithing Lv.1 已解鎖",
      "disabledReason": [
        "金幣不足。"
      ]
    },
    {
      "available": true,
      "text": "工作台 實際工作台 鐵匠鋪 · 服務時間 08:00–18:00。 選擇配方 木石長矛 Smithing Lv.1 已解鎖 進階長矛 Smithing Lv.2 已解鎖 鎖甲 Smithing Lv.2 已解鎖 鐵短劍 Smithing Lv.5 已解鎖 鐵短劍 影響素材 素材會消耗 1 份，依選擇調整詞綴權重或條件式特性機率；不保證指定結果。品質機率只依鍛造熟練度能力調整。 不使用素材 🦴 狼牙 · 持有 1 🌙 月石 · 持有 0 成品 短劍 · 武器 · Lv.6 材料 鐵礦 ×3 ／持有 4 木材 ×1 ／持有 5 費用 18 金 ／持有 1 體力與時間 體力 16 ／目前 44 · 90 分鐘 鍛造熟練度 需求 Lv.5 ／目前 Lv.5 品質能力 目前最低品質：稀有 · 普通 0%、精良 0%、稀有 97%、史詩 2.8%、傳說 0.2% 成功練習 成功後鍛造熟練 +10 XP，上限 Lv.6 這項配方的工作台尚未開放。 製作鐵短劍",
      "inputRows": [
        "鐵礦 ×3 ／持有 4",
        "木材 ×1 ／持有 5"
      ],
      "recipeControls": 1,
      "materialControls": 3,
      "selectedRecipe": "ironShortSword",
      "selectedMaterial": "none",
      "recipeLabel": "鐵短劍\nSmithing Lv.5 已解鎖",
      "disabledReason": [
        "這項配方的工作台尚未開放。"
      ]
    },
    {
      "available": true,
      "text": "工作台 實際工作台 鐵匠鋪 · 服務時間 08:00–18:00。 選擇配方 木石長矛 Smithing Lv.1 已解鎖 進階長矛 Smithing Lv.2 已解鎖 鎖甲 Smithing Lv.2 已解鎖 鐵短劍 Smithing Lv.5 已解鎖 鐵短劍 影響素材 素材會消耗 1 份，依選擇調整詞綴權重或條件式特性機率；不保證指定結果。品質機率只依鍛造熟練度能力調整。 不使用素材 🦴 狼牙 · 持有 1 🌙 月石 · 持有 0 成品 短劍 · 武器 · Lv.6 材料 鐵礦 ×3 ／持有 4 木材 ×1 ／持有 5 費用 18 金 ／持有 1 體力與時間 體力 16 ／目前 44 · 90 分鐘 鍛造熟練度 需求 Lv.5 ／目前 Lv.5 品質能力 目前最低品質：稀有 · 普通 0%、精良 0%、稀有 97%、史詩 2.8%、傳說 0.2% 成功練習 成功後鍛造熟練 +10 XP，上限 Lv.6 這項配方的工作台尚未開放。 製作鐵短劍",
      "inputRows": [
        "鐵礦 ×3 ／持有 4",
        "木材 ×1 ／持有 5"
      ],
      "recipeControls": 1,
      "materialControls": 3,
      "selectedRecipe": "ironShortSword",
      "selectedMaterial": "none",
      "recipeLabel": "鐵短劍\nSmithing Lv.5 已解鎖",
      "disabledReason": [
        "這項配方的工作台尚未開放。"
      ]
    },
    {
      "available": true,
      "text": "工作台 實際工作台 雜貨店 · 服務時間 08:00–18:00。 選擇配方 木石長矛 Smithing Lv.1 已解鎖 進階長矛 Smithing Lv.2 已解鎖 鎖甲 Smithing Lv.2 已解鎖 鐵短劍 Smithing Lv.5 已解鎖 木石長矛 影響素材 素材會消耗 1 份，依選擇調整詞綴權重或條件式特性機率；不保證指定結果。品質機率只依鍛造熟練度能力調整。 不使用素材 🦴 狼牙 · 持有 1 🌙 月石 · 持有 0 成品 獵矛 · 武器 · Lv.2 材料 木材 ×3 ／持有 5 石材 ×2 ／持有 2 費用 4 金 ／持有 1 體力與時間 體力 10 ／目前 44 · 45 分鐘 鍛造熟練度 需求 Lv.1 ／目前 Lv.5 品質能力 目前最低品質：精良 · 普通 0%、精良 87%、稀有 10%、史詩 2.8%、傳說 0.2% 成功練習 本配方已達熟練上限 Lv.3 此配方已完成熟練；可製作其他配方或追求更高品質能力。 工作台目前未營業，請於 08:00–18:00 前往。 製作木石長矛",
      "inputRows": [
        "木材 ×3 ／持有 5",
        "石材 ×2 ／持有 2"
      ],
      "recipeControls": 1,
      "materialControls": 3,
      "selectedRecipe": "starterSpear",
      "selectedMaterial": "none",
      "recipeLabel": "木石長矛\nSmithing Lv.1 已解鎖",
      "disabledReason": [
        "工作台目前未營業，請於 08:00–18:00 前往。"
      ]
    }
  ],
  "materialPreviewOptionsByRecipe": {
    "starterSpear": true,
    "fieldSpear": true,
    "fieldArmor": true,
    "ironShortSword": true
  },
  "materialPreviewChoices": [
    {
      "id": "none",
      "label": "不使用素材",
      "influenceCopy": [],
      "plannerDenied": true,
      "denial": [
        "鍛造材料不足。"
      ]
    },
    {
      "id": "wolfFang",
      "label": "🦴 狼牙 · 持有 0",
      "influenceCopy": [
        "詞綴抽選權重增加：裂傷 +4、穿透 +2。素材不改變品質權重或稀有度機率，也不保證指定結果。"
      ],
      "plannerDenied": true,
      "denial": [
        "鍛造材料不足。"
      ]
    },
    {
      "id": "moonStone",
      "label": "🌙 月石 · 持有 0",
      "influenceCopy": [
        "詞綴抽選權重增加：銳利 +4。若成品為傳說武器，月下獵手特性機率 10% → 25%；素材不改變品質權重，也不提高傳說品質機率。"
      ],
      "plannerDenied": true,
      "denial": [
        "鍛造材料不足。"
      ]
    },
    {
      "id": "none",
      "label": "不使用素材",
      "influenceCopy": [],
      "plannerDenied": true,
      "denial": [
        "鍛造材料不足。"
      ]
    },
    {
      "id": "wolfFang",
      "label": "🦴 狼牙 · 持有 0",
      "influenceCopy": [
        "詞綴抽選權重增加：裂傷 +4、穿透 +2。素材不改變品質權重或稀有度機率，也不保證指定結果。"
      ],
      "plannerDenied": true,
      "denial": [
        "鍛造材料不足。"
      ]
    },
    {
      "id": "moonStone",
      "label": "🌙 月石 · 持有 0",
      "influenceCopy": [
        "詞綴抽選權重增加：銳利 +4。若成品為傳說武器，月下獵手特性機率 10% → 25%；素材不改變品質權重，也不提高傳說品質機率。"
      ],
      "plannerDenied": true,
      "denial": [
        "鍛造材料不足。"
      ]
    },
    {
      "id": "none",
      "label": "不使用素材",
      "influenceCopy": [],
      "plannerDenied": true,
      "denial": [
        "鍛造材料不足。"
      ]
    },
    {
      "id": "wolfHide",
      "label": "🐺 狼皮 · 持有 0",
      "influenceCopy": [
        "詞綴抽選權重增加：堅固 +3、格擋 +2。素材不改變品質權重或稀有度機率，也不保證指定結果。"
      ],
      "plannerDenied": true,
      "denial": [
        "鍛造材料不足。"
      ]
    },
    {
      "id": "none",
      "label": "不使用素材",
      "influenceCopy": [],
      "plannerDenied": true,
      "denial": [
        "這項配方的工作台尚未開放。"
      ]
    },
    {
      "id": "wolfFang",
      "label": "🦴 狼牙 · 持有 0",
      "influenceCopy": [
        "詞綴抽選權重增加：裂傷 +4、穿透 +2。素材不改變品質權重或稀有度機率，也不保證指定結果。"
      ],
      "plannerDenied": true,
      "denial": [
        "這項配方的工作台尚未開放。"
      ]
    },
    {
      "id": "moonStone",
      "label": "🌙 月石 · 持有 0",
      "influenceCopy": [
        "詞綴抽選權重增加：銳利 +4。若成品為傳說武器，月下獵手特性機率 10% → 25%；素材不改變品質權重，也不提高傳說品質機率。"
      ],
      "plannerDenied": true,
      "denial": [
        "這項配方的工作台尚未開放。"
      ]
    }
  ],
  "crafts": [
    {
      "item": {
        "instanceId": "item-1",
        "ownerId": "alden",
        "baseId": "spear",
        "level": 2,
        "material": null,
        "rarity": "common",
        "affixes": [],
        "rolledStats": {
          "attack": 5,
          "defense": 0,
          "critical": 0,
          "penetration": 0,
          "bleed": 0,
          "block": 0,
          "reduction": 0
        },
        "specialTrait": null,
        "provenance": null,
        "craftProvenance": {
          "recipeId": "starterSpear",
          "createdBy": "alden",
          "createdAt": 734,
          "influenceMaterial": null,
          "masterpiece": false
        }
      },
      "workbench": {
        "available": true,
        "text": "工作台 實際工作台 雜貨店 · 服務時間 08:00–18:00。 選擇配方 木石長矛 Smithing Lv.1 已解鎖 進階長矛 Smithing Lv.2 解鎖 鎖甲 Smithing Lv.2 解鎖 鐵短劍 Smithing Lv.5 解鎖 木石長矛 影響素材 素材會消耗 1 份，依選擇調整詞綴權重或條件式特性機率；不保證指定結果。品質機率只依鍛造熟練度能力調整。 不使用素材 🦴 狼牙 · 持有 0 🌙 月石 · 持有 0 成品 獵矛 · 武器 · Lv.2 材料 木材 ×3 ／持有 4 石材 ×2 ／持有 2 費用 4 金 ／持有 57 體力與時間 體力 10 ／目前 54 · 45 分鐘 鍛造熟練度 需求 Lv.1 ／目前 Lv.1 品質能力 目前使用基礎品質權重 · 普通 60%、精良 27%、稀有 10%、史詩 2.8%、傳說 0.2% 成功練習 成功後鍛造熟練 +10 XP，上限 Lv.3 下一個品質能力：Smithing Lv.3 可達最低精良。 下一項配方目標：Smithing Lv.2 解鎖進階長矛。 製作木石長矛",
        "inputRows": [
          "木材 ×3 ／持有 4",
          "石材 ×2 ／持有 2"
        ],
        "recipeControls": 1,
        "materialControls": 3,
        "selectedRecipe": "starterSpear",
        "selectedMaterial": "none",
        "recipeLabel": "木石長矛\nSmithing Lv.1 已解鎖",
        "disabledReason": [],
        "finalSelection": {
          "recipeId": "starterSpear",
          "recipeAriaPressed": true,
          "materialId": "none",
          "materialAriaPressed": true
        }
      },
      "selectionAndEquipment": {
        "instanceId": "item-1",
        "selected": true,
        "equippedSlots": [
          "weapon"
        ]
      }
    },
    {
      "item": {
        "instanceId": "item-2",
        "ownerId": "alden",
        "baseId": "spear",
        "level": 2,
        "material": null,
        "rarity": "common",
        "affixes": [],
        "rolledStats": {
          "attack": 5,
          "defense": 0,
          "critical": 0,
          "penetration": 0,
          "bleed": 0,
          "block": 0,
          "reduction": 0
        },
        "specialTrait": null,
        "provenance": null,
        "craftProvenance": {
          "recipeId": "starterSpear",
          "createdBy": "alden",
          "createdAt": 963,
          "influenceMaterial": null,
          "masterpiece": false
        }
      },
      "workbench": {
        "available": true,
        "text": "工作台 實際工作台 雜貨店 · 服務時間 08:00–18:00。 選擇配方 木石長矛 Smithing Lv.1 已解鎖 進階長矛 Smithing Lv.2 解鎖 鎖甲 Smithing Lv.2 解鎖 鐵短劍 Smithing Lv.5 解鎖 木石長矛 影響素材 素材會消耗 1 份，依選擇調整詞綴權重或條件式特性機率；不保證指定結果。品質機率只依鍛造熟練度能力調整。 不使用素材 🦴 狼牙 · 持有 0 🌙 月石 · 持有 0 成品 獵矛 · 武器 · Lv.2 材料 木材 ×3 ／持有 3 石材 ×2 ／持有 2 費用 4 金 ／持有 61 體力與時間 體力 10 ／目前 24 · 45 分鐘 鍛造熟練度 需求 Lv.1 ／目前 Lv.1 品質能力 目前使用基礎品質權重 · 普通 60%、精良 27%、稀有 10%、史詩 2.8%、傳說 0.2% 成功練習 成功後鍛造熟練 +10 XP，上限 Lv.3 下一個品質能力：Smithing Lv.3 可達最低精良。 下一項配方目標：Smithing Lv.2 解鎖進階長矛。 製作木石長矛",
        "inputRows": [
          "木材 ×3 ／持有 3",
          "石材 ×2 ／持有 2"
        ],
        "recipeControls": 1,
        "materialControls": 3,
        "selectedRecipe": "starterSpear",
        "selectedMaterial": "none",
        "recipeLabel": "木石長矛\nSmithing Lv.1 已解鎖",
        "disabledReason": [],
        "finalSelection": {
          "recipeId": "starterSpear",
          "recipeAriaPressed": true,
          "materialId": "none",
          "materialAriaPressed": true
        }
      },
      "selectionAndEquipment": {
        "instanceId": "item-2",
        "selected": true,
        "equippedSlots": [
          "weapon"
        ]
      }
    },
    {
      "item": {
        "instanceId": "item-3",
        "ownerId": "alden",
        "baseId": "spear",
        "level": 3,
        "material": null,
        "rarity": "common",
        "affixes": [],
        "rolledStats": {
          "attack": 5,
          "defense": 0,
          "critical": 0,
          "penetration": 0,
          "bleed": 0,
          "block": 0,
          "reduction": 0
        },
        "specialTrait": null,
        "provenance": null,
        "craftProvenance": {
          "recipeId": "fieldSpear",
          "createdBy": "alden",
          "createdAt": 2007,
          "influenceMaterial": null,
          "masterpiece": false
        }
      },
      "workbench": {
        "available": true,
        "text": "工作台 實際工作台 雜貨店 · 服務時間 08:00–18:00。 選擇配方 木石長矛 Smithing Lv.1 已解鎖 進階長矛 Smithing Lv.2 已解鎖 鎖甲 Smithing Lv.2 已解鎖 鐵短劍 Smithing Lv.5 解鎖 進階長矛 影響素材 素材會消耗 1 份，依選擇調整詞綴權重或條件式特性機率；不保證指定結果。品質機率只依鍛造熟練度能力調整。 不使用素材 🦴 狼牙 · 持有 0 🌙 月石 · 持有 0 成品 獵矛 · 武器 · Lv.3 材料 木材 ×4 ／持有 4 石材 ×3 ／持有 4 費用 6 金 ／持有 65 體力與時間 體力 12 ／目前 84 · 60 分鐘 鍛造熟練度 需求 Lv.2 ／目前 Lv.2 品質能力 目前使用基礎品質權重 · 普通 60%、精良 27%、稀有 10%、史詩 2.8%、傳說 0.2% 成功練習 成功後鍛造熟練 +10 XP，上限 Lv.5 下一個品質能力：Smithing Lv.3 可達最低精良。 下一項配方目標：Smithing Lv.5 解鎖鐵短劍。 製作進階長矛",
        "inputRows": [
          "木材 ×4 ／持有 4",
          "石材 ×3 ／持有 4"
        ],
        "recipeControls": 1,
        "materialControls": 3,
        "selectedRecipe": "fieldSpear",
        "selectedMaterial": "none",
        "recipeLabel": "進階長矛\nSmithing Lv.2 已解鎖",
        "disabledReason": [],
        "finalSelection": {
          "recipeId": "fieldSpear",
          "recipeAriaPressed": true,
          "materialId": "none",
          "materialAriaPressed": true
        }
      },
      "selectionAndEquipment": {
        "instanceId": "item-3",
        "selected": true,
        "equippedSlots": [
          "weapon"
        ]
      }
    },
    {
      "item": {
        "instanceId": "item-4",
        "ownerId": "alden",
        "baseId": "chainArmor",
        "level": 3,
        "material": null,
        "rarity": "common",
        "affixes": [],
        "rolledStats": {
          "attack": 0,
          "defense": 4,
          "critical": 0,
          "penetration": 0,
          "bleed": 0,
          "block": 0,
          "reduction": 0
        },
        "specialTrait": null,
        "provenance": null,
        "craftProvenance": {
          "recipeId": "fieldArmor",
          "createdBy": "alden",
          "createdAt": 2260,
          "influenceMaterial": null,
          "masterpiece": false
        }
      },
      "workbench": {
        "available": true,
        "text": "工作台 實際工作台 雜貨店 · 服務時間 08:00–18:00。 選擇配方 木石長矛 Smithing Lv.1 已解鎖 進階長矛 Smithing Lv.2 已解鎖 鎖甲 Smithing Lv.2 已解鎖 鐵短劍 Smithing Lv.5 解鎖 鎖甲 影響素材 素材會消耗 1 份，依選擇調整詞綴權重或條件式特性機率；不保證指定結果。品質機率只依鍛造熟練度能力調整。 不使用素材 🐺 狼皮 · 持有 0 成品 鎖甲 · 防具 · Lv.3 材料 鐵礦 ×2 ／持有 2 木材 ×1 ／持有 2 費用 8 金 ／持有 67 體力與時間 體力 12 ／目前 52 · 60 分鐘 鍛造熟練度 需求 Lv.2 ／目前 Lv.2 品質能力 目前使用基礎品質權重 · 普通 60%、精良 27%、稀有 10%、史詩 2.8%、傳說 0.2% 成功練習 成功後鍛造熟練 +10 XP，上限 Lv.5 下一個品質能力：Smithing Lv.3 可達最低精良。 下一項配方目標：Smithing Lv.5 解鎖鐵短劍。 製作鎖甲",
        "inputRows": [
          "鐵礦 ×2 ／持有 2",
          "木材 ×1 ／持有 2"
        ],
        "recipeControls": 1,
        "materialControls": 2,
        "selectedRecipe": "fieldArmor",
        "selectedMaterial": "none",
        "recipeLabel": "鎖甲\nSmithing Lv.2 已解鎖",
        "disabledReason": [],
        "finalSelection": {
          "recipeId": "fieldArmor",
          "recipeAriaPressed": true,
          "materialId": "none",
          "materialAriaPressed": true
        }
      },
      "selectionAndEquipment": {
        "instanceId": "item-4",
        "selected": true,
        "equippedSlots": [
          "armor"
        ]
      }
    },
    {
      "item": {
        "instanceId": "item-5",
        "ownerId": "alden",
        "baseId": "spear",
        "level": 3,
        "material": null,
        "rarity": "common",
        "affixes": [],
        "rolledStats": {
          "attack": 5,
          "defense": 0,
          "critical": 0,
          "penetration": 0,
          "bleed": 0,
          "block": 0,
          "reduction": 0
        },
        "specialTrait": null,
        "provenance": null,
        "craftProvenance": {
          "recipeId": "fieldSpear",
          "createdBy": "alden",
          "createdAt": 2501,
          "influenceMaterial": null,
          "masterpiece": false
        }
      },
      "workbench": {
        "available": true,
        "text": "工作台 實際工作台 雜貨店 · 服務時間 08:00–18:00。 選擇配方 木石長矛 Smithing Lv.1 已解鎖 進階長矛 Smithing Lv.2 已解鎖 鎖甲 Smithing Lv.2 已解鎖 鐵短劍 Smithing Lv.5 解鎖 進階長矛 影響素材 素材會消耗 1 份，依選擇調整詞綴權重或條件式特性機率；不保證指定結果。品質機率只依鍛造熟練度能力調整。 不使用素材 🦴 狼牙 · 持有 0 🌙 月石 · 持有 0 成品 獵矛 · 武器 · Lv.3 材料 木材 ×4 ／持有 4 石材 ×3 ／持有 3 費用 6 金 ／持有 67 體力與時間 體力 12 ／目前 20 · 60 分鐘 鍛造熟練度 需求 Lv.2 ／目前 Lv.2 品質能力 目前使用基礎品質權重 · 普通 60%、精良 27%、稀有 10%、史詩 2.8%、傳說 0.2% 成功練習 成功後鍛造熟練 +10 XP，上限 Lv.5 下一個品質能力：Smithing Lv.3 可達最低精良。 下一項配方目標：Smithing Lv.5 解鎖鐵短劍。 製作進階長矛",
        "inputRows": [
          "木材 ×4 ／持有 4",
          "石材 ×3 ／持有 3"
        ],
        "recipeControls": 1,
        "materialControls": 3,
        "selectedRecipe": "fieldSpear",
        "selectedMaterial": "none",
        "recipeLabel": "進階長矛\nSmithing Lv.2 已解鎖",
        "disabledReason": [],
        "finalSelection": {
          "recipeId": "fieldSpear",
          "recipeAriaPressed": true,
          "materialId": "none",
          "materialAriaPressed": true
        }
      },
      "selectionAndEquipment": {
        "instanceId": "item-5",
        "selected": true,
        "equippedSlots": [
          "weapon"
        ]
      }
    },
    {
      "item": {
        "instanceId": "item-6",
        "ownerId": "alden",
        "baseId": "chainArmor",
        "level": 3,
        "material": null,
        "rarity": "common",
        "affixes": [],
        "rolledStats": {
          "attack": 0,
          "defense": 4,
          "critical": 0,
          "penetration": 0,
          "bleed": 0,
          "block": 0,
          "reduction": 0
        },
        "specialTrait": null,
        "provenance": null,
        "craftProvenance": {
          "recipeId": "fieldArmor",
          "createdBy": "alden",
          "createdAt": 3377,
          "influenceMaterial": null,
          "masterpiece": false
        }
      },
      "workbench": {
        "available": true,
        "text": "工作台 實際工作台 雜貨店 · 服務時間 08:00–18:00。 選擇配方 木石長矛 Smithing Lv.1 已解鎖 進階長矛 Smithing Lv.2 已解鎖 鎖甲 Smithing Lv.2 已解鎖 鐵短劍 Smithing Lv.5 解鎖 鎖甲 影響素材 素材會消耗 1 份，依選擇調整詞綴權重或條件式特性機率；不保證指定結果。品質機率只依鍛造熟練度能力調整。 不使用素材 🐺 狼皮 · 持有 0 成品 鎖甲 · 防具 · Lv.3 材料 鐵礦 ×2 ／持有 3 木材 ×1 ／持有 3 費用 8 金 ／持有 61 體力與時間 體力 12 ／目前 84 · 60 分鐘 鍛造熟練度 需求 Lv.2 ／目前 Lv.2 品質能力 目前使用基礎品質權重 · 普通 60%、精良 27%、稀有 10%、史詩 2.8%、傳說 0.2% 成功練習 成功後鍛造熟練 +10 XP，上限 Lv.5 下一個品質能力：Smithing Lv.3 可達最低精良。 下一項配方目標：Smithing Lv.5 解鎖鐵短劍。 製作鎖甲",
        "inputRows": [
          "鐵礦 ×2 ／持有 3",
          "木材 ×1 ／持有 3"
        ],
        "recipeControls": 1,
        "materialControls": 2,
        "selectedRecipe": "fieldArmor",
        "selectedMaterial": "none",
        "recipeLabel": "鎖甲\nSmithing Lv.2 已解鎖",
        "disabledReason": [],
        "finalSelection": {
          "recipeId": "fieldArmor",
          "recipeAriaPressed": true,
          "materialId": "none",
          "materialAriaPressed": true
        }
      },
      "selectionAndEquipment": {
        "instanceId": "item-6",
        "selected": true,
        "equippedSlots": [
          "armor"
        ]
      }
    },
    {
      "item": {
        "instanceId": "item-7",
        "ownerId": "alden",
        "baseId": "spear",
        "level": 2,
        "material": null,
        "rarity": "uncommon",
        "affixes": [
          {
            "id": "striking",
            "tier": 1,
            "value": 1
          }
        ],
        "rolledStats": {
          "attack": 6,
          "defense": 0,
          "critical": 0,
          "penetration": 0,
          "bleed": 0,
          "block": 0,
          "reduction": 0
        },
        "specialTrait": null,
        "provenance": null,
        "craftProvenance": {
          "recipeId": "starterSpear",
          "createdBy": "alden",
          "createdAt": 3628,
          "influenceMaterial": null,
          "masterpiece": false
        }
      },
      "workbench": {
        "available": true,
        "text": "工作台 實際工作台 雜貨店 · 服務時間 08:00–18:00。 選擇配方 木石長矛 Smithing Lv.1 已解鎖 進階長矛 Smithing Lv.2 已解鎖 鎖甲 Smithing Lv.2 已解鎖 鐵短劍 Smithing Lv.5 解鎖 木石長矛 影響素材 素材會消耗 1 份，依選擇調整詞綴權重或條件式特性機率；不保證指定結果。品質機率只依鍛造熟練度能力調整。 不使用素材 🦴 狼牙 · 持有 0 🌙 月石 · 持有 0 成品 獵矛 · 武器 · Lv.2 材料 木材 ×3 ／持有 5 石材 ×2 ／持有 3 費用 4 金 ／持有 61 體力與時間 體力 10 ／目前 52 · 45 分鐘 鍛造熟練度 需求 Lv.1 ／目前 Lv.3 品質能力 目前最低品質：精良 · 普通 0%、精良 87%、稀有 10%、史詩 2.8%、傳說 0.2% 成功練習 本配方已達熟練上限 Lv.3 下一項配方目標：Smithing Lv.5 解鎖鐵短劍。 製作木石長矛",
        "inputRows": [
          "木材 ×3 ／持有 5",
          "石材 ×2 ／持有 3"
        ],
        "recipeControls": 1,
        "materialControls": 3,
        "selectedRecipe": "starterSpear",
        "selectedMaterial": "none",
        "recipeLabel": "木石長矛\nSmithing Lv.1 已解鎖",
        "disabledReason": [],
        "finalSelection": {
          "recipeId": "starterSpear",
          "recipeAriaPressed": true,
          "materialId": "none",
          "materialAriaPressed": true
        }
      },
      "selectionAndEquipment": {
        "instanceId": "item-7",
        "selected": true,
        "equippedSlots": [
          "weapon"
        ]
      }
    },
    {
      "item": {
        "instanceId": "item-8",
        "ownerId": "alden",
        "baseId": "spear",
        "level": 3,
        "material": null,
        "rarity": "uncommon",
        "affixes": [
          {
            "id": "piercing",
            "tier": 1,
            "value": 1
          }
        ],
        "rolledStats": {
          "attack": 5,
          "defense": 0,
          "critical": 0,
          "penetration": 1,
          "bleed": 0,
          "block": 0,
          "reduction": 0
        },
        "specialTrait": null,
        "provenance": null,
        "craftProvenance": {
          "recipeId": "fieldSpear",
          "createdBy": "alden",
          "createdAt": 3852,
          "influenceMaterial": null,
          "masterpiece": false
        }
      },
      "workbench": {
        "available": true,
        "text": "工作台 實際工作台 雜貨店 · 服務時間 08:00–18:00。 選擇配方 木石長矛 Smithing Lv.1 已解鎖 進階長矛 Smithing Lv.2 已解鎖 鎖甲 Smithing Lv.2 已解鎖 鐵短劍 Smithing Lv.5 解鎖 進階長矛 影響素材 素材會消耗 1 份，依選擇調整詞綴權重或條件式特性機率；不保證指定結果。品質機率只依鍛造熟練度能力調整。 不使用素材 🦴 狼牙 · 持有 0 🌙 月石 · 持有 0 成品 獵矛 · 武器 · Lv.3 材料 木材 ×4 ／持有 5 石材 ×3 ／持有 4 費用 6 金 ／持有 65 體力與時間 體力 12 ／目前 22 · 60 分鐘 鍛造熟練度 需求 Lv.2 ／目前 Lv.3 品質能力 目前最低品質：精良 · 普通 0%、精良 87%、稀有 10%、史詩 2.8%、傳說 0.2% 成功練習 成功後鍛造熟練 +10 XP，上限 Lv.5 下一項配方目標：Smithing Lv.5 解鎖鐵短劍。 製作進階長矛",
        "inputRows": [
          "木材 ×4 ／持有 5",
          "石材 ×3 ／持有 4"
        ],
        "recipeControls": 1,
        "materialControls": 3,
        "selectedRecipe": "fieldSpear",
        "selectedMaterial": "none",
        "recipeLabel": "進階長矛\nSmithing Lv.2 已解鎖",
        "disabledReason": [],
        "finalSelection": {
          "recipeId": "fieldSpear",
          "recipeAriaPressed": true,
          "materialId": "none",
          "materialAriaPressed": true
        }
      },
      "selectionAndEquipment": {
        "instanceId": "item-8",
        "selected": true,
        "equippedSlots": [
          "weapon"
        ]
      }
    },
    {
      "item": {
        "instanceId": "item-9",
        "ownerId": "alden",
        "baseId": "chainArmor",
        "level": 3,
        "material": null,
        "rarity": "uncommon",
        "affixes": [
          {
            "id": "sturdy",
            "tier": 1,
            "value": 1
          }
        ],
        "rolledStats": {
          "attack": 0,
          "defense": 5,
          "critical": 0,
          "penetration": 0,
          "bleed": 0,
          "block": 0,
          "reduction": 0
        },
        "specialTrait": null,
        "provenance": null,
        "craftProvenance": {
          "recipeId": "fieldArmor",
          "createdBy": "alden",
          "createdAt": 4809,
          "influenceMaterial": null,
          "masterpiece": false
        }
      },
      "workbench": {
        "available": true,
        "text": "工作台 實際工作台 雜貨店 · 服務時間 08:00–18:00。 選擇配方 木石長矛 Smithing Lv.1 已解鎖 進階長矛 Smithing Lv.2 已解鎖 鎖甲 Smithing Lv.2 已解鎖 鐵短劍 Smithing Lv.5 解鎖 鎖甲 影響素材 素材會消耗 1 份，依選擇調整詞綴權重或條件式特性機率；不保證指定結果。品質機率只依鍛造熟練度能力調整。 不使用素材 🐺 狼皮 · 持有 0 成品 鎖甲 · 防具 · Lv.3 材料 鐵礦 ×2 ／持有 4 木材 ×1 ／持有 1 費用 8 金 ／持有 55 體力與時間 體力 12 ／目前 84 · 60 分鐘 鍛造熟練度 需求 Lv.2 ／目前 Lv.3 品質能力 目前最低品質：精良 · 普通 0%、精良 87%、稀有 10%、史詩 2.8%、傳說 0.2% 成功練習 成功後鍛造熟練 +10 XP，上限 Lv.5 下一項配方目標：Smithing Lv.5 解鎖鐵短劍。 製作鎖甲",
        "inputRows": [
          "鐵礦 ×2 ／持有 4",
          "木材 ×1 ／持有 1"
        ],
        "recipeControls": 1,
        "materialControls": 2,
        "selectedRecipe": "fieldArmor",
        "selectedMaterial": "none",
        "recipeLabel": "鎖甲\nSmithing Lv.2 已解鎖",
        "disabledReason": [],
        "finalSelection": {
          "recipeId": "fieldArmor",
          "recipeAriaPressed": true,
          "materialId": "none",
          "materialAriaPressed": true
        }
      },
      "selectionAndEquipment": {
        "instanceId": "item-9",
        "selected": true,
        "equippedSlots": [
          "armor"
        ]
      }
    },
    {
      "item": {
        "instanceId": "item-10",
        "ownerId": "alden",
        "baseId": "chainArmor",
        "level": 3,
        "material": null,
        "rarity": "uncommon",
        "affixes": [
          {
            "id": "blocking",
            "tier": 1,
            "value": 4
          }
        ],
        "rolledStats": {
          "attack": 0,
          "defense": 4,
          "critical": 0,
          "penetration": 0,
          "bleed": 0,
          "block": 4,
          "reduction": 0
        },
        "specialTrait": null,
        "provenance": null,
        "craftProvenance": {
          "recipeId": "fieldArmor",
          "createdBy": "alden",
          "createdAt": 4934,
          "influenceMaterial": null,
          "masterpiece": false
        }
      },
      "workbench": {
        "available": true,
        "text": "工作台 實際工作台 雜貨店 · 服務時間 08:00–18:00。 選擇配方 木石長矛 Smithing Lv.1 已解鎖 進階長矛 Smithing Lv.2 已解鎖 鎖甲 Smithing Lv.2 已解鎖 鐵短劍 Smithing Lv.5 解鎖 鎖甲 影響素材 素材會消耗 1 份，依選擇調整詞綴權重或條件式特性機率；不保證指定結果。品質機率只依鍛造熟練度能力調整。 不使用素材 🐺 狼皮 · 持有 0 成品 鎖甲 · 防具 · Lv.3 材料 鐵礦 ×2 ／持有 2 木材 ×1 ／持有 3 費用 8 金 ／持有 51 體力與時間 體力 12 ／目前 62 · 60 分鐘 鍛造熟練度 需求 Lv.2 ／目前 Lv.3 品質能力 目前最低品質：精良 · 普通 0%、精良 87%、稀有 10%、史詩 2.8%、傳說 0.2% 成功練習 成功後鍛造熟練 +10 XP，上限 Lv.5 下一項配方目標：Smithing Lv.5 解鎖鐵短劍。 製作鎖甲",
        "inputRows": [
          "鐵礦 ×2 ／持有 2",
          "木材 ×1 ／持有 3"
        ],
        "recipeControls": 1,
        "materialControls": 2,
        "selectedRecipe": "fieldArmor",
        "selectedMaterial": "none",
        "recipeLabel": "鎖甲\nSmithing Lv.2 已解鎖",
        "disabledReason": [],
        "finalSelection": {
          "recipeId": "fieldArmor",
          "recipeAriaPressed": true,
          "materialId": "none",
          "materialAriaPressed": true
        }
      },
      "selectionAndEquipment": {
        "instanceId": "item-10",
        "selected": true,
        "equippedSlots": [
          "armor"
        ]
      }
    },
    {
      "item": {
        "instanceId": "item-11",
        "ownerId": "alden",
        "baseId": "spear",
        "level": 2,
        "material": null,
        "rarity": "uncommon",
        "affixes": [
          {
            "id": "striking",
            "tier": 1,
            "value": 1
          }
        ],
        "rolledStats": {
          "attack": 6,
          "defense": 0,
          "critical": 0,
          "penetration": 0,
          "bleed": 0,
          "block": 0,
          "reduction": 0
        },
        "specialTrait": null,
        "provenance": null,
        "craftProvenance": {
          "recipeId": "starterSpear",
          "createdBy": "alden",
          "createdAt": 5173,
          "influenceMaterial": null,
          "masterpiece": false
        }
      },
      "workbench": {
        "available": true,
        "text": "工作台 實際工作台 雜貨店 · 服務時間 08:00–18:00。 選擇配方 木石長矛 Smithing Lv.1 已解鎖 進階長矛 Smithing Lv.2 已解鎖 鎖甲 Smithing Lv.2 已解鎖 鐵短劍 Smithing Lv.5 解鎖 木石長矛 影響素材 素材會消耗 1 份，依選擇調整詞綴權重或條件式特性機率；不保證指定結果。品質機率只依鍛造熟練度能力調整。 不使用素材 🦴 狼牙 · 持有 0 🌙 月石 · 持有 0 成品 獵矛 · 武器 · Lv.2 材料 木材 ×3 ／持有 5 石材 ×2 ／持有 4 費用 4 金 ／持有 51 體力與時間 體力 10 ／目前 30 · 45 分鐘 鍛造熟練度 需求 Lv.1 ／目前 Lv.3 品質能力 目前最低品質：精良 · 普通 0%、精良 87%、稀有 10%、史詩 2.8%、傳說 0.2% 成功練習 本配方已達熟練上限 Lv.3 下一項配方目標：Smithing Lv.5 解鎖鐵短劍。 製作木石長矛",
        "inputRows": [
          "木材 ×3 ／持有 5",
          "石材 ×2 ／持有 4"
        ],
        "recipeControls": 1,
        "materialControls": 3,
        "selectedRecipe": "starterSpear",
        "selectedMaterial": "none",
        "recipeLabel": "木石長矛\nSmithing Lv.1 已解鎖",
        "disabledReason": [],
        "finalSelection": {
          "recipeId": "starterSpear",
          "recipeAriaPressed": true,
          "materialId": "none",
          "materialAriaPressed": true
        }
      },
      "selectionAndEquipment": {
        "instanceId": "item-11",
        "selected": true,
        "equippedSlots": [
          "weapon"
        ]
      }
    },
    {
      "item": {
        "instanceId": "item-12",
        "ownerId": "alden",
        "baseId": "spear",
        "level": 2,
        "material": null,
        "rarity": "rare",
        "affixes": [
          {
            "id": "piercing",
            "tier": 1,
            "value": 1
          },
          {
            "id": "bleeding",
            "tier": 1,
            "value": 1
          }
        ],
        "rolledStats": {
          "attack": 5,
          "defense": 0,
          "critical": 0,
          "penetration": 1,
          "bleed": 1,
          "block": 0,
          "reduction": 0
        },
        "specialTrait": null,
        "provenance": null,
        "craftProvenance": {
          "recipeId": "starterSpear",
          "createdBy": "alden",
          "createdAt": 5281,
          "influenceMaterial": null,
          "masterpiece": false
        }
      },
      "workbench": {
        "available": true,
        "text": "工作台 實際工作台 雜貨店 · 服務時間 08:00–18:00。 選擇配方 木石長矛 Smithing Lv.1 已解鎖 進階長矛 Smithing Lv.2 已解鎖 鎖甲 Smithing Lv.2 已解鎖 鐵短劍 Smithing Lv.5 解鎖 木石長矛 影響素材 素材會消耗 1 份，依選擇調整詞綴權重或條件式特性機率；不保證指定結果。品質機率只依鍛造熟練度能力調整。 不使用素材 🦴 狼牙 · 持有 0 🌙 月石 · 持有 0 成品 獵矛 · 武器 · Lv.2 材料 木材 ×3 ／持有 5 石材 ×2 ／持有 2 費用 4 金 ／持有 51 體力與時間 體力 10 ／目前 10 · 45 分鐘 鍛造熟練度 需求 Lv.1 ／目前 Lv.3 品質能力 目前最低品質：精良 · 普通 0%、精良 87%、稀有 10%、史詩 2.8%、傳說 0.2% 成功練習 本配方已達熟練上限 Lv.3 下一項配方目標：Smithing Lv.5 解鎖鐵短劍。 製作木石長矛",
        "inputRows": [
          "木材 ×3 ／持有 5",
          "石材 ×2 ／持有 2"
        ],
        "recipeControls": 1,
        "materialControls": 3,
        "selectedRecipe": "starterSpear",
        "selectedMaterial": "none",
        "recipeLabel": "木石長矛\nSmithing Lv.1 已解鎖",
        "disabledReason": [],
        "finalSelection": {
          "recipeId": "starterSpear",
          "recipeAriaPressed": true,
          "materialId": "none",
          "materialAriaPressed": true
        }
      },
      "selectionAndEquipment": {
        "instanceId": "item-12",
        "selected": true,
        "equippedSlots": [
          "weapon"
        ]
      }
    },
    {
      "item": {
        "instanceId": "item-13",
        "ownerId": "alden",
        "baseId": "spear",
        "level": 3,
        "material": null,
        "rarity": "uncommon",
        "affixes": [
          {
            "id": "bleeding",
            "tier": 1,
            "value": 1
          }
        ],
        "rolledStats": {
          "attack": 5,
          "defense": 0,
          "critical": 0,
          "penetration": 0,
          "bleed": 1,
          "block": 0,
          "reduction": 0
        },
        "specialTrait": null,
        "provenance": null,
        "craftProvenance": {
          "recipeId": "fieldSpear",
          "createdBy": "alden",
          "createdAt": 6302,
          "influenceMaterial": null,
          "masterpiece": false
        }
      },
      "workbench": {
        "available": true,
        "text": "工作台 實際工作台 雜貨店 · 服務時間 08:00–18:00。 選擇配方 木石長矛 Smithing Lv.1 已解鎖 進階長矛 Smithing Lv.2 已解鎖 鎖甲 Smithing Lv.2 已解鎖 鐵短劍 Smithing Lv.5 解鎖 進階長矛 影響素材 素材會消耗 1 份，依選擇調整詞綴權重或條件式特性機率；不保證指定結果。品質機率只依鍛造熟練度能力調整。 不使用素材 🦴 狼牙 · 持有 0 🌙 月石 · 持有 0 成品 獵矛 · 武器 · Lv.3 材料 木材 ×4 ／持有 5 石材 ×3 ／持有 3 費用 6 金 ／持有 47 體力與時間 體力 12 ／目前 84 · 60 分鐘 鍛造熟練度 需求 Lv.2 ／目前 Lv.3 品質能力 目前最低品質：精良 · 普通 0%、精良 87%、稀有 10%、史詩 2.8%、傳說 0.2% 成功練習 成功後鍛造熟練 +10 XP，上限 Lv.5 下一項配方目標：Smithing Lv.5 解鎖鐵短劍。 製作進階長矛",
        "inputRows": [
          "木材 ×4 ／持有 5",
          "石材 ×3 ／持有 3"
        ],
        "recipeControls": 1,
        "materialControls": 3,
        "selectedRecipe": "fieldSpear",
        "selectedMaterial": "none",
        "recipeLabel": "進階長矛\nSmithing Lv.2 已解鎖",
        "disabledReason": [],
        "finalSelection": {
          "recipeId": "fieldSpear",
          "recipeAriaPressed": true,
          "materialId": "none",
          "materialAriaPressed": true
        }
      },
      "selectionAndEquipment": {
        "instanceId": "item-13",
        "selected": true,
        "equippedSlots": [
          "weapon"
        ]
      }
    },
    {
      "item": {
        "instanceId": "item-14",
        "ownerId": "alden",
        "baseId": "spear",
        "level": 3,
        "material": null,
        "rarity": "uncommon",
        "affixes": [
          {
            "id": "bleeding",
            "tier": 1,
            "value": 1
          }
        ],
        "rolledStats": {
          "attack": 5,
          "defense": 0,
          "critical": 0,
          "penetration": 0,
          "bleed": 1,
          "block": 0,
          "reduction": 0
        },
        "specialTrait": null,
        "provenance": null,
        "craftProvenance": {
          "recipeId": "fieldSpear",
          "createdBy": "alden",
          "createdAt": 6547,
          "influenceMaterial": null,
          "masterpiece": false
        }
      },
      "workbench": {
        "available": true,
        "text": "工作台 實際工作台 雜貨店 · 服務時間 08:00–18:00。 選擇配方 木石長矛 Smithing Lv.1 已解鎖 進階長矛 Smithing Lv.2 已解鎖 鎖甲 Smithing Lv.2 已解鎖 鐵短劍 Smithing Lv.5 解鎖 進階長矛 影響素材 素材會消耗 1 份，依選擇調整詞綴權重或條件式特性機率；不保證指定結果。品質機率只依鍛造熟練度能力調整。 不使用素材 🦴 狼牙 · 持有 0 🌙 月石 · 持有 0 成品 獵矛 · 武器 · Lv.3 材料 木材 ×4 ／持有 4 石材 ×3 ／持有 3 費用 6 金 ／持有 49 體力與時間 體力 12 ／目前 52 · 60 分鐘 鍛造熟練度 需求 Lv.2 ／目前 Lv.3 品質能力 目前最低品質：精良 · 普通 0%、精良 87%、稀有 10%、史詩 2.8%、傳說 0.2% 成功練習 成功後鍛造熟練 +10 XP，上限 Lv.5 下一項配方目標：Smithing Lv.5 解鎖鐵短劍。 製作進階長矛",
        "inputRows": [
          "木材 ×4 ／持有 4",
          "石材 ×3 ／持有 3"
        ],
        "recipeControls": 1,
        "materialControls": 3,
        "selectedRecipe": "fieldSpear",
        "selectedMaterial": "none",
        "recipeLabel": "進階長矛\nSmithing Lv.2 已解鎖",
        "disabledReason": [],
        "finalSelection": {
          "recipeId": "fieldSpear",
          "recipeAriaPressed": true,
          "materialId": "none",
          "materialAriaPressed": true
        }
      },
      "selectionAndEquipment": {
        "instanceId": "item-14",
        "selected": true,
        "equippedSlots": [
          "weapon"
        ]
      }
    },
    {
      "item": {
        "instanceId": "item-15",
        "ownerId": "alden",
        "baseId": "chainArmor",
        "level": 3,
        "material": null,
        "rarity": "uncommon",
        "affixes": [
          {
            "id": "warding",
            "tier": 1,
            "value": 3
          }
        ],
        "rolledStats": {
          "attack": 0,
          "defense": 4,
          "critical": 0,
          "penetration": 0,
          "bleed": 0,
          "block": 0,
          "reduction": 3
        },
        "specialTrait": null,
        "provenance": null,
        "craftProvenance": {
          "recipeId": "fieldArmor",
          "createdBy": "alden",
          "createdAt": 6781,
          "influenceMaterial": null,
          "masterpiece": false
        }
      },
      "workbench": {
        "available": true,
        "text": "工作台 實際工作台 雜貨店 · 服務時間 08:00–18:00。 選擇配方 木石長矛 Smithing Lv.1 已解鎖 進階長矛 Smithing Lv.2 已解鎖 鎖甲 Smithing Lv.2 已解鎖 鐵短劍 Smithing Lv.5 解鎖 鎖甲 影響素材 素材會消耗 1 份，依選擇調整詞綴權重或條件式特性機率；不保證指定結果。品質機率只依鍛造熟練度能力調整。 不使用素材 🐺 狼皮 · 持有 0 成品 鎖甲 · 防具 · Lv.3 材料 鐵礦 ×2 ／持有 3 木材 ×1 ／持有 3 費用 8 金 ／持有 51 體力與時間 體力 12 ／目前 20 · 60 分鐘 鍛造熟練度 需求 Lv.2 ／目前 Lv.3 品質能力 目前最低品質：精良 · 普通 0%、精良 87%、稀有 10%、史詩 2.8%、傳說 0.2% 成功練習 成功後鍛造熟練 +10 XP，上限 Lv.5 下一項配方目標：Smithing Lv.5 解鎖鐵短劍。 製作鎖甲",
        "inputRows": [
          "鐵礦 ×2 ／持有 3",
          "木材 ×1 ／持有 3"
        ],
        "recipeControls": 1,
        "materialControls": 2,
        "selectedRecipe": "fieldArmor",
        "selectedMaterial": "none",
        "recipeLabel": "鎖甲\nSmithing Lv.2 已解鎖",
        "disabledReason": [],
        "finalSelection": {
          "recipeId": "fieldArmor",
          "recipeAriaPressed": true,
          "materialId": "none",
          "materialAriaPressed": true
        }
      },
      "selectionAndEquipment": {
        "instanceId": "item-15",
        "selected": true,
        "equippedSlots": [
          "armor"
        ]
      }
    },
    {
      "item": {
        "instanceId": "item-16",
        "ownerId": "alden",
        "baseId": "spear",
        "level": 2,
        "material": null,
        "rarity": "uncommon",
        "affixes": [
          {
            "id": "piercing",
            "tier": 1,
            "value": 1
          }
        ],
        "rolledStats": {
          "attack": 5,
          "defense": 0,
          "critical": 0,
          "penetration": 1,
          "bleed": 0,
          "block": 0,
          "reduction": 0
        },
        "specialTrait": null,
        "provenance": null,
        "craftProvenance": {
          "recipeId": "starterSpear",
          "createdBy": "alden",
          "createdAt": 7735,
          "influenceMaterial": null,
          "masterpiece": false
        }
      },
      "workbench": {
        "available": true,
        "text": "工作台 實際工作台 雜貨店 · 服務時間 08:00–18:00。 選擇配方 木石長矛 Smithing Lv.1 已解鎖 進階長矛 Smithing Lv.2 已解鎖 鎖甲 Smithing Lv.2 已解鎖 鐵短劍 Smithing Lv.5 解鎖 木石長矛 影響素材 素材會消耗 1 份，依選擇調整詞綴權重或條件式特性機率；不保證指定結果。品質機率只依鍛造熟練度能力調整。 不使用素材 🦴 狼牙 · 持有 0 🌙 月石 · 持有 0 成品 獵矛 · 武器 · Lv.2 材料 木材 ×3 ／持有 5 石材 ×2 ／持有 3 費用 4 金 ／持有 43 體力與時間 體力 10 ／目前 84 · 45 分鐘 鍛造熟練度 需求 Lv.1 ／目前 Lv.4 品質能力 目前最低品質：精良 · 普通 0%、精良 87%、稀有 10%、史詩 2.8%、傳說 0.2% 成功練習 本配方已達熟練上限 Lv.3 下一項配方目標：Smithing Lv.5 解鎖鐵短劍。 製作木石長矛",
        "inputRows": [
          "木材 ×3 ／持有 5",
          "石材 ×2 ／持有 3"
        ],
        "recipeControls": 1,
        "materialControls": 3,
        "selectedRecipe": "starterSpear",
        "selectedMaterial": "none",
        "recipeLabel": "木石長矛\nSmithing Lv.1 已解鎖",
        "disabledReason": [],
        "finalSelection": {
          "recipeId": "starterSpear",
          "recipeAriaPressed": true,
          "materialId": "none",
          "materialAriaPressed": true
        }
      },
      "selectionAndEquipment": {
        "instanceId": "item-16",
        "selected": true,
        "equippedSlots": [
          "weapon"
        ]
      }
    },
    {
      "item": {
        "instanceId": "item-17",
        "ownerId": "alden",
        "baseId": "spear",
        "level": 3,
        "material": null,
        "rarity": "uncommon",
        "affixes": [
          {
            "id": "keen",
            "tier": 1,
            "value": 3
          }
        ],
        "rolledStats": {
          "attack": 5,
          "defense": 0,
          "critical": 3,
          "penetration": 0,
          "bleed": 0,
          "block": 0,
          "reduction": 0
        },
        "specialTrait": null,
        "provenance": null,
        "craftProvenance": {
          "recipeId": "fieldSpear",
          "createdBy": "alden",
          "createdAt": 7965,
          "influenceMaterial": null,
          "masterpiece": false
        }
      },
      "workbench": {
        "available": true,
        "text": "工作台 實際工作台 雜貨店 · 服務時間 08:00–18:00。 選擇配方 木石長矛 Smithing Lv.1 已解鎖 進階長矛 Smithing Lv.2 已解鎖 鎖甲 Smithing Lv.2 已解鎖 鐵短劍 Smithing Lv.5 解鎖 進階長矛 影響素材 素材會消耗 1 份，依選擇調整詞綴權重或條件式特性機率；不保證指定結果。品質機率只依鍛造熟練度能力調整。 不使用素材 🦴 狼牙 · 持有 0 🌙 月石 · 持有 0 成品 獵矛 · 武器 · Lv.3 材料 木材 ×4 ／持有 5 石材 ×3 ／持有 4 費用 6 金 ／持有 47 體力與時間 體力 12 ／目前 54 · 60 分鐘 鍛造熟練度 需求 Lv.2 ／目前 Lv.4 品質能力 目前最低品質：精良 · 普通 0%、精良 87%、稀有 10%、史詩 2.8%、傳說 0.2% 成功練習 成功後鍛造熟練 +10 XP，上限 Lv.5 下一項配方目標：Smithing Lv.5 解鎖鐵短劍。 製作進階長矛",
        "inputRows": [
          "木材 ×4 ／持有 5",
          "石材 ×3 ／持有 4"
        ],
        "recipeControls": 1,
        "materialControls": 3,
        "selectedRecipe": "fieldSpear",
        "selectedMaterial": "none",
        "recipeLabel": "進階長矛\nSmithing Lv.2 已解鎖",
        "disabledReason": [],
        "finalSelection": {
          "recipeId": "fieldSpear",
          "recipeAriaPressed": true,
          "materialId": "none",
          "materialAriaPressed": true
        }
      },
      "selectionAndEquipment": {
        "instanceId": "item-17",
        "selected": true,
        "equippedSlots": [
          "weapon"
        ]
      }
    },
    {
      "item": {
        "instanceId": "item-18",
        "ownerId": "alden",
        "baseId": "chainArmor",
        "level": 3,
        "material": null,
        "rarity": "uncommon",
        "affixes": [
          {
            "id": "sturdy",
            "tier": 1,
            "value": 1
          }
        ],
        "rolledStats": {
          "attack": 0,
          "defense": 5,
          "critical": 0,
          "penetration": 0,
          "bleed": 0,
          "block": 0,
          "reduction": 0
        },
        "specialTrait": null,
        "provenance": null,
        "craftProvenance": {
          "recipeId": "fieldArmor",
          "createdBy": "alden",
          "createdAt": 8140,
          "influenceMaterial": null,
          "masterpiece": false
        }
      },
      "workbench": {
        "available": true,
        "text": "工作台 實際工作台 雜貨店 · 服務時間 08:00–18:00。 選擇配方 木石長矛 Smithing Lv.1 已解鎖 進階長矛 Smithing Lv.2 已解鎖 鎖甲 Smithing Lv.2 已解鎖 鐵短劍 Smithing Lv.5 解鎖 鎖甲 影響素材 素材會消耗 1 份，依選擇調整詞綴權重或條件式特性機率；不保證指定結果。品質機率只依鍛造熟練度能力調整。 不使用素材 🐺 狼皮 · 持有 0 成品 鎖甲 · 防具 · Lv.3 材料 鐵礦 ×2 ／持有 4 木材 ×1 ／持有 1 費用 8 金 ／持有 45 體力與時間 體力 12 ／目前 32 · 60 分鐘 鍛造熟練度 需求 Lv.2 ／目前 Lv.4 品質能力 目前最低品質：精良 · 普通 0%、精良 87%、稀有 10%、史詩 2.8%、傳說 0.2% 成功練習 成功後鍛造熟練 +10 XP，上限 Lv.5 下一項配方目標：Smithing Lv.5 解鎖鐵短劍。 製作鎖甲",
        "inputRows": [
          "鐵礦 ×2 ／持有 4",
          "木材 ×1 ／持有 1"
        ],
        "recipeControls": 1,
        "materialControls": 2,
        "selectedRecipe": "fieldArmor",
        "selectedMaterial": "none",
        "recipeLabel": "鎖甲\nSmithing Lv.2 已解鎖",
        "disabledReason": [],
        "finalSelection": {
          "recipeId": "fieldArmor",
          "recipeAriaPressed": true,
          "materialId": "none",
          "materialAriaPressed": true
        }
      },
      "selectionAndEquipment": {
        "instanceId": "item-18",
        "selected": true,
        "equippedSlots": [
          "armor"
        ]
      }
    },
    {
      "item": {
        "instanceId": "item-19",
        "ownerId": "alden",
        "baseId": "spear",
        "level": 2,
        "material": null,
        "rarity": "uncommon",
        "affixes": [
          {
            "id": "keen",
            "tier": 1,
            "value": 3
          }
        ],
        "rolledStats": {
          "attack": 5,
          "defense": 0,
          "critical": 3,
          "penetration": 0,
          "bleed": 0,
          "block": 0,
          "reduction": 0
        },
        "specialTrait": null,
        "provenance": null,
        "craftProvenance": {
          "recipeId": "starterSpear",
          "createdBy": "alden",
          "createdAt": 9153,
          "influenceMaterial": null,
          "masterpiece": false
        }
      },
      "workbench": {
        "available": true,
        "text": "工作台 實際工作台 雜貨店 · 服務時間 08:00–18:00。 選擇配方 木石長矛 Smithing Lv.1 已解鎖 進階長矛 Smithing Lv.2 已解鎖 鎖甲 Smithing Lv.2 已解鎖 鐵短劍 Smithing Lv.5 解鎖 木石長矛 影響素材 素材會消耗 1 份，依選擇調整詞綴權重或條件式特性機率；不保證指定結果。品質機率只依鍛造熟練度能力調整。 不使用素材 🦴 狼牙 · 持有 0 🌙 月石 · 持有 0 成品 獵矛 · 武器 · Lv.2 材料 木材 ×3 ／持有 3 石材 ×2 ／持有 4 費用 4 金 ／持有 37 體力與時間 體力 10 ／目前 84 · 45 分鐘 鍛造熟練度 需求 Lv.1 ／目前 Lv.4 品質能力 目前最低品質：精良 · 普通 0%、精良 87%、稀有 10%、史詩 2.8%、傳說 0.2% 成功練習 本配方已達熟練上限 Lv.3 下一項配方目標：Smithing Lv.5 解鎖鐵短劍。 製作木石長矛",
        "inputRows": [
          "木材 ×3 ／持有 3",
          "石材 ×2 ／持有 4"
        ],
        "recipeControls": 1,
        "materialControls": 3,
        "selectedRecipe": "starterSpear",
        "selectedMaterial": "none",
        "recipeLabel": "木石長矛\nSmithing Lv.1 已解鎖",
        "disabledReason": [],
        "finalSelection": {
          "recipeId": "starterSpear",
          "recipeAriaPressed": true,
          "materialId": "none",
          "materialAriaPressed": true
        }
      },
      "selectionAndEquipment": {
        "instanceId": "item-19",
        "selected": true,
        "equippedSlots": [
          "weapon"
        ]
      }
    },
    {
      "item": {
        "instanceId": "item-20",
        "ownerId": "alden",
        "baseId": "chainArmor",
        "level": 3,
        "material": null,
        "rarity": "uncommon",
        "affixes": [
          {
            "id": "warding",
            "tier": 1,
            "value": 3
          }
        ],
        "rolledStats": {
          "attack": 0,
          "defense": 4,
          "critical": 0,
          "penetration": 0,
          "bleed": 0,
          "block": 0,
          "reduction": 3
        },
        "specialTrait": null,
        "provenance": null,
        "craftProvenance": {
          "recipeId": "fieldArmor",
          "createdBy": "alden",
          "createdAt": 9260,
          "influenceMaterial": null,
          "masterpiece": false
        }
      },
      "workbench": {
        "available": true,
        "text": "工作台 實際工作台 雜貨店 · 服務時間 08:00–18:00。 選擇配方 木石長矛 Smithing Lv.1 已解鎖 進階長矛 Smithing Lv.2 已解鎖 鎖甲 Smithing Lv.2 已解鎖 鐵短劍 Smithing Lv.5 解鎖 鎖甲 影響素材 素材會消耗 1 份，依選擇調整詞綴權重或條件式特性機率；不保證指定結果。品質機率只依鍛造熟練度能力調整。 不使用素材 🐺 狼皮 · 持有 0 成品 鎖甲 · 防具 · Lv.3 材料 鐵礦 ×2 ／持有 2 木材 ×1 ／持有 3 費用 8 金 ／持有 37 體力與時間 體力 12 ／目前 64 · 60 分鐘 鍛造熟練度 需求 Lv.2 ／目前 Lv.4 品質能力 目前最低品質：精良 · 普通 0%、精良 87%、稀有 10%、史詩 2.8%、傳說 0.2% 成功練習 成功後鍛造熟練 +10 XP，上限 Lv.5 下一項配方目標：Smithing Lv.5 解鎖鐵短劍。 製作鎖甲",
        "inputRows": [
          "鐵礦 ×2 ／持有 2",
          "木材 ×1 ／持有 3"
        ],
        "recipeControls": 1,
        "materialControls": 2,
        "selectedRecipe": "fieldArmor",
        "selectedMaterial": "none",
        "recipeLabel": "鎖甲\nSmithing Lv.2 已解鎖",
        "disabledReason": [],
        "finalSelection": {
          "recipeId": "fieldArmor",
          "recipeAriaPressed": true,
          "materialId": "none",
          "materialAriaPressed": true
        }
      },
      "selectionAndEquipment": {
        "instanceId": "item-20",
        "selected": true,
        "equippedSlots": [
          "armor"
        ]
      }
    },
    {
      "item": {
        "instanceId": "item-21",
        "ownerId": "alden",
        "baseId": "spear",
        "level": 2,
        "material": null,
        "rarity": "uncommon",
        "affixes": [
          {
            "id": "piercing",
            "tier": 1,
            "value": 1
          }
        ],
        "rolledStats": {
          "attack": 5,
          "defense": 0,
          "critical": 0,
          "penetration": 1,
          "bleed": 0,
          "block": 0,
          "reduction": 0
        },
        "specialTrait": null,
        "provenance": null,
        "craftProvenance": {
          "recipeId": "starterSpear",
          "createdBy": "alden",
          "createdAt": 9371,
          "influenceMaterial": null,
          "masterpiece": false
        }
      },
      "workbench": {
        "available": true,
        "text": "工作台 實際工作台 雜貨店 · 服務時間 08:00–18:00。 選擇配方 木石長矛 Smithing Lv.1 已解鎖 進階長矛 Smithing Lv.2 已解鎖 鎖甲 Smithing Lv.2 已解鎖 鐵短劍 Smithing Lv.5 解鎖 木石長矛 影響素材 素材會消耗 1 份，依選擇調整詞綴權重或條件式特性機率；不保證指定結果。品質機率只依鍛造熟練度能力調整。 不使用素材 🦴 狼牙 · 持有 0 🌙 月石 · 持有 0 成品 獵矛 · 武器 · Lv.2 材料 木材 ×3 ／持有 6 石材 ×2 ／持有 2 費用 4 金 ／持有 33 體力與時間 體力 10 ／目前 42 · 45 分鐘 鍛造熟練度 需求 Lv.1 ／目前 Lv.4 品質能力 目前最低品質：精良 · 普通 0%、精良 87%、稀有 10%、史詩 2.8%、傳說 0.2% 成功練習 本配方已達熟練上限 Lv.3 下一項配方目標：Smithing Lv.5 解鎖鐵短劍。 製作木石長矛",
        "inputRows": [
          "木材 ×3 ／持有 6",
          "石材 ×2 ／持有 2"
        ],
        "recipeControls": 1,
        "materialControls": 3,
        "selectedRecipe": "starterSpear",
        "selectedMaterial": "none",
        "recipeLabel": "木石長矛\nSmithing Lv.1 已解鎖",
        "disabledReason": [],
        "finalSelection": {
          "recipeId": "starterSpear",
          "recipeAriaPressed": true,
          "materialId": "none",
          "materialAriaPressed": true
        }
      },
      "selectionAndEquipment": {
        "instanceId": "item-21",
        "selected": true,
        "equippedSlots": [
          "weapon"
        ]
      }
    },
    {
      "item": {
        "instanceId": "item-22",
        "ownerId": "alden",
        "baseId": "spear",
        "level": 3,
        "material": null,
        "rarity": "uncommon",
        "affixes": [
          {
            "id": "striking",
            "tier": 1,
            "value": 1
          }
        ],
        "rolledStats": {
          "attack": 6,
          "defense": 0,
          "critical": 0,
          "penetration": 0,
          "bleed": 0,
          "block": 0,
          "reduction": 0
        },
        "specialTrait": null,
        "provenance": null,
        "craftProvenance": {
          "recipeId": "fieldSpear",
          "createdBy": "alden",
          "createdAt": 9590,
          "influenceMaterial": null,
          "masterpiece": false
        }
      },
      "workbench": {
        "available": true,
        "text": "工作台 實際工作台 雜貨店 · 服務時間 08:00–18:00。 選擇配方 木石長矛 Smithing Lv.1 已解鎖 進階長矛 Smithing Lv.2 已解鎖 鎖甲 Smithing Lv.2 已解鎖 鐵短劍 Smithing Lv.5 解鎖 進階長矛 影響素材 素材會消耗 1 份，依選擇調整詞綴權重或條件式特性機率；不保證指定結果。品質機率只依鍛造熟練度能力調整。 不使用素材 🦴 狼牙 · 持有 0 🌙 月石 · 持有 0 成品 獵矛 · 武器 · Lv.3 材料 木材 ×4 ／持有 7 石材 ×3 ／持有 3 費用 6 金 ／持有 37 體力與時間 體力 12 ／目前 12 · 60 分鐘 鍛造熟練度 需求 Lv.2 ／目前 Lv.4 品質能力 目前最低品質：精良 · 普通 0%、精良 87%、稀有 10%、史詩 2.8%、傳說 0.2% 成功練習 成功後鍛造熟練 +10 XP，上限 Lv.5 下一項配方目標：Smithing Lv.5 解鎖鐵短劍。 製作進階長矛",
        "inputRows": [
          "木材 ×4 ／持有 7",
          "石材 ×3 ／持有 3"
        ],
        "recipeControls": 1,
        "materialControls": 3,
        "selectedRecipe": "fieldSpear",
        "selectedMaterial": "none",
        "recipeLabel": "進階長矛\nSmithing Lv.2 已解鎖",
        "disabledReason": [],
        "finalSelection": {
          "recipeId": "fieldSpear",
          "recipeAriaPressed": true,
          "materialId": "none",
          "materialAriaPressed": true
        }
      },
      "selectionAndEquipment": {
        "instanceId": "item-22",
        "selected": true,
        "equippedSlots": [
          "weapon"
        ]
      }
    },
    {
      "item": {
        "instanceId": "item-23",
        "ownerId": "alden",
        "baseId": "spear",
        "level": 3,
        "material": null,
        "rarity": "uncommon",
        "affixes": [
          {
            "id": "keen",
            "tier": 1,
            "value": 3
          }
        ],
        "rolledStats": {
          "attack": 5,
          "defense": 0,
          "critical": 3,
          "penetration": 0,
          "bleed": 0,
          "block": 0,
          "reduction": 0
        },
        "specialTrait": null,
        "provenance": null,
        "craftProvenance": {
          "recipeId": "fieldSpear",
          "createdBy": "alden",
          "createdAt": 10622,
          "influenceMaterial": null,
          "masterpiece": false
        }
      },
      "workbench": {
        "available": true,
        "text": "工作台 實際工作台 雜貨店 · 服務時間 08:00–18:00。 選擇配方 木石長矛 Smithing Lv.1 已解鎖 進階長矛 Smithing Lv.2 已解鎖 鎖甲 Smithing Lv.2 已解鎖 鐵短劍 Smithing Lv.5 解鎖 進階長矛 影響素材 素材會消耗 1 份，依選擇調整詞綴權重或條件式特性機率；不保證指定結果。品質機率只依鍛造熟練度能力調整。 不使用素材 🦴 狼牙 · 持有 0 🌙 月石 · 持有 0 成品 獵矛 · 武器 · Lv.3 材料 木材 ×4 ／持有 7 石材 ×3 ／持有 3 費用 6 金 ／持有 31 體力與時間 體力 12 ／目前 84 · 60 分鐘 鍛造熟練度 需求 Lv.2 ／目前 Lv.4 品質能力 目前最低品質：精良 · 普通 0%、精良 87%、稀有 10%、史詩 2.8%、傳說 0.2% 成功練習 成功後鍛造熟練 +10 XP，上限 Lv.5 下一項配方目標：Smithing Lv.5 解鎖鐵短劍。 製作進階長矛",
        "inputRows": [
          "木材 ×4 ／持有 7",
          "石材 ×3 ／持有 3"
        ],
        "recipeControls": 1,
        "materialControls": 3,
        "selectedRecipe": "fieldSpear",
        "selectedMaterial": "none",
        "recipeLabel": "進階長矛\nSmithing Lv.2 已解鎖",
        "disabledReason": [],
        "finalSelection": {
          "recipeId": "fieldSpear",
          "recipeAriaPressed": true,
          "materialId": "none",
          "materialAriaPressed": true
        }
      },
      "selectionAndEquipment": {
        "instanceId": "item-23",
        "selected": true,
        "equippedSlots": [
          "weapon"
        ]
      }
    },
    {
      "item": {
        "instanceId": "item-24",
        "ownerId": "alden",
        "baseId": "chainArmor",
        "level": 3,
        "material": null,
        "rarity": "uncommon",
        "affixes": [
          {
            "id": "sturdy",
            "tier": 1,
            "value": 1
          }
        ],
        "rolledStats": {
          "attack": 0,
          "defense": 5,
          "critical": 0,
          "penetration": 0,
          "bleed": 0,
          "block": 0,
          "reduction": 0
        },
        "specialTrait": null,
        "provenance": null,
        "craftProvenance": {
          "recipeId": "fieldArmor",
          "createdBy": "alden",
          "createdAt": 10806,
          "influenceMaterial": null,
          "masterpiece": false
        }
      },
      "workbench": {
        "available": true,
        "text": "工作台 實際工作台 雜貨店 · 服務時間 08:00–18:00。 選擇配方 木石長矛 Smithing Lv.1 已解鎖 進階長矛 Smithing Lv.2 已解鎖 鎖甲 Smithing Lv.2 已解鎖 鐵短劍 Smithing Lv.5 解鎖 鎖甲 影響素材 素材會消耗 1 份，依選擇調整詞綴權重或條件式特性機率；不保證指定結果。品質機率只依鍛造熟練度能力調整。 不使用素材 🐺 狼皮 · 持有 0 成品 鎖甲 · 防具 · Lv.3 材料 鐵礦 ×2 ／持有 4 木材 ×1 ／持有 3 費用 8 金 ／持有 29 體力與時間 體力 12 ／目前 62 · 60 分鐘 鍛造熟練度 需求 Lv.2 ／目前 Lv.4 品質能力 目前最低品質：精良 · 普通 0%、精良 87%、稀有 10%、史詩 2.8%、傳說 0.2% 成功練習 成功後鍛造熟練 +10 XP，上限 Lv.5 下一項配方目標：Smithing Lv.5 解鎖鐵短劍。 製作鎖甲",
        "inputRows": [
          "鐵礦 ×2 ／持有 4",
          "木材 ×1 ／持有 3"
        ],
        "recipeControls": 1,
        "materialControls": 2,
        "selectedRecipe": "fieldArmor",
        "selectedMaterial": "none",
        "recipeLabel": "鎖甲\nSmithing Lv.2 已解鎖",
        "disabledReason": [],
        "finalSelection": {
          "recipeId": "fieldArmor",
          "recipeAriaPressed": true,
          "materialId": "none",
          "materialAriaPressed": true
        }
      },
      "selectionAndEquipment": {
        "instanceId": "item-24",
        "selected": true,
        "equippedSlots": [
          "armor"
        ]
      }
    },
    {
      "item": {
        "instanceId": "item-25",
        "ownerId": "alden",
        "baseId": "chainArmor",
        "level": 3,
        "material": null,
        "rarity": "rare",
        "affixes": [
          {
            "id": "warding",
            "tier": 1,
            "value": 3
          },
          {
            "id": "blocking",
            "tier": 1,
            "value": 4
          }
        ],
        "rolledStats": {
          "attack": 0,
          "defense": 4,
          "critical": 0,
          "penetration": 0,
          "bleed": 0,
          "block": 4,
          "reduction": 3
        },
        "specialTrait": null,
        "provenance": null,
        "craftProvenance": {
          "recipeId": "fieldArmor",
          "createdBy": "alden",
          "createdAt": 10869,
          "influenceMaterial": null,
          "masterpiece": false
        }
      },
      "workbench": {
        "available": true,
        "text": "工作台 實際工作台 雜貨店 · 服務時間 08:00–18:00。 選擇配方 木石長矛 Smithing Lv.1 已解鎖 進階長矛 Smithing Lv.2 已解鎖 鎖甲 Smithing Lv.2 已解鎖 鐵短劍 Smithing Lv.5 解鎖 鎖甲 影響素材 素材會消耗 1 份，依選擇調整詞綴權重或條件式特性機率；不保證指定結果。品質機率只依鍛造熟練度能力調整。 不使用素材 🐺 狼皮 · 持有 0 成品 鎖甲 · 防具 · Lv.3 材料 鐵礦 ×2 ／持有 2 木材 ×1 ／持有 2 費用 8 金 ／持有 21 體力與時間 體力 12 ／目前 50 · 60 分鐘 鍛造熟練度 需求 Lv.2 ／目前 Lv.4 品質能力 目前最低品質：精良 · 普通 0%、精良 87%、稀有 10%、史詩 2.8%、傳說 0.2% 成功練習 成功後鍛造熟練 +10 XP，上限 Lv.5 下一項配方目標：Smithing Lv.5 解鎖鐵短劍。 製作鎖甲",
        "inputRows": [
          "鐵礦 ×2 ／持有 2",
          "木材 ×1 ／持有 2"
        ],
        "recipeControls": 1,
        "materialControls": 2,
        "selectedRecipe": "fieldArmor",
        "selectedMaterial": "none",
        "recipeLabel": "鎖甲\nSmithing Lv.2 已解鎖",
        "disabledReason": [],
        "finalSelection": {
          "recipeId": "fieldArmor",
          "recipeAriaPressed": true,
          "materialId": "none",
          "materialAriaPressed": true
        }
      },
      "selectionAndEquipment": {
        "instanceId": "item-25",
        "selected": true,
        "equippedSlots": [
          "armor"
        ]
      }
    },
    {
      "item": {
        "instanceId": "item-26",
        "ownerId": "alden",
        "baseId": "spear",
        "level": 2,
        "material": null,
        "rarity": "uncommon",
        "affixes": [
          {
            "id": "keen",
            "tier": 1,
            "value": 3
          }
        ],
        "rolledStats": {
          "attack": 5,
          "defense": 0,
          "critical": 3,
          "penetration": 0,
          "bleed": 0,
          "block": 0,
          "reduction": 0
        },
        "specialTrait": null,
        "provenance": null,
        "craftProvenance": {
          "recipeId": "starterSpear",
          "createdBy": "alden",
          "createdAt": 11100,
          "influenceMaterial": null,
          "masterpiece": false
        }
      },
      "workbench": {
        "available": true,
        "text": "工作台 實際工作台 雜貨店 · 服務時間 08:00–18:00。 選擇配方 木石長矛 Smithing Lv.1 已解鎖 進階長矛 Smithing Lv.2 已解鎖 鎖甲 Smithing Lv.2 已解鎖 鐵短劍 Smithing Lv.5 解鎖 木石長矛 影響素材 素材會消耗 1 份，依選擇調整詞綴權重或條件式特性機率；不保證指定結果。品質機率只依鍛造熟練度能力調整。 不使用素材 🦴 狼牙 · 持有 0 🌙 月石 · 持有 0 成品 獵矛 · 武器 · Lv.2 材料 木材 ×3 ／持有 5 石材 ×2 ／持有 4 費用 4 金 ／持有 21 體力與時間 體力 10 ／目前 18 · 45 分鐘 鍛造熟練度 需求 Lv.1 ／目前 Lv.4 品質能力 目前最低品質：精良 · 普通 0%、精良 87%、稀有 10%、史詩 2.8%、傳說 0.2% 成功練習 本配方已達熟練上限 Lv.3 下一項配方目標：Smithing Lv.5 解鎖鐵短劍。 製作木石長矛",
        "inputRows": [
          "木材 ×3 ／持有 5",
          "石材 ×2 ／持有 4"
        ],
        "recipeControls": 1,
        "materialControls": 3,
        "selectedRecipe": "starterSpear",
        "selectedMaterial": "none",
        "recipeLabel": "木石長矛\nSmithing Lv.1 已解鎖",
        "disabledReason": [],
        "finalSelection": {
          "recipeId": "starterSpear",
          "recipeAriaPressed": true,
          "materialId": "none",
          "materialAriaPressed": true
        }
      },
      "selectionAndEquipment": {
        "instanceId": "item-26",
        "selected": true,
        "equippedSlots": [
          "weapon"
        ]
      }
    },
    {
      "item": {
        "instanceId": "item-27",
        "ownerId": "alden",
        "baseId": "spear",
        "level": 3,
        "material": null,
        "rarity": "uncommon",
        "affixes": [
          {
            "id": "bleeding",
            "tier": 1,
            "value": 1
          }
        ],
        "rolledStats": {
          "attack": 5,
          "defense": 0,
          "critical": 0,
          "penetration": 0,
          "bleed": 1,
          "block": 0,
          "reduction": 0
        },
        "specialTrait": null,
        "provenance": null,
        "craftProvenance": {
          "recipeId": "fieldSpear",
          "createdBy": "alden",
          "createdAt": 12036,
          "influenceMaterial": null,
          "masterpiece": false
        }
      },
      "workbench": {
        "available": true,
        "text": "工作台 實際工作台 雜貨店 · 服務時間 08:00–18:00。 選擇配方 木石長矛 Smithing Lv.1 已解鎖 進階長矛 Smithing Lv.2 已解鎖 鎖甲 Smithing Lv.2 已解鎖 鐵短劍 Smithing Lv.5 解鎖 進階長矛 影響素材 素材會消耗 1 份，依選擇調整詞綴權重或條件式特性機率；不保證指定結果。品質機率只依鍛造熟練度能力調整。 不使用素材 🦴 狼牙 · 持有 0 🌙 月石 · 持有 0 成品 獵矛 · 武器 · Lv.3 材料 木材 ×4 ／持有 6 石材 ×3 ／持有 6 費用 6 金 ／持有 17 體力與時間 體力 12 ／目前 84 · 60 分鐘 鍛造熟練度 需求 Lv.2 ／目前 Lv.4 品質能力 目前最低品質：精良 · 普通 0%、精良 87%、稀有 10%、史詩 2.8%、傳說 0.2% 成功練習 成功後鍛造熟練 +10 XP，上限 Lv.5 下一項配方目標：Smithing Lv.5 解鎖鐵短劍。 製作進階長矛",
        "inputRows": [
          "木材 ×4 ／持有 6",
          "石材 ×3 ／持有 6"
        ],
        "recipeControls": 1,
        "materialControls": 3,
        "selectedRecipe": "fieldSpear",
        "selectedMaterial": "none",
        "recipeLabel": "進階長矛\nSmithing Lv.2 已解鎖",
        "disabledReason": [],
        "finalSelection": {
          "recipeId": "fieldSpear",
          "recipeAriaPressed": true,
          "materialId": "none",
          "materialAriaPressed": true
        }
      },
      "selectionAndEquipment": {
        "instanceId": "item-27",
        "selected": true,
        "equippedSlots": [
          "weapon"
        ]
      }
    },
    {
      "item": {
        "instanceId": "item-28",
        "ownerId": "alden",
        "baseId": "chainArmor",
        "level": 3,
        "material": null,
        "rarity": "rare",
        "affixes": [
          {
            "id": "sturdy",
            "tier": 1,
            "value": 1
          },
          {
            "id": "warding",
            "tier": 1,
            "value": 3
          }
        ],
        "rolledStats": {
          "attack": 0,
          "defense": 5,
          "critical": 0,
          "penetration": 0,
          "bleed": 0,
          "block": 0,
          "reduction": 3
        },
        "specialTrait": null,
        "provenance": null,
        "craftProvenance": {
          "recipeId": "fieldArmor",
          "createdBy": "alden",
          "createdAt": 12219,
          "influenceMaterial": null,
          "masterpiece": false
        }
      },
      "workbench": {
        "available": true,
        "text": "工作台 實際工作台 雜貨店 · 服務時間 08:00–18:00。 選擇配方 木石長矛 Smithing Lv.1 已解鎖 進階長矛 Smithing Lv.2 已解鎖 鎖甲 Smithing Lv.2 已解鎖 鐵短劍 Smithing Lv.5 已解鎖 鎖甲 影響素材 素材會消耗 1 份，依選擇調整詞綴權重或條件式特性機率；不保證指定結果。品質機率只依鍛造熟練度能力調整。 不使用素材 🐺 狼皮 · 持有 0 成品 鎖甲 · 防具 · Lv.3 材料 鐵礦 ×2 ／持有 4 木材 ×1 ／持有 2 費用 8 金 ／持有 15 體力與時間 體力 12 ／目前 62 · 60 分鐘 鍛造熟練度 需求 Lv.2 ／目前 Lv.5 品質能力 目前最低品質：精良 · 普通 0%、精良 87%、稀有 10%、史詩 2.8%、傳說 0.2% 成功練習 本配方已達熟練上限 Lv.5 此配方已完成熟練；可製作其他配方或追求更高品質能力。 製作鎖甲",
        "inputRows": [
          "鐵礦 ×2 ／持有 4",
          "木材 ×1 ／持有 2"
        ],
        "recipeControls": 1,
        "materialControls": 2,
        "selectedRecipe": "fieldArmor",
        "selectedMaterial": "none",
        "recipeLabel": "鎖甲\nSmithing Lv.2 已解鎖",
        "disabledReason": [],
        "finalSelection": {
          "recipeId": "fieldArmor",
          "recipeAriaPressed": true,
          "materialId": "none",
          "materialAriaPressed": true
        }
      },
      "selectionAndEquipment": {
        "instanceId": "item-28",
        "selected": true,
        "equippedSlots": [
          "armor"
        ]
      }
    },
    {
      "item": {
        "instanceId": "item-29",
        "ownerId": "alden",
        "baseId": "chainArmor",
        "level": 3,
        "material": null,
        "rarity": "uncommon",
        "affixes": [
          {
            "id": "sturdy",
            "tier": 1,
            "value": 1
          }
        ],
        "rolledStats": {
          "attack": 0,
          "defense": 5,
          "critical": 0,
          "penetration": 0,
          "bleed": 0,
          "block": 0,
          "reduction": 0
        },
        "specialTrait": null,
        "provenance": null,
        "craftProvenance": {
          "recipeId": "fieldArmor",
          "createdBy": "alden",
          "createdAt": 12391,
          "influenceMaterial": null,
          "masterpiece": false
        }
      },
      "workbench": {
        "available": true,
        "text": "工作台 實際工作台 雜貨店 · 服務時間 08:00–18:00。 選擇配方 木石長矛 Smithing Lv.1 已解鎖 進階長矛 Smithing Lv.2 已解鎖 鎖甲 Smithing Lv.2 已解鎖 鐵短劍 Smithing Lv.5 已解鎖 鎖甲 影響素材 素材會消耗 1 份，依選擇調整詞綴權重或條件式特性機率；不保證指定結果。品質機率只依鍛造熟練度能力調整。 不使用素材 🐺 狼皮 · 持有 0 成品 鎖甲 · 防具 · Lv.3 材料 鐵礦 ×2 ／持有 6 木材 ×1 ／持有 1 費用 8 金 ／持有 11 體力與時間 體力 12 ／目前 40 · 60 分鐘 鍛造熟練度 需求 Lv.2 ／目前 Lv.5 品質能力 目前最低品質：精良 · 普通 0%、精良 87%、稀有 10%、史詩 2.8%、傳說 0.2% 成功練習 本配方已達熟練上限 Lv.5 此配方已完成熟練；可製作其他配方或追求更高品質能力。 製作鎖甲",
        "inputRows": [
          "鐵礦 ×2 ／持有 6",
          "木材 ×1 ／持有 1"
        ],
        "recipeControls": 1,
        "materialControls": 2,
        "selectedRecipe": "fieldArmor",
        "selectedMaterial": "none",
        "recipeLabel": "鎖甲\nSmithing Lv.2 已解鎖",
        "disabledReason": [],
        "finalSelection": {
          "recipeId": "fieldArmor",
          "recipeAriaPressed": true,
          "materialId": "none",
          "materialAriaPressed": true
        }
      },
      "selectionAndEquipment": {
        "instanceId": "item-29",
        "selected": true,
        "equippedSlots": [
          "armor"
        ]
      }
    },
    {
      "item": {
        "instanceId": "item-30",
        "ownerId": "alden",
        "baseId": "spear",
        "level": 2,
        "material": null,
        "rarity": "rare",
        "affixes": [
          {
            "id": "keen",
            "tier": 1,
            "value": 3
          },
          {
            "id": "bleeding",
            "tier": 1,
            "value": 1
          }
        ],
        "rolledStats": {
          "attack": 5,
          "defense": 0,
          "critical": 3,
          "penetration": 0,
          "bleed": 1,
          "block": 0,
          "reduction": 0
        },
        "specialTrait": null,
        "provenance": null,
        "craftProvenance": {
          "recipeId": "starterSpear",
          "createdBy": "alden",
          "createdAt": 12512,
          "influenceMaterial": null,
          "masterpiece": false
        }
      },
      "workbench": {
        "available": true,
        "text": "工作台 實際工作台 雜貨店 · 服務時間 08:00–18:00。 選擇配方 木石長矛 Smithing Lv.1 已解鎖 進階長矛 Smithing Lv.2 已解鎖 鎖甲 Smithing Lv.2 已解鎖 鐵短劍 Smithing Lv.5 已解鎖 木石長矛 影響素材 素材會消耗 1 份，依選擇調整詞綴權重或條件式特性機率；不保證指定結果。品質機率只依鍛造熟練度能力調整。 不使用素材 🦴 狼牙 · 持有 0 🌙 月石 · 持有 0 成品 獵矛 · 武器 · Lv.2 材料 木材 ×3 ／持有 4 石材 ×2 ／持有 3 費用 4 金 ／持有 7 體力與時間 體力 10 ／目前 18 · 45 分鐘 鍛造熟練度 需求 Lv.1 ／目前 Lv.5 品質能力 目前最低品質：精良 · 普通 0%、精良 87%、稀有 10%、史詩 2.8%、傳說 0.2% 成功練習 本配方已達熟練上限 Lv.3 此配方已完成熟練；可製作其他配方或追求更高品質能力。 製作木石長矛",
        "inputRows": [
          "木材 ×3 ／持有 4",
          "石材 ×2 ／持有 3"
        ],
        "recipeControls": 1,
        "materialControls": 3,
        "selectedRecipe": "starterSpear",
        "selectedMaterial": "none",
        "recipeLabel": "木石長矛\nSmithing Lv.1 已解鎖",
        "disabledReason": [],
        "finalSelection": {
          "recipeId": "starterSpear",
          "recipeAriaPressed": true,
          "materialId": "none",
          "materialAriaPressed": true
        }
      },
      "selectionAndEquipment": {
        "instanceId": "item-30",
        "selected": true,
        "equippedSlots": [
          "weapon"
        ]
      }
    },
    {
      "item": {
        "instanceId": "item-32",
        "ownerId": "alden",
        "baseId": "chainArmor",
        "level": 3,
        "material": null,
        "rarity": "uncommon",
        "affixes": [
          {
            "id": "warding",
            "tier": 1,
            "value": 3
          }
        ],
        "rolledStats": {
          "attack": 0,
          "defense": 4,
          "critical": 0,
          "penetration": 0,
          "bleed": 0,
          "block": 0,
          "reduction": 3
        },
        "specialTrait": null,
        "provenance": null,
        "craftProvenance": {
          "recipeId": "fieldArmor",
          "createdBy": "alden",
          "createdAt": 13513,
          "influenceMaterial": null,
          "masterpiece": false
        }
      },
      "workbench": {
        "available": true,
        "text": "工作台 實際工作台 雜貨店 · 服務時間 08:00–18:00。 選擇配方 木石長矛 Smithing Lv.1 已解鎖 進階長矛 Smithing Lv.2 已解鎖 鎖甲 Smithing Lv.2 已解鎖 鐵短劍 Smithing Lv.5 已解鎖 鎖甲 影響素材 素材會消耗 1 份，依選擇調整詞綴權重或條件式特性機率；不保證指定結果。品質機率只依鍛造熟練度能力調整。 不使用素材 🐺 狼皮 · 持有 1 成品 鎖甲 · 防具 · Lv.3 材料 鐵礦 ×2 ／持有 4 木材 ×1 ／持有 5 費用 8 金 ／持有 35 體力與時間 體力 12 ／目前 76 · 60 分鐘 鍛造熟練度 需求 Lv.2 ／目前 Lv.5 品質能力 目前最低品質：精良 · 普通 0%、精良 87%、稀有 10%、史詩 2.8%、傳說 0.2% 成功練習 本配方已達熟練上限 Lv.5 此配方已完成熟練；可製作其他配方或追求更高品質能力。 製作鎖甲",
        "inputRows": [
          "鐵礦 ×2 ／持有 4",
          "木材 ×1 ／持有 5"
        ],
        "recipeControls": 1,
        "materialControls": 2,
        "selectedRecipe": "fieldArmor",
        "selectedMaterial": "none",
        "recipeLabel": "鎖甲\nSmithing Lv.2 已解鎖",
        "disabledReason": [],
        "finalSelection": {
          "recipeId": "fieldArmor",
          "recipeAriaPressed": true,
          "materialId": "none",
          "materialAriaPressed": true
        }
      },
      "selectionAndEquipment": {
        "instanceId": "item-32",
        "selected": true,
        "equippedSlots": [
          "armor"
        ]
      }
    },
    {
      "item": {
        "instanceId": "item-33",
        "ownerId": "alden",
        "baseId": "chainArmor",
        "level": 3,
        "material": null,
        "rarity": "uncommon",
        "affixes": [
          {
            "id": "sturdy",
            "tier": 1,
            "value": 1
          }
        ],
        "rolledStats": {
          "attack": 0,
          "defense": 5,
          "critical": 0,
          "penetration": 0,
          "bleed": 0,
          "block": 0,
          "reduction": 0
        },
        "specialTrait": null,
        "provenance": null,
        "craftProvenance": {
          "recipeId": "fieldArmor",
          "createdBy": "alden",
          "createdAt": 13576,
          "influenceMaterial": null,
          "masterpiece": false
        }
      },
      "workbench": {
        "available": true,
        "text": "工作台 實際工作台 雜貨店 · 服務時間 08:00–18:00。 選擇配方 木石長矛 Smithing Lv.1 已解鎖 進階長矛 Smithing Lv.2 已解鎖 鎖甲 Smithing Lv.2 已解鎖 鐵短劍 Smithing Lv.5 已解鎖 鎖甲 影響素材 素材會消耗 1 份，依選擇調整詞綴權重或條件式特性機率；不保證指定結果。品質機率只依鍛造熟練度能力調整。 不使用素材 🐺 狼皮 · 持有 1 成品 鎖甲 · 防具 · Lv.3 材料 鐵礦 ×2 ／持有 2 木材 ×1 ／持有 4 費用 8 金 ／持有 27 體力與時間 體力 12 ／目前 64 · 60 分鐘 鍛造熟練度 需求 Lv.2 ／目前 Lv.5 品質能力 目前最低品質：精良 · 普通 0%、精良 87%、稀有 10%、史詩 2.8%、傳說 0.2% 成功練習 本配方已達熟練上限 Lv.5 此配方已完成熟練；可製作其他配方或追求更高品質能力。 製作鎖甲",
        "inputRows": [
          "鐵礦 ×2 ／持有 2",
          "木材 ×1 ／持有 4"
        ],
        "recipeControls": 1,
        "materialControls": 2,
        "selectedRecipe": "fieldArmor",
        "selectedMaterial": "none",
        "recipeLabel": "鎖甲\nSmithing Lv.2 已解鎖",
        "disabledReason": [],
        "finalSelection": {
          "recipeId": "fieldArmor",
          "recipeAriaPressed": true,
          "materialId": "none",
          "materialAriaPressed": true
        }
      },
      "selectionAndEquipment": {
        "instanceId": "item-33",
        "selected": true,
        "equippedSlots": [
          "armor"
        ]
      }
    },
    {
      "item": {
        "instanceId": "item-34",
        "ownerId": "alden",
        "baseId": "chainArmor",
        "level": 3,
        "material": null,
        "rarity": "uncommon",
        "affixes": [
          {
            "id": "sturdy",
            "tier": 1,
            "value": 1
          }
        ],
        "rolledStats": {
          "attack": 0,
          "defense": 5,
          "critical": 0,
          "penetration": 0,
          "bleed": 0,
          "block": 0,
          "reduction": 0
        },
        "specialTrait": null,
        "provenance": null,
        "craftProvenance": {
          "recipeId": "fieldArmor",
          "createdBy": "alden",
          "createdAt": 13749,
          "influenceMaterial": null,
          "masterpiece": false
        }
      },
      "workbench": {
        "available": true,
        "text": "工作台 實際工作台 雜貨店 · 服務時間 08:00–18:00。 選擇配方 木石長矛 Smithing Lv.1 已解鎖 進階長矛 Smithing Lv.2 已解鎖 鎖甲 Smithing Lv.2 已解鎖 鐵短劍 Smithing Lv.5 已解鎖 鎖甲 影響素材 素材會消耗 1 份，依選擇調整詞綴權重或條件式特性機率；不保證指定結果。品質機率只依鍛造熟練度能力調整。 不使用素材 🐺 狼皮 · 持有 1 成品 鎖甲 · 防具 · Lv.3 材料 鐵礦 ×2 ／持有 4 木材 ×1 ／持有 3 費用 8 金 ／持有 23 體力與時間 體力 12 ／目前 42 · 60 分鐘 鍛造熟練度 需求 Lv.2 ／目前 Lv.5 品質能力 目前最低品質：精良 · 普通 0%、精良 87%、稀有 10%、史詩 2.8%、傳說 0.2% 成功練習 本配方已達熟練上限 Lv.5 此配方已完成熟練；可製作其他配方或追求更高品質能力。 製作鎖甲",
        "inputRows": [
          "鐵礦 ×2 ／持有 4",
          "木材 ×1 ／持有 3"
        ],
        "recipeControls": 1,
        "materialControls": 2,
        "selectedRecipe": "fieldArmor",
        "selectedMaterial": "none",
        "recipeLabel": "鎖甲\nSmithing Lv.2 已解鎖",
        "disabledReason": [],
        "finalSelection": {
          "recipeId": "fieldArmor",
          "recipeAriaPressed": true,
          "materialId": "none",
          "materialAriaPressed": true
        }
      },
      "selectionAndEquipment": {
        "instanceId": "item-34",
        "selected": true,
        "equippedSlots": [
          "armor"
        ]
      }
    },
    {
      "item": {
        "instanceId": "item-35",
        "ownerId": "alden",
        "baseId": "chainArmor",
        "level": 3,
        "material": null,
        "rarity": "uncommon",
        "affixes": [
          {
            "id": "sturdy",
            "tier": 1,
            "value": 1
          }
        ],
        "rolledStats": {
          "attack": 0,
          "defense": 5,
          "critical": 0,
          "penetration": 0,
          "bleed": 0,
          "block": 0,
          "reduction": 0
        },
        "specialTrait": null,
        "provenance": null,
        "craftProvenance": {
          "recipeId": "fieldArmor",
          "createdBy": "alden",
          "createdAt": 13812,
          "influenceMaterial": null,
          "masterpiece": false
        }
      },
      "workbench": {
        "available": true,
        "text": "工作台 實際工作台 雜貨店 · 服務時間 08:00–18:00。 選擇配方 木石長矛 Smithing Lv.1 已解鎖 進階長矛 Smithing Lv.2 已解鎖 鎖甲 Smithing Lv.2 已解鎖 鐵短劍 Smithing Lv.5 已解鎖 鎖甲 影響素材 素材會消耗 1 份，依選擇調整詞綴權重或條件式特性機率；不保證指定結果。品質機率只依鍛造熟練度能力調整。 不使用素材 🐺 狼皮 · 持有 1 成品 鎖甲 · 防具 · Lv.3 材料 鐵礦 ×2 ／持有 2 木材 ×1 ／持有 2 費用 8 金 ／持有 15 體力與時間 體力 12 ／目前 30 · 60 分鐘 鍛造熟練度 需求 Lv.2 ／目前 Lv.5 品質能力 目前最低品質：精良 · 普通 0%、精良 87%、稀有 10%、史詩 2.8%、傳說 0.2% 成功練習 本配方已達熟練上限 Lv.5 此配方已完成熟練；可製作其他配方或追求更高品質能力。 製作鎖甲",
        "inputRows": [
          "鐵礦 ×2 ／持有 2",
          "木材 ×1 ／持有 2"
        ],
        "recipeControls": 1,
        "materialControls": 2,
        "selectedRecipe": "fieldArmor",
        "selectedMaterial": "none",
        "recipeLabel": "鎖甲\nSmithing Lv.2 已解鎖",
        "disabledReason": [],
        "finalSelection": {
          "recipeId": "fieldArmor",
          "recipeAriaPressed": true,
          "materialId": "none",
          "materialAriaPressed": true
        }
      },
      "selectionAndEquipment": {
        "instanceId": "item-35",
        "selected": true,
        "equippedSlots": [
          "armor"
        ]
      }
    },
    {
      "item": {
        "instanceId": "item-36",
        "ownerId": "alden",
        "baseId": "spear",
        "level": 3,
        "material": null,
        "rarity": "uncommon",
        "affixes": [
          {
            "id": "piercing",
            "tier": 1,
            "value": 1
          }
        ],
        "rolledStats": {
          "attack": 5,
          "defense": 0,
          "critical": 0,
          "penetration": 1,
          "bleed": 0,
          "block": 0,
          "reduction": 0
        },
        "specialTrait": null,
        "provenance": null,
        "craftProvenance": {
          "recipeId": "fieldSpear",
          "createdBy": "alden",
          "createdAt": 14920,
          "influenceMaterial": null,
          "masterpiece": false
        }
      },
      "workbench": {
        "available": true,
        "text": "工作台 實際工作台 雜貨店 · 服務時間 08:00–18:00。 選擇配方 木石長矛 Smithing Lv.1 已解鎖 進階長矛 Smithing Lv.2 已解鎖 鎖甲 Smithing Lv.2 已解鎖 鐵短劍 Smithing Lv.5 已解鎖 進階長矛 影響素材 素材會消耗 1 份，依選擇調整詞綴權重或條件式特性機率；不保證指定結果。品質機率只依鍛造熟練度能力調整。 不使用素材 🦴 狼牙 · 持有 1 🌙 月石 · 持有 0 成品 獵矛 · 武器 · Lv.3 材料 木材 ×4 ／持有 5 石材 ×3 ／持有 5 費用 6 金 ／持有 11 體力與時間 體力 12 ／目前 84 · 60 分鐘 鍛造熟練度 需求 Lv.2 ／目前 Lv.5 品質能力 目前最低品質：精良 · 普通 0%、精良 87%、稀有 10%、史詩 2.8%、傳說 0.2% 成功練習 本配方已達熟練上限 Lv.5 此配方已完成熟練；可製作其他配方或追求更高品質能力。 製作進階長矛",
        "inputRows": [
          "木材 ×4 ／持有 5",
          "石材 ×3 ／持有 5"
        ],
        "recipeControls": 1,
        "materialControls": 3,
        "selectedRecipe": "fieldSpear",
        "selectedMaterial": "none",
        "recipeLabel": "進階長矛\nSmithing Lv.2 已解鎖",
        "disabledReason": [],
        "finalSelection": {
          "recipeId": "fieldSpear",
          "recipeAriaPressed": true,
          "materialId": "none",
          "materialAriaPressed": true
        }
      },
      "selectionAndEquipment": {
        "instanceId": "item-36",
        "selected": true,
        "equippedSlots": [
          "weapon"
        ]
      }
    },
    {
      "item": {
        "instanceId": "item-37",
        "ownerId": "alden",
        "baseId": "spear",
        "level": 2,
        "material": null,
        "rarity": "uncommon",
        "affixes": [
          {
            "id": "striking",
            "tier": 1,
            "value": 1
          }
        ],
        "rolledStats": {
          "attack": 6,
          "defense": 0,
          "critical": 0,
          "penetration": 0,
          "bleed": 0,
          "block": 0,
          "reduction": 0
        },
        "specialTrait": null,
        "provenance": null,
        "craftProvenance": {
          "recipeId": "starterSpear",
          "createdBy": "alden",
          "createdAt": 15164,
          "influenceMaterial": null,
          "masterpiece": false
        }
      },
      "workbench": {
        "available": true,
        "text": "工作台 實際工作台 雜貨店 · 服務時間 08:00–18:00。 選擇配方 木石長矛 Smithing Lv.1 已解鎖 進階長矛 Smithing Lv.2 已解鎖 鎖甲 Smithing Lv.2 已解鎖 鐵短劍 Smithing Lv.5 已解鎖 木石長矛 影響素材 素材會消耗 1 份，依選擇調整詞綴權重或條件式特性機率；不保證指定結果。品質機率只依鍛造熟練度能力調整。 不使用素材 🦴 狼牙 · 持有 1 🌙 月石 · 持有 0 成品 獵矛 · 武器 · Lv.2 材料 木材 ×3 ／持有 5 石材 ×2 ／持有 2 費用 4 金 ／持有 9 體力與時間 體力 10 ／目前 62 · 45 分鐘 鍛造熟練度 需求 Lv.1 ／目前 Lv.5 品質能力 目前最低品質：精良 · 普通 0%、精良 87%、稀有 10%、史詩 2.8%、傳說 0.2% 成功練習 本配方已達熟練上限 Lv.3 此配方已完成熟練；可製作其他配方或追求更高品質能力。 製作木石長矛",
        "inputRows": [
          "木材 ×3 ／持有 5",
          "石材 ×2 ／持有 2"
        ],
        "recipeControls": 1,
        "materialControls": 3,
        "selectedRecipe": "starterSpear",
        "selectedMaterial": "none",
        "recipeLabel": "木石長矛\nSmithing Lv.1 已解鎖",
        "disabledReason": [],
        "finalSelection": {
          "recipeId": "starterSpear",
          "recipeAriaPressed": true,
          "materialId": "none",
          "materialAriaPressed": true
        }
      },
      "selectionAndEquipment": {
        "instanceId": "item-37",
        "selected": true,
        "equippedSlots": [
          "weapon"
        ]
      }
    },
    {
      "item": {
        "instanceId": "item-38",
        "ownerId": "alden",
        "baseId": "chainArmor",
        "level": 3,
        "material": null,
        "rarity": "uncommon",
        "affixes": [
          {
            "id": "blocking",
            "tier": 1,
            "value": 4
          }
        ],
        "rolledStats": {
          "attack": 0,
          "defense": 4,
          "critical": 0,
          "penetration": 0,
          "bleed": 0,
          "block": 4,
          "reduction": 0
        },
        "specialTrait": null,
        "provenance": null,
        "craftProvenance": {
          "recipeId": "fieldArmor",
          "createdBy": "alden",
          "createdAt": 15294,
          "influenceMaterial": null,
          "masterpiece": false
        }
      },
      "workbench": {
        "available": true,
        "text": "工作台 實際工作台 雜貨店 · 服務時間 08:00–18:00。 選擇配方 木石長矛 Smithing Lv.1 已解鎖 進階長矛 Smithing Lv.2 已解鎖 鎖甲 Smithing Lv.2 已解鎖 鐵短劍 Smithing Lv.5 已解鎖 鎖甲 影響素材 素材會消耗 1 份，依選擇調整詞綴權重或條件式特性機率；不保證指定結果。品質機率只依鍛造熟練度能力調整。 不使用素材 🐺 狼皮 · 持有 1 成品 鎖甲 · 防具 · Lv.3 材料 鐵礦 ×2 ／持有 4 木材 ×1 ／持有 6 費用 8 金 ／持有 9 體力與時間 體力 12 ／目前 42 · 60 分鐘 鍛造熟練度 需求 Lv.2 ／目前 Lv.5 品質能力 目前最低品質：精良 · 普通 0%、精良 87%、稀有 10%、史詩 2.8%、傳說 0.2% 成功練習 本配方已達熟練上限 Lv.5 此配方已完成熟練；可製作其他配方或追求更高品質能力。 製作鎖甲",
        "inputRows": [
          "鐵礦 ×2 ／持有 4",
          "木材 ×1 ／持有 6"
        ],
        "recipeControls": 1,
        "materialControls": 2,
        "selectedRecipe": "fieldArmor",
        "selectedMaterial": "none",
        "recipeLabel": "鎖甲\nSmithing Lv.2 已解鎖",
        "disabledReason": [],
        "finalSelection": {
          "recipeId": "fieldArmor",
          "recipeAriaPressed": true,
          "materialId": "none",
          "materialAriaPressed": true
        }
      },
      "selectionAndEquipment": {
        "instanceId": "item-38",
        "selected": true,
        "equippedSlots": [
          "armor"
        ]
      }
    },
    {
      "item": {
        "instanceId": "item-39",
        "ownerId": "alden",
        "baseId": "spear",
        "level": 3,
        "material": null,
        "rarity": "uncommon",
        "affixes": [
          {
            "id": "keen",
            "tier": 1,
            "value": 3
          }
        ],
        "rolledStats": {
          "attack": 5,
          "defense": 0,
          "critical": 3,
          "penetration": 0,
          "bleed": 0,
          "block": 0,
          "reduction": 0
        },
        "specialTrait": null,
        "provenance": null,
        "craftProvenance": {
          "recipeId": "fieldSpear",
          "createdBy": "alden",
          "createdAt": 16372,
          "influenceMaterial": null,
          "masterpiece": false
        }
      },
      "workbench": {
        "available": true,
        "text": "工作台 實際工作台 雜貨店 · 服務時間 08:00–18:00。 選擇配方 木石長矛 Smithing Lv.1 已解鎖 進階長矛 Smithing Lv.2 已解鎖 鎖甲 Smithing Lv.2 已解鎖 鐵短劍 Smithing Lv.5 已解鎖 進階長矛 影響素材 素材會消耗 1 份，依選擇調整詞綴權重或條件式特性機率；不保證指定結果。品質機率只依鍛造熟練度能力調整。 不使用素材 🦴 狼牙 · 持有 1 🌙 月石 · 持有 0 成品 獵矛 · 武器 · Lv.3 材料 木材 ×4 ／持有 5 石材 ×3 ／持有 4 費用 6 金 ／持有 9 體力與時間 體力 12 ／目前 84 · 60 分鐘 鍛造熟練度 需求 Lv.2 ／目前 Lv.5 品質能力 目前最低品質：精良 · 普通 0%、精良 87%、稀有 10%、史詩 2.8%、傳說 0.2% 成功練習 本配方已達熟練上限 Lv.5 此配方已完成熟練；可製作其他配方或追求更高品質能力。 製作進階長矛",
        "inputRows": [
          "木材 ×4 ／持有 5",
          "石材 ×3 ／持有 4"
        ],
        "recipeControls": 1,
        "materialControls": 3,
        "selectedRecipe": "fieldSpear",
        "selectedMaterial": "none",
        "recipeLabel": "進階長矛\nSmithing Lv.2 已解鎖",
        "disabledReason": [],
        "finalSelection": {
          "recipeId": "fieldSpear",
          "recipeAriaPressed": true,
          "materialId": "none",
          "materialAriaPressed": true
        }
      },
      "selectionAndEquipment": {
        "instanceId": "item-39",
        "selected": true,
        "equippedSlots": [
          "weapon"
        ]
      }
    },
    {
      "item": {
        "instanceId": "item-41",
        "ownerId": "alden",
        "baseId": "chainArmor",
        "level": 3,
        "material": null,
        "rarity": "uncommon",
        "affixes": [
          {
            "id": "blocking",
            "tier": 1,
            "value": 4
          }
        ],
        "rolledStats": {
          "attack": 0,
          "defense": 4,
          "critical": 0,
          "penetration": 0,
          "bleed": 0,
          "block": 4,
          "reduction": 0
        },
        "specialTrait": null,
        "provenance": null,
        "craftProvenance": {
          "recipeId": "fieldArmor",
          "createdBy": "alden",
          "createdAt": 16535,
          "influenceMaterial": null,
          "masterpiece": false
        }
      },
      "workbench": {
        "available": true,
        "text": "工作台 實際工作台 雜貨店 · 服務時間 08:00–18:00。 選擇配方 木石長矛 Smithing Lv.1 已解鎖 進階長矛 Smithing Lv.2 已解鎖 鎖甲 Smithing Lv.2 已解鎖 鐵短劍 Smithing Lv.5 已解鎖 鎖甲 影響素材 素材會消耗 1 份，依選擇調整詞綴權重或條件式特性機率；不保證指定結果。品質機率只依鍛造熟練度能力調整。 不使用素材 🐺 狼皮 · 持有 1 成品 鎖甲 · 防具 · Lv.3 材料 鐵礦 ×2 ／持有 6 木材 ×1 ／持有 1 費用 8 金 ／持有 15 體力與時間 體力 12 ／目前 64 · 60 分鐘 鍛造熟練度 需求 Lv.2 ／目前 Lv.5 品質能力 目前最低品質：精良 · 普通 0%、精良 87%、稀有 10%、史詩 2.8%、傳說 0.2% 成功練習 本配方已達熟練上限 Lv.5 此配方已完成熟練；可製作其他配方或追求更高品質能力。 製作鎖甲",
        "inputRows": [
          "鐵礦 ×2 ／持有 6",
          "木材 ×1 ／持有 1"
        ],
        "recipeControls": 1,
        "materialControls": 2,
        "selectedRecipe": "fieldArmor",
        "selectedMaterial": "none",
        "recipeLabel": "鎖甲\nSmithing Lv.2 已解鎖",
        "disabledReason": [],
        "finalSelection": {
          "recipeId": "fieldArmor",
          "recipeAriaPressed": true,
          "materialId": "none",
          "materialAriaPressed": true
        }
      },
      "selectionAndEquipment": {
        "instanceId": "item-41",
        "selected": true,
        "equippedSlots": [
          "armor"
        ]
      }
    },
    {
      "item": {
        "instanceId": "item-42",
        "ownerId": "alden",
        "baseId": "chainArmor",
        "level": 3,
        "material": null,
        "rarity": "uncommon",
        "affixes": [
          {
            "id": "sturdy",
            "tier": 1,
            "value": 1
          }
        ],
        "rolledStats": {
          "attack": 0,
          "defense": 5,
          "critical": 0,
          "penetration": 0,
          "bleed": 0,
          "block": 0,
          "reduction": 0
        },
        "specialTrait": null,
        "provenance": null,
        "craftProvenance": {
          "recipeId": "fieldArmor",
          "createdBy": "alden",
          "createdAt": 16653,
          "influenceMaterial": null,
          "masterpiece": false
        }
      },
      "workbench": {
        "available": true,
        "text": "工作台 實際工作台 雜貨店 · 服務時間 08:00–18:00。 選擇配方 木石長矛 Smithing Lv.1 已解鎖 進階長矛 Smithing Lv.2 已解鎖 鎖甲 Smithing Lv.2 已解鎖 鐵短劍 Smithing Lv.5 已解鎖 鎖甲 影響素材 素材會消耗 1 份，依選擇調整詞綴權重或條件式特性機率；不保證指定結果。品質機率只依鍛造熟練度能力調整。 不使用素材 🐺 狼皮 · 持有 1 成品 鎖甲 · 防具 · Lv.3 材料 鐵礦 ×2 ／持有 4 木材 ×1 ／持有 4 費用 8 金 ／持有 11 體力與時間 體力 12 ／目前 42 · 60 分鐘 鍛造熟練度 需求 Lv.2 ／目前 Lv.5 品質能力 目前最低品質：精良 · 普通 0%、精良 87%、稀有 10%、史詩 2.8%、傳說 0.2% 成功練習 本配方已達熟練上限 Lv.5 此配方已完成熟練；可製作其他配方或追求更高品質能力。 製作鎖甲",
        "inputRows": [
          "鐵礦 ×2 ／持有 4",
          "木材 ×1 ／持有 4"
        ],
        "recipeControls": 1,
        "materialControls": 2,
        "selectedRecipe": "fieldArmor",
        "selectedMaterial": "none",
        "recipeLabel": "鎖甲\nSmithing Lv.2 已解鎖",
        "disabledReason": [],
        "finalSelection": {
          "recipeId": "fieldArmor",
          "recipeAriaPressed": true,
          "materialId": "none",
          "materialAriaPressed": true
        }
      },
      "selectionAndEquipment": {
        "instanceId": "item-42",
        "selected": true,
        "equippedSlots": [
          "armor"
        ]
      }
    },
    {
      "item": {
        "instanceId": "item-43",
        "ownerId": "alden",
        "baseId": "spear",
        "level": 2,
        "material": "wolfFang",
        "rarity": "uncommon",
        "affixes": [
          {
            "id": "bleeding",
            "tier": 1,
            "value": 1
          }
        ],
        "rolledStats": {
          "attack": 5,
          "defense": 0,
          "critical": 0,
          "penetration": 0,
          "bleed": 1,
          "block": 0,
          "reduction": 0
        },
        "specialTrait": null,
        "provenance": null,
        "craftProvenance": {
          "recipeId": "starterSpear",
          "createdBy": "alden",
          "createdAt": 17788,
          "influenceMaterial": "wolfFang",
          "masterpiece": false
        }
      },
      "workbench": {
        "available": true,
        "text": "工作台 實際工作台 雜貨店 · 服務時間 08:00–18:00。 選擇配方 木石長矛 Smithing Lv.1 已解鎖 進階長矛 Smithing Lv.2 已解鎖 鎖甲 Smithing Lv.2 已解鎖 鐵短劍 Smithing Lv.5 已解鎖 木石長矛 影響素材 素材會消耗 1 份，依選擇調整詞綴權重或條件式特性機率；不保證指定結果。品質機率只依鍛造熟練度能力調整。 不使用素材 🦴 狼牙 · 持有 2 🌙 月石 · 持有 0 成品 獵矛 · 武器 · Lv.2 材料 木材 ×3 ／持有 3 石材 ×2 ／持有 5 費用 4 金 ／持有 11 體力與時間 體力 10 ／目前 84 · 45 分鐘 鍛造熟練度 需求 Lv.1 ／目前 Lv.5 品質能力 目前最低品質：精良 · 普通 0%、精良 87%、稀有 10%、史詩 2.8%、傳說 0.2% 成功練習 本配方已達熟練上限 Lv.3 此配方已完成熟練；可製作其他配方或追求更高品質能力。 製作木石長矛",
        "inputRows": [
          "木材 ×3 ／持有 3",
          "石材 ×2 ／持有 5"
        ],
        "recipeControls": 1,
        "materialControls": 3,
        "selectedRecipe": "starterSpear",
        "selectedMaterial": "none",
        "recipeLabel": "木石長矛\nSmithing Lv.1 已解鎖",
        "disabledReason": [],
        "finalSelection": {
          "recipeId": "starterSpear",
          "recipeAriaPressed": true,
          "materialId": "wolfFang",
          "materialAriaPressed": true
        }
      },
      "selectionAndEquipment": {
        "instanceId": "item-43",
        "selected": true,
        "equippedSlots": [
          "weapon"
        ]
      }
    },
    {
      "item": {
        "instanceId": "item-44",
        "ownerId": "alden",
        "baseId": "spear",
        "level": 3,
        "material": null,
        "rarity": "epic",
        "affixes": [
          {
            "id": "piercing",
            "tier": 1,
            "value": 1
          },
          {
            "id": "keen",
            "tier": 1,
            "value": 3
          },
          {
            "id": "bleeding",
            "tier": 1,
            "value": 1
          }
        ],
        "rolledStats": {
          "attack": 5,
          "defense": 0,
          "critical": 3,
          "penetration": 1,
          "bleed": 1,
          "block": 0,
          "reduction": 0
        },
        "specialTrait": null,
        "provenance": null,
        "craftProvenance": {
          "recipeId": "fieldSpear",
          "createdBy": "alden",
          "createdAt": 17894,
          "influenceMaterial": null,
          "masterpiece": false
        }
      },
      "workbench": {
        "available": true,
        "text": "工作台 實際工作台 雜貨店 · 服務時間 08:00–18:00。 選擇配方 木石長矛 Smithing Lv.1 已解鎖 進階長矛 Smithing Lv.2 已解鎖 鎖甲 Smithing Lv.2 已解鎖 鐵短劍 Smithing Lv.5 已解鎖 進階長矛 影響素材 素材會消耗 1 份，依選擇調整詞綴權重或條件式特性機率；不保證指定結果。品質機率只依鍛造熟練度能力調整。 不使用素材 🦴 狼牙 · 持有 1 🌙 月石 · 持有 0 成品 獵矛 · 武器 · Lv.3 材料 木材 ×4 ／持有 4 石材 ×3 ／持有 3 費用 6 金 ／持有 11 體力與時間 體力 12 ／目前 64 · 60 分鐘 鍛造熟練度 需求 Lv.2 ／目前 Lv.5 品質能力 目前最低品質：精良 · 普通 0%、精良 87%、稀有 10%、史詩 2.8%、傳說 0.2% 成功練習 本配方已達熟練上限 Lv.5 此配方已完成熟練；可製作其他配方或追求更高品質能力。 製作進階長矛",
        "inputRows": [
          "木材 ×4 ／持有 4",
          "石材 ×3 ／持有 3"
        ],
        "recipeControls": 1,
        "materialControls": 3,
        "selectedRecipe": "fieldSpear",
        "selectedMaterial": "none",
        "recipeLabel": "進階長矛\nSmithing Lv.2 已解鎖",
        "disabledReason": [],
        "finalSelection": {
          "recipeId": "fieldSpear",
          "recipeAriaPressed": true,
          "materialId": "none",
          "materialAriaPressed": true
        }
      },
      "selectionAndEquipment": {
        "instanceId": "item-44",
        "selected": true,
        "equippedSlots": [
          "weapon"
        ]
      }
    },
    {
      "item": {
        "instanceId": "item-45",
        "ownerId": "alden",
        "baseId": "chainArmor",
        "level": 3,
        "material": null,
        "rarity": "uncommon",
        "affixes": [
          {
            "id": "sturdy",
            "tier": 1,
            "value": 1
          }
        ],
        "rolledStats": {
          "attack": 0,
          "defense": 5,
          "critical": 0,
          "penetration": 0,
          "bleed": 0,
          "block": 0,
          "reduction": 0
        },
        "specialTrait": null,
        "provenance": null,
        "craftProvenance": {
          "recipeId": "fieldArmor",
          "createdBy": "alden",
          "createdAt": 18004,
          "influenceMaterial": null,
          "masterpiece": false
        }
      },
      "workbench": {
        "available": true,
        "text": "工作台 實際工作台 雜貨店 · 服務時間 08:00–18:00。 選擇配方 木石長矛 Smithing Lv.1 已解鎖 進階長矛 Smithing Lv.2 已解鎖 鎖甲 Smithing Lv.2 已解鎖 鐵短劍 Smithing Lv.5 已解鎖 鎖甲 影響素材 素材會消耗 1 份，依選擇調整詞綴權重或條件式特性機率；不保證指定結果。品質機率只依鍛造熟練度能力調整。 不使用素材 🐺 狼皮 · 持有 1 成品 鎖甲 · 防具 · Lv.3 材料 鐵礦 ×2 ／持有 6 木材 ×1 ／持有 4 費用 8 金 ／持有 9 體力與時間 體力 12 ／目前 42 · 60 分鐘 鍛造熟練度 需求 Lv.2 ／目前 Lv.5 品質能力 目前最低品質：精良 · 普通 0%、精良 87%、稀有 10%、史詩 2.8%、傳說 0.2% 成功練習 本配方已達熟練上限 Lv.5 此配方已完成熟練；可製作其他配方或追求更高品質能力。 製作鎖甲",
        "inputRows": [
          "鐵礦 ×2 ／持有 6",
          "木材 ×1 ／持有 4"
        ],
        "recipeControls": 1,
        "materialControls": 2,
        "selectedRecipe": "fieldArmor",
        "selectedMaterial": "none",
        "recipeLabel": "鎖甲\nSmithing Lv.2 已解鎖",
        "disabledReason": [],
        "finalSelection": {
          "recipeId": "fieldArmor",
          "recipeAriaPressed": true,
          "materialId": "none",
          "materialAriaPressed": true
        }
      },
      "selectionAndEquipment": {
        "instanceId": "item-45",
        "selected": true,
        "equippedSlots": [
          "armor"
        ]
      }
    },
    {
      "item": {
        "instanceId": "item-46",
        "ownerId": "alden",
        "baseId": "spear",
        "level": 2,
        "material": null,
        "rarity": "rare",
        "affixes": [
          {
            "id": "striking",
            "tier": 1,
            "value": 1
          },
          {
            "id": "piercing",
            "tier": 1,
            "value": 1
          }
        ],
        "rolledStats": {
          "attack": 6,
          "defense": 0,
          "critical": 0,
          "penetration": 1,
          "bleed": 0,
          "block": 0,
          "reduction": 0
        },
        "specialTrait": null,
        "provenance": null,
        "craftProvenance": {
          "recipeId": "starterSpear",
          "createdBy": "alden",
          "createdAt": 18197,
          "influenceMaterial": null,
          "masterpiece": false
        }
      },
      "workbench": {
        "available": true,
        "text": "工作台 實際工作台 雜貨店 · 服務時間 08:00–18:00。 選擇配方 木石長矛 Smithing Lv.1 已解鎖 進階長矛 Smithing Lv.2 已解鎖 鎖甲 Smithing Lv.2 已解鎖 鐵短劍 Smithing Lv.5 已解鎖 木石長矛 影響素材 素材會消耗 1 份，依選擇調整詞綴權重或條件式特性機率；不保證指定結果。品質機率只依鍛造熟練度能力調整。 不使用素材 🦴 狼牙 · 持有 1 🌙 月石 · 持有 0 成品 獵矛 · 武器 · Lv.2 材料 木材 ×3 ／持有 3 石材 ×2 ／持有 4 費用 4 金 ／持有 5 體力與時間 體力 10 ／目前 20 · 45 分鐘 鍛造熟練度 需求 Lv.1 ／目前 Lv.5 品質能力 目前最低品質：精良 · 普通 0%、精良 87%、稀有 10%、史詩 2.8%、傳說 0.2% 成功練習 本配方已達熟練上限 Lv.3 此配方已完成熟練；可製作其他配方或追求更高品質能力。 製作木石長矛",
        "inputRows": [
          "木材 ×3 ／持有 3",
          "石材 ×2 ／持有 4"
        ],
        "recipeControls": 1,
        "materialControls": 3,
        "selectedRecipe": "starterSpear",
        "selectedMaterial": "none",
        "recipeLabel": "木石長矛\nSmithing Lv.1 已解鎖",
        "disabledReason": [],
        "finalSelection": {
          "recipeId": "starterSpear",
          "recipeAriaPressed": true,
          "materialId": "none",
          "materialAriaPressed": true
        }
      },
      "selectionAndEquipment": {
        "instanceId": "item-46",
        "selected": true,
        "equippedSlots": [
          "weapon"
        ]
      }
    },
    {
      "item": {
        "instanceId": "item-47",
        "ownerId": "alden",
        "baseId": "spear",
        "level": 2,
        "material": null,
        "rarity": "epic",
        "affixes": [
          {
            "id": "piercing",
            "tier": 1,
            "value": 1
          },
          {
            "id": "bleeding",
            "tier": 1,
            "value": 1
          },
          {
            "id": "keen",
            "tier": 1,
            "value": 3
          }
        ],
        "rolledStats": {
          "attack": 5,
          "defense": 0,
          "critical": 3,
          "penetration": 1,
          "bleed": 1,
          "block": 0,
          "reduction": 0
        },
        "specialTrait": null,
        "provenance": null,
        "craftProvenance": {
          "recipeId": "starterSpear",
          "createdBy": "alden",
          "createdAt": 19207,
          "influenceMaterial": null,
          "masterpiece": false
        }
      },
      "workbench": {
        "available": true,
        "text": "工作台 實際工作台 雜貨店 · 服務時間 08:00–18:00。 選擇配方 木石長矛 Smithing Lv.1 已解鎖 進階長矛 Smithing Lv.2 已解鎖 鎖甲 Smithing Lv.2 已解鎖 鐵短劍 Smithing Lv.5 已解鎖 木石長矛 影響素材 素材會消耗 1 份，依選擇調整詞綴權重或條件式特性機率；不保證指定結果。品質機率只依鍛造熟練度能力調整。 不使用素材 🦴 狼牙 · 持有 1 🌙 月石 · 持有 0 成品 獵矛 · 武器 · Lv.2 材料 木材 ×3 ／持有 4 石材 ×2 ／持有 2 費用 4 金 ／持有 5 體力與時間 體力 10 ／目前 84 · 45 分鐘 鍛造熟練度 需求 Lv.1 ／目前 Lv.5 品質能力 目前最低品質：精良 · 普通 0%、精良 87%、稀有 10%、史詩 2.8%、傳說 0.2% 成功練習 本配方已達熟練上限 Lv.3 此配方已完成熟練；可製作其他配方或追求更高品質能力。 製作木石長矛",
        "inputRows": [
          "木材 ×3 ／持有 4",
          "石材 ×2 ／持有 2"
        ],
        "recipeControls": 1,
        "materialControls": 3,
        "selectedRecipe": "starterSpear",
        "selectedMaterial": "none",
        "recipeLabel": "木石長矛\nSmithing Lv.1 已解鎖",
        "disabledReason": [],
        "finalSelection": {
          "recipeId": "starterSpear",
          "recipeAriaPressed": true,
          "materialId": "none",
          "materialAriaPressed": true
        }
      },
      "selectionAndEquipment": {
        "instanceId": "item-47",
        "selected": true,
        "equippedSlots": [
          "weapon"
        ]
      }
    },
    {
      "item": {
        "instanceId": "item-48",
        "ownerId": "alden",
        "baseId": "chainArmor",
        "level": 3,
        "material": null,
        "rarity": "uncommon",
        "affixes": [
          {
            "id": "sturdy",
            "tier": 1,
            "value": 1
          }
        ],
        "rolledStats": {
          "attack": 0,
          "defense": 5,
          "critical": 0,
          "penetration": 0,
          "bleed": 0,
          "block": 0,
          "reduction": 0
        },
        "specialTrait": null,
        "provenance": null,
        "craftProvenance": {
          "recipeId": "fieldArmor",
          "createdBy": "alden",
          "createdAt": 19279,
          "influenceMaterial": null,
          "masterpiece": false
        }
      },
      "workbench": {
        "available": true,
        "text": "工作台 實際工作台 雜貨店 · 服務時間 08:00–18:00。 選擇配方 木石長矛 Smithing Lv.1 已解鎖 進階長矛 Smithing Lv.2 已解鎖 鎖甲 Smithing Lv.2 已解鎖 鐵短劍 Smithing Lv.5 已解鎖 鎖甲 影響素材 素材會消耗 1 份，依選擇調整詞綴權重或條件式特性機率；不保證指定結果。品質機率只依鍛造熟練度能力調整。 不使用素材 🐺 狼皮 · 持有 1 成品 鎖甲 · 防具 · Lv.3 材料 鐵礦 ×2 ／持有 4 木材 ×1 ／持有 1 費用 8 金 ／持有 9 體力與時間 體力 12 ／目前 66 · 60 分鐘 鍛造熟練度 需求 Lv.2 ／目前 Lv.5 品質能力 目前最低品質：精良 · 普通 0%、精良 87%、稀有 10%、史詩 2.8%、傳說 0.2% 成功練習 本配方已達熟練上限 Lv.5 此配方已完成熟練；可製作其他配方或追求更高品質能力。 製作鎖甲",
        "inputRows": [
          "鐵礦 ×2 ／持有 4",
          "木材 ×1 ／持有 1"
        ],
        "recipeControls": 1,
        "materialControls": 2,
        "selectedRecipe": "fieldArmor",
        "selectedMaterial": "none",
        "recipeLabel": "鎖甲\nSmithing Lv.2 已解鎖",
        "disabledReason": [],
        "finalSelection": {
          "recipeId": "fieldArmor",
          "recipeAriaPressed": true,
          "materialId": "none",
          "materialAriaPressed": true
        }
      },
      "selectionAndEquipment": {
        "instanceId": "item-48",
        "selected": true,
        "equippedSlots": [
          "armor"
        ]
      }
    },
    {
      "item": {
        "instanceId": "item-49",
        "ownerId": "alden",
        "baseId": "chainArmor",
        "level": 3,
        "material": null,
        "rarity": "uncommon",
        "affixes": [
          {
            "id": "sturdy",
            "tier": 1,
            "value": 1
          }
        ],
        "rolledStats": {
          "attack": 0,
          "defense": 5,
          "critical": 0,
          "penetration": 0,
          "bleed": 0,
          "block": 0,
          "reduction": 0
        },
        "specialTrait": null,
        "provenance": null,
        "craftProvenance": {
          "recipeId": "fieldArmor",
          "createdBy": "alden",
          "createdAt": 19516,
          "influenceMaterial": null,
          "masterpiece": false
        }
      },
      "workbench": {
        "available": true,
        "text": "工作台 實際工作台 雜貨店 · 服務時間 08:00–18:00。 選擇配方 木石長矛 Smithing Lv.1 已解鎖 進階長矛 Smithing Lv.2 已解鎖 鎖甲 Smithing Lv.2 已解鎖 鐵短劍 Smithing Lv.5 已解鎖 鎖甲 影響素材 素材會消耗 1 份，依選擇調整詞綴權重或條件式特性機率；不保證指定結果。品質機率只依鍛造熟練度能力調整。 不使用素材 🐺 狼皮 · 持有 1 成品 鎖甲 · 防具 · Lv.3 材料 鐵礦 ×2 ／持有 6 木材 ×1 ／持有 4 費用 8 金 ／持有 9 體力與時間 體力 12 ／目前 34 · 60 分鐘 鍛造熟練度 需求 Lv.2 ／目前 Lv.5 品質能力 目前最低品質：精良 · 普通 0%、精良 87%、稀有 10%、史詩 2.8%、傳說 0.2% 成功練習 本配方已達熟練上限 Lv.5 此配方已完成熟練；可製作其他配方或追求更高品質能力。 製作鎖甲",
        "inputRows": [
          "鐵礦 ×2 ／持有 6",
          "木材 ×1 ／持有 4"
        ],
        "recipeControls": 1,
        "materialControls": 2,
        "selectedRecipe": "fieldArmor",
        "selectedMaterial": "none",
        "recipeLabel": "鎖甲\nSmithing Lv.2 已解鎖",
        "disabledReason": [],
        "finalSelection": {
          "recipeId": "fieldArmor",
          "recipeAriaPressed": true,
          "materialId": "none",
          "materialAriaPressed": true
        }
      },
      "selectionAndEquipment": {
        "instanceId": "item-49",
        "selected": true,
        "equippedSlots": [
          "armor"
        ]
      }
    },
    {
      "item": {
        "instanceId": "item-50",
        "ownerId": "alden",
        "baseId": "spear",
        "level": 2,
        "material": null,
        "rarity": "uncommon",
        "affixes": [
          {
            "id": "piercing",
            "tier": 1,
            "value": 1
          }
        ],
        "rolledStats": {
          "attack": 5,
          "defense": 0,
          "critical": 0,
          "penetration": 1,
          "bleed": 0,
          "block": 0,
          "reduction": 0
        },
        "specialTrait": null,
        "provenance": null,
        "craftProvenance": {
          "recipeId": "starterSpear",
          "createdBy": "alden",
          "createdAt": 19688,
          "influenceMaterial": null,
          "masterpiece": false
        }
      },
      "workbench": {
        "available": true,
        "text": "工作台 實際工作台 雜貨店 · 服務時間 08:00–18:00。 選擇配方 木石長矛 Smithing Lv.1 已解鎖 進階長矛 Smithing Lv.2 已解鎖 鎖甲 Smithing Lv.2 已解鎖 鐵短劍 Smithing Lv.5 已解鎖 木石長矛 影響素材 素材會消耗 1 份，依選擇調整詞綴權重或條件式特性機率；不保證指定結果。品質機率只依鍛造熟練度能力調整。 不使用素材 🦴 狼牙 · 持有 1 🌙 月石 · 持有 0 成品 獵矛 · 武器 · Lv.2 材料 木材 ×3 ／持有 3 石材 ×2 ／持有 4 費用 4 金 ／持有 5 體力與時間 體力 10 ／目前 12 · 45 分鐘 鍛造熟練度 需求 Lv.1 ／目前 Lv.5 品質能力 目前最低品質：精良 · 普通 0%、精良 87%、稀有 10%、史詩 2.8%、傳說 0.2% 成功練習 本配方已達熟練上限 Lv.3 此配方已完成熟練；可製作其他配方或追求更高品質能力。 製作木石長矛",
        "inputRows": [
          "木材 ×3 ／持有 3",
          "石材 ×2 ／持有 4"
        ],
        "recipeControls": 1,
        "materialControls": 3,
        "selectedRecipe": "starterSpear",
        "selectedMaterial": "none",
        "recipeLabel": "木石長矛\nSmithing Lv.1 已解鎖",
        "disabledReason": [],
        "finalSelection": {
          "recipeId": "starterSpear",
          "recipeAriaPressed": true,
          "materialId": "none",
          "materialAriaPressed": true
        }
      },
      "selectionAndEquipment": {
        "instanceId": "item-50",
        "selected": true,
        "equippedSlots": [
          "weapon"
        ]
      }
    },
    {
      "item": {
        "instanceId": "item-51",
        "ownerId": "alden",
        "baseId": "spear",
        "level": 2,
        "material": null,
        "rarity": "uncommon",
        "affixes": [
          {
            "id": "bleeding",
            "tier": 1,
            "value": 1
          }
        ],
        "rolledStats": {
          "attack": 5,
          "defense": 0,
          "critical": 0,
          "penetration": 0,
          "bleed": 1,
          "block": 0,
          "reduction": 0
        },
        "specialTrait": null,
        "provenance": null,
        "craftProvenance": {
          "recipeId": "starterSpear",
          "createdBy": "alden",
          "createdAt": 20665,
          "influenceMaterial": null,
          "masterpiece": false
        }
      },
      "workbench": {
        "available": true,
        "text": "工作台 實際工作台 雜貨店 · 服務時間 08:00–18:00。 選擇配方 木石長矛 Smithing Lv.1 已解鎖 進階長矛 Smithing Lv.2 已解鎖 鎖甲 Smithing Lv.2 已解鎖 鐵短劍 Smithing Lv.5 已解鎖 木石長矛 影響素材 素材會消耗 1 份，依選擇調整詞綴權重或條件式特性機率；不保證指定結果。品質機率只依鍛造熟練度能力調整。 不使用素材 🦴 狼牙 · 持有 1 🌙 月石 · 持有 0 成品 獵矛 · 武器 · Lv.2 材料 木材 ×3 ／持有 4 石材 ×2 ／持有 2 費用 4 金 ／持有 5 體力與時間 體力 10 ／目前 84 · 45 分鐘 鍛造熟練度 需求 Lv.1 ／目前 Lv.5 品質能力 目前最低品質：精良 · 普通 0%、精良 87%、稀有 10%、史詩 2.8%、傳說 0.2% 成功練習 本配方已達熟練上限 Lv.3 此配方已完成熟練；可製作其他配方或追求更高品質能力。 製作木石長矛",
        "inputRows": [
          "木材 ×3 ／持有 4",
          "石材 ×2 ／持有 2"
        ],
        "recipeControls": 1,
        "materialControls": 3,
        "selectedRecipe": "starterSpear",
        "selectedMaterial": "none",
        "recipeLabel": "木石長矛\nSmithing Lv.1 已解鎖",
        "disabledReason": [],
        "finalSelection": {
          "recipeId": "starterSpear",
          "recipeAriaPressed": true,
          "materialId": "none",
          "materialAriaPressed": true
        }
      },
      "selectionAndEquipment": {
        "instanceId": "item-51",
        "selected": true,
        "equippedSlots": [
          "weapon"
        ]
      }
    },
    {
      "item": {
        "instanceId": "item-52",
        "ownerId": "alden",
        "baseId": "spear",
        "level": 3,
        "material": null,
        "rarity": "uncommon",
        "affixes": [
          {
            "id": "bleeding",
            "tier": 1,
            "value": 1
          }
        ],
        "rolledStats": {
          "attack": 5,
          "defense": 0,
          "critical": 0,
          "penetration": 0,
          "bleed": 1,
          "block": 0,
          "reduction": 0
        },
        "specialTrait": null,
        "provenance": null,
        "craftProvenance": {
          "recipeId": "fieldSpear",
          "createdBy": "alden",
          "createdAt": 20987,
          "influenceMaterial": null,
          "masterpiece": false
        }
      },
      "workbench": {
        "available": true,
        "text": "工作台 實際工作台 雜貨店 · 服務時間 08:00–18:00。 選擇配方 木石長矛 Smithing Lv.1 已解鎖 進階長矛 Smithing Lv.2 已解鎖 鎖甲 Smithing Lv.2 已解鎖 鐵短劍 Smithing Lv.5 已解鎖 進階長矛 影響素材 素材會消耗 1 份，依選擇調整詞綴權重或條件式特性機率；不保證指定結果。品質機率只依鍛造熟練度能力調整。 不使用素材 🦴 狼牙 · 持有 1 🌙 月石 · 持有 0 成品 獵矛 · 武器 · Lv.3 材料 木材 ×4 ／持有 5 石材 ×3 ／持有 4 費用 6 金 ／持有 9 體力與時間 體力 12 ／目前 54 · 60 分鐘 鍛造熟練度 需求 Lv.2 ／目前 Lv.5 品質能力 目前最低品質：精良 · 普通 0%、精良 87%、稀有 10%、史詩 2.8%、傳說 0.2% 成功練習 本配方已達熟練上限 Lv.5 此配方已完成熟練；可製作其他配方或追求更高品質能力。 製作進階長矛",
        "inputRows": [
          "木材 ×4 ／持有 5",
          "石材 ×3 ／持有 4"
        ],
        "recipeControls": 1,
        "materialControls": 3,
        "selectedRecipe": "fieldSpear",
        "selectedMaterial": "none",
        "recipeLabel": "進階長矛\nSmithing Lv.2 已解鎖",
        "disabledReason": [],
        "finalSelection": {
          "recipeId": "fieldSpear",
          "recipeAriaPressed": true,
          "materialId": "none",
          "materialAriaPressed": true
        }
      },
      "selectionAndEquipment": {
        "instanceId": "item-52",
        "selected": true,
        "equippedSlots": [
          "weapon"
        ]
      }
    },
    {
      "item": {
        "instanceId": "item-53",
        "ownerId": "alden",
        "baseId": "spear",
        "level": 3,
        "material": null,
        "rarity": "uncommon",
        "affixes": [
          {
            "id": "piercing",
            "tier": 1,
            "value": 1
          }
        ],
        "rolledStats": {
          "attack": 5,
          "defense": 0,
          "critical": 0,
          "penetration": 1,
          "bleed": 0,
          "block": 0,
          "reduction": 0
        },
        "specialTrait": null,
        "provenance": null,
        "craftProvenance": {
          "recipeId": "fieldSpear",
          "createdBy": "alden",
          "createdAt": 22115,
          "influenceMaterial": null,
          "masterpiece": false
        }
      },
      "workbench": {
        "available": true,
        "text": "工作台 實際工作台 雜貨店 · 服務時間 08:00–18:00。 選擇配方 木石長矛 Smithing Lv.1 已解鎖 進階長矛 Smithing Lv.2 已解鎖 鎖甲 Smithing Lv.2 已解鎖 鐵短劍 Smithing Lv.5 已解鎖 進階長矛 影響素材 素材會消耗 1 份，依選擇調整詞綴權重或條件式特性機率；不保證指定結果。品質機率只依鍛造熟練度能力調整。 不使用素材 🦴 狼牙 · 持有 1 🌙 月石 · 持有 0 成品 獵矛 · 武器 · Lv.3 材料 木材 ×4 ／持有 5 石材 ×3 ／持有 5 費用 6 金 ／持有 11 體力與時間 體力 12 ／目前 84 · 60 分鐘 鍛造熟練度 需求 Lv.2 ／目前 Lv.5 品質能力 目前最低品質：精良 · 普通 0%、精良 87%、稀有 10%、史詩 2.8%、傳說 0.2% 成功練習 本配方已達熟練上限 Lv.5 此配方已完成熟練；可製作其他配方或追求更高品質能力。 製作進階長矛",
        "inputRows": [
          "木材 ×4 ／持有 5",
          "石材 ×3 ／持有 5"
        ],
        "recipeControls": 1,
        "materialControls": 3,
        "selectedRecipe": "fieldSpear",
        "selectedMaterial": "none",
        "recipeLabel": "進階長矛\nSmithing Lv.2 已解鎖",
        "disabledReason": [],
        "finalSelection": {
          "recipeId": "fieldSpear",
          "recipeAriaPressed": true,
          "materialId": "none",
          "materialAriaPressed": true
        }
      },
      "selectionAndEquipment": {
        "instanceId": "item-53",
        "selected": true,
        "equippedSlots": [
          "weapon"
        ]
      }
    },
    {
      "item": {
        "instanceId": "item-54",
        "ownerId": "alden",
        "baseId": "chainArmor",
        "level": 3,
        "material": null,
        "rarity": "uncommon",
        "affixes": [
          {
            "id": "blocking",
            "tier": 1,
            "value": 4
          }
        ],
        "rolledStats": {
          "attack": 0,
          "defense": 4,
          "critical": 0,
          "penetration": 0,
          "bleed": 0,
          "block": 4,
          "reduction": 0
        },
        "specialTrait": null,
        "provenance": null,
        "craftProvenance": {
          "recipeId": "fieldArmor",
          "createdBy": "alden",
          "createdAt": 22278,
          "influenceMaterial": null,
          "masterpiece": false
        }
      },
      "workbench": {
        "available": true,
        "text": "工作台 實際工作台 雜貨店 · 服務時間 08:00–18:00。 選擇配方 木石長矛 Smithing Lv.1 已解鎖 進階長矛 Smithing Lv.2 已解鎖 鎖甲 Smithing Lv.2 已解鎖 鐵短劍 Smithing Lv.5 已解鎖 鎖甲 影響素材 素材會消耗 1 份，依選擇調整詞綴權重或條件式特性機率；不保證指定結果。品質機率只依鍛造熟練度能力調整。 不使用素材 🐺 狼皮 · 持有 1 成品 鎖甲 · 防具 · Lv.3 材料 鐵礦 ×2 ／持有 4 木材 ×1 ／持有 1 費用 8 金 ／持有 13 體力與時間 體力 12 ／目前 64 · 60 分鐘 鍛造熟練度 需求 Lv.2 ／目前 Lv.5 品質能力 目前最低品質：精良 · 普通 0%、精良 87%、稀有 10%、史詩 2.8%、傳說 0.2% 成功練習 本配方已達熟練上限 Lv.5 此配方已完成熟練；可製作其他配方或追求更高品質能力。 製作鎖甲",
        "inputRows": [
          "鐵礦 ×2 ／持有 4",
          "木材 ×1 ／持有 1"
        ],
        "recipeControls": 1,
        "materialControls": 2,
        "selectedRecipe": "fieldArmor",
        "selectedMaterial": "none",
        "recipeLabel": "鎖甲\nSmithing Lv.2 已解鎖",
        "disabledReason": [],
        "finalSelection": {
          "recipeId": "fieldArmor",
          "recipeAriaPressed": true,
          "materialId": "none",
          "materialAriaPressed": true
        }
      },
      "selectionAndEquipment": {
        "instanceId": "item-54",
        "selected": true,
        "equippedSlots": [
          "armor"
        ]
      }
    },
    {
      "item": {
        "instanceId": "item-55",
        "ownerId": "alden",
        "baseId": "spear",
        "level": 2,
        "material": null,
        "rarity": "uncommon",
        "affixes": [
          {
            "id": "keen",
            "tier": 1,
            "value": 3
          }
        ],
        "rolledStats": {
          "attack": 5,
          "defense": 0,
          "critical": 3,
          "penetration": 0,
          "bleed": 0,
          "block": 0,
          "reduction": 0
        },
        "specialTrait": null,
        "provenance": null,
        "craftProvenance": {
          "recipeId": "starterSpear",
          "createdBy": "alden",
          "createdAt": 22505,
          "influenceMaterial": null,
          "masterpiece": false
        }
      },
      "workbench": {
        "available": true,
        "text": "工作台 實際工作台 雜貨店 · 服務時間 08:00–18:00。 選擇配方 木石長矛 Smithing Lv.1 已解鎖 進階長矛 Smithing Lv.2 已解鎖 鎖甲 Smithing Lv.2 已解鎖 鐵短劍 Smithing Lv.5 已解鎖 木石長矛 影響素材 素材會消耗 1 份，依選擇調整詞綴權重或條件式特性機率；不保證指定結果。品質機率只依鍛造熟練度能力調整。 不使用素材 🦴 狼牙 · 持有 1 🌙 月石 · 持有 0 成品 獵矛 · 武器 · Lv.2 材料 木材 ×3 ／持有 4 石材 ×2 ／持有 2 費用 4 金 ／持有 13 體力與時間 體力 10 ／目前 32 · 45 分鐘 鍛造熟練度 需求 Lv.1 ／目前 Lv.5 品質能力 目前最低品質：精良 · 普通 0%、精良 87%、稀有 10%、史詩 2.8%、傳說 0.2% 成功練習 本配方已達熟練上限 Lv.3 此配方已完成熟練；可製作其他配方或追求更高品質能力。 製作木石長矛",
        "inputRows": [
          "木材 ×3 ／持有 4",
          "石材 ×2 ／持有 2"
        ],
        "recipeControls": 1,
        "materialControls": 3,
        "selectedRecipe": "starterSpear",
        "selectedMaterial": "none",
        "recipeLabel": "木石長矛\nSmithing Lv.1 已解鎖",
        "disabledReason": [],
        "finalSelection": {
          "recipeId": "starterSpear",
          "recipeAriaPressed": true,
          "materialId": "none",
          "materialAriaPressed": true
        }
      },
      "selectionAndEquipment": {
        "instanceId": "item-55",
        "selected": true,
        "equippedSlots": [
          "weapon"
        ]
      }
    },
    {
      "item": {
        "instanceId": "item-56",
        "ownerId": "alden",
        "baseId": "chainArmor",
        "level": 3,
        "material": null,
        "rarity": "uncommon",
        "affixes": [
          {
            "id": "sturdy",
            "tier": 1,
            "value": 1
          }
        ],
        "rolledStats": {
          "attack": 0,
          "defense": 5,
          "critical": 0,
          "penetration": 0,
          "bleed": 0,
          "block": 0,
          "reduction": 0
        },
        "specialTrait": null,
        "provenance": null,
        "craftProvenance": {
          "recipeId": "fieldArmor",
          "createdBy": "alden",
          "createdAt": 22553,
          "influenceMaterial": null,
          "masterpiece": false
        }
      },
      "workbench": {
        "available": true,
        "text": "工作台 實際工作台 雜貨店 · 服務時間 08:00–18:00。 選擇配方 木石長矛 Smithing Lv.1 已解鎖 進階長矛 Smithing Lv.2 已解鎖 鎖甲 Smithing Lv.2 已解鎖 鐵短劍 Smithing Lv.5 已解鎖 鎖甲 影響素材 素材會消耗 1 份，依選擇調整詞綴權重或條件式特性機率；不保證指定結果。品質機率只依鍛造熟練度能力調整。 不使用素材 🐺 狼皮 · 持有 1 成品 鎖甲 · 防具 · Lv.3 材料 鐵礦 ×2 ／持有 6 木材 ×1 ／持有 1 費用 8 金 ／持有 9 體力與時間 體力 12 ／目前 22 · 60 分鐘 鍛造熟練度 需求 Lv.2 ／目前 Lv.5 品質能力 目前最低品質：精良 · 普通 0%、精良 87%、稀有 10%、史詩 2.8%、傳說 0.2% 成功練習 本配方已達熟練上限 Lv.5 此配方已完成熟練；可製作其他配方或追求更高品質能力。 製作鎖甲",
        "inputRows": [
          "鐵礦 ×2 ／持有 6",
          "木材 ×1 ／持有 1"
        ],
        "recipeControls": 1,
        "materialControls": 2,
        "selectedRecipe": "fieldArmor",
        "selectedMaterial": "none",
        "recipeLabel": "鎖甲\nSmithing Lv.2 已解鎖",
        "disabledReason": [],
        "finalSelection": {
          "recipeId": "fieldArmor",
          "recipeAriaPressed": true,
          "materialId": "none",
          "materialAriaPressed": true
        }
      },
      "selectionAndEquipment": {
        "instanceId": "item-56",
        "selected": true,
        "equippedSlots": [
          "armor"
        ]
      }
    },
    {
      "item": {
        "instanceId": "item-57",
        "ownerId": "alden",
        "baseId": "spear",
        "level": 3,
        "material": null,
        "rarity": "uncommon",
        "affixes": [
          {
            "id": "piercing",
            "tier": 1,
            "value": 1
          }
        ],
        "rolledStats": {
          "attack": 5,
          "defense": 0,
          "critical": 0,
          "penetration": 1,
          "bleed": 0,
          "block": 0,
          "reduction": 0
        },
        "specialTrait": null,
        "provenance": null,
        "craftProvenance": {
          "recipeId": "fieldSpear",
          "createdBy": "alden",
          "createdAt": 23535,
          "influenceMaterial": null,
          "masterpiece": false
        }
      },
      "workbench": {
        "available": true,
        "text": "工作台 實際工作台 雜貨店 · 服務時間 08:00–18:00。 選擇配方 木石長矛 Smithing Lv.1 已解鎖 進階長矛 Smithing Lv.2 已解鎖 鎖甲 Smithing Lv.2 已解鎖 鐵短劍 Smithing Lv.5 已解鎖 進階長矛 影響素材 素材會消耗 1 份，依選擇調整詞綴權重或條件式特性機率；不保證指定結果。品質機率只依鍛造熟練度能力調整。 不使用素材 🦴 狼牙 · 持有 1 🌙 月石 · 持有 0 成品 獵矛 · 武器 · Lv.3 材料 木材 ×4 ／持有 4 石材 ×3 ／持有 4 費用 6 金 ／持有 9 體力與時間 體力 12 ／目前 84 · 60 分鐘 鍛造熟練度 需求 Lv.2 ／目前 Lv.5 品質能力 目前最低品質：精良 · 普通 0%、精良 87%、稀有 10%、史詩 2.8%、傳說 0.2% 成功練習 本配方已達熟練上限 Lv.5 此配方已完成熟練；可製作其他配方或追求更高品質能力。 製作進階長矛",
        "inputRows": [
          "木材 ×4 ／持有 4",
          "石材 ×3 ／持有 4"
        ],
        "recipeControls": 1,
        "materialControls": 3,
        "selectedRecipe": "fieldSpear",
        "selectedMaterial": "none",
        "recipeLabel": "進階長矛\nSmithing Lv.2 已解鎖",
        "disabledReason": [],
        "finalSelection": {
          "recipeId": "fieldSpear",
          "recipeAriaPressed": true,
          "materialId": "none",
          "materialAriaPressed": true
        }
      },
      "selectionAndEquipment": {
        "instanceId": "item-57",
        "selected": true,
        "equippedSlots": [
          "weapon"
        ]
      }
    },
    {
      "item": {
        "instanceId": "item-58",
        "ownerId": "alden",
        "baseId": "spear",
        "level": 3,
        "material": null,
        "rarity": "uncommon",
        "affixes": [
          {
            "id": "striking",
            "tier": 1,
            "value": 1
          }
        ],
        "rolledStats": {
          "attack": 6,
          "defense": 0,
          "critical": 0,
          "penetration": 0,
          "bleed": 0,
          "block": 0,
          "reduction": 0
        },
        "specialTrait": null,
        "provenance": null,
        "craftProvenance": {
          "recipeId": "fieldSpear",
          "createdBy": "alden",
          "createdAt": 23786,
          "influenceMaterial": null,
          "masterpiece": false
        }
      },
      "workbench": {
        "available": true,
        "text": "工作台 實際工作台 雜貨店 · 服務時間 08:00–18:00。 選擇配方 木石長矛 Smithing Lv.1 已解鎖 進階長矛 Smithing Lv.2 已解鎖 鎖甲 Smithing Lv.2 已解鎖 鐵短劍 Smithing Lv.5 已解鎖 進階長矛 影響素材 素材會消耗 1 份，依選擇調整詞綴權重或條件式特性機率；不保證指定結果。品質機率只依鍛造熟練度能力調整。 不使用素材 🦴 狼牙 · 持有 1 🌙 月石 · 持有 0 成品 獵矛 · 武器 · Lv.3 材料 木材 ×4 ／持有 4 石材 ×3 ／持有 5 費用 6 金 ／持有 11 體力與時間 體力 12 ／目前 52 · 60 分鐘 鍛造熟練度 需求 Lv.2 ／目前 Lv.5 品質能力 目前最低品質：精良 · 普通 0%、精良 87%、稀有 10%、史詩 2.8%、傳說 0.2% 成功練習 本配方已達熟練上限 Lv.5 此配方已完成熟練；可製作其他配方或追求更高品質能力。 製作進階長矛",
        "inputRows": [
          "木材 ×4 ／持有 4",
          "石材 ×3 ／持有 5"
        ],
        "recipeControls": 1,
        "materialControls": 3,
        "selectedRecipe": "fieldSpear",
        "selectedMaterial": "none",
        "recipeLabel": "進階長矛\nSmithing Lv.2 已解鎖",
        "disabledReason": [],
        "finalSelection": {
          "recipeId": "fieldSpear",
          "recipeAriaPressed": true,
          "materialId": "none",
          "materialAriaPressed": true
        }
      },
      "selectionAndEquipment": {
        "instanceId": "item-58",
        "selected": true,
        "equippedSlots": [
          "weapon"
        ]
      }
    },
    {
      "item": {
        "instanceId": "item-59",
        "ownerId": "alden",
        "baseId": "spear",
        "level": 2,
        "material": null,
        "rarity": "uncommon",
        "affixes": [
          {
            "id": "striking",
            "tier": 1,
            "value": 1
          }
        ],
        "rolledStats": {
          "attack": 6,
          "defense": 0,
          "critical": 0,
          "penetration": 0,
          "bleed": 0,
          "block": 0,
          "reduction": 0
        },
        "specialTrait": null,
        "provenance": null,
        "craftProvenance": {
          "recipeId": "starterSpear",
          "createdBy": "alden",
          "createdAt": 23905,
          "influenceMaterial": null,
          "masterpiece": false
        }
      },
      "workbench": {
        "available": true,
        "text": "工作台 實際工作台 雜貨店 · 服務時間 08:00–18:00。 選擇配方 木石長矛 Smithing Lv.1 已解鎖 進階長矛 Smithing Lv.2 已解鎖 鎖甲 Smithing Lv.2 已解鎖 鐵短劍 Smithing Lv.5 已解鎖 木石長矛 影響素材 素材會消耗 1 份，依選擇調整詞綴權重或條件式特性機率；不保證指定結果。品質機率只依鍛造熟練度能力調整。 不使用素材 🦴 狼牙 · 持有 1 🌙 月石 · 持有 0 成品 獵矛 · 武器 · Lv.2 材料 木材 ×3 ／持有 4 石材 ×2 ／持有 2 費用 4 金 ／持有 9 體力與時間 體力 10 ／目前 30 · 45 分鐘 鍛造熟練度 需求 Lv.1 ／目前 Lv.5 品質能力 目前最低品質：精良 · 普通 0%、精良 87%、稀有 10%、史詩 2.8%、傳說 0.2% 成功練習 本配方已達熟練上限 Lv.3 此配方已完成熟練；可製作其他配方或追求更高品質能力。 製作木石長矛",
        "inputRows": [
          "木材 ×3 ／持有 4",
          "石材 ×2 ／持有 2"
        ],
        "recipeControls": 1,
        "materialControls": 3,
        "selectedRecipe": "starterSpear",
        "selectedMaterial": "none",
        "recipeLabel": "木石長矛\nSmithing Lv.1 已解鎖",
        "disabledReason": [],
        "finalSelection": {
          "recipeId": "starterSpear",
          "recipeAriaPressed": true,
          "materialId": "none",
          "materialAriaPressed": true
        }
      },
      "selectionAndEquipment": {
        "instanceId": "item-59",
        "selected": true,
        "equippedSlots": [
          "weapon"
        ]
      }
    },
    {
      "item": {
        "instanceId": "item-60",
        "ownerId": "alden",
        "baseId": "spear",
        "level": 2,
        "material": null,
        "rarity": "uncommon",
        "affixes": [
          {
            "id": "bleeding",
            "tier": 1,
            "value": 1
          }
        ],
        "rolledStats": {
          "attack": 5,
          "defense": 0,
          "critical": 0,
          "penetration": 0,
          "bleed": 1,
          "block": 0,
          "reduction": 0
        },
        "specialTrait": null,
        "provenance": null,
        "craftProvenance": {
          "recipeId": "starterSpear",
          "createdBy": "alden",
          "createdAt": 25008,
          "influenceMaterial": null,
          "masterpiece": false
        }
      },
      "workbench": {
        "available": true,
        "text": "工作台 實際工作台 雜貨店 · 服務時間 08:00–18:00。 選擇配方 木石長矛 Smithing Lv.1 已解鎖 進階長矛 Smithing Lv.2 已解鎖 鎖甲 Smithing Lv.2 已解鎖 鐵短劍 Smithing Lv.5 已解鎖 木石長矛 影響素材 素材會消耗 1 份，依選擇調整詞綴權重或條件式特性機率；不保證指定結果。品質機率只依鍛造熟練度能力調整。 不使用素材 🦴 狼牙 · 持有 1 🌙 月石 · 持有 0 成品 獵矛 · 武器 · Lv.2 材料 木材 ×3 ／持有 6 石材 ×2 ／持有 4 費用 4 金 ／持有 5 體力與時間 體力 10 ／目前 84 · 45 分鐘 鍛造熟練度 需求 Lv.1 ／目前 Lv.5 品質能力 目前最低品質：精良 · 普通 0%、精良 87%、稀有 10%、史詩 2.8%、傳說 0.2% 成功練習 本配方已達熟練上限 Lv.3 此配方已完成熟練；可製作其他配方或追求更高品質能力。 製作木石長矛",
        "inputRows": [
          "木材 ×3 ／持有 6",
          "石材 ×2 ／持有 4"
        ],
        "recipeControls": 1,
        "materialControls": 3,
        "selectedRecipe": "starterSpear",
        "selectedMaterial": "none",
        "recipeLabel": "木石長矛\nSmithing Lv.1 已解鎖",
        "disabledReason": [],
        "finalSelection": {
          "recipeId": "starterSpear",
          "recipeAriaPressed": true,
          "materialId": "none",
          "materialAriaPressed": true
        }
      },
      "selectionAndEquipment": {
        "instanceId": "item-60",
        "selected": true,
        "equippedSlots": [
          "weapon"
        ]
      }
    },
    {
      "item": {
        "instanceId": "item-61",
        "ownerId": "alden",
        "baseId": "spear",
        "level": 2,
        "material": "wolfFang",
        "rarity": "uncommon",
        "affixes": [
          {
            "id": "bleeding",
            "tier": 1,
            "value": 1
          }
        ],
        "rolledStats": {
          "attack": 5,
          "defense": 0,
          "critical": 0,
          "penetration": 0,
          "bleed": 1,
          "block": 0,
          "reduction": 0
        },
        "specialTrait": null,
        "provenance": null,
        "craftProvenance": {
          "recipeId": "starterSpear",
          "createdBy": "alden",
          "createdAt": 25081,
          "influenceMaterial": "wolfFang",
          "masterpiece": false
        }
      },
      "workbench": {
        "available": true,
        "text": "工作台 實際工作台 雜貨店 · 服務時間 08:00–18:00。 選擇配方 木石長矛 Smithing Lv.1 已解鎖 進階長矛 Smithing Lv.2 已解鎖 鎖甲 Smithing Lv.2 已解鎖 鐵短劍 Smithing Lv.5 已解鎖 木石長矛 影響素材 素材會消耗 1 份，依選擇調整詞綴權重或條件式特性機率；不保證指定結果。品質機率只依鍛造熟練度能力調整。 不使用素材 🦴 狼牙 · 持有 2 🌙 月石 · 持有 0 成品 獵矛 · 武器 · Lv.2 材料 木材 ×3 ／持有 3 石材 ×2 ／持有 2 費用 4 金 ／持有 13 體力與時間 體力 10 ／目前 66 · 45 分鐘 鍛造熟練度 需求 Lv.1 ／目前 Lv.5 品質能力 目前最低品質：精良 · 普通 0%、精良 87%、稀有 10%、史詩 2.8%、傳說 0.2% 成功練習 本配方已達熟練上限 Lv.3 此配方已完成熟練；可製作其他配方或追求更高品質能力。 製作木石長矛",
        "inputRows": [
          "木材 ×3 ／持有 3",
          "石材 ×2 ／持有 2"
        ],
        "recipeControls": 1,
        "materialControls": 3,
        "selectedRecipe": "starterSpear",
        "selectedMaterial": "none",
        "recipeLabel": "木石長矛\nSmithing Lv.1 已解鎖",
        "disabledReason": [],
        "finalSelection": {
          "recipeId": "starterSpear",
          "recipeAriaPressed": true,
          "materialId": "wolfFang",
          "materialAriaPressed": true
        }
      },
      "selectionAndEquipment": {
        "instanceId": "item-61",
        "selected": true,
        "equippedSlots": [
          "weapon"
        ]
      }
    },
    {
      "item": {
        "instanceId": "item-62",
        "ownerId": "alden",
        "baseId": "chainArmor",
        "level": 3,
        "material": null,
        "rarity": "uncommon",
        "affixes": [
          {
            "id": "blocking",
            "tier": 1,
            "value": 4
          }
        ],
        "rolledStats": {
          "attack": 0,
          "defense": 4,
          "critical": 0,
          "penetration": 0,
          "bleed": 0,
          "block": 4,
          "reduction": 0
        },
        "specialTrait": null,
        "provenance": null,
        "craftProvenance": {
          "recipeId": "fieldArmor",
          "createdBy": "alden",
          "createdAt": 25174,
          "influenceMaterial": null,
          "masterpiece": false
        }
      },
      "workbench": {
        "available": true,
        "text": "工作台 實際工作台 雜貨店 · 服務時間 08:00–18:00。 選擇配方 木石長矛 Smithing Lv.1 已解鎖 進階長矛 Smithing Lv.2 已解鎖 鎖甲 Smithing Lv.2 已解鎖 鐵短劍 Smithing Lv.5 已解鎖 鎖甲 影響素材 素材會消耗 1 份，依選擇調整詞綴權重或條件式特性機率；不保證指定結果。品質機率只依鍛造熟練度能力調整。 不使用素材 🐺 狼皮 · 持有 1 成品 鎖甲 · 防具 · Lv.3 材料 鐵礦 ×2 ／持有 4 木材 ×1 ／持有 5 費用 8 金 ／持有 13 體力與時間 體力 12 ／目前 46 · 60 分鐘 鍛造熟練度 需求 Lv.2 ／目前 Lv.5 品質能力 目前最低品質：精良 · 普通 0%、精良 87%、稀有 10%、史詩 2.8%、傳說 0.2% 成功練習 本配方已達熟練上限 Lv.5 此配方已完成熟練；可製作其他配方或追求更高品質能力。 製作鎖甲",
        "inputRows": [
          "鐵礦 ×2 ／持有 4",
          "木材 ×1 ／持有 5"
        ],
        "recipeControls": 1,
        "materialControls": 2,
        "selectedRecipe": "fieldArmor",
        "selectedMaterial": "none",
        "recipeLabel": "鎖甲\nSmithing Lv.2 已解鎖",
        "disabledReason": [],
        "finalSelection": {
          "recipeId": "fieldArmor",
          "recipeAriaPressed": true,
          "materialId": "none",
          "materialAriaPressed": true
        }
      },
      "selectionAndEquipment": {
        "instanceId": "item-62",
        "selected": true,
        "equippedSlots": [
          "armor"
        ]
      }
    },
    {
      "item": {
        "instanceId": "item-63",
        "ownerId": "alden",
        "baseId": "chainArmor",
        "level": 3,
        "material": null,
        "rarity": "uncommon",
        "affixes": [
          {
            "id": "blocking",
            "tier": 1,
            "value": 4
          }
        ],
        "rolledStats": {
          "attack": 0,
          "defense": 4,
          "critical": 0,
          "penetration": 0,
          "bleed": 0,
          "block": 4,
          "reduction": 0
        },
        "specialTrait": null,
        "provenance": null,
        "craftProvenance": {
          "recipeId": "fieldArmor",
          "createdBy": "alden",
          "createdAt": 25354,
          "influenceMaterial": null,
          "masterpiece": false
        }
      },
      "workbench": {
        "available": true,
        "text": "工作台 實際工作台 雜貨店 · 服務時間 08:00–18:00。 選擇配方 木石長矛 Smithing Lv.1 已解鎖 進階長矛 Smithing Lv.2 已解鎖 鎖甲 Smithing Lv.2 已解鎖 鐵短劍 Smithing Lv.5 已解鎖 鎖甲 影響素材 素材會消耗 1 份，依選擇調整詞綴權重或條件式特性機率；不保證指定結果。品質機率只依鍛造熟練度能力調整。 不使用素材 🐺 狼皮 · 持有 1 成品 鎖甲 · 防具 · Lv.3 材料 鐵礦 ×2 ／持有 6 木材 ×1 ／持有 4 費用 8 金 ／持有 9 體力與時間 體力 12 ／目前 24 · 60 分鐘 鍛造熟練度 需求 Lv.2 ／目前 Lv.5 品質能力 目前最低品質：精良 · 普通 0%、精良 87%、稀有 10%、史詩 2.8%、傳說 0.2% 成功練習 本配方已達熟練上限 Lv.5 此配方已完成熟練；可製作其他配方或追求更高品質能力。 製作鎖甲",
        "inputRows": [
          "鐵礦 ×2 ／持有 6",
          "木材 ×1 ／持有 4"
        ],
        "recipeControls": 1,
        "materialControls": 2,
        "selectedRecipe": "fieldArmor",
        "selectedMaterial": "none",
        "recipeLabel": "鎖甲\nSmithing Lv.2 已解鎖",
        "disabledReason": [],
        "finalSelection": {
          "recipeId": "fieldArmor",
          "recipeAriaPressed": true,
          "materialId": "none",
          "materialAriaPressed": true
        }
      },
      "selectionAndEquipment": {
        "instanceId": "item-63",
        "selected": true,
        "equippedSlots": [
          "armor"
        ]
      }
    },
    {
      "item": {
        "instanceId": "item-64",
        "ownerId": "alden",
        "baseId": "spear",
        "level": 2,
        "material": null,
        "rarity": "uncommon",
        "affixes": [
          {
            "id": "piercing",
            "tier": 1,
            "value": 1
          }
        ],
        "rolledStats": {
          "attack": 5,
          "defense": 0,
          "critical": 0,
          "penetration": 1,
          "bleed": 0,
          "block": 0,
          "reduction": 0
        },
        "specialTrait": null,
        "provenance": null,
        "craftProvenance": {
          "recipeId": "starterSpear",
          "createdBy": "alden",
          "createdAt": 26444,
          "influenceMaterial": null,
          "masterpiece": false
        }
      },
      "workbench": {
        "available": true,
        "text": "工作台 實際工作台 雜貨店 · 服務時間 08:00–18:00。 選擇配方 木石長矛 Smithing Lv.1 已解鎖 進階長矛 Smithing Lv.2 已解鎖 鎖甲 Smithing Lv.2 已解鎖 鐵短劍 Smithing Lv.5 已解鎖 木石長矛 影響素材 素材會消耗 1 份，依選擇調整詞綴權重或條件式特性機率；不保證指定結果。品質機率只依鍛造熟練度能力調整。 不使用素材 🦴 狼牙 · 持有 1 🌙 月石 · 持有 0 成品 獵矛 · 武器 · Lv.2 材料 木材 ×3 ／持有 3 石材 ×2 ／持有 5 費用 4 金 ／持有 5 體力與時間 體力 10 ／目前 84 · 45 分鐘 鍛造熟練度 需求 Lv.1 ／目前 Lv.5 品質能力 目前最低品質：精良 · 普通 0%、精良 87%、稀有 10%、史詩 2.8%、傳說 0.2% 成功練習 本配方已達熟練上限 Lv.3 此配方已完成熟練；可製作其他配方或追求更高品質能力。 製作木石長矛",
        "inputRows": [
          "木材 ×3 ／持有 3",
          "石材 ×2 ／持有 5"
        ],
        "recipeControls": 1,
        "materialControls": 3,
        "selectedRecipe": "starterSpear",
        "selectedMaterial": "none",
        "recipeLabel": "木石長矛\nSmithing Lv.1 已解鎖",
        "disabledReason": [],
        "finalSelection": {
          "recipeId": "starterSpear",
          "recipeAriaPressed": true,
          "materialId": "none",
          "materialAriaPressed": true
        }
      },
      "selectionAndEquipment": {
        "instanceId": "item-64",
        "selected": true,
        "equippedSlots": [
          "weapon"
        ]
      }
    },
    {
      "item": {
        "instanceId": "item-65",
        "ownerId": "alden",
        "baseId": "spear",
        "level": 2,
        "material": null,
        "rarity": "uncommon",
        "affixes": [
          {
            "id": "bleeding",
            "tier": 1,
            "value": 1
          }
        ],
        "rolledStats": {
          "attack": 5,
          "defense": 0,
          "critical": 0,
          "penetration": 0,
          "bleed": 1,
          "block": 0,
          "reduction": 0
        },
        "specialTrait": null,
        "provenance": null,
        "craftProvenance": {
          "recipeId": "starterSpear",
          "createdBy": "alden",
          "createdAt": 26547,
          "influenceMaterial": null,
          "masterpiece": false
        }
      },
      "workbench": {
        "available": true,
        "text": "工作台 實際工作台 雜貨店 · 服務時間 08:00–18:00。 選擇配方 木石長矛 Smithing Lv.1 已解鎖 進階長矛 Smithing Lv.2 已解鎖 鎖甲 Smithing Lv.2 已解鎖 鐵短劍 Smithing Lv.5 已解鎖 木石長矛 影響素材 素材會消耗 1 份，依選擇調整詞綴權重或條件式特性機率；不保證指定結果。品質機率只依鍛造熟練度能力調整。 不使用素材 🦴 狼牙 · 持有 1 🌙 月石 · 持有 0 成品 獵矛 · 武器 · Lv.2 材料 木材 ×3 ／持有 5 石材 ×2 ／持有 3 費用 4 金 ／持有 5 體力與時間 體力 10 ／目前 64 · 45 分鐘 鍛造熟練度 需求 Lv.1 ／目前 Lv.5 品質能力 目前最低品質：精良 · 普通 0%、精良 87%、稀有 10%、史詩 2.8%、傳說 0.2% 成功練習 本配方已達熟練上限 Lv.3 此配方已完成熟練；可製作其他配方或追求更高品質能力。 製作木石長矛",
        "inputRows": [
          "木材 ×3 ／持有 5",
          "石材 ×2 ／持有 3"
        ],
        "recipeControls": 1,
        "materialControls": 3,
        "selectedRecipe": "starterSpear",
        "selectedMaterial": "none",
        "recipeLabel": "木石長矛\nSmithing Lv.1 已解鎖",
        "disabledReason": [],
        "finalSelection": {
          "recipeId": "starterSpear",
          "recipeAriaPressed": true,
          "materialId": "none",
          "materialAriaPressed": true
        }
      },
      "selectionAndEquipment": {
        "instanceId": "item-65",
        "selected": true,
        "equippedSlots": [
          "weapon"
        ]
      }
    },
    {
      "item": {
        "instanceId": "item-66",
        "ownerId": "alden",
        "baseId": "spear",
        "level": 3,
        "material": null,
        "rarity": "rare",
        "affixes": [
          {
            "id": "keen",
            "tier": 1,
            "value": 3
          },
          {
            "id": "bleeding",
            "tier": 1,
            "value": 1
          }
        ],
        "rolledStats": {
          "attack": 5,
          "defense": 0,
          "critical": 3,
          "penetration": 0,
          "bleed": 1,
          "block": 0,
          "reduction": 0
        },
        "specialTrait": null,
        "provenance": null,
        "craftProvenance": {
          "recipeId": "fieldSpear",
          "createdBy": "alden",
          "createdAt": 26782,
          "influenceMaterial": null,
          "masterpiece": false
        }
      },
      "workbench": {
        "available": true,
        "text": "工作台 實際工作台 雜貨店 · 服務時間 08:00–18:00。 選擇配方 木石長矛 Smithing Lv.1 已解鎖 進階長矛 Smithing Lv.2 已解鎖 鎖甲 Smithing Lv.2 已解鎖 鐵短劍 Smithing Lv.5 已解鎖 進階長矛 影響素材 素材會消耗 1 份，依選擇調整詞綴權重或條件式特性機率；不保證指定結果。品質機率只依鍛造熟練度能力調整。 不使用素材 🦴 狼牙 · 持有 1 🌙 月石 · 持有 0 成品 獵矛 · 武器 · Lv.3 材料 木材 ×4 ／持有 7 石材 ×3 ／持有 6 費用 6 金 ／持有 9 體力與時間 體力 12 ／目前 34 · 60 分鐘 鍛造熟練度 需求 Lv.2 ／目前 Lv.5 品質能力 目前最低品質：精良 · 普通 0%、精良 87%、稀有 10%、史詩 2.8%、傳說 0.2% 成功練習 本配方已達熟練上限 Lv.5 此配方已完成熟練；可製作其他配方或追求更高品質能力。 製作進階長矛",
        "inputRows": [
          "木材 ×4 ／持有 7",
          "石材 ×3 ／持有 6"
        ],
        "recipeControls": 1,
        "materialControls": 3,
        "selectedRecipe": "fieldSpear",
        "selectedMaterial": "none",
        "recipeLabel": "進階長矛\nSmithing Lv.2 已解鎖",
        "disabledReason": [],
        "finalSelection": {
          "recipeId": "fieldSpear",
          "recipeAriaPressed": true,
          "materialId": "none",
          "materialAriaPressed": true
        }
      },
      "selectionAndEquipment": {
        "instanceId": "item-66",
        "selected": true,
        "equippedSlots": [
          "weapon"
        ]
      }
    },
    {
      "item": {
        "instanceId": "item-68",
        "ownerId": "alden",
        "baseId": "spear",
        "level": 2,
        "material": "wolfFang",
        "rarity": "uncommon",
        "affixes": [
          {
            "id": "piercing",
            "tier": 1,
            "value": 1
          }
        ],
        "rolledStats": {
          "attack": 5,
          "defense": 0,
          "critical": 0,
          "penetration": 1,
          "bleed": 0,
          "block": 0,
          "reduction": 0
        },
        "specialTrait": null,
        "provenance": null,
        "craftProvenance": {
          "recipeId": "starterSpear",
          "createdBy": "alden",
          "createdAt": 27944,
          "influenceMaterial": "wolfFang",
          "masterpiece": false
        }
      },
      "workbench": {
        "available": true,
        "text": "工作台 實際工作台 雜貨店 · 服務時間 08:00–18:00。 選擇配方 木石長矛 Smithing Lv.1 已解鎖 進階長矛 Smithing Lv.2 已解鎖 鎖甲 Smithing Lv.2 已解鎖 鐵短劍 Smithing Lv.5 已解鎖 木石長矛 影響素材 素材會消耗 1 份，依選擇調整詞綴權重或條件式特性機率；不保證指定結果。品質機率只依鍛造熟練度能力調整。 不使用素材 🦴 狼牙 · 持有 2 🌙 月石 · 持有 0 成品 獵矛 · 武器 · Lv.2 材料 木材 ×3 ／持有 3 石材 ×2 ／持有 3 費用 4 金 ／持有 15 體力與時間 體力 10 ／目前 76 · 45 分鐘 鍛造熟練度 需求 Lv.1 ／目前 Lv.5 品質能力 目前最低品質：精良 · 普通 0%、精良 87%、稀有 10%、史詩 2.8%、傳說 0.2% 成功練習 本配方已達熟練上限 Lv.3 此配方已完成熟練；可製作其他配方或追求更高品質能力。 製作木石長矛",
        "inputRows": [
          "木材 ×3 ／持有 3",
          "石材 ×2 ／持有 3"
        ],
        "recipeControls": 1,
        "materialControls": 3,
        "selectedRecipe": "starterSpear",
        "selectedMaterial": "none",
        "recipeLabel": "木石長矛\nSmithing Lv.1 已解鎖",
        "disabledReason": [],
        "finalSelection": {
          "recipeId": "starterSpear",
          "recipeAriaPressed": true,
          "materialId": "wolfFang",
          "materialAriaPressed": true
        }
      },
      "selectionAndEquipment": {
        "instanceId": "item-68",
        "selected": true,
        "equippedSlots": [
          "weapon"
        ]
      }
    },
    {
      "item": {
        "instanceId": "item-69",
        "ownerId": "alden",
        "baseId": "chainArmor",
        "level": 3,
        "material": null,
        "rarity": "uncommon",
        "affixes": [
          {
            "id": "blocking",
            "tier": 1,
            "value": 4
          }
        ],
        "rolledStats": {
          "attack": 0,
          "defense": 4,
          "critical": 0,
          "penetration": 0,
          "bleed": 0,
          "block": 4,
          "reduction": 0
        },
        "specialTrait": null,
        "provenance": null,
        "craftProvenance": {
          "recipeId": "fieldArmor",
          "createdBy": "alden",
          "createdAt": 28036,
          "influenceMaterial": null,
          "masterpiece": false
        }
      },
      "workbench": {
        "available": true,
        "text": "工作台 實際工作台 雜貨店 · 服務時間 08:00–18:00。 選擇配方 木石長矛 Smithing Lv.1 已解鎖 進階長矛 Smithing Lv.2 已解鎖 鎖甲 Smithing Lv.2 已解鎖 鐵短劍 Smithing Lv.5 已解鎖 鎖甲 影響素材 素材會消耗 1 份，依選擇調整詞綴權重或條件式特性機率；不保證指定結果。品質機率只依鍛造熟練度能力調整。 不使用素材 🐺 狼皮 · 持有 1 成品 鎖甲 · 防具 · Lv.3 材料 鐵礦 ×2 ／持有 4 木材 ×1 ／持有 5 費用 8 金 ／持有 15 體力與時間 體力 12 ／目前 56 · 60 分鐘 鍛造熟練度 需求 Lv.2 ／目前 Lv.5 品質能力 目前最低品質：精良 · 普通 0%、精良 87%、稀有 10%、史詩 2.8%、傳說 0.2% 成功練習 本配方已達熟練上限 Lv.5 此配方已完成熟練；可製作其他配方或追求更高品質能力。 製作鎖甲",
        "inputRows": [
          "鐵礦 ×2 ／持有 4",
          "木材 ×1 ／持有 5"
        ],
        "recipeControls": 1,
        "materialControls": 2,
        "selectedRecipe": "fieldArmor",
        "selectedMaterial": "none",
        "recipeLabel": "鎖甲\nSmithing Lv.2 已解鎖",
        "disabledReason": [],
        "finalSelection": {
          "recipeId": "fieldArmor",
          "recipeAriaPressed": true,
          "materialId": "none",
          "materialAriaPressed": true
        }
      },
      "selectionAndEquipment": {
        "instanceId": "item-69",
        "selected": true,
        "equippedSlots": [
          "armor"
        ]
      }
    },
    {
      "item": {
        "instanceId": "item-70",
        "ownerId": "alden",
        "baseId": "chainArmor",
        "level": 3,
        "material": null,
        "rarity": "uncommon",
        "affixes": [
          {
            "id": "blocking",
            "tier": 1,
            "value": 4
          }
        ],
        "rolledStats": {
          "attack": 0,
          "defense": 4,
          "critical": 0,
          "penetration": 0,
          "bleed": 0,
          "block": 4,
          "reduction": 0
        },
        "specialTrait": null,
        "provenance": null,
        "craftProvenance": {
          "recipeId": "fieldArmor",
          "createdBy": "alden",
          "createdAt": 28215,
          "influenceMaterial": null,
          "masterpiece": false
        }
      },
      "workbench": {
        "available": true,
        "text": "工作台 實際工作台 雜貨店 · 服務時間 08:00–18:00。 選擇配方 木石長矛 Smithing Lv.1 已解鎖 進階長矛 Smithing Lv.2 已解鎖 鎖甲 Smithing Lv.2 已解鎖 鐵短劍 Smithing Lv.5 已解鎖 鎖甲 影響素材 素材會消耗 1 份，依選擇調整詞綴權重或條件式特性機率；不保證指定結果。品質機率只依鍛造熟練度能力調整。 不使用素材 🐺 狼皮 · 持有 1 成品 鎖甲 · 防具 · Lv.3 材料 鐵礦 ×2 ／持有 7 木材 ×1 ／持有 4 費用 8 金 ／持有 11 體力與時間 體力 12 ／目前 34 · 60 分鐘 鍛造熟練度 需求 Lv.2 ／目前 Lv.5 品質能力 目前最低品質：精良 · 普通 0%、精良 87%、稀有 10%、史詩 2.8%、傳說 0.2% 成功練習 本配方已達熟練上限 Lv.5 此配方已完成熟練；可製作其他配方或追求更高品質能力。 製作鎖甲",
        "inputRows": [
          "鐵礦 ×2 ／持有 7",
          "木材 ×1 ／持有 4"
        ],
        "recipeControls": 1,
        "materialControls": 2,
        "selectedRecipe": "fieldArmor",
        "selectedMaterial": "none",
        "recipeLabel": "鎖甲\nSmithing Lv.2 已解鎖",
        "disabledReason": [],
        "finalSelection": {
          "recipeId": "fieldArmor",
          "recipeAriaPressed": true,
          "materialId": "none",
          "materialAriaPressed": true
        }
      },
      "selectionAndEquipment": {
        "instanceId": "item-70",
        "selected": true,
        "equippedSlots": [
          "armor"
        ]
      }
    },
    {
      "item": {
        "instanceId": "item-71",
        "ownerId": "alden",
        "baseId": "spear",
        "level": 2,
        "material": null,
        "rarity": "uncommon",
        "affixes": [
          {
            "id": "striking",
            "tier": 1,
            "value": 1
          }
        ],
        "rolledStats": {
          "attack": 6,
          "defense": 0,
          "critical": 0,
          "penetration": 0,
          "bleed": 0,
          "block": 0,
          "reduction": 0
        },
        "specialTrait": null,
        "provenance": null,
        "craftProvenance": {
          "recipeId": "starterSpear",
          "createdBy": "alden",
          "createdAt": 28385,
          "influenceMaterial": null,
          "masterpiece": false
        }
      },
      "workbench": {
        "available": true,
        "text": "工作台 實際工作台 雜貨店 · 服務時間 08:00–18:00。 選擇配方 木石長矛 Smithing Lv.1 已解鎖 進階長矛 Smithing Lv.2 已解鎖 鎖甲 Smithing Lv.2 已解鎖 鐵短劍 Smithing Lv.5 已解鎖 木石長矛 影響素材 素材會消耗 1 份，依選擇調整詞綴權重或條件式特性機率；不保證指定結果。品質機率只依鍛造熟練度能力調整。 不使用素材 🦴 狼牙 · 持有 1 🌙 月石 · 持有 0 成品 獵矛 · 武器 · Lv.2 材料 木材 ×3 ／持有 3 石材 ×2 ／持有 6 費用 4 金 ／持有 7 體力與時間 體力 10 ／目前 12 · 45 分鐘 鍛造熟練度 需求 Lv.1 ／目前 Lv.5 品質能力 目前最低品質：精良 · 普通 0%、精良 87%、稀有 10%、史詩 2.8%、傳說 0.2% 成功練習 本配方已達熟練上限 Lv.3 此配方已完成熟練；可製作其他配方或追求更高品質能力。 製作木石長矛",
        "inputRows": [
          "木材 ×3 ／持有 3",
          "石材 ×2 ／持有 6"
        ],
        "recipeControls": 1,
        "materialControls": 3,
        "selectedRecipe": "starterSpear",
        "selectedMaterial": "none",
        "recipeLabel": "木石長矛\nSmithing Lv.1 已解鎖",
        "disabledReason": [],
        "finalSelection": {
          "recipeId": "starterSpear",
          "recipeAriaPressed": true,
          "materialId": "none",
          "materialAriaPressed": true
        }
      },
      "selectionAndEquipment": {
        "instanceId": "item-71",
        "selected": true,
        "equippedSlots": [
          "weapon"
        ]
      }
    },
    {
      "item": {
        "instanceId": "item-72",
        "ownerId": "alden",
        "baseId": "spear",
        "level": 3,
        "material": null,
        "rarity": "uncommon",
        "affixes": [
          {
            "id": "striking",
            "tier": 1,
            "value": 1
          }
        ],
        "rolledStats": {
          "attack": 6,
          "defense": 0,
          "critical": 0,
          "penetration": 0,
          "bleed": 0,
          "block": 0,
          "reduction": 0
        },
        "specialTrait": null,
        "provenance": null,
        "craftProvenance": {
          "recipeId": "fieldSpear",
          "createdBy": "alden",
          "createdAt": 29361,
          "influenceMaterial": null,
          "masterpiece": false
        }
      },
      "workbench": {
        "available": true,
        "text": "工作台 實際工作台 雜貨店 · 服務時間 08:00–18:00。 選擇配方 木石長矛 Smithing Lv.1 已解鎖 進階長矛 Smithing Lv.2 已解鎖 鎖甲 Smithing Lv.2 已解鎖 鐵短劍 Smithing Lv.5 已解鎖 進階長矛 影響素材 素材會消耗 1 份，依選擇調整詞綴權重或條件式特性機率；不保證指定結果。品質機率只依鍛造熟練度能力調整。 不使用素材 🦴 狼牙 · 持有 1 🌙 月石 · 持有 0 成品 獵矛 · 武器 · Lv.3 材料 木材 ×4 ／持有 5 石材 ×3 ／持有 4 費用 6 金 ／持有 7 體力與時間 體力 12 ／目前 84 · 60 分鐘 鍛造熟練度 需求 Lv.2 ／目前 Lv.5 品質能力 目前最低品質：精良 · 普通 0%、精良 87%、稀有 10%、史詩 2.8%、傳說 0.2% 成功練習 本配方已達熟練上限 Lv.5 此配方已完成熟練；可製作其他配方或追求更高品質能力。 製作進階長矛",
        "inputRows": [
          "木材 ×4 ／持有 5",
          "石材 ×3 ／持有 4"
        ],
        "recipeControls": 1,
        "materialControls": 3,
        "selectedRecipe": "fieldSpear",
        "selectedMaterial": "none",
        "recipeLabel": "進階長矛\nSmithing Lv.2 已解鎖",
        "disabledReason": [],
        "finalSelection": {
          "recipeId": "fieldSpear",
          "recipeAriaPressed": true,
          "materialId": "none",
          "materialAriaPressed": true
        }
      },
      "selectionAndEquipment": {
        "instanceId": "item-72",
        "selected": true,
        "equippedSlots": [
          "weapon"
        ]
      }
    },
    {
      "item": {
        "instanceId": "item-73",
        "ownerId": "alden",
        "baseId": "spear",
        "level": 3,
        "material": null,
        "rarity": "uncommon",
        "affixes": [
          {
            "id": "striking",
            "tier": 1,
            "value": 1
          }
        ],
        "rolledStats": {
          "attack": 6,
          "defense": 0,
          "critical": 0,
          "penetration": 0,
          "bleed": 0,
          "block": 0,
          "reduction": 0
        },
        "specialTrait": null,
        "provenance": null,
        "craftProvenance": {
          "recipeId": "fieldSpear",
          "createdBy": "alden",
          "createdAt": 29717,
          "influenceMaterial": null,
          "masterpiece": false
        }
      },
      "workbench": {
        "available": true,
        "text": "工作台 實際工作台 雜貨店 · 服務時間 08:00–18:00。 選擇配方 木石長矛 Smithing Lv.1 已解鎖 進階長矛 Smithing Lv.2 已解鎖 鎖甲 Smithing Lv.2 已解鎖 鐵短劍 Smithing Lv.5 已解鎖 進階長矛 影響素材 素材會消耗 1 份，依選擇調整詞綴權重或條件式特性機率；不保證指定結果。品質機率只依鍛造熟練度能力調整。 不使用素材 🦴 狼牙 · 持有 1 🌙 月石 · 持有 0 成品 獵矛 · 武器 · Lv.3 材料 木材 ×4 ／持有 6 石材 ×3 ／持有 6 費用 6 金 ／持有 9 體力與時間 體力 12 ／目前 52 · 60 分鐘 鍛造熟練度 需求 Lv.2 ／目前 Lv.5 品質能力 目前最低品質：精良 · 普通 0%、精良 87%、稀有 10%、史詩 2.8%、傳說 0.2% 成功練習 本配方已達熟練上限 Lv.5 此配方已完成熟練；可製作其他配方或追求更高品質能力。 製作進階長矛",
        "inputRows": [
          "木材 ×4 ／持有 6",
          "石材 ×3 ／持有 6"
        ],
        "recipeControls": 1,
        "materialControls": 3,
        "selectedRecipe": "fieldSpear",
        "selectedMaterial": "none",
        "recipeLabel": "進階長矛\nSmithing Lv.2 已解鎖",
        "disabledReason": [],
        "finalSelection": {
          "recipeId": "fieldSpear",
          "recipeAriaPressed": true,
          "materialId": "none",
          "materialAriaPressed": true
        }
      },
      "selectionAndEquipment": {
        "instanceId": "item-73",
        "selected": true,
        "equippedSlots": [
          "weapon"
        ]
      }
    },
    {
      "item": {
        "instanceId": "item-74",
        "ownerId": "alden",
        "baseId": "spear",
        "level": 3,
        "material": null,
        "rarity": "epic",
        "affixes": [
          {
            "id": "piercing",
            "tier": 1,
            "value": 1
          },
          {
            "id": "bleeding",
            "tier": 1,
            "value": 1
          },
          {
            "id": "striking",
            "tier": 1,
            "value": 1
          }
        ],
        "rolledStats": {
          "attack": 6,
          "defense": 0,
          "critical": 0,
          "penetration": 1,
          "bleed": 1,
          "block": 0,
          "reduction": 0
        },
        "specialTrait": null,
        "provenance": null,
        "craftProvenance": {
          "recipeId": "fieldSpear",
          "createdBy": "alden",
          "createdAt": 29835,
          "influenceMaterial": null,
          "masterpiece": false
        }
      },
      "workbench": {
        "available": true,
        "text": "工作台 實際工作台 雜貨店 · 服務時間 08:00–18:00。 選擇配方 木石長矛 Smithing Lv.1 已解鎖 進階長矛 Smithing Lv.2 已解鎖 鎖甲 Smithing Lv.2 已解鎖 鐵短劍 Smithing Lv.5 已解鎖 進階長矛 影響素材 素材會消耗 1 份，依選擇調整詞綴權重或條件式特性機率；不保證指定結果。品質機率只依鍛造熟練度能力調整。 不使用素材 🦴 狼牙 · 持有 1 🌙 月石 · 持有 0 成品 獵矛 · 武器 · Lv.3 材料 木材 ×4 ／持有 7 石材 ×3 ／持有 3 費用 6 金 ／持有 7 體力與時間 體力 12 ／目前 30 · 60 分鐘 鍛造熟練度 需求 Lv.2 ／目前 Lv.5 品質能力 目前最低品質：精良 · 普通 0%、精良 87%、稀有 10%、史詩 2.8%、傳說 0.2% 成功練習 本配方已達熟練上限 Lv.5 此配方已完成熟練；可製作其他配方或追求更高品質能力。 製作進階長矛",
        "inputRows": [
          "木材 ×4 ／持有 7",
          "石材 ×3 ／持有 3"
        ],
        "recipeControls": 1,
        "materialControls": 3,
        "selectedRecipe": "fieldSpear",
        "selectedMaterial": "none",
        "recipeLabel": "進階長矛\nSmithing Lv.2 已解鎖",
        "disabledReason": [],
        "finalSelection": {
          "recipeId": "fieldSpear",
          "recipeAriaPressed": true,
          "materialId": "none",
          "materialAriaPressed": true
        }
      },
      "selectionAndEquipment": {
        "instanceId": "item-74",
        "selected": true,
        "equippedSlots": [
          "weapon"
        ]
      }
    },
    {
      "item": {
        "instanceId": "item-75",
        "ownerId": "alden",
        "baseId": "spear",
        "level": 2,
        "material": null,
        "rarity": "uncommon",
        "affixes": [
          {
            "id": "bleeding",
            "tier": 1,
            "value": 1
          }
        ],
        "rolledStats": {
          "attack": 5,
          "defense": 0,
          "critical": 0,
          "penetration": 0,
          "bleed": 1,
          "block": 0,
          "reduction": 0
        },
        "specialTrait": null,
        "provenance": null,
        "craftProvenance": {
          "recipeId": "starterSpear",
          "createdBy": "alden",
          "createdAt": 30748,
          "influenceMaterial": null,
          "masterpiece": false
        }
      },
      "workbench": {
        "available": true,
        "text": "工作台 實際工作台 雜貨店 · 服務時間 08:00–18:00。 選擇配方 木石長矛 Smithing Lv.1 已解鎖 進階長矛 Smithing Lv.2 已解鎖 鎖甲 Smithing Lv.2 已解鎖 鐵短劍 Smithing Lv.5 已解鎖 木石長矛 影響素材 素材會消耗 1 份，依選擇調整詞綴權重或條件式特性機率；不保證指定結果。品質機率只依鍛造熟練度能力調整。 不使用素材 🦴 狼牙 · 持有 1 🌙 月石 · 持有 0 成品 獵矛 · 武器 · Lv.2 材料 木材 ×3 ／持有 3 石材 ×2 ／持有 5 費用 4 金 ／持有 5 體力與時間 體力 10 ／目前 84 · 45 分鐘 鍛造熟練度 需求 Lv.1 ／目前 Lv.5 品質能力 目前最低品質：精良 · 普通 0%、精良 87%、稀有 10%、史詩 2.8%、傳說 0.2% 成功練習 本配方已達熟練上限 Lv.3 此配方已完成熟練；可製作其他配方或追求更高品質能力。 製作木石長矛",
        "inputRows": [
          "木材 ×3 ／持有 3",
          "石材 ×2 ／持有 5"
        ],
        "recipeControls": 1,
        "materialControls": 3,
        "selectedRecipe": "starterSpear",
        "selectedMaterial": "none",
        "recipeLabel": "木石長矛\nSmithing Lv.1 已解鎖",
        "disabledReason": [],
        "finalSelection": {
          "recipeId": "starterSpear",
          "recipeAriaPressed": true,
          "materialId": "none",
          "materialAriaPressed": true
        }
      },
      "selectionAndEquipment": {
        "instanceId": "item-75",
        "selected": true,
        "equippedSlots": [
          "weapon"
        ]
      }
    },
    {
      "item": {
        "instanceId": "item-76",
        "ownerId": "alden",
        "baseId": "spear",
        "level": 2,
        "material": null,
        "rarity": "uncommon",
        "affixes": [
          {
            "id": "striking",
            "tier": 1,
            "value": 1
          }
        ],
        "rolledStats": {
          "attack": 6,
          "defense": 0,
          "critical": 0,
          "penetration": 0,
          "bleed": 0,
          "block": 0,
          "reduction": 0
        },
        "specialTrait": null,
        "provenance": null,
        "craftProvenance": {
          "recipeId": "starterSpear",
          "createdBy": "alden",
          "createdAt": 30851,
          "influenceMaterial": null,
          "masterpiece": false
        }
      },
      "workbench": {
        "available": true,
        "text": "工作台 實際工作台 雜貨店 · 服務時間 08:00–18:00。 選擇配方 木石長矛 Smithing Lv.1 已解鎖 進階長矛 Smithing Lv.2 已解鎖 鎖甲 Smithing Lv.2 已解鎖 鐵短劍 Smithing Lv.5 已解鎖 木石長矛 影響素材 素材會消耗 1 份，依選擇調整詞綴權重或條件式特性機率；不保證指定結果。品質機率只依鍛造熟練度能力調整。 不使用素材 🦴 狼牙 · 持有 1 🌙 月石 · 持有 0 成品 獵矛 · 武器 · Lv.2 材料 木材 ×3 ／持有 5 石材 ×2 ／持有 3 費用 4 金 ／持有 5 體力與時間 體力 10 ／目前 64 · 45 分鐘 鍛造熟練度 需求 Lv.1 ／目前 Lv.5 品質能力 目前最低品質：精良 · 普通 0%、精良 87%、稀有 10%、史詩 2.8%、傳說 0.2% 成功練習 本配方已達熟練上限 Lv.3 此配方已完成熟練；可製作其他配方或追求更高品質能力。 製作木石長矛",
        "inputRows": [
          "木材 ×3 ／持有 5",
          "石材 ×2 ／持有 3"
        ],
        "recipeControls": 1,
        "materialControls": 3,
        "selectedRecipe": "starterSpear",
        "selectedMaterial": "none",
        "recipeLabel": "木石長矛\nSmithing Lv.1 已解鎖",
        "disabledReason": [],
        "finalSelection": {
          "recipeId": "starterSpear",
          "recipeAriaPressed": true,
          "materialId": "none",
          "materialAriaPressed": true
        }
      },
      "selectionAndEquipment": {
        "instanceId": "item-76",
        "selected": true,
        "equippedSlots": [
          "weapon"
        ]
      }
    },
    {
      "item": {
        "instanceId": "item-77",
        "ownerId": "alden",
        "baseId": "chainArmor",
        "level": 3,
        "material": "wolfHide",
        "rarity": "uncommon",
        "affixes": [
          {
            "id": "sturdy",
            "tier": 1,
            "value": 1
          }
        ],
        "rolledStats": {
          "attack": 0,
          "defense": 5,
          "critical": 0,
          "penetration": 0,
          "bleed": 0,
          "block": 0,
          "reduction": 0
        },
        "specialTrait": null,
        "provenance": null,
        "craftProvenance": {
          "recipeId": "fieldArmor",
          "createdBy": "alden",
          "createdAt": 30999,
          "influenceMaterial": "wolfHide",
          "masterpiece": false
        }
      },
      "workbench": {
        "available": true,
        "text": "工作台 實際工作台 雜貨店 · 服務時間 08:00–18:00。 選擇配方 木石長矛 Smithing Lv.1 已解鎖 進階長矛 Smithing Lv.2 已解鎖 鎖甲 Smithing Lv.2 已解鎖 鐵短劍 Smithing Lv.5 已解鎖 鎖甲 影響素材 素材會消耗 1 份，依選擇調整詞綴權重或條件式特性機率；不保證指定結果。品質機率只依鍛造熟練度能力調整。 不使用素材 🐺 狼皮 · 持有 2 成品 鎖甲 · 防具 · Lv.3 材料 鐵礦 ×2 ／持有 5 木材 ×1 ／持有 2 費用 8 金 ／持有 13 體力與時間 體力 12 ／目前 46 · 60 分鐘 鍛造熟練度 需求 Lv.2 ／目前 Lv.5 品質能力 目前最低品質：精良 · 普通 0%、精良 87%、稀有 10%、史詩 2.8%、傳說 0.2% 成功練習 本配方已達熟練上限 Lv.5 此配方已完成熟練；可製作其他配方或追求更高品質能力。 製作鎖甲",
        "inputRows": [
          "鐵礦 ×2 ／持有 5",
          "木材 ×1 ／持有 2"
        ],
        "recipeControls": 1,
        "materialControls": 2,
        "selectedRecipe": "fieldArmor",
        "selectedMaterial": "none",
        "recipeLabel": "鎖甲\nSmithing Lv.2 已解鎖",
        "disabledReason": [],
        "finalSelection": {
          "recipeId": "fieldArmor",
          "recipeAriaPressed": true,
          "materialId": "wolfHide",
          "materialAriaPressed": true
        }
      },
      "selectionAndEquipment": {
        "instanceId": "item-77",
        "selected": true,
        "equippedSlots": [
          "armor"
        ]
      }
    },
    {
      "item": {
        "instanceId": "item-78",
        "ownerId": "alden",
        "baseId": "chainArmor",
        "level": 3,
        "material": null,
        "rarity": "uncommon",
        "affixes": [
          {
            "id": "warding",
            "tier": 1,
            "value": 3
          }
        ],
        "rolledStats": {
          "attack": 0,
          "defense": 4,
          "critical": 0,
          "penetration": 0,
          "bleed": 0,
          "block": 0,
          "reduction": 3
        },
        "specialTrait": null,
        "provenance": null,
        "craftProvenance": {
          "recipeId": "fieldArmor",
          "createdBy": "alden",
          "createdAt": 31143,
          "influenceMaterial": null,
          "masterpiece": false
        }
      },
      "workbench": {
        "available": true,
        "text": "工作台 實際工作台 雜貨店 · 服務時間 08:00–18:00。 選擇配方 木石長矛 Smithing Lv.1 已解鎖 進階長矛 Smithing Lv.2 已解鎖 鎖甲 Smithing Lv.2 已解鎖 鐵短劍 Smithing Lv.5 已解鎖 鎖甲 影響素材 素材會消耗 1 份，依選擇調整詞綴權重或條件式特性機率；不保證指定結果。品質機率只依鍛造熟練度能力調整。 不使用素材 🐺 狼皮 · 持有 1 成品 鎖甲 · 防具 · Lv.3 材料 鐵礦 ×2 ／持有 3 木材 ×1 ／持有 6 費用 8 金 ／持有 9 體力與時間 體力 12 ／目前 24 · 60 分鐘 鍛造熟練度 需求 Lv.2 ／目前 Lv.5 品質能力 目前最低品質：精良 · 普通 0%、精良 87%、稀有 10%、史詩 2.8%、傳說 0.2% 成功練習 本配方已達熟練上限 Lv.5 此配方已完成熟練；可製作其他配方或追求更高品質能力。 製作鎖甲",
        "inputRows": [
          "鐵礦 ×2 ／持有 3",
          "木材 ×1 ／持有 6"
        ],
        "recipeControls": 1,
        "materialControls": 2,
        "selectedRecipe": "fieldArmor",
        "selectedMaterial": "none",
        "recipeLabel": "鎖甲\nSmithing Lv.2 已解鎖",
        "disabledReason": [],
        "finalSelection": {
          "recipeId": "fieldArmor",
          "recipeAriaPressed": true,
          "materialId": "none",
          "materialAriaPressed": true
        }
      },
      "selectionAndEquipment": {
        "instanceId": "item-78",
        "selected": true,
        "equippedSlots": [
          "armor"
        ]
      }
    },
    {
      "item": {
        "instanceId": "item-79",
        "ownerId": "alden",
        "baseId": "spear",
        "level": 3,
        "material": "wolfFang",
        "rarity": "uncommon",
        "affixes": [
          {
            "id": "bleeding",
            "tier": 1,
            "value": 1
          }
        ],
        "rolledStats": {
          "attack": 5,
          "defense": 0,
          "critical": 0,
          "penetration": 0,
          "bleed": 1,
          "block": 0,
          "reduction": 0
        },
        "specialTrait": null,
        "provenance": null,
        "craftProvenance": {
          "recipeId": "fieldSpear",
          "createdBy": "alden",
          "createdAt": 32170,
          "influenceMaterial": "wolfFang",
          "masterpiece": false
        }
      },
      "workbench": {
        "available": true,
        "text": "工作台 實際工作台 雜貨店 · 服務時間 08:00–18:00。 選擇配方 木石長矛 Smithing Lv.1 已解鎖 進階長矛 Smithing Lv.2 已解鎖 鎖甲 Smithing Lv.2 已解鎖 鐵短劍 Smithing Lv.5 已解鎖 進階長矛 影響素材 素材會消耗 1 份，依選擇調整詞綴權重或條件式特性機率；不保證指定結果。品質機率只依鍛造熟練度能力調整。 不使用素材 🦴 狼牙 · 持有 2 🌙 月石 · 持有 0 成品 獵矛 · 武器 · Lv.3 材料 木材 ×4 ／持有 5 石材 ×3 ／持有 6 費用 6 金 ／持有 9 體力與時間 體力 12 ／目前 84 · 60 分鐘 鍛造熟練度 需求 Lv.2 ／目前 Lv.5 品質能力 目前最低品質：精良 · 普通 0%、精良 87%、稀有 10%、史詩 2.8%、傳說 0.2% 成功練習 本配方已達熟練上限 Lv.5 此配方已完成熟練；可製作其他配方或追求更高品質能力。 製作進階長矛",
        "inputRows": [
          "木材 ×4 ／持有 5",
          "石材 ×3 ／持有 6"
        ],
        "recipeControls": 1,
        "materialControls": 3,
        "selectedRecipe": "fieldSpear",
        "selectedMaterial": "none",
        "recipeLabel": "進階長矛\nSmithing Lv.2 已解鎖",
        "disabledReason": [],
        "finalSelection": {
          "recipeId": "fieldSpear",
          "recipeAriaPressed": true,
          "materialId": "wolfFang",
          "materialAriaPressed": true
        }
      },
      "selectionAndEquipment": {
        "instanceId": "item-79",
        "selected": true,
        "equippedSlots": [
          "weapon"
        ]
      }
    },
    {
      "item": {
        "instanceId": "item-80",
        "ownerId": "alden",
        "baseId": "spear",
        "level": 3,
        "material": null,
        "rarity": "uncommon",
        "affixes": [
          {
            "id": "piercing",
            "tier": 1,
            "value": 1
          }
        ],
        "rolledStats": {
          "attack": 5,
          "defense": 0,
          "critical": 0,
          "penetration": 1,
          "bleed": 0,
          "block": 0,
          "reduction": 0
        },
        "specialTrait": null,
        "provenance": null,
        "craftProvenance": {
          "recipeId": "fieldSpear",
          "createdBy": "alden",
          "createdAt": 32300,
          "influenceMaterial": null,
          "masterpiece": false
        }
      },
      "workbench": {
        "available": true,
        "text": "工作台 實際工作台 雜貨店 · 服務時間 08:00–18:00。 選擇配方 木石長矛 Smithing Lv.1 已解鎖 進階長矛 Smithing Lv.2 已解鎖 鎖甲 Smithing Lv.2 已解鎖 鐵短劍 Smithing Lv.5 已解鎖 進階長矛 影響素材 素材會消耗 1 份，依選擇調整詞綴權重或條件式特性機率；不保證指定結果。品質機率只依鍛造熟練度能力調整。 不使用素材 🦴 狼牙 · 持有 1 🌙 月石 · 持有 0 成品 獵矛 · 武器 · Lv.3 材料 木材 ×4 ／持有 6 石材 ×3 ／持有 3 費用 6 金 ／持有 7 體力與時間 體力 12 ／目前 62 · 60 分鐘 鍛造熟練度 需求 Lv.2 ／目前 Lv.5 品質能力 目前最低品質：精良 · 普通 0%、精良 87%、稀有 10%、史詩 2.8%、傳說 0.2% 成功練習 本配方已達熟練上限 Lv.5 此配方已完成熟練；可製作其他配方或追求更高品質能力。 製作進階長矛",
        "inputRows": [
          "木材 ×4 ／持有 6",
          "石材 ×3 ／持有 3"
        ],
        "recipeControls": 1,
        "materialControls": 3,
        "selectedRecipe": "fieldSpear",
        "selectedMaterial": "none",
        "recipeLabel": "進階長矛\nSmithing Lv.2 已解鎖",
        "disabledReason": [],
        "finalSelection": {
          "recipeId": "fieldSpear",
          "recipeAriaPressed": true,
          "materialId": "none",
          "materialAriaPressed": true
        }
      },
      "selectionAndEquipment": {
        "instanceId": "item-80",
        "selected": true,
        "equippedSlots": [
          "weapon"
        ]
      }
    },
    {
      "item": {
        "instanceId": "item-81",
        "ownerId": "alden",
        "baseId": "spear",
        "level": 3,
        "material": null,
        "rarity": "rare",
        "affixes": [
          {
            "id": "piercing",
            "tier": 1,
            "value": 1
          },
          {
            "id": "bleeding",
            "tier": 1,
            "value": 1
          }
        ],
        "rolledStats": {
          "attack": 5,
          "defense": 0,
          "critical": 0,
          "penetration": 1,
          "bleed": 1,
          "block": 0,
          "reduction": 0
        },
        "specialTrait": null,
        "provenance": null,
        "craftProvenance": {
          "recipeId": "fieldSpear",
          "createdBy": "alden",
          "createdAt": 32538,
          "influenceMaterial": null,
          "masterpiece": false
        }
      },
      "workbench": {
        "available": true,
        "text": "工作台 實際工作台 雜貨店 · 服務時間 08:00–18:00。 選擇配方 木石長矛 Smithing Lv.1 已解鎖 進階長矛 Smithing Lv.2 已解鎖 鎖甲 Smithing Lv.2 已解鎖 鐵短劍 Smithing Lv.5 已解鎖 進階長矛 影響素材 素材會消耗 1 份，依選擇調整詞綴權重或條件式特性機率；不保證指定結果。品質機率只依鍛造熟練度能力調整。 不使用素材 🦴 狼牙 · 持有 1 🌙 月石 · 持有 0 成品 獵矛 · 武器 · Lv.3 材料 木材 ×4 ／持有 7 石材 ×3 ／持有 5 費用 6 金 ／持有 9 體力與時間 體力 12 ／目前 30 · 60 分鐘 鍛造熟練度 需求 Lv.2 ／目前 Lv.5 品質能力 目前最低品質：精良 · 普通 0%、精良 87%、稀有 10%、史詩 2.8%、傳說 0.2% 成功練習 本配方已達熟練上限 Lv.5 此配方已完成熟練；可製作其他配方或追求更高品質能力。 製作進階長矛",
        "inputRows": [
          "木材 ×4 ／持有 7",
          "石材 ×3 ／持有 5"
        ],
        "recipeControls": 1,
        "materialControls": 3,
        "selectedRecipe": "fieldSpear",
        "selectedMaterial": "none",
        "recipeLabel": "進階長矛\nSmithing Lv.2 已解鎖",
        "disabledReason": [],
        "finalSelection": {
          "recipeId": "fieldSpear",
          "recipeAriaPressed": true,
          "materialId": "none",
          "materialAriaPressed": true
        }
      },
      "selectionAndEquipment": {
        "instanceId": "item-81",
        "selected": true,
        "equippedSlots": [
          "weapon"
        ]
      }
    },
    {
      "item": {
        "instanceId": "item-83",
        "ownerId": "alden",
        "baseId": "spear",
        "level": 2,
        "material": "wolfFang",
        "rarity": "uncommon",
        "affixes": [
          {
            "id": "piercing",
            "tier": 1,
            "value": 1
          }
        ],
        "rolledStats": {
          "attack": 5,
          "defense": 0,
          "critical": 0,
          "penetration": 1,
          "bleed": 0,
          "block": 0,
          "reduction": 0
        },
        "specialTrait": null,
        "provenance": null,
        "craftProvenance": {
          "recipeId": "starterSpear",
          "createdBy": "alden",
          "createdAt": 33642,
          "influenceMaterial": "wolfFang",
          "masterpiece": false
        }
      },
      "workbench": {
        "available": true,
        "text": "工作台 實際工作台 雜貨店 · 服務時間 08:00–18:00。 選擇配方 木石長矛 Smithing Lv.1 已解鎖 進階長矛 Smithing Lv.2 已解鎖 鎖甲 Smithing Lv.2 已解鎖 鐵短劍 Smithing Lv.5 已解鎖 木石長矛 影響素材 素材會消耗 1 份，依選擇調整詞綴權重或條件式特性機率；不保證指定結果。品質機率只依鍛造熟練度能力調整。 不使用素材 🦴 狼牙 · 持有 2 🌙 月石 · 持有 0 成品 獵矛 · 武器 · Lv.2 材料 木材 ×3 ／持有 3 石材 ×2 ／持有 2 費用 4 金 ／持有 15 體力與時間 體力 10 ／目前 76 · 45 分鐘 鍛造熟練度 需求 Lv.1 ／目前 Lv.5 品質能力 目前最低品質：精良 · 普通 0%、精良 87%、稀有 10%、史詩 2.8%、傳說 0.2% 成功練習 本配方已達熟練上限 Lv.3 此配方已完成熟練；可製作其他配方或追求更高品質能力。 製作木石長矛",
        "inputRows": [
          "木材 ×3 ／持有 3",
          "石材 ×2 ／持有 2"
        ],
        "recipeControls": 1,
        "materialControls": 3,
        "selectedRecipe": "starterSpear",
        "selectedMaterial": "none",
        "recipeLabel": "木石長矛\nSmithing Lv.1 已解鎖",
        "disabledReason": [],
        "finalSelection": {
          "recipeId": "starterSpear",
          "recipeAriaPressed": true,
          "materialId": "wolfFang",
          "materialAriaPressed": true
        }
      },
      "selectionAndEquipment": {
        "instanceId": "item-83",
        "selected": true,
        "equippedSlots": [
          "weapon"
        ]
      }
    },
    {
      "item": {
        "instanceId": "item-84",
        "ownerId": "alden",
        "baseId": "chainArmor",
        "level": 3,
        "material": null,
        "rarity": "uncommon",
        "affixes": [
          {
            "id": "blocking",
            "tier": 1,
            "value": 4
          }
        ],
        "rolledStats": {
          "attack": 0,
          "defense": 4,
          "critical": 0,
          "penetration": 0,
          "bleed": 0,
          "block": 4,
          "reduction": 0
        },
        "specialTrait": null,
        "provenance": null,
        "craftProvenance": {
          "recipeId": "fieldArmor",
          "createdBy": "alden",
          "createdAt": 33733,
          "influenceMaterial": null,
          "masterpiece": false
        }
      },
      "workbench": {
        "available": true,
        "text": "工作台 實際工作台 雜貨店 · 服務時間 08:00–18:00。 選擇配方 木石長矛 Smithing Lv.1 已解鎖 進階長矛 Smithing Lv.2 已解鎖 鎖甲 Smithing Lv.2 已解鎖 鐵短劍 Smithing Lv.5 已解鎖 鎖甲 影響素材 素材會消耗 1 份，依選擇調整詞綴權重或條件式特性機率；不保證指定結果。品質機率只依鍛造熟練度能力調整。 不使用素材 🐺 狼皮 · 持有 1 成品 鎖甲 · 防具 · Lv.3 材料 鐵礦 ×2 ／持有 6 木材 ×1 ／持有 5 費用 8 金 ／持有 15 體力與時間 體力 12 ／目前 56 · 60 分鐘 鍛造熟練度 需求 Lv.2 ／目前 Lv.5 品質能力 目前最低品質：精良 · 普通 0%、精良 87%、稀有 10%、史詩 2.8%、傳說 0.2% 成功練習 本配方已達熟練上限 Lv.5 此配方已完成熟練；可製作其他配方或追求更高品質能力。 製作鎖甲",
        "inputRows": [
          "鐵礦 ×2 ／持有 6",
          "木材 ×1 ／持有 5"
        ],
        "recipeControls": 1,
        "materialControls": 2,
        "selectedRecipe": "fieldArmor",
        "selectedMaterial": "none",
        "recipeLabel": "鎖甲\nSmithing Lv.2 已解鎖",
        "disabledReason": [],
        "finalSelection": {
          "recipeId": "fieldArmor",
          "recipeAriaPressed": true,
          "materialId": "none",
          "materialAriaPressed": true
        }
      },
      "selectionAndEquipment": {
        "instanceId": "item-84",
        "selected": true,
        "equippedSlots": [
          "armor"
        ]
      }
    },
    {
      "item": {
        "instanceId": "item-85",
        "ownerId": "alden",
        "baseId": "spear",
        "level": 3,
        "material": null,
        "rarity": "uncommon",
        "affixes": [
          {
            "id": "piercing",
            "tier": 1,
            "value": 1
          }
        ],
        "rolledStats": {
          "attack": 5,
          "defense": 0,
          "critical": 0,
          "penetration": 1,
          "bleed": 0,
          "block": 0,
          "reduction": 0
        },
        "specialTrait": null,
        "provenance": null,
        "craftProvenance": {
          "recipeId": "fieldSpear",
          "createdBy": "alden",
          "createdAt": 33914,
          "influenceMaterial": null,
          "masterpiece": false
        }
      },
      "workbench": {
        "available": true,
        "text": "工作台 實際工作台 雜貨店 · 服務時間 08:00–18:00。 選擇配方 木石長矛 Smithing Lv.1 已解鎖 進階長矛 Smithing Lv.2 已解鎖 鎖甲 Smithing Lv.2 已解鎖 鐵短劍 Smithing Lv.5 已解鎖 進階長矛 影響素材 素材會消耗 1 份，依選擇調整詞綴權重或條件式特性機率；不保證指定結果。品質機率只依鍛造熟練度能力調整。 不使用素材 🦴 狼牙 · 持有 1 🌙 月石 · 持有 0 成品 獵矛 · 武器 · Lv.3 材料 木材 ×4 ／持有 4 石材 ×3 ／持有 5 費用 6 金 ／持有 11 體力與時間 體力 12 ／目前 34 · 60 分鐘 鍛造熟練度 需求 Lv.2 ／目前 Lv.5 品質能力 目前最低品質：精良 · 普通 0%、精良 87%、稀有 10%、史詩 2.8%、傳說 0.2% 成功練習 本配方已達熟練上限 Lv.5 此配方已完成熟練；可製作其他配方或追求更高品質能力。 製作進階長矛",
        "inputRows": [
          "木材 ×4 ／持有 4",
          "石材 ×3 ／持有 5"
        ],
        "recipeControls": 1,
        "materialControls": 3,
        "selectedRecipe": "fieldSpear",
        "selectedMaterial": "none",
        "recipeLabel": "進階長矛\nSmithing Lv.2 已解鎖",
        "disabledReason": [],
        "finalSelection": {
          "recipeId": "fieldSpear",
          "recipeAriaPressed": true,
          "materialId": "none",
          "materialAriaPressed": true
        }
      },
      "selectionAndEquipment": {
        "instanceId": "item-85",
        "selected": true,
        "equippedSlots": [
          "weapon"
        ]
      }
    },
    {
      "item": {
        "instanceId": "item-86",
        "ownerId": "alden",
        "baseId": "spear",
        "level": 2,
        "material": null,
        "rarity": "uncommon",
        "affixes": [
          {
            "id": "keen",
            "tier": 1,
            "value": 3
          }
        ],
        "rolledStats": {
          "attack": 5,
          "defense": 0,
          "critical": 3,
          "penetration": 0,
          "bleed": 0,
          "block": 0,
          "reduction": 0
        },
        "specialTrait": null,
        "provenance": null,
        "craftProvenance": {
          "recipeId": "starterSpear",
          "createdBy": "alden",
          "createdAt": 34031,
          "influenceMaterial": null,
          "masterpiece": false
        }
      },
      "workbench": {
        "available": true,
        "text": "工作台 實際工作台 雜貨店 · 服務時間 08:00–18:00。 選擇配方 木石長矛 Smithing Lv.1 已解鎖 進階長矛 Smithing Lv.2 已解鎖 鎖甲 Smithing Lv.2 已解鎖 鐵短劍 Smithing Lv.5 已解鎖 木石長矛 影響素材 素材會消耗 1 份，依選擇調整詞綴權重或條件式特性機率；不保證指定結果。品質機率只依鍛造熟練度能力調整。 不使用素材 🦴 狼牙 · 持有 1 🌙 月石 · 持有 0 成品 獵矛 · 武器 · Lv.2 材料 木材 ×3 ／持有 5 石材 ×2 ／持有 2 費用 4 金 ／持有 9 體力與時間 體力 10 ／目前 12 · 45 分鐘 鍛造熟練度 需求 Lv.1 ／目前 Lv.5 品質能力 目前最低品質：精良 · 普通 0%、精良 87%、稀有 10%、史詩 2.8%、傳說 0.2% 成功練習 本配方已達熟練上限 Lv.3 此配方已完成熟練；可製作其他配方或追求更高品質能力。 製作木石長矛",
        "inputRows": [
          "木材 ×3 ／持有 5",
          "石材 ×2 ／持有 2"
        ],
        "recipeControls": 1,
        "materialControls": 3,
        "selectedRecipe": "starterSpear",
        "selectedMaterial": "none",
        "recipeLabel": "木石長矛\nSmithing Lv.1 已解鎖",
        "disabledReason": [],
        "finalSelection": {
          "recipeId": "starterSpear",
          "recipeAriaPressed": true,
          "materialId": "none",
          "materialAriaPressed": true
        }
      },
      "selectionAndEquipment": {
        "instanceId": "item-86",
        "selected": true,
        "equippedSlots": [
          "weapon"
        ]
      }
    },
    {
      "item": {
        "instanceId": "item-87",
        "ownerId": "alden",
        "baseId": "spear",
        "level": 3,
        "material": null,
        "rarity": "uncommon",
        "affixes": [
          {
            "id": "bleeding",
            "tier": 1,
            "value": 1
          }
        ],
        "rolledStats": {
          "attack": 5,
          "defense": 0,
          "critical": 0,
          "penetration": 0,
          "bleed": 1,
          "block": 0,
          "reduction": 0
        },
        "specialTrait": null,
        "provenance": null,
        "craftProvenance": {
          "recipeId": "fieldSpear",
          "createdBy": "alden",
          "createdAt": 35084,
          "influenceMaterial": null,
          "masterpiece": false
        }
      },
      "workbench": {
        "available": true,
        "text": "工作台 實際工作台 雜貨店 · 服務時間 08:00–18:00。 選擇配方 木石長矛 Smithing Lv.1 已解鎖 進階長矛 Smithing Lv.2 已解鎖 鎖甲 Smithing Lv.2 已解鎖 鐵短劍 Smithing Lv.5 已解鎖 進階長矛 影響素材 素材會消耗 1 份，依選擇調整詞綴權重或條件式特性機率；不保證指定結果。品質機率只依鍛造熟練度能力調整。 不使用素材 🦴 狼牙 · 持有 1 🌙 月石 · 持有 0 成品 獵矛 · 武器 · Lv.3 材料 木材 ×4 ／持有 7 石材 ×3 ／持有 5 費用 6 金 ／持有 13 體力與時間 體力 12 ／目前 84 · 60 分鐘 鍛造熟練度 需求 Lv.2 ／目前 Lv.5 品質能力 目前最低品質：精良 · 普通 0%、精良 87%、稀有 10%、史詩 2.8%、傳說 0.2% 成功練習 本配方已達熟練上限 Lv.5 此配方已完成熟練；可製作其他配方或追求更高品質能力。 製作進階長矛",
        "inputRows": [
          "木材 ×4 ／持有 7",
          "石材 ×3 ／持有 5"
        ],
        "recipeControls": 1,
        "materialControls": 3,
        "selectedRecipe": "fieldSpear",
        "selectedMaterial": "none",
        "recipeLabel": "進階長矛\nSmithing Lv.2 已解鎖",
        "disabledReason": [],
        "finalSelection": {
          "recipeId": "fieldSpear",
          "recipeAriaPressed": true,
          "materialId": "none",
          "materialAriaPressed": true
        }
      },
      "selectionAndEquipment": {
        "instanceId": "item-87",
        "selected": true,
        "equippedSlots": [
          "weapon"
        ]
      }
    },
    {
      "item": {
        "instanceId": "item-88",
        "ownerId": "alden",
        "baseId": "spear",
        "level": 2,
        "material": null,
        "rarity": "uncommon",
        "affixes": [
          {
            "id": "striking",
            "tier": 1,
            "value": 1
          }
        ],
        "rolledStats": {
          "attack": 6,
          "defense": 0,
          "critical": 0,
          "penetration": 0,
          "bleed": 0,
          "block": 0,
          "reduction": 0
        },
        "specialTrait": null,
        "provenance": null,
        "craftProvenance": {
          "recipeId": "starterSpear",
          "createdBy": "alden",
          "createdAt": 35147,
          "influenceMaterial": null,
          "masterpiece": false
        }
      },
      "workbench": {
        "available": true,
        "text": "工作台 實際工作台 雜貨店 · 服務時間 08:00–18:00。 選擇配方 木石長矛 Smithing Lv.1 已解鎖 進階長矛 Smithing Lv.2 已解鎖 鎖甲 Smithing Lv.2 已解鎖 鐵短劍 Smithing Lv.5 已解鎖 木石長矛 影響素材 素材會消耗 1 份，依選擇調整詞綴權重或條件式特性機率；不保證指定結果。品質機率只依鍛造熟練度能力調整。 不使用素材 🦴 狼牙 · 持有 1 🌙 月石 · 持有 0 成品 獵矛 · 武器 · Lv.2 材料 木材 ×3 ／持有 3 石材 ×2 ／持有 2 費用 4 金 ／持有 7 體力與時間 體力 10 ／目前 72 · 45 分鐘 鍛造熟練度 需求 Lv.1 ／目前 Lv.5 品質能力 目前最低品質：精良 · 普通 0%、精良 87%、稀有 10%、史詩 2.8%、傳說 0.2% 成功練習 本配方已達熟練上限 Lv.3 此配方已完成熟練；可製作其他配方或追求更高品質能力。 製作木石長矛",
        "inputRows": [
          "木材 ×3 ／持有 3",
          "石材 ×2 ／持有 2"
        ],
        "recipeControls": 1,
        "materialControls": 3,
        "selectedRecipe": "starterSpear",
        "selectedMaterial": "none",
        "recipeLabel": "木石長矛\nSmithing Lv.1 已解鎖",
        "disabledReason": [],
        "finalSelection": {
          "recipeId": "starterSpear",
          "recipeAriaPressed": true,
          "materialId": "none",
          "materialAriaPressed": true
        }
      },
      "selectionAndEquipment": {
        "instanceId": "item-88",
        "selected": true,
        "equippedSlots": [
          "weapon"
        ]
      }
    },
    {
      "item": {
        "instanceId": "item-89",
        "ownerId": "alden",
        "baseId": "spear",
        "level": 3,
        "material": null,
        "rarity": "uncommon",
        "affixes": [
          {
            "id": "piercing",
            "tier": 1,
            "value": 1
          }
        ],
        "rolledStats": {
          "attack": 5,
          "defense": 0,
          "critical": 0,
          "penetration": 1,
          "bleed": 0,
          "block": 0,
          "reduction": 0
        },
        "specialTrait": null,
        "provenance": null,
        "craftProvenance": {
          "recipeId": "fieldSpear",
          "createdBy": "alden",
          "createdAt": 35366,
          "influenceMaterial": null,
          "masterpiece": false
        }
      },
      "workbench": {
        "available": true,
        "text": "工作台 實際工作台 雜貨店 · 服務時間 08:00–18:00。 選擇配方 木石長矛 Smithing Lv.1 已解鎖 進階長矛 Smithing Lv.2 已解鎖 鎖甲 Smithing Lv.2 已解鎖 鐵短劍 Smithing Lv.5 已解鎖 進階長矛 影響素材 素材會消耗 1 份，依選擇調整詞綴權重或條件式特性機率；不保證指定結果。品質機率只依鍛造熟練度能力調整。 不使用素材 🦴 狼牙 · 持有 1 🌙 月石 · 持有 0 成品 獵矛 · 武器 · Lv.3 材料 木材 ×4 ／持有 5 石材 ×3 ／持有 5 費用 6 金 ／持有 11 體力與時間 體力 12 ／目前 42 · 60 分鐘 鍛造熟練度 需求 Lv.2 ／目前 Lv.5 品質能力 目前最低品質：精良 · 普通 0%、精良 87%、稀有 10%、史詩 2.8%、傳說 0.2% 成功練習 本配方已達熟練上限 Lv.5 此配方已完成熟練；可製作其他配方或追求更高品質能力。 製作進階長矛",
        "inputRows": [
          "木材 ×4 ／持有 5",
          "石材 ×3 ／持有 5"
        ],
        "recipeControls": 1,
        "materialControls": 3,
        "selectedRecipe": "fieldSpear",
        "selectedMaterial": "none",
        "recipeLabel": "進階長矛\nSmithing Lv.2 已解鎖",
        "disabledReason": [],
        "finalSelection": {
          "recipeId": "fieldSpear",
          "recipeAriaPressed": true,
          "materialId": "none",
          "materialAriaPressed": true
        }
      },
      "selectionAndEquipment": {
        "instanceId": "item-89",
        "selected": true,
        "equippedSlots": [
          "weapon"
        ]
      }
    },
    {
      "item": {
        "instanceId": "item-90",
        "ownerId": "alden",
        "baseId": "spear",
        "level": 2,
        "material": null,
        "rarity": "uncommon",
        "affixes": [
          {
            "id": "bleeding",
            "tier": 1,
            "value": 1
          }
        ],
        "rolledStats": {
          "attack": 5,
          "defense": 0,
          "critical": 0,
          "penetration": 0,
          "bleed": 1,
          "block": 0,
          "reduction": 0
        },
        "specialTrait": null,
        "provenance": null,
        "craftProvenance": {
          "recipeId": "starterSpear",
          "createdBy": "alden",
          "createdAt": 35504,
          "influenceMaterial": null,
          "masterpiece": false
        }
      },
      "workbench": {
        "available": true,
        "text": "工作台 實際工作台 雜貨店 · 服務時間 08:00–18:00。 選擇配方 木石長矛 Smithing Lv.1 已解鎖 進階長矛 Smithing Lv.2 已解鎖 鎖甲 Smithing Lv.2 已解鎖 鐵短劍 Smithing Lv.5 已解鎖 木石長矛 影響素材 素材會消耗 1 份，依選擇調整詞綴權重或條件式特性機率；不保證指定結果。品質機率只依鍛造熟練度能力調整。 不使用素材 🦴 狼牙 · 持有 1 🌙 月石 · 持有 0 成品 獵矛 · 武器 · Lv.2 材料 木材 ×3 ／持有 6 石材 ×2 ／持有 2 費用 4 金 ／持有 9 體力與時間 體力 10 ／目前 20 · 45 分鐘 鍛造熟練度 需求 Lv.1 ／目前 Lv.5 品質能力 目前最低品質：精良 · 普通 0%、精良 87%、稀有 10%、史詩 2.8%、傳說 0.2% 成功練習 本配方已達熟練上限 Lv.3 此配方已完成熟練；可製作其他配方或追求更高品質能力。 製作木石長矛",
        "inputRows": [
          "木材 ×3 ／持有 6",
          "石材 ×2 ／持有 2"
        ],
        "recipeControls": 1,
        "materialControls": 3,
        "selectedRecipe": "starterSpear",
        "selectedMaterial": "none",
        "recipeLabel": "木石長矛\nSmithing Lv.1 已解鎖",
        "disabledReason": [],
        "finalSelection": {
          "recipeId": "starterSpear",
          "recipeAriaPressed": true,
          "materialId": "none",
          "materialAriaPressed": true
        }
      },
      "selectionAndEquipment": {
        "instanceId": "item-90",
        "selected": true,
        "equippedSlots": [
          "weapon"
        ]
      }
    },
    {
      "item": {
        "instanceId": "item-91",
        "ownerId": "alden",
        "baseId": "spear",
        "level": 2,
        "material": "wolfFang",
        "rarity": "uncommon",
        "affixes": [
          {
            "id": "bleeding",
            "tier": 1,
            "value": 1
          }
        ],
        "rolledStats": {
          "attack": 5,
          "defense": 0,
          "critical": 0,
          "penetration": 0,
          "bleed": 1,
          "block": 0,
          "reduction": 0
        },
        "specialTrait": null,
        "provenance": null,
        "craftProvenance": {
          "recipeId": "starterSpear",
          "createdBy": "alden",
          "createdAt": 36512,
          "influenceMaterial": "wolfFang",
          "masterpiece": false
        }
      },
      "workbench": {
        "available": true,
        "text": "工作台 實際工作台 雜貨店 · 服務時間 08:00–18:00。 選擇配方 木石長矛 Smithing Lv.1 已解鎖 進階長矛 Smithing Lv.2 已解鎖 鎖甲 Smithing Lv.2 已解鎖 鐵短劍 Smithing Lv.5 已解鎖 木石長矛 影響素材 素材會消耗 1 份，依選擇調整詞綴權重或條件式特性機率；不保證指定結果。品質機率只依鍛造熟練度能力調整。 不使用素材 🦴 狼牙 · 持有 2 🌙 月石 · 持有 0 成品 獵矛 · 武器 · Lv.2 材料 木材 ×3 ／持有 3 石材 ×2 ／持有 5 費用 4 金 ／持有 13 體力與時間 體力 10 ／目前 84 · 45 分鐘 鍛造熟練度 需求 Lv.1 ／目前 Lv.5 品質能力 目前最低品質：精良 · 普通 0%、精良 87%、稀有 10%、史詩 2.8%、傳說 0.2% 成功練習 本配方已達熟練上限 Lv.3 此配方已完成熟練；可製作其他配方或追求更高品質能力。 製作木石長矛",
        "inputRows": [
          "木材 ×3 ／持有 3",
          "石材 ×2 ／持有 5"
        ],
        "recipeControls": 1,
        "materialControls": 3,
        "selectedRecipe": "starterSpear",
        "selectedMaterial": "none",
        "recipeLabel": "木石長矛\nSmithing Lv.1 已解鎖",
        "disabledReason": [],
        "finalSelection": {
          "recipeId": "starterSpear",
          "recipeAriaPressed": true,
          "materialId": "wolfFang",
          "materialAriaPressed": true
        }
      },
      "selectionAndEquipment": {
        "instanceId": "item-91",
        "selected": true,
        "equippedSlots": [
          "weapon"
        ]
      }
    },
    {
      "item": {
        "instanceId": "item-92",
        "ownerId": "alden",
        "baseId": "spear",
        "level": 3,
        "material": null,
        "rarity": "uncommon",
        "affixes": [
          {
            "id": "striking",
            "tier": 1,
            "value": 1
          }
        ],
        "rolledStats": {
          "attack": 6,
          "defense": 0,
          "critical": 0,
          "penetration": 0,
          "bleed": 0,
          "block": 0,
          "reduction": 0
        },
        "specialTrait": null,
        "provenance": null,
        "craftProvenance": {
          "recipeId": "fieldSpear",
          "createdBy": "alden",
          "createdAt": 36612,
          "influenceMaterial": null,
          "masterpiece": false
        }
      },
      "workbench": {
        "available": true,
        "text": "工作台 實際工作台 雜貨店 · 服務時間 08:00–18:00。 選擇配方 木石長矛 Smithing Lv.1 已解鎖 進階長矛 Smithing Lv.2 已解鎖 鎖甲 Smithing Lv.2 已解鎖 鐵短劍 Smithing Lv.5 已解鎖 進階長矛 影響素材 素材會消耗 1 份，依選擇調整詞綴權重或條件式特性機率；不保證指定結果。品質機率只依鍛造熟練度能力調整。 不使用素材 🦴 狼牙 · 持有 1 🌙 月石 · 持有 0 成品 獵矛 · 武器 · Lv.3 材料 木材 ×4 ／持有 5 石材 ×3 ／持有 3 費用 6 金 ／持有 13 體力與時間 體力 12 ／目前 64 · 60 分鐘 鍛造熟練度 需求 Lv.2 ／目前 Lv.5 品質能力 目前最低品質：精良 · 普通 0%、精良 87%、稀有 10%、史詩 2.8%、傳說 0.2% 成功練習 本配方已達熟練上限 Lv.5 此配方已完成熟練；可製作其他配方或追求更高品質能力。 製作進階長矛",
        "inputRows": [
          "木材 ×4 ／持有 5",
          "石材 ×3 ／持有 3"
        ],
        "recipeControls": 1,
        "materialControls": 3,
        "selectedRecipe": "fieldSpear",
        "selectedMaterial": "none",
        "recipeLabel": "進階長矛\nSmithing Lv.2 已解鎖",
        "disabledReason": [],
        "finalSelection": {
          "recipeId": "fieldSpear",
          "recipeAriaPressed": true,
          "materialId": "none",
          "materialAriaPressed": true
        }
      },
      "selectionAndEquipment": {
        "instanceId": "item-92",
        "selected": true,
        "equippedSlots": [
          "weapon"
        ]
      }
    },
    {
      "item": {
        "instanceId": "item-93",
        "ownerId": "alden",
        "baseId": "chainArmor",
        "level": 3,
        "material": null,
        "rarity": "uncommon",
        "affixes": [
          {
            "id": "sturdy",
            "tier": 1,
            "value": 1
          }
        ],
        "rolledStats": {
          "attack": 0,
          "defense": 5,
          "critical": 0,
          "penetration": 0,
          "bleed": 0,
          "block": 0,
          "reduction": 0
        },
        "specialTrait": null,
        "provenance": null,
        "craftProvenance": {
          "recipeId": "fieldArmor",
          "createdBy": "alden",
          "createdAt": 36719,
          "influenceMaterial": null,
          "masterpiece": false
        }
      },
      "workbench": {
        "available": true,
        "text": "工作台 實際工作台 雜貨店 · 服務時間 08:00–18:00。 選擇配方 木石長矛 Smithing Lv.1 已解鎖 進階長矛 Smithing Lv.2 已解鎖 鎖甲 Smithing Lv.2 已解鎖 鐵短劍 Smithing Lv.5 已解鎖 鎖甲 影響素材 素材會消耗 1 份，依選擇調整詞綴權重或條件式特性機率；不保證指定結果。品質機率只依鍛造熟練度能力調整。 不使用素材 🐺 狼皮 · 持有 1 成品 鎖甲 · 防具 · Lv.3 材料 鐵礦 ×2 ／持有 4 木材 ×1 ／持有 6 費用 8 金 ／持有 11 體力與時間 體力 12 ／目前 42 · 60 分鐘 鍛造熟練度 需求 Lv.2 ／目前 Lv.5 品質能力 目前最低品質：精良 · 普通 0%、精良 87%、稀有 10%、史詩 2.8%、傳說 0.2% 成功練習 本配方已達熟練上限 Lv.5 此配方已完成熟練；可製作其他配方或追求更高品質能力。 製作鎖甲",
        "inputRows": [
          "鐵礦 ×2 ／持有 4",
          "木材 ×1 ／持有 6"
        ],
        "recipeControls": 1,
        "materialControls": 2,
        "selectedRecipe": "fieldArmor",
        "selectedMaterial": "none",
        "recipeLabel": "鎖甲\nSmithing Lv.2 已解鎖",
        "disabledReason": [],
        "finalSelection": {
          "recipeId": "fieldArmor",
          "recipeAriaPressed": true,
          "materialId": "none",
          "materialAriaPressed": true
        }
      },
      "selectionAndEquipment": {
        "instanceId": "item-93",
        "selected": true,
        "equippedSlots": [
          "armor"
        ]
      }
    },
    {
      "item": {
        "instanceId": "item-94",
        "ownerId": "alden",
        "baseId": "spear",
        "level": 2,
        "material": null,
        "rarity": "uncommon",
        "affixes": [
          {
            "id": "striking",
            "tier": 1,
            "value": 1
          }
        ],
        "rolledStats": {
          "attack": 6,
          "defense": 0,
          "critical": 0,
          "penetration": 0,
          "bleed": 0,
          "block": 0,
          "reduction": 0
        },
        "specialTrait": null,
        "provenance": null,
        "craftProvenance": {
          "recipeId": "starterSpear",
          "createdBy": "alden",
          "createdAt": 37050,
          "influenceMaterial": null,
          "masterpiece": false
        }
      },
      "workbench": {
        "available": true,
        "text": "工作台 實際工作台 雜貨店 · 服務時間 08:00–18:00。 選擇配方 木石長矛 Smithing Lv.1 已解鎖 進階長矛 Smithing Lv.2 已解鎖 鎖甲 Smithing Lv.2 已解鎖 鐵短劍 Smithing Lv.5 已解鎖 木石長矛 影響素材 素材會消耗 1 份，依選擇調整詞綴權重或條件式特性機率；不保證指定結果。品質機率只依鍛造熟練度能力調整。 不使用素材 🦴 狼牙 · 持有 1 🌙 月石 · 持有 0 成品 獵矛 · 武器 · Lv.2 材料 木材 ×3 ／持有 5 石材 ×2 ／持有 5 費用 4 金 ／持有 11 體力與時間 體力 10 ／目前 10 · 45 分鐘 鍛造熟練度 需求 Lv.1 ／目前 Lv.5 品質能力 目前最低品質：精良 · 普通 0%、精良 87%、稀有 10%、史詩 2.8%、傳說 0.2% 成功練習 本配方已達熟練上限 Lv.3 此配方已完成熟練；可製作其他配方或追求更高品質能力。 製作木石長矛",
        "inputRows": [
          "木材 ×3 ／持有 5",
          "石材 ×2 ／持有 5"
        ],
        "recipeControls": 1,
        "materialControls": 3,
        "selectedRecipe": "starterSpear",
        "selectedMaterial": "none",
        "recipeLabel": "木石長矛\nSmithing Lv.1 已解鎖",
        "disabledReason": [],
        "finalSelection": {
          "recipeId": "starterSpear",
          "recipeAriaPressed": true,
          "materialId": "none",
          "materialAriaPressed": true
        }
      },
      "selectionAndEquipment": {
        "instanceId": "item-94",
        "selected": true,
        "equippedSlots": [
          "weapon"
        ]
      }
    },
    {
      "item": {
        "instanceId": "item-95",
        "ownerId": "alden",
        "baseId": "spear",
        "level": 3,
        "material": null,
        "rarity": "rare",
        "affixes": [
          {
            "id": "keen",
            "tier": 1,
            "value": 3
          },
          {
            "id": "bleeding",
            "tier": 1,
            "value": 1
          }
        ],
        "rolledStats": {
          "attack": 5,
          "defense": 0,
          "critical": 3,
          "penetration": 0,
          "bleed": 1,
          "block": 0,
          "reduction": 0
        },
        "specialTrait": null,
        "provenance": null,
        "craftProvenance": {
          "recipeId": "fieldSpear",
          "createdBy": "alden",
          "createdAt": 37972,
          "influenceMaterial": null,
          "masterpiece": false
        }
      },
      "workbench": {
        "available": true,
        "text": "工作台 實際工作台 雜貨店 · 服務時間 08:00–18:00。 選擇配方 木石長矛 Smithing Lv.1 已解鎖 進階長矛 Smithing Lv.2 已解鎖 鎖甲 Smithing Lv.2 已解鎖 鐵短劍 Smithing Lv.5 已解鎖 進階長矛 影響素材 素材會消耗 1 份，依選擇調整詞綴權重或條件式特性機率；不保證指定結果。品質機率只依鍛造熟練度能力調整。 不使用素材 🦴 狼牙 · 持有 1 🌙 月石 · 持有 0 成品 獵矛 · 武器 · Lv.3 材料 木材 ×4 ／持有 7 石材 ×3 ／持有 3 費用 6 金 ／持有 11 體力與時間 體力 12 ／目前 84 · 60 分鐘 鍛造熟練度 需求 Lv.2 ／目前 Lv.5 品質能力 目前最低品質：精良 · 普通 0%、精良 87%、稀有 10%、史詩 2.8%、傳說 0.2% 成功練習 本配方已達熟練上限 Lv.5 此配方已完成熟練；可製作其他配方或追求更高品質能力。 製作進階長矛",
        "inputRows": [
          "木材 ×4 ／持有 7",
          "石材 ×3 ／持有 3"
        ],
        "recipeControls": 1,
        "materialControls": 3,
        "selectedRecipe": "fieldSpear",
        "selectedMaterial": "none",
        "recipeLabel": "進階長矛\nSmithing Lv.2 已解鎖",
        "disabledReason": [],
        "finalSelection": {
          "recipeId": "fieldSpear",
          "recipeAriaPressed": true,
          "materialId": "none",
          "materialAriaPressed": true
        }
      },
      "selectionAndEquipment": {
        "instanceId": "item-95",
        "selected": true,
        "equippedSlots": [
          "weapon"
        ]
      }
    },
    {
      "item": {
        "instanceId": "item-96",
        "ownerId": "alden",
        "baseId": "chainArmor",
        "level": 3,
        "material": null,
        "rarity": "uncommon",
        "affixes": [
          {
            "id": "warding",
            "tier": 1,
            "value": 3
          }
        ],
        "rolledStats": {
          "attack": 0,
          "defense": 4,
          "critical": 0,
          "penetration": 0,
          "bleed": 0,
          "block": 0,
          "reduction": 3
        },
        "specialTrait": null,
        "provenance": null,
        "craftProvenance": {
          "recipeId": "fieldArmor",
          "createdBy": "alden",
          "createdAt": 38186,
          "influenceMaterial": null,
          "masterpiece": false
        }
      },
      "workbench": {
        "available": true,
        "text": "工作台 實際工作台 雜貨店 · 服務時間 08:00–18:00。 選擇配方 木石長矛 Smithing Lv.1 已解鎖 進階長矛 Smithing Lv.2 已解鎖 鎖甲 Smithing Lv.2 已解鎖 鐵短劍 Smithing Lv.5 已解鎖 鎖甲 影響素材 素材會消耗 1 份，依選擇調整詞綴權重或條件式特性機率；不保證指定結果。品質機率只依鍛造熟練度能力調整。 不使用素材 🐺 狼皮 · 持有 1 成品 鎖甲 · 防具 · Lv.3 材料 鐵礦 ×2 ／持有 7 木材 ×1 ／持有 3 費用 8 金 ／持有 9 體力與時間 體力 12 ／目前 62 · 60 分鐘 鍛造熟練度 需求 Lv.2 ／目前 Lv.5 品質能力 目前最低品質：精良 · 普通 0%、精良 87%、稀有 10%、史詩 2.8%、傳說 0.2% 成功練習 本配方已達熟練上限 Lv.5 此配方已完成熟練；可製作其他配方或追求更高品質能力。 製作鎖甲",
        "inputRows": [
          "鐵礦 ×2 ／持有 7",
          "木材 ×1 ／持有 3"
        ],
        "recipeControls": 1,
        "materialControls": 2,
        "selectedRecipe": "fieldArmor",
        "selectedMaterial": "none",
        "recipeLabel": "鎖甲\nSmithing Lv.2 已解鎖",
        "disabledReason": [],
        "finalSelection": {
          "recipeId": "fieldArmor",
          "recipeAriaPressed": true,
          "materialId": "none",
          "materialAriaPressed": true
        }
      },
      "selectionAndEquipment": {
        "instanceId": "item-96",
        "selected": true,
        "equippedSlots": [
          "armor"
        ]
      }
    },
    {
      "item": {
        "instanceId": "item-97",
        "ownerId": "alden",
        "baseId": "spear",
        "level": 2,
        "material": null,
        "rarity": "uncommon",
        "affixes": [
          {
            "id": "keen",
            "tier": 1,
            "value": 3
          }
        ],
        "rolledStats": {
          "attack": 5,
          "defense": 0,
          "critical": 3,
          "penetration": 0,
          "bleed": 0,
          "block": 0,
          "reduction": 0
        },
        "specialTrait": null,
        "provenance": null,
        "craftProvenance": {
          "recipeId": "starterSpear",
          "createdBy": "alden",
          "createdAt": 38389,
          "influenceMaterial": null,
          "masterpiece": false
        }
      },
      "workbench": {
        "available": true,
        "text": "工作台 實際工作台 雜貨店 · 服務時間 08:00–18:00。 選擇配方 木石長矛 Smithing Lv.1 已解鎖 進階長矛 Smithing Lv.2 已解鎖 鎖甲 Smithing Lv.2 已解鎖 鐵短劍 Smithing Lv.5 已解鎖 木石長矛 影響素材 素材會消耗 1 份，依選擇調整詞綴權重或條件式特性機率；不保證指定結果。品質機率只依鍛造熟練度能力調整。 不使用素材 🦴 狼牙 · 持有 1 🌙 月石 · 持有 0 成品 獵矛 · 武器 · Lv.2 材料 木材 ×3 ／持有 7 石材 ×2 ／持有 5 費用 4 金 ／持有 5 體力與時間 體力 10 ／目前 40 · 45 分鐘 鍛造熟練度 需求 Lv.1 ／目前 Lv.5 品質能力 目前最低品質：精良 · 普通 0%、精良 87%、稀有 10%、史詩 2.8%、傳說 0.2% 成功練習 本配方已達熟練上限 Lv.3 此配方已完成熟練；可製作其他配方或追求更高品質能力。 製作木石長矛",
        "inputRows": [
          "木材 ×3 ／持有 7",
          "石材 ×2 ／持有 5"
        ],
        "recipeControls": 1,
        "materialControls": 3,
        "selectedRecipe": "starterSpear",
        "selectedMaterial": "none",
        "recipeLabel": "木石長矛\nSmithing Lv.1 已解鎖",
        "disabledReason": [],
        "finalSelection": {
          "recipeId": "starterSpear",
          "recipeAriaPressed": true,
          "materialId": "none",
          "materialAriaPressed": true
        }
      },
      "selectionAndEquipment": {
        "instanceId": "item-97",
        "selected": true,
        "equippedSlots": [
          "weapon"
        ]
      }
    },
    {
      "item": {
        "instanceId": "item-99",
        "ownerId": "alden",
        "baseId": "spear",
        "level": 3,
        "material": "wolfFang",
        "rarity": "uncommon",
        "affixes": [
          {
            "id": "piercing",
            "tier": 1,
            "value": 1
          }
        ],
        "rolledStats": {
          "attack": 5,
          "defense": 0,
          "critical": 0,
          "penetration": 1,
          "bleed": 0,
          "block": 0,
          "reduction": 0
        },
        "specialTrait": null,
        "provenance": null,
        "craftProvenance": {
          "recipeId": "fieldSpear",
          "createdBy": "alden",
          "createdAt": 39394,
          "influenceMaterial": "wolfFang",
          "masterpiece": false
        }
      },
      "workbench": {
        "available": true,
        "text": "工作台 實際工作台 雜貨店 · 服務時間 08:00–18:00。 選擇配方 木石長矛 Smithing Lv.1 已解鎖 進階長矛 Smithing Lv.2 已解鎖 鎖甲 Smithing Lv.2 已解鎖 鐵短劍 Smithing Lv.5 已解鎖 進階長矛 影響素材 素材會消耗 1 份，依選擇調整詞綴權重或條件式特性機率；不保證指定結果。品質機率只依鍛造熟練度能力調整。 不使用素材 🦴 狼牙 · 持有 2 🌙 月石 · 持有 0 成品 獵矛 · 武器 · Lv.3 材料 木材 ×4 ／持有 4 石材 ×3 ／持有 3 費用 6 金 ／持有 13 體力與時間 體力 12 ／目前 76 · 60 分鐘 鍛造熟練度 需求 Lv.2 ／目前 Lv.5 品質能力 目前最低品質：精良 · 普通 0%、精良 87%、稀有 10%、史詩 2.8%、傳說 0.2% 成功練習 本配方已達熟練上限 Lv.5 此配方已完成熟練；可製作其他配方或追求更高品質能力。 製作進階長矛",
        "inputRows": [
          "木材 ×4 ／持有 4",
          "石材 ×3 ／持有 3"
        ],
        "recipeControls": 1,
        "materialControls": 3,
        "selectedRecipe": "fieldSpear",
        "selectedMaterial": "none",
        "recipeLabel": "進階長矛\nSmithing Lv.2 已解鎖",
        "disabledReason": [],
        "finalSelection": {
          "recipeId": "fieldSpear",
          "recipeAriaPressed": true,
          "materialId": "wolfFang",
          "materialAriaPressed": true
        }
      },
      "selectionAndEquipment": {
        "instanceId": "item-99",
        "selected": true,
        "equippedSlots": [
          "weapon"
        ]
      }
    },
    {
      "item": {
        "instanceId": "item-100",
        "ownerId": "alden",
        "baseId": "chainArmor",
        "level": 3,
        "material": null,
        "rarity": "uncommon",
        "affixes": [
          {
            "id": "blocking",
            "tier": 1,
            "value": 4
          }
        ],
        "rolledStats": {
          "attack": 0,
          "defense": 4,
          "critical": 0,
          "penetration": 0,
          "bleed": 0,
          "block": 4,
          "reduction": 0
        },
        "specialTrait": null,
        "provenance": null,
        "craftProvenance": {
          "recipeId": "fieldArmor",
          "createdBy": "alden",
          "createdAt": 39499,
          "influenceMaterial": null,
          "masterpiece": false
        }
      },
      "workbench": {
        "available": true,
        "text": "工作台 實際工作台 雜貨店 · 服務時間 08:00–18:00。 選擇配方 木石長矛 Smithing Lv.1 已解鎖 進階長矛 Smithing Lv.2 已解鎖 鎖甲 Smithing Lv.2 已解鎖 鐵短劍 Smithing Lv.5 已解鎖 鎖甲 影響素材 素材會消耗 1 份，依選擇調整詞綴權重或條件式特性機率；不保證指定結果。品質機率只依鍛造熟練度能力調整。 不使用素材 🐺 狼皮 · 持有 1 成品 鎖甲 · 防具 · Lv.3 材料 鐵礦 ×2 ／持有 5 木材 ×1 ／持有 5 費用 8 金 ／持有 11 體力與時間 體力 12 ／目前 54 · 60 分鐘 鍛造熟練度 需求 Lv.2 ／目前 Lv.5 品質能力 目前最低品質：精良 · 普通 0%、精良 87%、稀有 10%、史詩 2.8%、傳說 0.2% 成功練習 本配方已達熟練上限 Lv.5 此配方已完成熟練；可製作其他配方或追求更高品質能力。 製作鎖甲",
        "inputRows": [
          "鐵礦 ×2 ／持有 5",
          "木材 ×1 ／持有 5"
        ],
        "recipeControls": 1,
        "materialControls": 2,
        "selectedRecipe": "fieldArmor",
        "selectedMaterial": "none",
        "recipeLabel": "鎖甲\nSmithing Lv.2 已解鎖",
        "disabledReason": [],
        "finalSelection": {
          "recipeId": "fieldArmor",
          "recipeAriaPressed": true,
          "materialId": "none",
          "materialAriaPressed": true
        }
      },
      "selectionAndEquipment": {
        "instanceId": "item-100",
        "selected": true,
        "equippedSlots": [
          "armor"
        ]
      }
    },
    {
      "item": {
        "instanceId": "item-101",
        "ownerId": "alden",
        "baseId": "spear",
        "level": 3,
        "material": null,
        "rarity": "uncommon",
        "affixes": [
          {
            "id": "bleeding",
            "tier": 1,
            "value": 1
          }
        ],
        "rolledStats": {
          "attack": 5,
          "defense": 0,
          "critical": 0,
          "penetration": 0,
          "bleed": 1,
          "block": 0,
          "reduction": 0
        },
        "specialTrait": null,
        "provenance": null,
        "craftProvenance": {
          "recipeId": "fieldSpear",
          "createdBy": "alden",
          "createdAt": 39688,
          "influenceMaterial": null,
          "masterpiece": false
        }
      },
      "workbench": {
        "available": true,
        "text": "工作台 實際工作台 雜貨店 · 服務時間 08:00–18:00。 選擇配方 木石長矛 Smithing Lv.1 已解鎖 進階長矛 Smithing Lv.2 已解鎖 鎖甲 Smithing Lv.2 已解鎖 鐵短劍 Smithing Lv.5 已解鎖 進階長矛 影響素材 素材會消耗 1 份，依選擇調整詞綴權重或條件式特性機率；不保證指定結果。品質機率只依鍛造熟練度能力調整。 不使用素材 🦴 狼牙 · 持有 1 🌙 月石 · 持有 0 成品 獵矛 · 武器 · Lv.3 材料 木材 ×4 ／持有 4 石材 ×3 ／持有 5 費用 6 金 ／持有 7 體力與時間 體力 12 ／目前 32 · 60 分鐘 鍛造熟練度 需求 Lv.2 ／目前 Lv.5 品質能力 目前最低品質：精良 · 普通 0%、精良 87%、稀有 10%、史詩 2.8%、傳說 0.2% 成功練習 本配方已達熟練上限 Lv.5 此配方已完成熟練；可製作其他配方或追求更高品質能力。 製作進階長矛",
        "inputRows": [
          "木材 ×4 ／持有 4",
          "石材 ×3 ／持有 5"
        ],
        "recipeControls": 1,
        "materialControls": 3,
        "selectedRecipe": "fieldSpear",
        "selectedMaterial": "none",
        "recipeLabel": "進階長矛\nSmithing Lv.2 已解鎖",
        "disabledReason": [],
        "finalSelection": {
          "recipeId": "fieldSpear",
          "recipeAriaPressed": true,
          "materialId": "none",
          "materialAriaPressed": true
        }
      },
      "selectionAndEquipment": {
        "instanceId": "item-101",
        "selected": true,
        "equippedSlots": [
          "weapon"
        ]
      }
    },
    {
      "item": {
        "instanceId": "item-102",
        "ownerId": "alden",
        "baseId": "spear",
        "level": 2,
        "material": null,
        "rarity": "uncommon",
        "affixes": [
          {
            "id": "keen",
            "tier": 1,
            "value": 3
          }
        ],
        "rolledStats": {
          "attack": 5,
          "defense": 0,
          "critical": 3,
          "penetration": 0,
          "bleed": 0,
          "block": 0,
          "reduction": 0
        },
        "specialTrait": null,
        "provenance": null,
        "craftProvenance": {
          "recipeId": "starterSpear",
          "createdBy": "alden",
          "createdAt": 39804,
          "influenceMaterial": null,
          "masterpiece": false
        }
      },
      "workbench": {
        "available": true,
        "text": "工作台 實際工作台 雜貨店 · 服務時間 08:00–18:00。 選擇配方 木石長矛 Smithing Lv.1 已解鎖 進階長矛 Smithing Lv.2 已解鎖 鎖甲 Smithing Lv.2 已解鎖 鐵短劍 Smithing Lv.5 已解鎖 木石長矛 影響素材 素材會消耗 1 份，依選擇調整詞綴權重或條件式特性機率；不保證指定結果。品質機率只依鍛造熟練度能力調整。 不使用素材 🦴 狼牙 · 持有 1 🌙 月石 · 持有 0 成品 獵矛 · 武器 · Lv.2 材料 木材 ×3 ／持有 5 石材 ×2 ／持有 2 費用 4 金 ／持有 5 體力與時間 體力 10 ／目前 10 · 45 分鐘 鍛造熟練度 需求 Lv.1 ／目前 Lv.5 品質能力 目前最低品質：精良 · 普通 0%、精良 87%、稀有 10%、史詩 2.8%、傳說 0.2% 成功練習 本配方已達熟練上限 Lv.3 此配方已完成熟練；可製作其他配方或追求更高品質能力。 製作木石長矛",
        "inputRows": [
          "木材 ×3 ／持有 5",
          "石材 ×2 ／持有 2"
        ],
        "recipeControls": 1,
        "materialControls": 3,
        "selectedRecipe": "starterSpear",
        "selectedMaterial": "none",
        "recipeLabel": "木石長矛\nSmithing Lv.1 已解鎖",
        "disabledReason": [],
        "finalSelection": {
          "recipeId": "starterSpear",
          "recipeAriaPressed": true,
          "materialId": "none",
          "materialAriaPressed": true
        }
      },
      "selectionAndEquipment": {
        "instanceId": "item-102",
        "selected": true,
        "equippedSlots": [
          "weapon"
        ]
      }
    },
    {
      "item": {
        "instanceId": "item-103",
        "ownerId": "alden",
        "baseId": "spear",
        "level": 3,
        "material": null,
        "rarity": "epic",
        "affixes": [
          {
            "id": "piercing",
            "tier": 1,
            "value": 1
          },
          {
            "id": "bleeding",
            "tier": 1,
            "value": 1
          },
          {
            "id": "striking",
            "tier": 1,
            "value": 1
          }
        ],
        "rolledStats": {
          "attack": 6,
          "defense": 0,
          "critical": 0,
          "penetration": 1,
          "bleed": 1,
          "block": 0,
          "reduction": 0
        },
        "specialTrait": null,
        "provenance": null,
        "craftProvenance": {
          "recipeId": "fieldSpear",
          "createdBy": "alden",
          "createdAt": 40830,
          "influenceMaterial": null,
          "masterpiece": false
        }
      },
      "workbench": {
        "available": true,
        "text": "工作台 實際工作台 雜貨店 · 服務時間 08:00–18:00。 選擇配方 木石長矛 Smithing Lv.1 已解鎖 進階長矛 Smithing Lv.2 已解鎖 鎖甲 Smithing Lv.2 已解鎖 鐵短劍 Smithing Lv.5 已解鎖 進階長矛 影響素材 素材會消耗 1 份，依選擇調整詞綴權重或條件式特性機率；不保證指定結果。品質機率只依鍛造熟練度能力調整。 不使用素材 🦴 狼牙 · 持有 1 🌙 月石 · 持有 0 成品 獵矛 · 武器 · Lv.3 材料 木材 ×4 ／持有 7 石材 ×3 ／持有 5 費用 6 金 ／持有 9 體力與時間 體力 12 ／目前 84 · 60 分鐘 鍛造熟練度 需求 Lv.2 ／目前 Lv.5 品質能力 目前最低品質：精良 · 普通 0%、精良 87%、稀有 10%、史詩 2.8%、傳說 0.2% 成功練習 本配方已達熟練上限 Lv.5 此配方已完成熟練；可製作其他配方或追求更高品質能力。 製作進階長矛",
        "inputRows": [
          "木材 ×4 ／持有 7",
          "石材 ×3 ／持有 5"
        ],
        "recipeControls": 1,
        "materialControls": 3,
        "selectedRecipe": "fieldSpear",
        "selectedMaterial": "none",
        "recipeLabel": "進階長矛\nSmithing Lv.2 已解鎖",
        "disabledReason": [],
        "finalSelection": {
          "recipeId": "fieldSpear",
          "recipeAriaPressed": true,
          "materialId": "none",
          "materialAriaPressed": true
        }
      },
      "selectionAndEquipment": {
        "instanceId": "item-103",
        "selected": true,
        "equippedSlots": [
          "weapon"
        ]
      }
    },
    {
      "item": {
        "instanceId": "item-104",
        "ownerId": "alden",
        "baseId": "chainArmor",
        "level": 3,
        "material": null,
        "rarity": "uncommon",
        "affixes": [
          {
            "id": "warding",
            "tier": 1,
            "value": 3
          }
        ],
        "rolledStats": {
          "attack": 0,
          "defense": 4,
          "critical": 0,
          "penetration": 0,
          "bleed": 0,
          "block": 0,
          "reduction": 3
        },
        "specialTrait": null,
        "provenance": null,
        "craftProvenance": {
          "recipeId": "fieldArmor",
          "createdBy": "alden",
          "createdAt": 42280,
          "influenceMaterial": null,
          "masterpiece": false
        }
      },
      "workbench": {
        "available": true,
        "text": "工作台 實際工作台 雜貨店 · 服務時間 08:00–18:00。 選擇配方 木石長矛 Smithing Lv.1 已解鎖 進階長矛 Smithing Lv.2 已解鎖 鎖甲 Smithing Lv.2 已解鎖 鐵短劍 Smithing Lv.5 已解鎖 鎖甲 影響素材 素材會消耗 1 份，依選擇調整詞綴權重或條件式特性機率；不保證指定結果。品質機率只依鍛造熟練度能力調整。 不使用素材 🐺 狼皮 · 持有 1 成品 鎖甲 · 防具 · Lv.3 材料 鐵礦 ×2 ／持有 3 木材 ×1 ／持有 3 費用 8 金 ／持有 11 體力與時間 體力 12 ／目前 76 · 60 分鐘 鍛造熟練度 需求 Lv.2 ／目前 Lv.5 品質能力 目前最低品質：精良 · 普通 0%、精良 87%、稀有 10%、史詩 2.8%、傳說 0.2% 成功練習 本配方已達熟練上限 Lv.5 此配方已完成熟練；可製作其他配方或追求更高品質能力。 製作鎖甲",
        "inputRows": [
          "鐵礦 ×2 ／持有 3",
          "木材 ×1 ／持有 3"
        ],
        "recipeControls": 1,
        "materialControls": 2,
        "selectedRecipe": "fieldArmor",
        "selectedMaterial": "none",
        "recipeLabel": "鎖甲\nSmithing Lv.2 已解鎖",
        "disabledReason": [],
        "finalSelection": {
          "recipeId": "fieldArmor",
          "recipeAriaPressed": true,
          "materialId": "none",
          "materialAriaPressed": true
        }
      },
      "selectionAndEquipment": {
        "instanceId": "item-104",
        "selected": true,
        "equippedSlots": [
          "armor"
        ]
      }
    },
    {
      "item": {
        "instanceId": "item-105",
        "ownerId": "alden",
        "baseId": "spear",
        "level": 2,
        "material": null,
        "rarity": "rare",
        "affixes": [
          {
            "id": "bleeding",
            "tier": 1,
            "value": 1
          },
          {
            "id": "keen",
            "tier": 1,
            "value": 3
          }
        ],
        "rolledStats": {
          "attack": 5,
          "defense": 0,
          "critical": 3,
          "penetration": 0,
          "bleed": 1,
          "block": 0,
          "reduction": 0
        },
        "specialTrait": null,
        "provenance": null,
        "craftProvenance": {
          "recipeId": "starterSpear",
          "createdBy": "alden",
          "createdAt": 42513,
          "influenceMaterial": null,
          "masterpiece": false
        }
      },
      "workbench": {
        "available": true,
        "text": "工作台 實際工作台 雜貨店 · 服務時間 08:00–18:00。 選擇配方 木石長矛 Smithing Lv.1 已解鎖 進階長矛 Smithing Lv.2 已解鎖 鎖甲 Smithing Lv.2 已解鎖 鐵短劍 Smithing Lv.5 已解鎖 木石長矛 影響素材 素材會消耗 1 份，依選擇調整詞綴權重或條件式特性機率；不保證指定結果。品質機率只依鍛造熟練度能力調整。 不使用素材 🦴 狼牙 · 持有 1 🌙 月石 · 持有 0 成品 獵矛 · 武器 · Lv.2 材料 木材 ×3 ／持有 7 石材 ×2 ／持有 2 費用 4 金 ／持有 11 體力與時間 體力 10 ／目前 44 · 45 分鐘 鍛造熟練度 需求 Lv.1 ／目前 Lv.5 品質能力 目前最低品質：精良 · 普通 0%、精良 87%、稀有 10%、史詩 2.8%、傳說 0.2% 成功練習 本配方已達熟練上限 Lv.3 此配方已完成熟練；可製作其他配方或追求更高品質能力。 製作木石長矛",
        "inputRows": [
          "木材 ×3 ／持有 7",
          "石材 ×2 ／持有 2"
        ],
        "recipeControls": 1,
        "materialControls": 3,
        "selectedRecipe": "starterSpear",
        "selectedMaterial": "none",
        "recipeLabel": "木石長矛\nSmithing Lv.1 已解鎖",
        "disabledReason": [],
        "finalSelection": {
          "recipeId": "starterSpear",
          "recipeAriaPressed": true,
          "materialId": "none",
          "materialAriaPressed": true
        }
      },
      "selectionAndEquipment": {
        "instanceId": "item-105",
        "selected": true,
        "equippedSlots": [
          "weapon"
        ]
      }
    },
    {
      "item": {
        "instanceId": "item-106",
        "ownerId": "alden",
        "baseId": "spear",
        "level": 3,
        "material": null,
        "rarity": "uncommon",
        "affixes": [
          {
            "id": "keen",
            "tier": 1,
            "value": 3
          }
        ],
        "rolledStats": {
          "attack": 5,
          "defense": 0,
          "critical": 3,
          "penetration": 0,
          "bleed": 0,
          "block": 0,
          "reduction": 0
        },
        "specialTrait": null,
        "provenance": null,
        "craftProvenance": {
          "recipeId": "fieldSpear",
          "createdBy": "alden",
          "createdAt": 42689,
          "influenceMaterial": null,
          "masterpiece": false
        }
      },
      "workbench": {
        "available": true,
        "text": "工作台 實際工作台 雜貨店 · 服務時間 08:00–18:00。 選擇配方 木石長矛 Smithing Lv.1 已解鎖 進階長矛 Smithing Lv.2 已解鎖 鎖甲 Smithing Lv.2 已解鎖 鐵短劍 Smithing Lv.5 已解鎖 進階長矛 影響素材 素材會消耗 1 份，依選擇調整詞綴權重或條件式特性機率；不保證指定結果。品質機率只依鍛造熟練度能力調整。 不使用素材 🦴 狼牙 · 持有 1 🌙 月石 · 持有 0 成品 獵矛 · 武器 · Lv.3 材料 木材 ×4 ／持有 4 石材 ×3 ／持有 5 費用 6 金 ／持有 11 體力與時間 體力 12 ／目前 24 · 60 分鐘 鍛造熟練度 需求 Lv.2 ／目前 Lv.5 品質能力 目前最低品質：精良 · 普通 0%、精良 87%、稀有 10%、史詩 2.8%、傳說 0.2% 成功練習 本配方已達熟練上限 Lv.5 此配方已完成熟練；可製作其他配方或追求更高品質能力。 製作進階長矛",
        "inputRows": [
          "木材 ×4 ／持有 4",
          "石材 ×3 ／持有 5"
        ],
        "recipeControls": 1,
        "materialControls": 3,
        "selectedRecipe": "fieldSpear",
        "selectedMaterial": "none",
        "recipeLabel": "進階長矛\nSmithing Lv.2 已解鎖",
        "disabledReason": [],
        "finalSelection": {
          "recipeId": "fieldSpear",
          "recipeAriaPressed": true,
          "materialId": "none",
          "materialAriaPressed": true
        }
      },
      "selectionAndEquipment": {
        "instanceId": "item-106",
        "selected": true,
        "equippedSlots": [
          "weapon"
        ]
      }
    },
    {
      "item": {
        "instanceId": "item-107",
        "ownerId": "alden",
        "baseId": "chainArmor",
        "level": 3,
        "material": "wolfHide",
        "rarity": "uncommon",
        "affixes": [
          {
            "id": "sturdy",
            "tier": 1,
            "value": 1
          }
        ],
        "rolledStats": {
          "attack": 0,
          "defense": 5,
          "critical": 0,
          "penetration": 0,
          "bleed": 0,
          "block": 0,
          "reduction": 0
        },
        "specialTrait": null,
        "provenance": null,
        "craftProvenance": {
          "recipeId": "fieldArmor",
          "createdBy": "alden",
          "createdAt": 45158,
          "influenceMaterial": "wolfHide",
          "masterpiece": false
        }
      },
      "workbench": {
        "available": true,
        "text": "工作台 實際工作台 雜貨店 · 服務時間 08:00–18:00。 選擇配方 木石長矛 Smithing Lv.1 已解鎖 進階長矛 Smithing Lv.2 已解鎖 鎖甲 Smithing Lv.2 已解鎖 鐵短劍 Smithing Lv.5 已解鎖 鎖甲 影響素材 素材會消耗 1 份，依選擇調整詞綴權重或條件式特性機率；不保證指定結果。品質機率只依鍛造熟練度能力調整。 不使用素材 🐺 狼皮 · 持有 2 成品 鎖甲 · 防具 · Lv.3 材料 鐵礦 ×2 ／持有 6 木材 ×1 ／持有 5 費用 8 金 ／持有 13 體力與時間 體力 12 ／目前 76 · 60 分鐘 鍛造熟練度 需求 Lv.2 ／目前 Lv.5 品質能力 目前最低品質：精良 · 普通 0%、精良 87%、稀有 10%、史詩 2.8%、傳說 0.2% 成功練習 本配方已達熟練上限 Lv.5 此配方已完成熟練；可製作其他配方或追求更高品質能力。 製作鎖甲",
        "inputRows": [
          "鐵礦 ×2 ／持有 6",
          "木材 ×1 ／持有 5"
        ],
        "recipeControls": 1,
        "materialControls": 2,
        "selectedRecipe": "fieldArmor",
        "selectedMaterial": "none",
        "recipeLabel": "鎖甲\nSmithing Lv.2 已解鎖",
        "disabledReason": [],
        "finalSelection": {
          "recipeId": "fieldArmor",
          "recipeAriaPressed": true,
          "materialId": "wolfHide",
          "materialAriaPressed": true
        }
      },
      "selectionAndEquipment": {
        "instanceId": "item-107",
        "selected": true,
        "equippedSlots": [
          "armor"
        ]
      }
    },
    {
      "item": {
        "instanceId": "item-108",
        "ownerId": "alden",
        "baseId": "spear",
        "level": 2,
        "material": "wolfFang",
        "rarity": "uncommon",
        "affixes": [
          {
            "id": "bleeding",
            "tier": 1,
            "value": 1
          }
        ],
        "rolledStats": {
          "attack": 5,
          "defense": 0,
          "critical": 0,
          "penetration": 0,
          "bleed": 1,
          "block": 0,
          "reduction": 0
        },
        "specialTrait": null,
        "provenance": null,
        "craftProvenance": {
          "recipeId": "starterSpear",
          "createdBy": "alden",
          "createdAt": 45221,
          "influenceMaterial": "wolfFang",
          "masterpiece": false
        }
      },
      "workbench": {
        "available": true,
        "text": "工作台 實際工作台 雜貨店 · 服務時間 08:00–18:00。 選擇配方 木石長矛 Smithing Lv.1 已解鎖 進階長矛 Smithing Lv.2 已解鎖 鎖甲 Smithing Lv.2 已解鎖 鐵短劍 Smithing Lv.5 已解鎖 木石長矛 影響素材 素材會消耗 1 份，依選擇調整詞綴權重或條件式特性機率；不保證指定結果。品質機率只依鍛造熟練度能力調整。 不使用素材 🦴 狼牙 · 持有 2 🌙 月石 · 持有 0 成品 獵矛 · 武器 · Lv.2 材料 木材 ×3 ／持有 4 石材 ×2 ／持有 2 費用 4 金 ／持有 5 體力與時間 體力 10 ／目前 64 · 45 分鐘 鍛造熟練度 需求 Lv.1 ／目前 Lv.5 品質能力 目前最低品質：精良 · 普通 0%、精良 87%、稀有 10%、史詩 2.8%、傳說 0.2% 成功練習 本配方已達熟練上限 Lv.3 此配方已完成熟練；可製作其他配方或追求更高品質能力。 製作木石長矛",
        "inputRows": [
          "木材 ×3 ／持有 4",
          "石材 ×2 ／持有 2"
        ],
        "recipeControls": 1,
        "materialControls": 3,
        "selectedRecipe": "starterSpear",
        "selectedMaterial": "none",
        "recipeLabel": "木石長矛\nSmithing Lv.1 已解鎖",
        "disabledReason": [],
        "finalSelection": {
          "recipeId": "starterSpear",
          "recipeAriaPressed": true,
          "materialId": "wolfFang",
          "materialAriaPressed": true
        }
      },
      "selectionAndEquipment": {
        "instanceId": "item-108",
        "selected": true,
        "equippedSlots": [
          "weapon"
        ]
      }
    },
    {
      "item": {
        "instanceId": "item-109",
        "ownerId": "alden",
        "baseId": "spear",
        "level": 3,
        "material": null,
        "rarity": "uncommon",
        "affixes": [
          {
            "id": "bleeding",
            "tier": 1,
            "value": 1
          }
        ],
        "rolledStats": {
          "attack": 5,
          "defense": 0,
          "critical": 0,
          "penetration": 0,
          "bleed": 1,
          "block": 0,
          "reduction": 0
        },
        "specialTrait": null,
        "provenance": null,
        "craftProvenance": {
          "recipeId": "fieldSpear",
          "createdBy": "alden",
          "createdAt": 45551,
          "influenceMaterial": null,
          "masterpiece": false
        }
      },
      "workbench": {
        "available": true,
        "text": "工作台 實際工作台 雜貨店 · 服務時間 08:00–18:00。 選擇配方 木石長矛 Smithing Lv.1 已解鎖 進階長矛 Smithing Lv.2 已解鎖 鎖甲 Smithing Lv.2 已解鎖 鐵短劍 Smithing Lv.5 已解鎖 進階長矛 影響素材 素材會消耗 1 份，依選擇調整詞綴權重或條件式特性機率；不保證指定結果。品質機率只依鍛造熟練度能力調整。 不使用素材 🦴 狼牙 · 持有 1 🌙 月石 · 持有 0 成品 獵矛 · 武器 · Lv.3 材料 木材 ×4 ／持有 6 石材 ×3 ／持有 5 費用 6 金 ／持有 9 體力與時間 體力 12 ／目前 34 · 60 分鐘 鍛造熟練度 需求 Lv.2 ／目前 Lv.5 品質能力 目前最低品質：精良 · 普通 0%、精良 87%、稀有 10%、史詩 2.8%、傳說 0.2% 成功練習 本配方已達熟練上限 Lv.5 此配方已完成熟練；可製作其他配方或追求更高品質能力。 製作進階長矛",
        "inputRows": [
          "木材 ×4 ／持有 6",
          "石材 ×3 ／持有 5"
        ],
        "recipeControls": 1,
        "materialControls": 3,
        "selectedRecipe": "fieldSpear",
        "selectedMaterial": "none",
        "recipeLabel": "進階長矛\nSmithing Lv.2 已解鎖",
        "disabledReason": [],
        "finalSelection": {
          "recipeId": "fieldSpear",
          "recipeAriaPressed": true,
          "materialId": "none",
          "materialAriaPressed": true
        }
      },
      "selectionAndEquipment": {
        "instanceId": "item-109",
        "selected": true,
        "equippedSlots": [
          "weapon"
        ]
      }
    },
    {
      "item": {
        "instanceId": "item-110",
        "ownerId": "alden",
        "baseId": "spear",
        "level": 2,
        "material": null,
        "rarity": "uncommon",
        "affixes": [
          {
            "id": "bleeding",
            "tier": 1,
            "value": 1
          }
        ],
        "rolledStats": {
          "attack": 5,
          "defense": 0,
          "critical": 0,
          "penetration": 0,
          "bleed": 1,
          "block": 0,
          "reduction": 0
        },
        "specialTrait": null,
        "provenance": null,
        "craftProvenance": {
          "recipeId": "starterSpear",
          "createdBy": "alden",
          "createdAt": 45669,
          "influenceMaterial": null,
          "masterpiece": false
        }
      },
      "workbench": {
        "available": true,
        "text": "工作台 實際工作台 雜貨店 · 服務時間 08:00–18:00。 選擇配方 木石長矛 Smithing Lv.1 已解鎖 進階長矛 Smithing Lv.2 已解鎖 鎖甲 Smithing Lv.2 已解鎖 鐵短劍 Smithing Lv.5 已解鎖 木石長矛 影響素材 素材會消耗 1 份，依選擇調整詞綴權重或條件式特性機率；不保證指定結果。品質機率只依鍛造熟練度能力調整。 不使用素材 🦴 狼牙 · 持有 1 🌙 月石 · 持有 0 成品 獵矛 · 武器 · Lv.2 材料 木材 ×3 ／持有 7 石材 ×2 ／持有 2 費用 4 金 ／持有 7 體力與時間 體力 10 ／目前 12 · 45 分鐘 鍛造熟練度 需求 Lv.1 ／目前 Lv.5 品質能力 目前最低品質：精良 · 普通 0%、精良 87%、稀有 10%、史詩 2.8%、傳說 0.2% 成功練習 本配方已達熟練上限 Lv.3 此配方已完成熟練；可製作其他配方或追求更高品質能力。 製作木石長矛",
        "inputRows": [
          "木材 ×3 ／持有 7",
          "石材 ×2 ／持有 2"
        ],
        "recipeControls": 1,
        "materialControls": 3,
        "selectedRecipe": "starterSpear",
        "selectedMaterial": "none",
        "recipeLabel": "木石長矛\nSmithing Lv.1 已解鎖",
        "disabledReason": [],
        "finalSelection": {
          "recipeId": "starterSpear",
          "recipeAriaPressed": true,
          "materialId": "none",
          "materialAriaPressed": true
        }
      },
      "selectionAndEquipment": {
        "instanceId": "item-110",
        "selected": true,
        "equippedSlots": [
          "weapon"
        ]
      }
    },
    {
      "item": {
        "instanceId": "item-111",
        "ownerId": "alden",
        "baseId": "spear",
        "level": 3,
        "material": null,
        "rarity": "uncommon",
        "affixes": [
          {
            "id": "bleeding",
            "tier": 1,
            "value": 1
          }
        ],
        "rolledStats": {
          "attack": 5,
          "defense": 0,
          "critical": 0,
          "penetration": 0,
          "bleed": 1,
          "block": 0,
          "reduction": 0
        },
        "specialTrait": null,
        "provenance": null,
        "craftProvenance": {
          "recipeId": "fieldSpear",
          "createdBy": "alden",
          "createdAt": 46572,
          "influenceMaterial": null,
          "masterpiece": false
        }
      },
      "workbench": {
        "available": true,
        "text": "工作台 實際工作台 雜貨店 · 服務時間 08:00–18:00。 選擇配方 木石長矛 Smithing Lv.1 已解鎖 進階長矛 Smithing Lv.2 已解鎖 鎖甲 Smithing Lv.2 已解鎖 鐵短劍 Smithing Lv.5 已解鎖 進階長矛 影響素材 素材會消耗 1 份，依選擇調整詞綴權重或條件式特性機率；不保證指定結果。品質機率只依鍛造熟練度能力調整。 不使用素材 🦴 狼牙 · 持有 1 🌙 月石 · 持有 0 成品 獵矛 · 武器 · Lv.3 材料 木材 ×4 ／持有 4 石材 ×3 ／持有 5 費用 6 金 ／持有 7 體力與時間 體力 12 ／目前 84 · 60 分鐘 鍛造熟練度 需求 Lv.2 ／目前 Lv.5 品質能力 目前最低品質：精良 · 普通 0%、精良 87%、稀有 10%、史詩 2.8%、傳說 0.2% 成功練習 本配方已達熟練上限 Lv.5 此配方已完成熟練；可製作其他配方或追求更高品質能力。 製作進階長矛",
        "inputRows": [
          "木材 ×4 ／持有 4",
          "石材 ×3 ／持有 5"
        ],
        "recipeControls": 1,
        "materialControls": 3,
        "selectedRecipe": "fieldSpear",
        "selectedMaterial": "none",
        "recipeLabel": "進階長矛\nSmithing Lv.2 已解鎖",
        "disabledReason": [],
        "finalSelection": {
          "recipeId": "fieldSpear",
          "recipeAriaPressed": true,
          "materialId": "none",
          "materialAriaPressed": true
        }
      },
      "selectionAndEquipment": {
        "instanceId": "item-111",
        "selected": true,
        "equippedSlots": [
          "weapon"
        ]
      }
    },
    {
      "item": {
        "instanceId": "item-112",
        "ownerId": "alden",
        "baseId": "spear",
        "level": 2,
        "material": null,
        "rarity": "uncommon",
        "affixes": [
          {
            "id": "bleeding",
            "tier": 1,
            "value": 1
          }
        ],
        "rolledStats": {
          "attack": 5,
          "defense": 0,
          "critical": 0,
          "penetration": 0,
          "bleed": 1,
          "block": 0,
          "reduction": 0
        },
        "specialTrait": null,
        "provenance": null,
        "craftProvenance": {
          "recipeId": "starterSpear",
          "createdBy": "alden",
          "createdAt": 46688,
          "influenceMaterial": null,
          "masterpiece": false
        }
      },
      "workbench": {
        "available": true,
        "text": "工作台 實際工作台 雜貨店 · 服務時間 08:00–18:00。 選擇配方 木石長矛 Smithing Lv.1 已解鎖 進階長矛 Smithing Lv.2 已解鎖 鎖甲 Smithing Lv.2 已解鎖 鐵短劍 Smithing Lv.5 已解鎖 木石長矛 影響素材 素材會消耗 1 份，依選擇調整詞綴權重或條件式特性機率；不保證指定結果。品質機率只依鍛造熟練度能力調整。 不使用素材 🦴 狼牙 · 持有 1 🌙 月石 · 持有 0 成品 獵矛 · 武器 · Lv.2 材料 木材 ×3 ／持有 5 石材 ×2 ／持有 2 費用 4 金 ／持有 5 體力與時間 體力 10 ／目前 62 · 45 分鐘 鍛造熟練度 需求 Lv.1 ／目前 Lv.5 品質能力 目前最低品質：精良 · 普通 0%、精良 87%、稀有 10%、史詩 2.8%、傳說 0.2% 成功練習 本配方已達熟練上限 Lv.3 此配方已完成熟練；可製作其他配方或追求更高品質能力。 製作木石長矛",
        "inputRows": [
          "木材 ×3 ／持有 5",
          "石材 ×2 ／持有 2"
        ],
        "recipeControls": 1,
        "materialControls": 3,
        "selectedRecipe": "starterSpear",
        "selectedMaterial": "none",
        "recipeLabel": "木石長矛\nSmithing Lv.1 已解鎖",
        "disabledReason": [],
        "finalSelection": {
          "recipeId": "starterSpear",
          "recipeAriaPressed": true,
          "materialId": "none",
          "materialAriaPressed": true
        }
      },
      "selectionAndEquipment": {
        "instanceId": "item-112",
        "selected": true,
        "equippedSlots": [
          "weapon"
        ]
      }
    },
    {
      "item": {
        "instanceId": "item-113",
        "ownerId": "alden",
        "baseId": "spear",
        "level": 3,
        "material": null,
        "rarity": "uncommon",
        "affixes": [
          {
            "id": "keen",
            "tier": 1,
            "value": 3
          }
        ],
        "rolledStats": {
          "attack": 5,
          "defense": 0,
          "critical": 3,
          "penetration": 0,
          "bleed": 0,
          "block": 0,
          "reduction": 0
        },
        "specialTrait": null,
        "provenance": null,
        "craftProvenance": {
          "recipeId": "fieldSpear",
          "createdBy": "alden",
          "createdAt": 46933,
          "influenceMaterial": null,
          "masterpiece": false
        }
      },
      "workbench": {
        "available": true,
        "text": "工作台 實際工作台 雜貨店 · 服務時間 08:00–18:00。 選擇配方 木石長矛 Smithing Lv.1 已解鎖 進階長矛 Smithing Lv.2 已解鎖 鎖甲 Smithing Lv.2 已解鎖 鐵短劍 Smithing Lv.5 已解鎖 進階長矛 影響素材 素材會消耗 1 份，依選擇調整詞綴權重或條件式特性機率；不保證指定結果。品質機率只依鍛造熟練度能力調整。 不使用素材 🦴 狼牙 · 持有 1 🌙 月石 · 持有 0 成品 獵矛 · 武器 · Lv.3 材料 木材 ×4 ／持有 7 石材 ×3 ／持有 5 費用 6 金 ／持有 9 體力與時間 體力 12 ／目前 32 · 60 分鐘 鍛造熟練度 需求 Lv.2 ／目前 Lv.5 品質能力 目前最低品質：精良 · 普通 0%、精良 87%、稀有 10%、史詩 2.8%、傳說 0.2% 成功練習 本配方已達熟練上限 Lv.5 此配方已完成熟練；可製作其他配方或追求更高品質能力。 製作進階長矛",
        "inputRows": [
          "木材 ×4 ／持有 7",
          "石材 ×3 ／持有 5"
        ],
        "recipeControls": 1,
        "materialControls": 3,
        "selectedRecipe": "fieldSpear",
        "selectedMaterial": "none",
        "recipeLabel": "進階長矛\nSmithing Lv.2 已解鎖",
        "disabledReason": [],
        "finalSelection": {
          "recipeId": "fieldSpear",
          "recipeAriaPressed": true,
          "materialId": "none",
          "materialAriaPressed": true
        }
      },
      "selectionAndEquipment": {
        "instanceId": "item-113",
        "selected": true,
        "equippedSlots": [
          "weapon"
        ]
      }
    },
    {
      "item": {
        "instanceId": "item-114",
        "ownerId": "alden",
        "baseId": "chainArmor",
        "level": 3,
        "material": null,
        "rarity": "uncommon",
        "affixes": [
          {
            "id": "warding",
            "tier": 1,
            "value": 3
          }
        ],
        "rolledStats": {
          "attack": 0,
          "defense": 4,
          "critical": 0,
          "penetration": 0,
          "bleed": 0,
          "block": 0,
          "reduction": 3
        },
        "specialTrait": null,
        "provenance": null,
        "craftProvenance": {
          "recipeId": "fieldArmor",
          "createdBy": "alden",
          "createdAt": 48043,
          "influenceMaterial": null,
          "masterpiece": false
        }
      },
      "workbench": {
        "available": true,
        "text": "工作台 實際工作台 雜貨店 · 服務時間 08:00–18:00。 選擇配方 木石長矛 Smithing Lv.1 已解鎖 進階長矛 Smithing Lv.2 已解鎖 鎖甲 Smithing Lv.2 已解鎖 鐵短劍 Smithing Lv.5 已解鎖 鎖甲 影響素材 素材會消耗 1 份，依選擇調整詞綴權重或條件式特性機率；不保證指定結果。品質機率只依鍛造熟練度能力調整。 不使用素材 🐺 狼皮 · 持有 1 成品 鎖甲 · 防具 · Lv.3 材料 鐵礦 ×2 ／持有 4 木材 ×1 ／持有 3 費用 8 金 ／持有 11 體力與時間 體力 12 ／目前 76 · 60 分鐘 鍛造熟練度 需求 Lv.2 ／目前 Lv.5 品質能力 目前最低品質：精良 · 普通 0%、精良 87%、稀有 10%、史詩 2.8%、傳說 0.2% 成功練習 本配方已達熟練上限 Lv.5 此配方已完成熟練；可製作其他配方或追求更高品質能力。 製作鎖甲",
        "inputRows": [
          "鐵礦 ×2 ／持有 4",
          "木材 ×1 ／持有 3"
        ],
        "recipeControls": 1,
        "materialControls": 2,
        "selectedRecipe": "fieldArmor",
        "selectedMaterial": "none",
        "recipeLabel": "鎖甲\nSmithing Lv.2 已解鎖",
        "disabledReason": [],
        "finalSelection": {
          "recipeId": "fieldArmor",
          "recipeAriaPressed": true,
          "materialId": "none",
          "materialAriaPressed": true
        }
      },
      "selectionAndEquipment": {
        "instanceId": "item-114",
        "selected": true,
        "equippedSlots": [
          "armor"
        ]
      }
    },
    {
      "item": {
        "instanceId": "item-115",
        "ownerId": "alden",
        "baseId": "chainArmor",
        "level": 3,
        "material": null,
        "rarity": "uncommon",
        "affixes": [
          {
            "id": "blocking",
            "tier": 1,
            "value": 4
          }
        ],
        "rolledStats": {
          "attack": 0,
          "defense": 4,
          "critical": 0,
          "penetration": 0,
          "bleed": 0,
          "block": 4,
          "reduction": 0
        },
        "specialTrait": null,
        "provenance": null,
        "craftProvenance": {
          "recipeId": "fieldArmor",
          "createdBy": "alden",
          "createdAt": 48382,
          "influenceMaterial": null,
          "masterpiece": false
        }
      },
      "workbench": {
        "available": true,
        "text": "工作台 實際工作台 雜貨店 · 服務時間 08:00–18:00。 選擇配方 木石長矛 Smithing Lv.1 已解鎖 進階長矛 Smithing Lv.2 已解鎖 鎖甲 Smithing Lv.2 已解鎖 鐵短劍 Smithing Lv.5 已解鎖 鎖甲 影響素材 素材會消耗 1 份，依選擇調整詞綴權重或條件式特性機率；不保證指定結果。品質機率只依鍛造熟練度能力調整。 不使用素材 🐺 狼皮 · 持有 1 成品 鎖甲 · 防具 · Lv.3 材料 鐵礦 ×2 ／持有 7 木材 ×1 ／持有 8 費用 8 金 ／持有 11 體力與時間 體力 12 ／目前 44 · 60 分鐘 鍛造熟練度 需求 Lv.2 ／目前 Lv.5 品質能力 目前最低品質：精良 · 普通 0%、精良 87%、稀有 10%、史詩 2.8%、傳說 0.2% 成功練習 本配方已達熟練上限 Lv.5 此配方已完成熟練；可製作其他配方或追求更高品質能力。 製作鎖甲",
        "inputRows": [
          "鐵礦 ×2 ／持有 7",
          "木材 ×1 ／持有 8"
        ],
        "recipeControls": 1,
        "materialControls": 2,
        "selectedRecipe": "fieldArmor",
        "selectedMaterial": "none",
        "recipeLabel": "鎖甲\nSmithing Lv.2 已解鎖",
        "disabledReason": [],
        "finalSelection": {
          "recipeId": "fieldArmor",
          "recipeAriaPressed": true,
          "materialId": "none",
          "materialAriaPressed": true
        }
      },
      "selectionAndEquipment": {
        "instanceId": "item-115",
        "selected": true,
        "equippedSlots": [
          "armor"
        ]
      }
    },
    {
      "item": {
        "instanceId": "item-116",
        "ownerId": "alden",
        "baseId": "chainArmor",
        "level": 3,
        "material": null,
        "rarity": "rare",
        "affixes": [
          {
            "id": "blocking",
            "tier": 1,
            "value": 4
          },
          {
            "id": "sturdy",
            "tier": 1,
            "value": 1
          }
        ],
        "rolledStats": {
          "attack": 0,
          "defense": 5,
          "critical": 0,
          "penetration": 0,
          "bleed": 0,
          "block": 4,
          "reduction": 0
        },
        "specialTrait": null,
        "provenance": null,
        "craftProvenance": {
          "recipeId": "fieldArmor",
          "createdBy": "alden",
          "createdAt": 50921,
          "influenceMaterial": null,
          "masterpiece": false
        }
      },
      "workbench": {
        "available": true,
        "text": "工作台 實際工作台 雜貨店 · 服務時間 08:00–18:00。 選擇配方 木石長矛 Smithing Lv.1 已解鎖 進階長矛 Smithing Lv.2 已解鎖 鎖甲 Smithing Lv.2 已解鎖 鐵短劍 Smithing Lv.5 已解鎖 鎖甲 影響素材 素材會消耗 1 份，依選擇調整詞綴權重或條件式特性機率；不保證指定結果。品質機率只依鍛造熟練度能力調整。 不使用素材 🐺 狼皮 · 持有 1 成品 鎖甲 · 防具 · Lv.3 材料 鐵礦 ×2 ／持有 5 木材 ×1 ／持有 7 費用 8 金 ／持有 11 體力與時間 體力 12 ／目前 76 · 60 分鐘 鍛造熟練度 需求 Lv.2 ／目前 Lv.5 品質能力 目前最低品質：精良 · 普通 0%、精良 87%、稀有 10%、史詩 2.8%、傳說 0.2% 成功練習 本配方已達熟練上限 Lv.5 此配方已完成熟練；可製作其他配方或追求更高品質能力。 製作鎖甲",
        "inputRows": [
          "鐵礦 ×2 ／持有 5",
          "木材 ×1 ／持有 7"
        ],
        "recipeControls": 1,
        "materialControls": 2,
        "selectedRecipe": "fieldArmor",
        "selectedMaterial": "none",
        "recipeLabel": "鎖甲\nSmithing Lv.2 已解鎖",
        "disabledReason": [],
        "finalSelection": {
          "recipeId": "fieldArmor",
          "recipeAriaPressed": true,
          "materialId": "none",
          "materialAriaPressed": true
        }
      },
      "selectionAndEquipment": {
        "instanceId": "item-116",
        "selected": true,
        "equippedSlots": [
          "armor"
        ]
      }
    },
    {
      "item": {
        "instanceId": "item-117",
        "ownerId": "alden",
        "baseId": "spear",
        "level": 2,
        "material": null,
        "rarity": "rare",
        "affixes": [
          {
            "id": "keen",
            "tier": 1,
            "value": 3
          },
          {
            "id": "bleeding",
            "tier": 1,
            "value": 1
          }
        ],
        "rolledStats": {
          "attack": 5,
          "defense": 0,
          "critical": 3,
          "penetration": 0,
          "bleed": 1,
          "block": 0,
          "reduction": 0
        },
        "specialTrait": null,
        "provenance": null,
        "craftProvenance": {
          "recipeId": "starterSpear",
          "createdBy": "alden",
          "createdAt": 53803,
          "influenceMaterial": null,
          "masterpiece": false
        }
      },
      "workbench": {
        "available": true,
        "text": "工作台 實際工作台 雜貨店 · 服務時間 08:00–18:00。 選擇配方 木石長矛 Smithing Lv.1 已解鎖 進階長矛 Smithing Lv.2 已解鎖 鎖甲 Smithing Lv.2 已解鎖 鐵短劍 Smithing Lv.5 已解鎖 木石長矛 影響素材 素材會消耗 1 份，依選擇調整詞綴權重或條件式特性機率；不保證指定結果。品質機率只依鍛造熟練度能力調整。 不使用素材 🦴 狼牙 · 持有 1 🌙 月石 · 持有 0 成品 獵矛 · 武器 · Lv.2 材料 木材 ×3 ／持有 6 石材 ×2 ／持有 2 費用 4 金 ／持有 11 體力與時間 體力 10 ／目前 76 · 45 分鐘 鍛造熟練度 需求 Lv.1 ／目前 Lv.5 品質能力 目前最低品質：精良 · 普通 0%、精良 87%、稀有 10%、史詩 2.8%、傳說 0.2% 成功練習 本配方已達熟練上限 Lv.3 此配方已完成熟練；可製作其他配方或追求更高品質能力。 製作木石長矛",
        "inputRows": [
          "木材 ×3 ／持有 6",
          "石材 ×2 ／持有 2"
        ],
        "recipeControls": 1,
        "materialControls": 3,
        "selectedRecipe": "starterSpear",
        "selectedMaterial": "none",
        "recipeLabel": "木石長矛\nSmithing Lv.1 已解鎖",
        "disabledReason": [],
        "finalSelection": {
          "recipeId": "starterSpear",
          "recipeAriaPressed": true,
          "materialId": "none",
          "materialAriaPressed": true
        }
      },
      "selectionAndEquipment": {
        "instanceId": "item-117",
        "selected": true,
        "equippedSlots": [
          "weapon"
        ]
      }
    },
    {
      "item": {
        "instanceId": "item-118",
        "ownerId": "alden",
        "baseId": "chainArmor",
        "level": 3,
        "material": null,
        "rarity": "uncommon",
        "affixes": [
          {
            "id": "blocking",
            "tier": 1,
            "value": 4
          }
        ],
        "rolledStats": {
          "attack": 0,
          "defense": 4,
          "critical": 0,
          "penetration": 0,
          "bleed": 0,
          "block": 4,
          "reduction": 0
        },
        "specialTrait": null,
        "provenance": null,
        "craftProvenance": {
          "recipeId": "fieldArmor",
          "createdBy": "alden",
          "createdAt": 53965,
          "influenceMaterial": null,
          "masterpiece": false
        }
      },
      "workbench": {
        "available": true,
        "text": "工作台 實際工作台 雜貨店 · 服務時間 08:00–18:00。 選擇配方 木石長矛 Smithing Lv.1 已解鎖 進階長矛 Smithing Lv.2 已解鎖 鎖甲 Smithing Lv.2 已解鎖 鐵短劍 Smithing Lv.5 已解鎖 鎖甲 影響素材 素材會消耗 1 份，依選擇調整詞綴權重或條件式特性機率；不保證指定結果。品質機率只依鍛造熟練度能力調整。 不使用素材 🐺 狼皮 · 持有 1 成品 鎖甲 · 防具 · Lv.3 材料 鐵礦 ×2 ／持有 3 木材 ×1 ／持有 3 費用 8 金 ／持有 11 體力與時間 體力 12 ／目前 56 · 60 分鐘 鍛造熟練度 需求 Lv.2 ／目前 Lv.5 品質能力 目前最低品質：精良 · 普通 0%、精良 87%、稀有 10%、史詩 2.8%、傳說 0.2% 成功練習 本配方已達熟練上限 Lv.5 此配方已完成熟練；可製作其他配方或追求更高品質能力。 製作鎖甲",
        "inputRows": [
          "鐵礦 ×2 ／持有 3",
          "木材 ×1 ／持有 3"
        ],
        "recipeControls": 1,
        "materialControls": 2,
        "selectedRecipe": "fieldArmor",
        "selectedMaterial": "none",
        "recipeLabel": "鎖甲\nSmithing Lv.2 已解鎖",
        "disabledReason": [],
        "finalSelection": {
          "recipeId": "fieldArmor",
          "recipeAriaPressed": true,
          "materialId": "none",
          "materialAriaPressed": true
        }
      },
      "selectionAndEquipment": {
        "instanceId": "item-118",
        "selected": true,
        "equippedSlots": [
          "armor"
        ]
      }
    },
    {
      "item": {
        "instanceId": "item-119",
        "ownerId": "alden",
        "baseId": "spear",
        "level": 3,
        "material": null,
        "rarity": "uncommon",
        "affixes": [
          {
            "id": "keen",
            "tier": 1,
            "value": 3
          }
        ],
        "rolledStats": {
          "attack": 5,
          "defense": 0,
          "critical": 3,
          "penetration": 0,
          "bleed": 0,
          "block": 0,
          "reduction": 0
        },
        "specialTrait": null,
        "provenance": null,
        "craftProvenance": {
          "recipeId": "fieldSpear",
          "createdBy": "alden",
          "createdAt": 54202,
          "influenceMaterial": null,
          "masterpiece": false
        }
      },
      "workbench": {
        "available": true,
        "text": "工作台 實際工作台 雜貨店 · 服務時間 08:00–18:00。 選擇配方 木石長矛 Smithing Lv.1 已解鎖 進階長矛 Smithing Lv.2 已解鎖 鎖甲 Smithing Lv.2 已解鎖 鐵短劍 Smithing Lv.5 已解鎖 進階長矛 影響素材 素材會消耗 1 份，依選擇調整詞綴權重或條件式特性機率；不保證指定結果。品質機率只依鍛造熟練度能力調整。 不使用素材 🦴 狼牙 · 持有 1 🌙 月石 · 持有 0 成品 獵矛 · 武器 · Lv.3 材料 木材 ×4 ／持有 8 石材 ×3 ／持有 5 費用 6 金 ／持有 11 體力與時間 體力 12 ／目前 24 · 60 分鐘 鍛造熟練度 需求 Lv.2 ／目前 Lv.5 品質能力 目前最低品質：精良 · 普通 0%、精良 87%、稀有 10%、史詩 2.8%、傳說 0.2% 成功練習 本配方已達熟練上限 Lv.5 此配方已完成熟練；可製作其他配方或追求更高品質能力。 製作進階長矛",
        "inputRows": [
          "木材 ×4 ／持有 8",
          "石材 ×3 ／持有 5"
        ],
        "recipeControls": 1,
        "materialControls": 3,
        "selectedRecipe": "fieldSpear",
        "selectedMaterial": "none",
        "recipeLabel": "進階長矛\nSmithing Lv.2 已解鎖",
        "disabledReason": [],
        "finalSelection": {
          "recipeId": "fieldSpear",
          "recipeAriaPressed": true,
          "materialId": "none",
          "materialAriaPressed": true
        }
      },
      "selectionAndEquipment": {
        "instanceId": "item-119",
        "selected": true,
        "equippedSlots": [
          "weapon"
        ]
      }
    },
    {
      "item": {
        "instanceId": "item-120",
        "ownerId": "alden",
        "baseId": "spear",
        "level": 2,
        "material": null,
        "rarity": "uncommon",
        "affixes": [
          {
            "id": "bleeding",
            "tier": 1,
            "value": 1
          }
        ],
        "rolledStats": {
          "attack": 5,
          "defense": 0,
          "critical": 0,
          "penetration": 0,
          "bleed": 1,
          "block": 0,
          "reduction": 0
        },
        "specialTrait": null,
        "provenance": null,
        "craftProvenance": {
          "recipeId": "starterSpear",
          "createdBy": "alden",
          "createdAt": 54265,
          "influenceMaterial": null,
          "masterpiece": false
        }
      },
      "workbench": {
        "available": true,
        "text": "工作台 實際工作台 雜貨店 · 服務時間 08:00–18:00。 選擇配方 木石長矛 Smithing Lv.1 已解鎖 進階長矛 Smithing Lv.2 已解鎖 鎖甲 Smithing Lv.2 已解鎖 鐵短劍 Smithing Lv.5 已解鎖 木石長矛 影響素材 素材會消耗 1 份，依選擇調整詞綴權重或條件式特性機率；不保證指定結果。品質機率只依鍛造熟練度能力調整。 不使用素材 🦴 狼牙 · 持有 1 🌙 月石 · 持有 0 成品 獵矛 · 武器 · Lv.2 材料 木材 ×3 ／持有 4 石材 ×2 ／持有 2 費用 4 金 ／持有 5 體力與時間 體力 10 ／目前 12 · 45 分鐘 鍛造熟練度 需求 Lv.1 ／目前 Lv.5 品質能力 目前最低品質：精良 · 普通 0%、精良 87%、稀有 10%、史詩 2.8%、傳說 0.2% 成功練習 本配方已達熟練上限 Lv.3 此配方已完成熟練；可製作其他配方或追求更高品質能力。 製作木石長矛",
        "inputRows": [
          "木材 ×3 ／持有 4",
          "石材 ×2 ／持有 2"
        ],
        "recipeControls": 1,
        "materialControls": 3,
        "selectedRecipe": "starterSpear",
        "selectedMaterial": "none",
        "recipeLabel": "木石長矛\nSmithing Lv.1 已解鎖",
        "disabledReason": [],
        "finalSelection": {
          "recipeId": "starterSpear",
          "recipeAriaPressed": true,
          "materialId": "none",
          "materialAriaPressed": true
        }
      },
      "selectionAndEquipment": {
        "instanceId": "item-120",
        "selected": true,
        "equippedSlots": [
          "weapon"
        ]
      }
    },
    {
      "item": {
        "instanceId": "item-121",
        "ownerId": "alden",
        "baseId": "spear",
        "level": 3,
        "material": null,
        "rarity": "uncommon",
        "affixes": [
          {
            "id": "striking",
            "tier": 1,
            "value": 1
          }
        ],
        "rolledStats": {
          "attack": 6,
          "defense": 0,
          "critical": 0,
          "penetration": 0,
          "bleed": 0,
          "block": 0,
          "reduction": 0
        },
        "specialTrait": null,
        "provenance": null,
        "craftProvenance": {
          "recipeId": "fieldSpear",
          "createdBy": "alden",
          "createdAt": 55211,
          "influenceMaterial": null,
          "masterpiece": false
        }
      },
      "workbench": {
        "available": true,
        "text": "工作台 實際工作台 雜貨店 · 服務時間 08:00–18:00。 選擇配方 木石長矛 Smithing Lv.1 已解鎖 進階長矛 Smithing Lv.2 已解鎖 鎖甲 Smithing Lv.2 已解鎖 鐵短劍 Smithing Lv.5 已解鎖 進階長矛 影響素材 素材會消耗 1 份，依選擇調整詞綴權重或條件式特性機率；不保證指定結果。品質機率只依鍛造熟練度能力調整。 不使用素材 🦴 狼牙 · 持有 1 🌙 月石 · 持有 0 成品 獵矛 · 武器 · Lv.3 材料 木材 ×4 ／持有 7 石材 ×3 ／持有 5 費用 6 金 ／持有 9 體力與時間 體力 12 ／目前 84 · 60 分鐘 鍛造熟練度 需求 Lv.2 ／目前 Lv.5 品質能力 目前最低品質：精良 · 普通 0%、精良 87%、稀有 10%、史詩 2.8%、傳說 0.2% 成功練習 本配方已達熟練上限 Lv.5 此配方已完成熟練；可製作其他配方或追求更高品質能力。 製作進階長矛",
        "inputRows": [
          "木材 ×4 ／持有 7",
          "石材 ×3 ／持有 5"
        ],
        "recipeControls": 1,
        "materialControls": 3,
        "selectedRecipe": "fieldSpear",
        "selectedMaterial": "none",
        "recipeLabel": "進階長矛\nSmithing Lv.2 已解鎖",
        "disabledReason": [],
        "finalSelection": {
          "recipeId": "fieldSpear",
          "recipeAriaPressed": true,
          "materialId": "none",
          "materialAriaPressed": true
        }
      },
      "selectionAndEquipment": {
        "instanceId": "item-121",
        "selected": true,
        "equippedSlots": [
          "weapon"
        ]
      }
    },
    {
      "item": {
        "instanceId": "item-122",
        "ownerId": "alden",
        "baseId": "chainArmor",
        "level": 3,
        "material": null,
        "rarity": "uncommon",
        "affixes": [
          {
            "id": "blocking",
            "tier": 1,
            "value": 4
          }
        ],
        "rolledStats": {
          "attack": 0,
          "defense": 4,
          "critical": 0,
          "penetration": 0,
          "bleed": 0,
          "block": 4,
          "reduction": 0
        },
        "specialTrait": null,
        "provenance": null,
        "craftProvenance": {
          "recipeId": "fieldArmor",
          "createdBy": "alden",
          "createdAt": 56746,
          "influenceMaterial": null,
          "masterpiece": false
        }
      },
      "workbench": {
        "available": true,
        "text": "工作台 實際工作台 雜貨店 · 服務時間 08:00–18:00。 選擇配方 木石長矛 Smithing Lv.1 已解鎖 進階長矛 Smithing Lv.2 已解鎖 鎖甲 Smithing Lv.2 已解鎖 鐵短劍 Smithing Lv.5 已解鎖 鎖甲 影響素材 素材會消耗 1 份，依選擇調整詞綴權重或條件式特性機率；不保證指定結果。品質機率只依鍛造熟練度能力調整。 不使用素材 🐺 狼皮 · 持有 1 成品 鎖甲 · 防具 · Lv.3 材料 鐵礦 ×2 ／持有 6 木材 ×1 ／持有 3 費用 8 金 ／持有 11 體力與時間 體力 12 ／目前 76 · 60 分鐘 鍛造熟練度 需求 Lv.2 ／目前 Lv.5 品質能力 目前最低品質：精良 · 普通 0%、精良 87%、稀有 10%、史詩 2.8%、傳說 0.2% 成功練習 本配方已達熟練上限 Lv.5 此配方已完成熟練；可製作其他配方或追求更高品質能力。 製作鎖甲",
        "inputRows": [
          "鐵礦 ×2 ／持有 6",
          "木材 ×1 ／持有 3"
        ],
        "recipeControls": 1,
        "materialControls": 2,
        "selectedRecipe": "fieldArmor",
        "selectedMaterial": "none",
        "recipeLabel": "鎖甲\nSmithing Lv.2 已解鎖",
        "disabledReason": [],
        "finalSelection": {
          "recipeId": "fieldArmor",
          "recipeAriaPressed": true,
          "materialId": "none",
          "materialAriaPressed": true
        }
      },
      "selectionAndEquipment": {
        "instanceId": "item-122",
        "selected": true,
        "equippedSlots": [
          "armor"
        ]
      }
    },
    {
      "item": {
        "instanceId": "item-123",
        "ownerId": "alden",
        "baseId": "spear",
        "level": 2,
        "material": null,
        "rarity": "uncommon",
        "affixes": [
          {
            "id": "piercing",
            "tier": 1,
            "value": 1
          }
        ],
        "rolledStats": {
          "attack": 5,
          "defense": 0,
          "critical": 0,
          "penetration": 1,
          "bleed": 0,
          "block": 0,
          "reduction": 0
        },
        "specialTrait": null,
        "provenance": null,
        "craftProvenance": {
          "recipeId": "starterSpear",
          "createdBy": "alden",
          "createdAt": 56860,
          "influenceMaterial": null,
          "masterpiece": false
        }
      },
      "workbench": {
        "available": true,
        "text": "工作台 實際工作台 雜貨店 · 服務時間 08:00–18:00。 選擇配方 木石長矛 Smithing Lv.1 已解鎖 進階長矛 Smithing Lv.2 已解鎖 鎖甲 Smithing Lv.2 已解鎖 鐵短劍 Smithing Lv.5 已解鎖 木石長矛 影響素材 素材會消耗 1 份，依選擇調整詞綴權重或條件式特性機率；不保證指定結果。品質機率只依鍛造熟練度能力調整。 不使用素材 🦴 狼牙 · 持有 1 🌙 月石 · 持有 0 成品 獵矛 · 武器 · Lv.2 材料 木材 ×3 ／持有 8 石材 ×2 ／持有 2 費用 4 金 ／持有 7 體力與時間 體力 10 ／目前 54 · 45 分鐘 鍛造熟練度 需求 Lv.1 ／目前 Lv.5 品質能力 目前最低品質：精良 · 普通 0%、精良 87%、稀有 10%、史詩 2.8%、傳說 0.2% 成功練習 本配方已達熟練上限 Lv.3 此配方已完成熟練；可製作其他配方或追求更高品質能力。 製作木石長矛",
        "inputRows": [
          "木材 ×3 ／持有 8",
          "石材 ×2 ／持有 2"
        ],
        "recipeControls": 1,
        "materialControls": 3,
        "selectedRecipe": "starterSpear",
        "selectedMaterial": "none",
        "recipeLabel": "木石長矛\nSmithing Lv.1 已解鎖",
        "disabledReason": [],
        "finalSelection": {
          "recipeId": "starterSpear",
          "recipeAriaPressed": true,
          "materialId": "none",
          "materialAriaPressed": true
        }
      },
      "selectionAndEquipment": {
        "instanceId": "item-123",
        "selected": true,
        "equippedSlots": [
          "weapon"
        ]
      }
    },
    {
      "item": {
        "instanceId": "item-124",
        "ownerId": "alden",
        "baseId": "spear",
        "level": 3,
        "material": null,
        "rarity": "uncommon",
        "affixes": [
          {
            "id": "bleeding",
            "tier": 1,
            "value": 1
          }
        ],
        "rolledStats": {
          "attack": 5,
          "defense": 0,
          "critical": 0,
          "penetration": 0,
          "bleed": 1,
          "block": 0,
          "reduction": 0
        },
        "specialTrait": null,
        "provenance": null,
        "craftProvenance": {
          "recipeId": "fieldSpear",
          "createdBy": "alden",
          "createdAt": 57130,
          "influenceMaterial": null,
          "masterpiece": false
        }
      },
      "workbench": {
        "available": true,
        "text": "工作台 實際工作台 雜貨店 · 服務時間 08:00–18:00。 選擇配方 木石長矛 Smithing Lv.1 已解鎖 進階長矛 Smithing Lv.2 已解鎖 鎖甲 Smithing Lv.2 已解鎖 鐵短劍 Smithing Lv.5 已解鎖 進階長矛 影響素材 素材會消耗 1 份，依選擇調整詞綴權重或條件式特性機率；不保證指定結果。品質機率只依鍛造熟練度能力調整。 不使用素材 🦴 狼牙 · 持有 1 🌙 月石 · 持有 0 成品 獵矛 · 武器 · Lv.3 材料 木材 ×4 ／持有 5 石材 ×3 ／持有 5 費用 6 金 ／持有 7 體力與時間 體力 12 ／目前 34 · 60 分鐘 鍛造熟練度 需求 Lv.2 ／目前 Lv.5 品質能力 目前最低品質：精良 · 普通 0%、精良 87%、稀有 10%、史詩 2.8%、傳說 0.2% 成功練習 本配方已達熟練上限 Lv.5 此配方已完成熟練；可製作其他配方或追求更高品質能力。 製作進階長矛",
        "inputRows": [
          "木材 ×4 ／持有 5",
          "石材 ×3 ／持有 5"
        ],
        "recipeControls": 1,
        "materialControls": 3,
        "selectedRecipe": "fieldSpear",
        "selectedMaterial": "none",
        "recipeLabel": "進階長矛\nSmithing Lv.2 已解鎖",
        "disabledReason": [],
        "finalSelection": {
          "recipeId": "fieldSpear",
          "recipeAriaPressed": true,
          "materialId": "none",
          "materialAriaPressed": true
        }
      },
      "selectionAndEquipment": {
        "instanceId": "item-124",
        "selected": true,
        "equippedSlots": [
          "weapon"
        ]
      }
    },
    {
      "item": {
        "instanceId": "item-125",
        "ownerId": "alden",
        "baseId": "spear",
        "level": 2,
        "material": null,
        "rarity": "uncommon",
        "affixes": [
          {
            "id": "piercing",
            "tier": 1,
            "value": 1
          }
        ],
        "rolledStats": {
          "attack": 5,
          "defense": 0,
          "critical": 0,
          "penetration": 1,
          "bleed": 0,
          "block": 0,
          "reduction": 0
        },
        "specialTrait": null,
        "provenance": null,
        "craftProvenance": {
          "recipeId": "starterSpear",
          "createdBy": "alden",
          "createdAt": 58094,
          "influenceMaterial": null,
          "masterpiece": false
        }
      },
      "workbench": {
        "available": true,
        "text": "工作台 實際工作台 雜貨店 · 服務時間 08:00–18:00。 選擇配方 木石長矛 Smithing Lv.1 已解鎖 進階長矛 Smithing Lv.2 已解鎖 鎖甲 Smithing Lv.2 已解鎖 鐵短劍 Smithing Lv.5 已解鎖 木石長矛 影響素材 素材會消耗 1 份，依選擇調整詞綴權重或條件式特性機率；不保證指定結果。品質機率只依鍛造熟練度能力調整。 不使用素材 🦴 狼牙 · 持有 1 🌙 月石 · 持有 0 成品 獵矛 · 武器 · Lv.2 材料 木材 ×3 ／持有 7 石材 ×2 ／持有 2 費用 4 金 ／持有 5 體力與時間 體力 10 ／目前 84 · 45 分鐘 鍛造熟練度 需求 Lv.1 ／目前 Lv.5 品質能力 目前最低品質：精良 · 普通 0%、精良 87%、稀有 10%、史詩 2.8%、傳說 0.2% 成功練習 本配方已達熟練上限 Lv.3 此配方已完成熟練；可製作其他配方或追求更高品質能力。 製作木石長矛",
        "inputRows": [
          "木材 ×3 ／持有 7",
          "石材 ×2 ／持有 2"
        ],
        "recipeControls": 1,
        "materialControls": 3,
        "selectedRecipe": "starterSpear",
        "selectedMaterial": "none",
        "recipeLabel": "木石長矛\nSmithing Lv.1 已解鎖",
        "disabledReason": [],
        "finalSelection": {
          "recipeId": "starterSpear",
          "recipeAriaPressed": true,
          "materialId": "none",
          "materialAriaPressed": true
        }
      },
      "selectionAndEquipment": {
        "instanceId": "item-125",
        "selected": true,
        "equippedSlots": [
          "weapon"
        ]
      }
    },
    {
      "item": {
        "instanceId": "item-126",
        "ownerId": "alden",
        "baseId": "spear",
        "level": 2,
        "material": null,
        "rarity": "uncommon",
        "affixes": [
          {
            "id": "bleeding",
            "tier": 1,
            "value": 1
          }
        ],
        "rolledStats": {
          "attack": 5,
          "defense": 0,
          "critical": 0,
          "penetration": 0,
          "bleed": 1,
          "block": 0,
          "reduction": 0
        },
        "specialTrait": null,
        "provenance": null,
        "craftProvenance": {
          "recipeId": "starterSpear",
          "createdBy": "alden",
          "createdAt": 58277,
          "influenceMaterial": null,
          "masterpiece": false
        }
      },
      "workbench": {
        "available": true,
        "text": "工作台 實際工作台 雜貨店 · 服務時間 08:00–18:00。 選擇配方 木石長矛 Smithing Lv.1 已解鎖 進階長矛 Smithing Lv.2 已解鎖 鎖甲 Smithing Lv.2 已解鎖 鐵短劍 Smithing Lv.5 已解鎖 木石長矛 影響素材 素材會消耗 1 份，依選擇調整詞綴權重或條件式特性機率；不保證指定結果。品質機率只依鍛造熟練度能力調整。 不使用素材 🦴 狼牙 · 持有 1 🌙 月石 · 持有 0 成品 獵矛 · 武器 · Lv.2 材料 木材 ×3 ／持有 4 石材 ×2 ／持有 5 費用 4 金 ／持有 5 體力與時間 體力 10 ／目前 64 · 45 分鐘 鍛造熟練度 需求 Lv.1 ／目前 Lv.5 品質能力 目前最低品質：精良 · 普通 0%、精良 87%、稀有 10%、史詩 2.8%、傳說 0.2% 成功練習 本配方已達熟練上限 Lv.3 此配方已完成熟練；可製作其他配方或追求更高品質能力。 製作木石長矛",
        "inputRows": [
          "木材 ×3 ／持有 4",
          "石材 ×2 ／持有 5"
        ],
        "recipeControls": 1,
        "materialControls": 3,
        "selectedRecipe": "starterSpear",
        "selectedMaterial": "none",
        "recipeLabel": "木石長矛\nSmithing Lv.1 已解鎖",
        "disabledReason": [],
        "finalSelection": {
          "recipeId": "starterSpear",
          "recipeAriaPressed": true,
          "materialId": "none",
          "materialAriaPressed": true
        }
      },
      "selectionAndEquipment": {
        "instanceId": "item-126",
        "selected": true,
        "equippedSlots": [
          "weapon"
        ]
      }
    },
    {
      "item": {
        "instanceId": "item-127",
        "ownerId": "alden",
        "baseId": "spear",
        "level": 2,
        "material": null,
        "rarity": "uncommon",
        "affixes": [
          {
            "id": "striking",
            "tier": 1,
            "value": 1
          }
        ],
        "rolledStats": {
          "attack": 6,
          "defense": 0,
          "critical": 0,
          "penetration": 0,
          "bleed": 0,
          "block": 0,
          "reduction": 0
        },
        "specialTrait": null,
        "provenance": null,
        "craftProvenance": {
          "recipeId": "starterSpear",
          "createdBy": "alden",
          "createdAt": 58461,
          "influenceMaterial": null,
          "masterpiece": false
        }
      },
      "workbench": {
        "available": true,
        "text": "工作台 實際工作台 雜貨店 · 服務時間 08:00–18:00。 選擇配方 木石長矛 Smithing Lv.1 已解鎖 進階長矛 Smithing Lv.2 已解鎖 鎖甲 Smithing Lv.2 已解鎖 鐵短劍 Smithing Lv.5 已解鎖 木石長矛 影響素材 素材會消耗 1 份，依選擇調整詞綴權重或條件式特性機率；不保證指定結果。品質機率只依鍛造熟練度能力調整。 不使用素材 🦴 狼牙 · 持有 1 🌙 月石 · 持有 0 成品 獵矛 · 武器 · Lv.2 材料 木材 ×3 ／持有 7 石材 ×2 ／持有 3 費用 4 金 ／持有 5 體力與時間 體力 10 ／目前 44 · 45 分鐘 鍛造熟練度 需求 Lv.1 ／目前 Lv.5 品質能力 目前最低品質：精良 · 普通 0%、精良 87%、稀有 10%、史詩 2.8%、傳說 0.2% 成功練習 本配方已達熟練上限 Lv.3 此配方已完成熟練；可製作其他配方或追求更高品質能力。 製作木石長矛",
        "inputRows": [
          "木材 ×3 ／持有 7",
          "石材 ×2 ／持有 3"
        ],
        "recipeControls": 1,
        "materialControls": 3,
        "selectedRecipe": "starterSpear",
        "selectedMaterial": "none",
        "recipeLabel": "木石長矛\nSmithing Lv.1 已解鎖",
        "disabledReason": [],
        "finalSelection": {
          "recipeId": "starterSpear",
          "recipeAriaPressed": true,
          "materialId": "none",
          "materialAriaPressed": true
        }
      },
      "selectionAndEquipment": {
        "instanceId": "item-127",
        "selected": true,
        "equippedSlots": [
          "weapon"
        ]
      }
    },
    {
      "item": {
        "instanceId": "item-128",
        "ownerId": "alden",
        "baseId": "spear",
        "level": 2,
        "material": null,
        "rarity": "uncommon",
        "affixes": [
          {
            "id": "striking",
            "tier": 1,
            "value": 1
          }
        ],
        "rolledStats": {
          "attack": 6,
          "defense": 0,
          "critical": 0,
          "penetration": 0,
          "bleed": 0,
          "block": 0,
          "reduction": 0
        },
        "specialTrait": null,
        "provenance": null,
        "craftProvenance": {
          "recipeId": "starterSpear",
          "createdBy": "alden",
          "createdAt": 58634,
          "influenceMaterial": null,
          "masterpiece": false
        }
      },
      "workbench": {
        "available": true,
        "text": "工作台 實際工作台 雜貨店 · 服務時間 08:00–18:00。 選擇配方 木石長矛 Smithing Lv.1 已解鎖 進階長矛 Smithing Lv.2 已解鎖 鎖甲 Smithing Lv.2 已解鎖 鐵短劍 Smithing Lv.5 已解鎖 木石長矛 影響素材 素材會消耗 1 份，依選擇調整詞綴權重或條件式特性機率；不保證指定結果。品質機率只依鍛造熟練度能力調整。 不使用素材 🦴 狼牙 · 持有 1 🌙 月石 · 持有 0 成品 獵矛 · 武器 · Lv.2 材料 木材 ×3 ／持有 4 石材 ×2 ／持有 6 費用 4 金 ／持有 5 體力與時間 體力 10 ／目前 24 · 45 分鐘 鍛造熟練度 需求 Lv.1 ／目前 Lv.5 品質能力 目前最低品質：精良 · 普通 0%、精良 87%、稀有 10%、史詩 2.8%、傳說 0.2% 成功練習 本配方已達熟練上限 Lv.3 此配方已完成熟練；可製作其他配方或追求更高品質能力。 製作木石長矛",
        "inputRows": [
          "木材 ×3 ／持有 4",
          "石材 ×2 ／持有 6"
        ],
        "recipeControls": 1,
        "materialControls": 3,
        "selectedRecipe": "starterSpear",
        "selectedMaterial": "none",
        "recipeLabel": "木石長矛\nSmithing Lv.1 已解鎖",
        "disabledReason": [],
        "finalSelection": {
          "recipeId": "starterSpear",
          "recipeAriaPressed": true,
          "materialId": "none",
          "materialAriaPressed": true
        }
      },
      "selectionAndEquipment": {
        "instanceId": "item-128",
        "selected": true,
        "equippedSlots": [
          "weapon"
        ]
      }
    },
    {
      "item": {
        "instanceId": "item-129",
        "ownerId": "alden",
        "baseId": "spear",
        "level": 2,
        "material": null,
        "rarity": "uncommon",
        "affixes": [
          {
            "id": "striking",
            "tier": 1,
            "value": 1
          }
        ],
        "rolledStats": {
          "attack": 6,
          "defense": 0,
          "critical": 0,
          "penetration": 0,
          "bleed": 0,
          "block": 0,
          "reduction": 0
        },
        "specialTrait": null,
        "provenance": null,
        "craftProvenance": {
          "recipeId": "starterSpear",
          "createdBy": "alden",
          "createdAt": 59549,
          "influenceMaterial": null,
          "masterpiece": false
        }
      },
      "workbench": {
        "available": true,
        "text": "工作台 實際工作台 雜貨店 · 服務時間 08:00–18:00。 選擇配方 木石長矛 Smithing Lv.1 已解鎖 進階長矛 Smithing Lv.2 已解鎖 鎖甲 Smithing Lv.2 已解鎖 鐵短劍 Smithing Lv.5 已解鎖 木石長矛 影響素材 素材會消耗 1 份，依選擇調整詞綴權重或條件式特性機率；不保證指定結果。品質機率只依鍛造熟練度能力調整。 不使用素材 🦴 狼牙 · 持有 1 🌙 月石 · 持有 0 成品 獵矛 · 武器 · Lv.2 材料 木材 ×3 ／持有 7 石材 ×2 ／持有 4 費用 4 金 ／持有 5 體力與時間 體力 10 ／目前 84 · 45 分鐘 鍛造熟練度 需求 Lv.1 ／目前 Lv.5 品質能力 目前最低品質：精良 · 普通 0%、精良 87%、稀有 10%、史詩 2.8%、傳說 0.2% 成功練習 本配方已達熟練上限 Lv.3 此配方已完成熟練；可製作其他配方或追求更高品質能力。 製作木石長矛",
        "inputRows": [
          "木材 ×3 ／持有 7",
          "石材 ×2 ／持有 4"
        ],
        "recipeControls": 1,
        "materialControls": 3,
        "selectedRecipe": "starterSpear",
        "selectedMaterial": "none",
        "recipeLabel": "木石長矛\nSmithing Lv.1 已解鎖",
        "disabledReason": [],
        "finalSelection": {
          "recipeId": "starterSpear",
          "recipeAriaPressed": true,
          "materialId": "none",
          "materialAriaPressed": true
        }
      },
      "selectionAndEquipment": {
        "instanceId": "item-129",
        "selected": true,
        "equippedSlots": [
          "weapon"
        ]
      }
    },
    {
      "item": {
        "instanceId": "item-130",
        "ownerId": "alden",
        "baseId": "chainArmor",
        "level": 3,
        "material": null,
        "rarity": "uncommon",
        "affixes": [
          {
            "id": "warding",
            "tier": 1,
            "value": 3
          }
        ],
        "rolledStats": {
          "attack": 0,
          "defense": 4,
          "critical": 0,
          "penetration": 0,
          "bleed": 0,
          "block": 0,
          "reduction": 3
        },
        "specialTrait": null,
        "provenance": null,
        "craftProvenance": {
          "recipeId": "fieldArmor",
          "createdBy": "alden",
          "createdAt": 59694,
          "influenceMaterial": null,
          "masterpiece": false
        }
      },
      "workbench": {
        "available": true,
        "text": "工作台 實際工作台 雜貨店 · 服務時間 08:00–18:00。 選擇配方 木石長矛 Smithing Lv.1 已解鎖 進階長矛 Smithing Lv.2 已解鎖 鎖甲 Smithing Lv.2 已解鎖 鐵短劍 Smithing Lv.5 已解鎖 鎖甲 影響素材 素材會消耗 1 份，依選擇調整詞綴權重或條件式特性機率；不保證指定結果。品質機率只依鍛造熟練度能力調整。 不使用素材 🐺 狼皮 · 持有 1 成品 鎖甲 · 防具 · Lv.3 材料 鐵礦 ×2 ／持有 4 木材 ×1 ／持有 4 費用 8 金 ／持有 13 體力與時間 體力 12 ／目前 66 · 60 分鐘 鍛造熟練度 需求 Lv.2 ／目前 Lv.5 品質能力 目前最低品質：精良 · 普通 0%、精良 87%、稀有 10%、史詩 2.8%、傳說 0.2% 成功練習 本配方已達熟練上限 Lv.5 此配方已完成熟練；可製作其他配方或追求更高品質能力。 製作鎖甲",
        "inputRows": [
          "鐵礦 ×2 ／持有 4",
          "木材 ×1 ／持有 4"
        ],
        "recipeControls": 1,
        "materialControls": 2,
        "selectedRecipe": "fieldArmor",
        "selectedMaterial": "none",
        "recipeLabel": "鎖甲\nSmithing Lv.2 已解鎖",
        "disabledReason": [],
        "finalSelection": {
          "recipeId": "fieldArmor",
          "recipeAriaPressed": true,
          "materialId": "none",
          "materialAriaPressed": true
        }
      },
      "selectionAndEquipment": {
        "instanceId": "item-130",
        "selected": true,
        "equippedSlots": [
          "armor"
        ]
      }
    },
    {
      "item": {
        "instanceId": "item-131",
        "ownerId": "alden",
        "baseId": "spear",
        "level": 2,
        "material": "wolfFang",
        "rarity": "uncommon",
        "affixes": [
          {
            "id": "bleeding",
            "tier": 1,
            "value": 1
          }
        ],
        "rolledStats": {
          "attack": 5,
          "defense": 0,
          "critical": 0,
          "penetration": 0,
          "bleed": 1,
          "block": 0,
          "reduction": 0
        },
        "specialTrait": null,
        "provenance": null,
        "craftProvenance": {
          "recipeId": "starterSpear",
          "createdBy": "alden",
          "createdAt": 59757,
          "influenceMaterial": "wolfFang",
          "masterpiece": false
        }
      },
      "workbench": {
        "available": true,
        "text": "工作台 實際工作台 雜貨店 · 服務時間 08:00–18:00。 選擇配方 木石長矛 Smithing Lv.1 已解鎖 進階長矛 Smithing Lv.2 已解鎖 鎖甲 Smithing Lv.2 已解鎖 鐵短劍 Smithing Lv.5 已解鎖 木石長矛 影響素材 素材會消耗 1 份，依選擇調整詞綴權重或條件式特性機率；不保證指定結果。品質機率只依鍛造熟練度能力調整。 不使用素材 🦴 狼牙 · 持有 2 🌙 月石 · 持有 0 成品 獵矛 · 武器 · Lv.2 材料 木材 ×3 ／持有 3 石材 ×2 ／持有 2 費用 4 金 ／持有 5 體力與時間 體力 10 ／目前 54 · 45 分鐘 鍛造熟練度 需求 Lv.1 ／目前 Lv.5 品質能力 目前最低品質：精良 · 普通 0%、精良 87%、稀有 10%、史詩 2.8%、傳說 0.2% 成功練習 本配方已達熟練上限 Lv.3 此配方已完成熟練；可製作其他配方或追求更高品質能力。 製作木石長矛",
        "inputRows": [
          "木材 ×3 ／持有 3",
          "石材 ×2 ／持有 2"
        ],
        "recipeControls": 1,
        "materialControls": 3,
        "selectedRecipe": "starterSpear",
        "selectedMaterial": "none",
        "recipeLabel": "木石長矛\nSmithing Lv.1 已解鎖",
        "disabledReason": [],
        "finalSelection": {
          "recipeId": "starterSpear",
          "recipeAriaPressed": true,
          "materialId": "wolfFang",
          "materialAriaPressed": true
        }
      },
      "selectionAndEquipment": {
        "instanceId": "item-131",
        "selected": true,
        "equippedSlots": [
          "weapon"
        ]
      }
    },
    {
      "item": {
        "instanceId": "item-132",
        "ownerId": "alden",
        "baseId": "chainArmor",
        "level": 3,
        "material": null,
        "rarity": "uncommon",
        "affixes": [
          {
            "id": "warding",
            "tier": 1,
            "value": 3
          }
        ],
        "rolledStats": {
          "attack": 0,
          "defense": 4,
          "critical": 0,
          "penetration": 0,
          "bleed": 0,
          "block": 0,
          "reduction": 3
        },
        "specialTrait": null,
        "provenance": null,
        "craftProvenance": {
          "recipeId": "fieldArmor",
          "createdBy": "alden",
          "createdAt": 59955,
          "influenceMaterial": null,
          "masterpiece": false
        }
      },
      "workbench": {
        "available": true,
        "text": "工作台 實際工作台 雜貨店 · 服務時間 08:00–18:00。 選擇配方 木石長矛 Smithing Lv.1 已解鎖 進階長矛 Smithing Lv.2 已解鎖 鎖甲 Smithing Lv.2 已解鎖 鐵短劍 Smithing Lv.5 已解鎖 鎖甲 影響素材 素材會消耗 1 份，依選擇調整詞綴權重或條件式特性機率；不保證指定結果。品質機率只依鍛造熟練度能力調整。 不使用素材 🐺 狼皮 · 持有 1 成品 鎖甲 · 防具 · Lv.3 材料 鐵礦 ×2 ／持有 8 木材 ×1 ／持有 6 費用 8 金 ／持有 9 體力與時間 體力 12 ／目前 24 · 60 分鐘 鍛造熟練度 需求 Lv.2 ／目前 Lv.5 品質能力 目前最低品質：精良 · 普通 0%、精良 87%、稀有 10%、史詩 2.8%、傳說 0.2% 成功練習 本配方已達熟練上限 Lv.5 此配方已完成熟練；可製作其他配方或追求更高品質能力。 製作鎖甲",
        "inputRows": [
          "鐵礦 ×2 ／持有 8",
          "木材 ×1 ／持有 6"
        ],
        "recipeControls": 1,
        "materialControls": 2,
        "selectedRecipe": "fieldArmor",
        "selectedMaterial": "none",
        "recipeLabel": "鎖甲\nSmithing Lv.2 已解鎖",
        "disabledReason": [],
        "finalSelection": {
          "recipeId": "fieldArmor",
          "recipeAriaPressed": true,
          "materialId": "none",
          "materialAriaPressed": true
        }
      },
      "selectionAndEquipment": {
        "instanceId": "item-132",
        "selected": true,
        "equippedSlots": [
          "armor"
        ]
      }
    },
    {
      "item": {
        "instanceId": "item-133",
        "ownerId": "alden",
        "baseId": "spear",
        "level": 2,
        "material": null,
        "rarity": "uncommon",
        "affixes": [
          {
            "id": "piercing",
            "tier": 1,
            "value": 1
          }
        ],
        "rolledStats": {
          "attack": 5,
          "defense": 0,
          "critical": 0,
          "penetration": 1,
          "bleed": 0,
          "block": 0,
          "reduction": 0
        },
        "specialTrait": null,
        "provenance": null,
        "craftProvenance": {
          "recipeId": "starterSpear",
          "createdBy": "alden",
          "createdAt": 60994,
          "influenceMaterial": null,
          "masterpiece": false
        }
      },
      "workbench": {
        "available": true,
        "text": "工作台 實際工作台 雜貨店 · 服務時間 08:00–18:00。 選擇配方 木石長矛 Smithing Lv.1 已解鎖 進階長矛 Smithing Lv.2 已解鎖 鎖甲 Smithing Lv.2 已解鎖 鐵短劍 Smithing Lv.5 已解鎖 木石長矛 影響素材 素材會消耗 1 份，依選擇調整詞綴權重或條件式特性機率；不保證指定結果。品質機率只依鍛造熟練度能力調整。 不使用素材 🦴 狼牙 · 持有 1 🌙 月石 · 持有 0 成品 獵矛 · 武器 · Lv.2 材料 木材 ×3 ／持有 5 石材 ×2 ／持有 6 費用 4 金 ／持有 5 體力與時間 體力 10 ／目前 84 · 45 分鐘 鍛造熟練度 需求 Lv.1 ／目前 Lv.5 品質能力 目前最低品質：精良 · 普通 0%、精良 87%、稀有 10%、史詩 2.8%、傳說 0.2% 成功練習 本配方已達熟練上限 Lv.3 此配方已完成熟練；可製作其他配方或追求更高品質能力。 製作木石長矛",
        "inputRows": [
          "木材 ×3 ／持有 5",
          "石材 ×2 ／持有 6"
        ],
        "recipeControls": 1,
        "materialControls": 3,
        "selectedRecipe": "starterSpear",
        "selectedMaterial": "none",
        "recipeLabel": "木石長矛\nSmithing Lv.1 已解鎖",
        "disabledReason": [],
        "finalSelection": {
          "recipeId": "starterSpear",
          "recipeAriaPressed": true,
          "materialId": "none",
          "materialAriaPressed": true
        }
      },
      "selectionAndEquipment": {
        "instanceId": "item-133",
        "selected": true,
        "equippedSlots": [
          "weapon"
        ]
      }
    },
    {
      "item": {
        "instanceId": "item-134",
        "ownerId": "alden",
        "baseId": "spear",
        "level": 2,
        "material": null,
        "rarity": "uncommon",
        "affixes": [
          {
            "id": "keen",
            "tier": 1,
            "value": 3
          }
        ],
        "rolledStats": {
          "attack": 5,
          "defense": 0,
          "critical": 3,
          "penetration": 0,
          "bleed": 0,
          "block": 0,
          "reduction": 0
        },
        "specialTrait": null,
        "provenance": null,
        "craftProvenance": {
          "recipeId": "starterSpear",
          "createdBy": "alden",
          "createdAt": 61104,
          "influenceMaterial": null,
          "masterpiece": false
        }
      },
      "workbench": {
        "available": true,
        "text": "工作台 實際工作台 雜貨店 · 服務時間 08:00–18:00。 選擇配方 木石長矛 Smithing Lv.1 已解鎖 進階長矛 Smithing Lv.2 已解鎖 鎖甲 Smithing Lv.2 已解鎖 鐵短劍 Smithing Lv.5 已解鎖 木石長矛 影響素材 素材會消耗 1 份，依選擇調整詞綴權重或條件式特性機率；不保證指定結果。品質機率只依鍛造熟練度能力調整。 不使用素材 🦴 狼牙 · 持有 1 🌙 月石 · 持有 0 成品 獵矛 · 武器 · Lv.2 材料 木材 ×3 ／持有 8 石材 ×2 ／持有 4 費用 4 金 ／持有 5 體力與時間 體力 10 ／目前 64 · 45 分鐘 鍛造熟練度 需求 Lv.1 ／目前 Lv.5 品質能力 目前最低品質：精良 · 普通 0%、精良 87%、稀有 10%、史詩 2.8%、傳說 0.2% 成功練習 本配方已達熟練上限 Lv.3 此配方已完成熟練；可製作其他配方或追求更高品質能力。 製作木石長矛",
        "inputRows": [
          "木材 ×3 ／持有 8",
          "石材 ×2 ／持有 4"
        ],
        "recipeControls": 1,
        "materialControls": 3,
        "selectedRecipe": "starterSpear",
        "selectedMaterial": "none",
        "recipeLabel": "木石長矛\nSmithing Lv.1 已解鎖",
        "disabledReason": [],
        "finalSelection": {
          "recipeId": "starterSpear",
          "recipeAriaPressed": true,
          "materialId": "none",
          "materialAriaPressed": true
        }
      },
      "selectionAndEquipment": {
        "instanceId": "item-134",
        "selected": true,
        "equippedSlots": [
          "weapon"
        ]
      }
    },
    {
      "item": {
        "instanceId": "item-136",
        "ownerId": "alden",
        "baseId": "chainArmor",
        "level": 3,
        "material": "wolfHide",
        "rarity": "uncommon",
        "affixes": [
          {
            "id": "blocking",
            "tier": 1,
            "value": 4
          }
        ],
        "rolledStats": {
          "attack": 0,
          "defense": 4,
          "critical": 0,
          "penetration": 0,
          "bleed": 0,
          "block": 4,
          "reduction": 0
        },
        "specialTrait": null,
        "provenance": null,
        "craftProvenance": {
          "recipeId": "fieldArmor",
          "createdBy": "alden",
          "createdAt": 62446,
          "influenceMaterial": "wolfHide",
          "masterpiece": false
        }
      },
      "workbench": {
        "available": true,
        "text": "工作台 實際工作台 雜貨店 · 服務時間 08:00–18:00。 選擇配方 木石長矛 Smithing Lv.1 已解鎖 進階長矛 Smithing Lv.2 已解鎖 鎖甲 Smithing Lv.2 已解鎖 鐵短劍 Smithing Lv.5 已解鎖 鎖甲 影響素材 素材會消耗 1 份，依選擇調整詞綴權重或條件式特性機率；不保證指定結果。品質機率只依鍛造熟練度能力調整。 不使用素材 🐺 狼皮 · 持有 2 成品 鎖甲 · 防具 · Lv.3 材料 鐵礦 ×2 ／持有 6 木材 ×1 ／持有 5 費用 8 金 ／持有 13 體力與時間 體力 12 ／目前 76 · 60 分鐘 鍛造熟練度 需求 Lv.2 ／目前 Lv.5 品質能力 目前最低品質：精良 · 普通 0%、精良 87%、稀有 10%、史詩 2.8%、傳說 0.2% 成功練習 本配方已達熟練上限 Lv.5 此配方已完成熟練；可製作其他配方或追求更高品質能力。 製作鎖甲",
        "inputRows": [
          "鐵礦 ×2 ／持有 6",
          "木材 ×1 ／持有 5"
        ],
        "recipeControls": 1,
        "materialControls": 2,
        "selectedRecipe": "fieldArmor",
        "selectedMaterial": "none",
        "recipeLabel": "鎖甲\nSmithing Lv.2 已解鎖",
        "disabledReason": [],
        "finalSelection": {
          "recipeId": "fieldArmor",
          "recipeAriaPressed": true,
          "materialId": "wolfHide",
          "materialAriaPressed": true
        }
      },
      "selectionAndEquipment": {
        "instanceId": "item-136",
        "selected": true,
        "equippedSlots": [
          "armor"
        ]
      }
    },
    {
      "item": {
        "instanceId": "item-137",
        "ownerId": "alden",
        "baseId": "spear",
        "level": 2,
        "material": "wolfFang",
        "rarity": "uncommon",
        "affixes": [
          {
            "id": "piercing",
            "tier": 1,
            "value": 1
          }
        ],
        "rolledStats": {
          "attack": 5,
          "defense": 0,
          "critical": 0,
          "penetration": 1,
          "bleed": 0,
          "block": 0,
          "reduction": 0
        },
        "specialTrait": null,
        "provenance": null,
        "craftProvenance": {
          "recipeId": "starterSpear",
          "createdBy": "alden",
          "createdAt": 62509,
          "influenceMaterial": "wolfFang",
          "masterpiece": false
        }
      },
      "workbench": {
        "available": true,
        "text": "工作台 實際工作台 雜貨店 · 服務時間 08:00–18:00。 選擇配方 木石長矛 Smithing Lv.1 已解鎖 進階長矛 Smithing Lv.2 已解鎖 鎖甲 Smithing Lv.2 已解鎖 鐵短劍 Smithing Lv.5 已解鎖 木石長矛 影響素材 素材會消耗 1 份，依選擇調整詞綴權重或條件式特性機率；不保證指定結果。品質機率只依鍛造熟練度能力調整。 不使用素材 🦴 狼牙 · 持有 2 🌙 月石 · 持有 0 成品 獵矛 · 武器 · Lv.2 材料 木材 ×3 ／持有 4 石材 ×2 ／持有 2 費用 4 金 ／持有 5 體力與時間 體力 10 ／目前 64 · 45 分鐘 鍛造熟練度 需求 Lv.1 ／目前 Lv.5 品質能力 目前最低品質：精良 · 普通 0%、精良 87%、稀有 10%、史詩 2.8%、傳說 0.2% 成功練習 本配方已達熟練上限 Lv.3 此配方已完成熟練；可製作其他配方或追求更高品質能力。 製作木石長矛",
        "inputRows": [
          "木材 ×3 ／持有 4",
          "石材 ×2 ／持有 2"
        ],
        "recipeControls": 1,
        "materialControls": 3,
        "selectedRecipe": "starterSpear",
        "selectedMaterial": "none",
        "recipeLabel": "木石長矛\nSmithing Lv.1 已解鎖",
        "disabledReason": [],
        "finalSelection": {
          "recipeId": "starterSpear",
          "recipeAriaPressed": true,
          "materialId": "wolfFang",
          "materialAriaPressed": true
        }
      },
      "selectionAndEquipment": {
        "instanceId": "item-137",
        "selected": true,
        "equippedSlots": [
          "weapon"
        ]
      }
    },
    {
      "item": {
        "instanceId": "item-138",
        "ownerId": "alden",
        "baseId": "spear",
        "level": 3,
        "material": null,
        "rarity": "uncommon",
        "affixes": [
          {
            "id": "keen",
            "tier": 1,
            "value": 3
          }
        ],
        "rolledStats": {
          "attack": 5,
          "defense": 0,
          "critical": 3,
          "penetration": 0,
          "bleed": 0,
          "block": 0,
          "reduction": 0
        },
        "specialTrait": null,
        "provenance": null,
        "craftProvenance": {
          "recipeId": "fieldSpear",
          "createdBy": "alden",
          "createdAt": 62829,
          "influenceMaterial": null,
          "masterpiece": false
        }
      },
      "workbench": {
        "available": true,
        "text": "工作台 實際工作台 雜貨店 · 服務時間 08:00–18:00。 選擇配方 木石長矛 Smithing Lv.1 已解鎖 進階長矛 Smithing Lv.2 已解鎖 鎖甲 Smithing Lv.2 已解鎖 鐵短劍 Smithing Lv.5 已解鎖 進階長矛 影響素材 素材會消耗 1 份，依選擇調整詞綴權重或條件式特性機率；不保證指定結果。品質機率只依鍛造熟練度能力調整。 不使用素材 🦴 狼牙 · 持有 1 🌙 月石 · 持有 0 成品 獵矛 · 武器 · Lv.3 材料 木材 ×4 ／持有 7 石材 ×3 ／持有 6 費用 6 金 ／持有 9 體力與時間 體力 12 ／目前 34 · 60 分鐘 鍛造熟練度 需求 Lv.2 ／目前 Lv.5 品質能力 目前最低品質：精良 · 普通 0%、精良 87%、稀有 10%、史詩 2.8%、傳說 0.2% 成功練習 本配方已達熟練上限 Lv.5 此配方已完成熟練；可製作其他配方或追求更高品質能力。 製作進階長矛",
        "inputRows": [
          "木材 ×4 ／持有 7",
          "石材 ×3 ／持有 6"
        ],
        "recipeControls": 1,
        "materialControls": 3,
        "selectedRecipe": "fieldSpear",
        "selectedMaterial": "none",
        "recipeLabel": "進階長矛\nSmithing Lv.2 已解鎖",
        "disabledReason": [],
        "finalSelection": {
          "recipeId": "fieldSpear",
          "recipeAriaPressed": true,
          "materialId": "none",
          "materialAriaPressed": true
        }
      },
      "selectionAndEquipment": {
        "instanceId": "item-138",
        "selected": true,
        "equippedSlots": [
          "weapon"
        ]
      }
    },
    {
      "item": {
        "instanceId": "item-139",
        "ownerId": "alden",
        "baseId": "chainArmor",
        "level": 3,
        "material": null,
        "rarity": "rare",
        "affixes": [
          {
            "id": "blocking",
            "tier": 1,
            "value": 4
          },
          {
            "id": "warding",
            "tier": 1,
            "value": 3
          }
        ],
        "rolledStats": {
          "attack": 0,
          "defense": 4,
          "critical": 0,
          "penetration": 0,
          "bleed": 0,
          "block": 4,
          "reduction": 3
        },
        "specialTrait": null,
        "provenance": null,
        "craftProvenance": {
          "recipeId": "fieldArmor",
          "createdBy": "alden",
          "createdAt": 65325,
          "influenceMaterial": null,
          "masterpiece": false
        }
      },
      "workbench": {
        "available": true,
        "text": "工作台 實際工作台 雜貨店 · 服務時間 08:00–18:00。 選擇配方 木石長矛 Smithing Lv.1 已解鎖 進階長矛 Smithing Lv.2 已解鎖 鎖甲 Smithing Lv.2 已解鎖 鐵短劍 Smithing Lv.5 已解鎖 鎖甲 影響素材 素材會消耗 1 份，依選擇調整詞綴權重或條件式特性機率；不保證指定結果。品質機率只依鍛造熟練度能力調整。 不使用素材 🐺 狼皮 · 持有 1 成品 鎖甲 · 防具 · Lv.3 材料 鐵礦 ×2 ／持有 4 木材 ×1 ／持有 3 費用 8 金 ／持有 11 體力與時間 體力 12 ／目前 76 · 60 分鐘 鍛造熟練度 需求 Lv.2 ／目前 Lv.5 品質能力 目前最低品質：精良 · 普通 0%、精良 87%、稀有 10%、史詩 2.8%、傳說 0.2% 成功練習 本配方已達熟練上限 Lv.5 此配方已完成熟練；可製作其他配方或追求更高品質能力。 製作鎖甲",
        "inputRows": [
          "鐵礦 ×2 ／持有 4",
          "木材 ×1 ／持有 3"
        ],
        "recipeControls": 1,
        "materialControls": 2,
        "selectedRecipe": "fieldArmor",
        "selectedMaterial": "none",
        "recipeLabel": "鎖甲\nSmithing Lv.2 已解鎖",
        "disabledReason": [],
        "finalSelection": {
          "recipeId": "fieldArmor",
          "recipeAriaPressed": true,
          "materialId": "none",
          "materialAriaPressed": true
        }
      },
      "selectionAndEquipment": {
        "instanceId": "item-139",
        "selected": true,
        "equippedSlots": [
          "armor"
        ]
      }
    },
    {
      "item": {
        "instanceId": "item-140",
        "ownerId": "alden",
        "baseId": "spear",
        "level": 3,
        "material": null,
        "rarity": "uncommon",
        "affixes": [
          {
            "id": "striking",
            "tier": 1,
            "value": 1
          }
        ],
        "rolledStats": {
          "attack": 6,
          "defense": 0,
          "critical": 0,
          "penetration": 0,
          "bleed": 0,
          "block": 0,
          "reduction": 0
        },
        "specialTrait": null,
        "provenance": null,
        "craftProvenance": {
          "recipeId": "fieldSpear",
          "createdBy": "alden",
          "createdAt": 65550,
          "influenceMaterial": null,
          "masterpiece": false
        }
      },
      "workbench": {
        "available": true,
        "text": "工作台 實際工作台 雜貨店 · 服務時間 08:00–18:00。 選擇配方 木石長矛 Smithing Lv.1 已解鎖 進階長矛 Smithing Lv.2 已解鎖 鎖甲 Smithing Lv.2 已解鎖 鐵短劍 Smithing Lv.5 已解鎖 進階長矛 影響素材 素材會消耗 1 份，依選擇調整詞綴權重或條件式特性機率；不保證指定結果。品質機率只依鍛造熟練度能力調整。 不使用素材 🦴 狼牙 · 持有 1 🌙 月石 · 持有 0 成品 獵矛 · 武器 · Lv.3 材料 木材 ×4 ／持有 8 石材 ×3 ／持有 3 費用 6 金 ／持有 11 體力與時間 體力 12 ／目前 44 · 60 分鐘 鍛造熟練度 需求 Lv.2 ／目前 Lv.5 品質能力 目前最低品質：精良 · 普通 0%、精良 87%、稀有 10%、史詩 2.8%、傳說 0.2% 成功練習 本配方已達熟練上限 Lv.5 此配方已完成熟練；可製作其他配方或追求更高品質能力。 製作進階長矛",
        "inputRows": [
          "木材 ×4 ／持有 8",
          "石材 ×3 ／持有 3"
        ],
        "recipeControls": 1,
        "materialControls": 3,
        "selectedRecipe": "fieldSpear",
        "selectedMaterial": "none",
        "recipeLabel": "進階長矛\nSmithing Lv.2 已解鎖",
        "disabledReason": [],
        "finalSelection": {
          "recipeId": "fieldSpear",
          "recipeAriaPressed": true,
          "materialId": "none",
          "materialAriaPressed": true
        }
      },
      "selectionAndEquipment": {
        "instanceId": "item-140",
        "selected": true,
        "equippedSlots": [
          "weapon"
        ]
      }
    },
    {
      "item": {
        "instanceId": "item-141",
        "ownerId": "alden",
        "baseId": "spear",
        "level": 3,
        "material": null,
        "rarity": "uncommon",
        "affixes": [
          {
            "id": "keen",
            "tier": 1,
            "value": 3
          }
        ],
        "rolledStats": {
          "attack": 5,
          "defense": 0,
          "critical": 3,
          "penetration": 0,
          "bleed": 0,
          "block": 0,
          "reduction": 0
        },
        "specialTrait": null,
        "provenance": null,
        "craftProvenance": {
          "recipeId": "fieldSpear",
          "createdBy": "alden",
          "createdAt": 65736,
          "influenceMaterial": null,
          "masterpiece": false
        }
      },
      "workbench": {
        "available": true,
        "text": "工作台 實際工作台 雜貨店 · 服務時間 08:00–18:00。 選擇配方 木石長矛 Smithing Lv.1 已解鎖 進階長矛 Smithing Lv.2 已解鎖 鎖甲 Smithing Lv.2 已解鎖 鐵短劍 Smithing Lv.5 已解鎖 進階長矛 影響素材 素材會消耗 1 份，依選擇調整詞綴權重或條件式特性機率；不保證指定結果。品質機率只依鍛造熟練度能力調整。 不使用素材 🦴 狼牙 · 持有 1 🌙 月石 · 持有 0 成品 獵矛 · 武器 · Lv.3 材料 木材 ×4 ／持有 4 石材 ×3 ／持有 6 費用 6 金 ／持有 9 體力與時間 體力 12 ／目前 22 · 60 分鐘 鍛造熟練度 需求 Lv.2 ／目前 Lv.5 品質能力 目前最低品質：精良 · 普通 0%、精良 87%、稀有 10%、史詩 2.8%、傳說 0.2% 成功練習 本配方已達熟練上限 Lv.5 此配方已完成熟練；可製作其他配方或追求更高品質能力。 製作進階長矛",
        "inputRows": [
          "木材 ×4 ／持有 4",
          "石材 ×3 ／持有 6"
        ],
        "recipeControls": 1,
        "materialControls": 3,
        "selectedRecipe": "fieldSpear",
        "selectedMaterial": "none",
        "recipeLabel": "進階長矛\nSmithing Lv.2 已解鎖",
        "disabledReason": [],
        "finalSelection": {
          "recipeId": "fieldSpear",
          "recipeAriaPressed": true,
          "materialId": "none",
          "materialAriaPressed": true
        }
      },
      "selectionAndEquipment": {
        "instanceId": "item-141",
        "selected": true,
        "equippedSlots": [
          "weapon"
        ]
      }
    },
    {
      "item": {
        "instanceId": "item-142",
        "ownerId": "alden",
        "baseId": "spear",
        "level": 3,
        "material": null,
        "rarity": "uncommon",
        "affixes": [
          {
            "id": "piercing",
            "tier": 1,
            "value": 1
          }
        ],
        "rolledStats": {
          "attack": 5,
          "defense": 0,
          "critical": 0,
          "penetration": 1,
          "bleed": 0,
          "block": 0,
          "reduction": 0
        },
        "specialTrait": null,
        "provenance": null,
        "craftProvenance": {
          "recipeId": "fieldSpear",
          "createdBy": "alden",
          "createdAt": 66733,
          "influenceMaterial": null,
          "masterpiece": false
        }
      },
      "workbench": {
        "available": true,
        "text": "工作台 實際工作台 雜貨店 · 服務時間 08:00–18:00。 選擇配方 木石長矛 Smithing Lv.1 已解鎖 進階長矛 Smithing Lv.2 已解鎖 鎖甲 Smithing Lv.2 已解鎖 鐵短劍 Smithing Lv.5 已解鎖 進階長矛 影響素材 素材會消耗 1 份，依選擇調整詞綴權重或條件式特性機率；不保證指定結果。品質機率只依鍛造熟練度能力調整。 不使用素材 🦴 狼牙 · 持有 1 🌙 月石 · 持有 0 成品 獵矛 · 武器 · Lv.3 材料 木材 ×4 ／持有 6 石材 ×3 ／持有 3 費用 6 金 ／持有 7 體力與時間 體力 12 ／目前 84 · 60 分鐘 鍛造熟練度 需求 Lv.2 ／目前 Lv.5 品質能力 目前最低品質：精良 · 普通 0%、精良 87%、稀有 10%、史詩 2.8%、傳說 0.2% 成功練習 本配方已達熟練上限 Lv.5 此配方已完成熟練；可製作其他配方或追求更高品質能力。 製作進階長矛",
        "inputRows": [
          "木材 ×4 ／持有 6",
          "石材 ×3 ／持有 3"
        ],
        "recipeControls": 1,
        "materialControls": 3,
        "selectedRecipe": "fieldSpear",
        "selectedMaterial": "none",
        "recipeLabel": "進階長矛\nSmithing Lv.2 已解鎖",
        "disabledReason": [],
        "finalSelection": {
          "recipeId": "fieldSpear",
          "recipeAriaPressed": true,
          "materialId": "none",
          "materialAriaPressed": true
        }
      },
      "selectionAndEquipment": {
        "instanceId": "item-142",
        "selected": true,
        "equippedSlots": [
          "weapon"
        ]
      }
    },
    {
      "item": {
        "instanceId": "item-143",
        "ownerId": "alden",
        "baseId": "spear",
        "level": 3,
        "material": null,
        "rarity": "uncommon",
        "affixes": [
          {
            "id": "keen",
            "tier": 1,
            "value": 3
          }
        ],
        "rolledStats": {
          "attack": 5,
          "defense": 0,
          "critical": 3,
          "penetration": 0,
          "bleed": 0,
          "block": 0,
          "reduction": 0
        },
        "specialTrait": null,
        "provenance": null,
        "craftProvenance": {
          "recipeId": "fieldSpear",
          "createdBy": "alden",
          "createdAt": 67070,
          "influenceMaterial": null,
          "masterpiece": false
        }
      },
      "workbench": {
        "available": true,
        "text": "工作台 實際工作台 雜貨店 · 服務時間 08:00–18:00。 選擇配方 木石長矛 Smithing Lv.1 已解鎖 進階長矛 Smithing Lv.2 已解鎖 鎖甲 Smithing Lv.2 已解鎖 鐵短劍 Smithing Lv.5 已解鎖 進階長矛 影響素材 素材會消耗 1 份，依選擇調整詞綴權重或條件式特性機率；不保證指定結果。品質機率只依鍛造熟練度能力調整。 不使用素材 🦴 狼牙 · 持有 1 🌙 月石 · 持有 0 成品 獵矛 · 武器 · Lv.3 材料 木材 ×4 ／持有 8 石材 ×3 ／持有 6 費用 6 金 ／持有 9 體力與時間 體力 12 ／目前 52 · 60 分鐘 鍛造熟練度 需求 Lv.2 ／目前 Lv.5 品質能力 目前最低品質：精良 · 普通 0%、精良 87%、稀有 10%、史詩 2.8%、傳說 0.2% 成功練習 本配方已達熟練上限 Lv.5 此配方已完成熟練；可製作其他配方或追求更高品質能力。 製作進階長矛",
        "inputRows": [
          "木材 ×4 ／持有 8",
          "石材 ×3 ／持有 6"
        ],
        "recipeControls": 1,
        "materialControls": 3,
        "selectedRecipe": "fieldSpear",
        "selectedMaterial": "none",
        "recipeLabel": "進階長矛\nSmithing Lv.2 已解鎖",
        "disabledReason": [],
        "finalSelection": {
          "recipeId": "fieldSpear",
          "recipeAriaPressed": true,
          "materialId": "none",
          "materialAriaPressed": true
        }
      },
      "selectionAndEquipment": {
        "instanceId": "item-143",
        "selected": true,
        "equippedSlots": [
          "weapon"
        ]
      }
    },
    {
      "item": {
        "instanceId": "item-144",
        "ownerId": "alden",
        "baseId": "spear",
        "level": 3,
        "material": "wolfFang",
        "rarity": "uncommon",
        "affixes": [
          {
            "id": "piercing",
            "tier": 1,
            "value": 1
          }
        ],
        "rolledStats": {
          "attack": 5,
          "defense": 0,
          "critical": 0,
          "penetration": 1,
          "bleed": 0,
          "block": 0,
          "reduction": 0
        },
        "specialTrait": null,
        "provenance": null,
        "craftProvenance": {
          "recipeId": "fieldSpear",
          "createdBy": "alden",
          "createdAt": 68191,
          "influenceMaterial": "wolfFang",
          "masterpiece": false
        }
      },
      "workbench": {
        "available": true,
        "text": "工作台 實際工作台 雜貨店 · 服務時間 08:00–18:00。 選擇配方 木石長矛 Smithing Lv.1 已解鎖 進階長矛 Smithing Lv.2 已解鎖 鎖甲 Smithing Lv.2 已解鎖 鐵短劍 Smithing Lv.5 已解鎖 進階長矛 影響素材 素材會消耗 1 份，依選擇調整詞綴權重或條件式特性機率；不保證指定結果。品質機率只依鍛造熟練度能力調整。 不使用素材 🦴 狼牙 · 持有 2 🌙 月石 · 持有 0 成品 獵矛 · 武器 · Lv.3 材料 木材 ×4 ／持有 4 石材 ×3 ／持有 3 費用 6 金 ／持有 15 體力與時間 體力 12 ／目前 76 · 60 分鐘 鍛造熟練度 需求 Lv.2 ／目前 Lv.5 品質能力 目前最低品質：精良 · 普通 0%、精良 87%、稀有 10%、史詩 2.8%、傳說 0.2% 成功練習 本配方已達熟練上限 Lv.5 此配方已完成熟練；可製作其他配方或追求更高品質能力。 製作進階長矛",
        "inputRows": [
          "木材 ×4 ／持有 4",
          "石材 ×3 ／持有 3"
        ],
        "recipeControls": 1,
        "materialControls": 3,
        "selectedRecipe": "fieldSpear",
        "selectedMaterial": "none",
        "recipeLabel": "進階長矛\nSmithing Lv.2 已解鎖",
        "disabledReason": [],
        "finalSelection": {
          "recipeId": "fieldSpear",
          "recipeAriaPressed": true,
          "materialId": "wolfFang",
          "materialAriaPressed": true
        }
      },
      "selectionAndEquipment": {
        "instanceId": "item-144",
        "selected": true,
        "equippedSlots": [
          "weapon"
        ]
      }
    },
    {
      "item": {
        "instanceId": "item-145",
        "ownerId": "alden",
        "baseId": "chainArmor",
        "level": 3,
        "material": null,
        "rarity": "uncommon",
        "affixes": [
          {
            "id": "blocking",
            "tier": 1,
            "value": 4
          }
        ],
        "rolledStats": {
          "attack": 0,
          "defense": 4,
          "critical": 0,
          "penetration": 0,
          "bleed": 0,
          "block": 4,
          "reduction": 0
        },
        "specialTrait": null,
        "provenance": null,
        "craftProvenance": {
          "recipeId": "fieldArmor",
          "createdBy": "alden",
          "createdAt": 68293,
          "influenceMaterial": null,
          "masterpiece": false
        }
      },
      "workbench": {
        "available": true,
        "text": "工作台 實際工作台 雜貨店 · 服務時間 08:00–18:00。 選擇配方 木石長矛 Smithing Lv.1 已解鎖 進階長矛 Smithing Lv.2 已解鎖 鎖甲 Smithing Lv.2 已解鎖 鐵短劍 Smithing Lv.5 已解鎖 鎖甲 影響素材 素材會消耗 1 份，依選擇調整詞綴權重或條件式特性機率；不保證指定結果。品質機率只依鍛造熟練度能力調整。 不使用素材 🐺 狼皮 · 持有 1 成品 鎖甲 · 防具 · Lv.3 材料 鐵礦 ×2 ／持有 8 木材 ×1 ／持有 6 費用 8 金 ／持有 13 體力與時間 體力 12 ／目前 54 · 60 分鐘 鍛造熟練度 需求 Lv.2 ／目前 Lv.5 品質能力 目前最低品質：精良 · 普通 0%、精良 87%、稀有 10%、史詩 2.8%、傳說 0.2% 成功練習 本配方已達熟練上限 Lv.5 此配方已完成熟練；可製作其他配方或追求更高品質能力。 製作鎖甲",
        "inputRows": [
          "鐵礦 ×2 ／持有 8",
          "木材 ×1 ／持有 6"
        ],
        "recipeControls": 1,
        "materialControls": 2,
        "selectedRecipe": "fieldArmor",
        "selectedMaterial": "none",
        "recipeLabel": "鎖甲\nSmithing Lv.2 已解鎖",
        "disabledReason": [],
        "finalSelection": {
          "recipeId": "fieldArmor",
          "recipeAriaPressed": true,
          "materialId": "none",
          "materialAriaPressed": true
        }
      },
      "selectionAndEquipment": {
        "instanceId": "item-145",
        "selected": true,
        "equippedSlots": [
          "armor"
        ]
      }
    },
    {
      "item": {
        "instanceId": "item-146",
        "ownerId": "alden",
        "baseId": "spear",
        "level": 3,
        "material": null,
        "rarity": "uncommon",
        "affixes": [
          {
            "id": "keen",
            "tier": 1,
            "value": 3
          }
        ],
        "rolledStats": {
          "attack": 5,
          "defense": 0,
          "critical": 3,
          "penetration": 0,
          "bleed": 0,
          "block": 0,
          "reduction": 0
        },
        "specialTrait": null,
        "provenance": null,
        "craftProvenance": {
          "recipeId": "fieldSpear",
          "createdBy": "alden",
          "createdAt": 68468,
          "influenceMaterial": null,
          "masterpiece": false
        }
      },
      "workbench": {
        "available": true,
        "text": "工作台 實際工作台 雜貨店 · 服務時間 08:00–18:00。 選擇配方 木石長矛 Smithing Lv.1 已解鎖 進階長矛 Smithing Lv.2 已解鎖 鎖甲 Smithing Lv.2 已解鎖 鐵短劍 Smithing Lv.5 已解鎖 進階長矛 影響素材 素材會消耗 1 份，依選擇調整詞綴權重或條件式特性機率；不保證指定結果。品質機率只依鍛造熟練度能力調整。 不使用素材 🦴 狼牙 · 持有 1 🌙 月石 · 持有 0 成品 獵矛 · 武器 · Lv.3 材料 木材 ×4 ／持有 5 石材 ×3 ／持有 6 費用 6 金 ／持有 9 體力與時間 體力 12 ／目前 32 · 60 分鐘 鍛造熟練度 需求 Lv.2 ／目前 Lv.5 品質能力 目前最低品質：精良 · 普通 0%、精良 87%、稀有 10%、史詩 2.8%、傳說 0.2% 成功練習 本配方已達熟練上限 Lv.5 此配方已完成熟練；可製作其他配方或追求更高品質能力。 製作進階長矛",
        "inputRows": [
          "木材 ×4 ／持有 5",
          "石材 ×3 ／持有 6"
        ],
        "recipeControls": 1,
        "materialControls": 3,
        "selectedRecipe": "fieldSpear",
        "selectedMaterial": "none",
        "recipeLabel": "進階長矛\nSmithing Lv.2 已解鎖",
        "disabledReason": [],
        "finalSelection": {
          "recipeId": "fieldSpear",
          "recipeAriaPressed": true,
          "materialId": "none",
          "materialAriaPressed": true
        }
      },
      "selectionAndEquipment": {
        "instanceId": "item-146",
        "selected": true,
        "equippedSlots": [
          "weapon"
        ]
      }
    },
    {
      "item": {
        "instanceId": "item-147",
        "ownerId": "alden",
        "baseId": "spear",
        "level": 2,
        "material": null,
        "rarity": "uncommon",
        "affixes": [
          {
            "id": "bleeding",
            "tier": 1,
            "value": 1
          }
        ],
        "rolledStats": {
          "attack": 5,
          "defense": 0,
          "critical": 0,
          "penetration": 0,
          "bleed": 1,
          "block": 0,
          "reduction": 0
        },
        "specialTrait": null,
        "provenance": null,
        "craftProvenance": {
          "recipeId": "starterSpear",
          "createdBy": "alden",
          "createdAt": 68603,
          "influenceMaterial": null,
          "masterpiece": false
        }
      },
      "workbench": {
        "available": true,
        "text": "工作台 實際工作台 雜貨店 · 服務時間 08:00–18:00。 選擇配方 木石長矛 Smithing Lv.1 已解鎖 進階長矛 Smithing Lv.2 已解鎖 鎖甲 Smithing Lv.2 已解鎖 鐵短劍 Smithing Lv.5 已解鎖 木石長矛 影響素材 素材會消耗 1 份，依選擇調整詞綴權重或條件式特性機率；不保證指定結果。品質機率只依鍛造熟練度能力調整。 不使用素材 🦴 狼牙 · 持有 1 🌙 月石 · 持有 0 成品 獵矛 · 武器 · Lv.2 材料 木材 ×3 ／持有 7 石材 ×2 ／持有 3 費用 4 金 ／持有 7 體力與時間 體力 10 ／目前 10 · 45 分鐘 鍛造熟練度 需求 Lv.1 ／目前 Lv.5 品質能力 目前最低品質：精良 · 普通 0%、精良 87%、稀有 10%、史詩 2.8%、傳說 0.2% 成功練習 本配方已達熟練上限 Lv.3 此配方已完成熟練；可製作其他配方或追求更高品質能力。 製作木石長矛",
        "inputRows": [
          "木材 ×3 ／持有 7",
          "石材 ×2 ／持有 3"
        ],
        "recipeControls": 1,
        "materialControls": 3,
        "selectedRecipe": "starterSpear",
        "selectedMaterial": "none",
        "recipeLabel": "木石長矛\nSmithing Lv.1 已解鎖",
        "disabledReason": [],
        "finalSelection": {
          "recipeId": "starterSpear",
          "recipeAriaPressed": true,
          "materialId": "none",
          "materialAriaPressed": true
        }
      },
      "selectionAndEquipment": {
        "instanceId": "item-147",
        "selected": true,
        "equippedSlots": [
          "weapon"
        ]
      }
    },
    {
      "item": {
        "instanceId": "item-148",
        "ownerId": "alden",
        "baseId": "spear",
        "level": 3,
        "material": null,
        "rarity": "rare",
        "affixes": [
          {
            "id": "bleeding",
            "tier": 1,
            "value": 1
          },
          {
            "id": "keen",
            "tier": 1,
            "value": 3
          }
        ],
        "rolledStats": {
          "attack": 5,
          "defense": 0,
          "critical": 3,
          "penetration": 0,
          "bleed": 1,
          "block": 0,
          "reduction": 0
        },
        "specialTrait": null,
        "provenance": null,
        "craftProvenance": {
          "recipeId": "fieldSpear",
          "createdBy": "alden",
          "createdAt": 69649,
          "influenceMaterial": null,
          "masterpiece": false
        }
      },
      "workbench": {
        "available": true,
        "text": "工作台 實際工作台 雜貨店 · 服務時間 08:00–18:00。 選擇配方 木石長矛 Smithing Lv.1 已解鎖 進階長矛 Smithing Lv.2 已解鎖 鎖甲 Smithing Lv.2 已解鎖 鐵短劍 Smithing Lv.5 已解鎖 進階長矛 影響素材 素材會消耗 1 份，依選擇調整詞綴權重或條件式特性機率；不保證指定結果。品質機率只依鍛造熟練度能力調整。 不使用素材 🦴 狼牙 · 持有 1 🌙 月石 · 持有 0 成品 獵矛 · 武器 · Lv.3 材料 木材 ×4 ／持有 4 石材 ×3 ／持有 7 費用 6 金 ／持有 7 體力與時間 體力 12 ／目前 84 · 60 分鐘 鍛造熟練度 需求 Lv.2 ／目前 Lv.5 品質能力 目前最低品質：精良 · 普通 0%、精良 87%、稀有 10%、史詩 2.8%、傳說 0.2% 成功練習 本配方已達熟練上限 Lv.5 此配方已完成熟練；可製作其他配方或追求更高品質能力。 製作進階長矛",
        "inputRows": [
          "木材 ×4 ／持有 4",
          "石材 ×3 ／持有 7"
        ],
        "recipeControls": 1,
        "materialControls": 3,
        "selectedRecipe": "fieldSpear",
        "selectedMaterial": "none",
        "recipeLabel": "進階長矛\nSmithing Lv.2 已解鎖",
        "disabledReason": [],
        "finalSelection": {
          "recipeId": "fieldSpear",
          "recipeAriaPressed": true,
          "materialId": "none",
          "materialAriaPressed": true
        }
      },
      "selectionAndEquipment": {
        "instanceId": "item-148",
        "selected": true,
        "equippedSlots": [
          "weapon"
        ]
      }
    },
    {
      "item": {
        "instanceId": "item-149",
        "ownerId": "alden",
        "baseId": "spear",
        "level": 2,
        "material": null,
        "rarity": "uncommon",
        "affixes": [
          {
            "id": "bleeding",
            "tier": 1,
            "value": 1
          }
        ],
        "rolledStats": {
          "attack": 5,
          "defense": 0,
          "critical": 0,
          "penetration": 0,
          "bleed": 1,
          "block": 0,
          "reduction": 0
        },
        "specialTrait": null,
        "provenance": null,
        "craftProvenance": {
          "recipeId": "starterSpear",
          "createdBy": "alden",
          "createdAt": 69762,
          "influenceMaterial": null,
          "masterpiece": false
        }
      },
      "workbench": {
        "available": true,
        "text": "工作台 實際工作台 雜貨店 · 服務時間 08:00–18:00。 選擇配方 木石長矛 Smithing Lv.1 已解鎖 進階長矛 Smithing Lv.2 已解鎖 鎖甲 Smithing Lv.2 已解鎖 鐵短劍 Smithing Lv.5 已解鎖 木石長矛 影響素材 素材會消耗 1 份，依選擇調整詞綴權重或條件式特性機率；不保證指定結果。品質機率只依鍛造熟練度能力調整。 不使用素材 🦴 狼牙 · 持有 1 🌙 月石 · 持有 0 成品 獵矛 · 武器 · Lv.2 材料 木材 ×3 ／持有 6 石材 ×2 ／持有 4 費用 4 金 ／持有 5 體力與時間 體力 10 ／目前 62 · 45 分鐘 鍛造熟練度 需求 Lv.1 ／目前 Lv.5 品質能力 目前最低品質：精良 · 普通 0%、精良 87%、稀有 10%、史詩 2.8%、傳說 0.2% 成功練習 本配方已達熟練上限 Lv.3 此配方已完成熟練；可製作其他配方或追求更高品質能力。 製作木石長矛",
        "inputRows": [
          "木材 ×3 ／持有 6",
          "石材 ×2 ／持有 4"
        ],
        "recipeControls": 1,
        "materialControls": 3,
        "selectedRecipe": "starterSpear",
        "selectedMaterial": "none",
        "recipeLabel": "木石長矛\nSmithing Lv.1 已解鎖",
        "disabledReason": [],
        "finalSelection": {
          "recipeId": "starterSpear",
          "recipeAriaPressed": true,
          "materialId": "none",
          "materialAriaPressed": true
        }
      },
      "selectionAndEquipment": {
        "instanceId": "item-149",
        "selected": true,
        "equippedSlots": [
          "weapon"
        ]
      }
    },
    {
      "item": {
        "instanceId": "item-150",
        "ownerId": "alden",
        "baseId": "chainArmor",
        "level": 3,
        "material": null,
        "rarity": "uncommon",
        "affixes": [
          {
            "id": "sturdy",
            "tier": 1,
            "value": 1
          }
        ],
        "rolledStats": {
          "attack": 0,
          "defense": 5,
          "critical": 0,
          "penetration": 0,
          "bleed": 0,
          "block": 0,
          "reduction": 0
        },
        "specialTrait": null,
        "provenance": null,
        "craftProvenance": {
          "recipeId": "fieldArmor",
          "createdBy": "alden",
          "createdAt": 71108,
          "influenceMaterial": null,
          "masterpiece": false
        }
      },
      "workbench": {
        "available": true,
        "text": "工作台 實際工作台 雜貨店 · 服務時間 08:00–18:00。 選擇配方 木石長矛 Smithing Lv.1 已解鎖 進階長矛 Smithing Lv.2 已解鎖 鎖甲 Smithing Lv.2 已解鎖 鐵短劍 Smithing Lv.5 已解鎖 鎖甲 影響素材 素材會消耗 1 份，依選擇調整詞綴權重或條件式特性機率；不保證指定結果。品質機率只依鍛造熟練度能力調整。 不使用素材 🐺 狼皮 · 持有 1 成品 鎖甲 · 防具 · Lv.3 材料 鐵礦 ×2 ／持有 6 木材 ×1 ／持有 3 費用 8 金 ／持有 9 體力與時間 體力 12 ／目前 76 · 60 分鐘 鍛造熟練度 需求 Lv.2 ／目前 Lv.5 品質能力 目前最低品質：精良 · 普通 0%、精良 87%、稀有 10%、史詩 2.8%、傳說 0.2% 成功練習 本配方已達熟練上限 Lv.5 此配方已完成熟練；可製作其他配方或追求更高品質能力。 製作鎖甲",
        "inputRows": [
          "鐵礦 ×2 ／持有 6",
          "木材 ×1 ／持有 3"
        ],
        "recipeControls": 1,
        "materialControls": 2,
        "selectedRecipe": "fieldArmor",
        "selectedMaterial": "none",
        "recipeLabel": "鎖甲\nSmithing Lv.2 已解鎖",
        "disabledReason": [],
        "finalSelection": {
          "recipeId": "fieldArmor",
          "recipeAriaPressed": true,
          "materialId": "none",
          "materialAriaPressed": true
        }
      },
      "selectionAndEquipment": {
        "instanceId": "item-150",
        "selected": true,
        "equippedSlots": [
          "armor"
        ]
      }
    },
    {
      "item": {
        "instanceId": "item-151",
        "ownerId": "alden",
        "baseId": "spear",
        "level": 2,
        "material": null,
        "rarity": "uncommon",
        "affixes": [
          {
            "id": "striking",
            "tier": 1,
            "value": 1
          }
        ],
        "rolledStats": {
          "attack": 6,
          "defense": 0,
          "critical": 0,
          "penetration": 0,
          "bleed": 0,
          "block": 0,
          "reduction": 0
        },
        "specialTrait": null,
        "provenance": null,
        "craftProvenance": {
          "recipeId": "starterSpear",
          "createdBy": "alden",
          "createdAt": 71211,
          "influenceMaterial": null,
          "masterpiece": false
        }
      },
      "workbench": {
        "available": true,
        "text": "工作台 實際工作台 雜貨店 · 服務時間 08:00–18:00。 選擇配方 木石長矛 Smithing Lv.1 已解鎖 進階長矛 Smithing Lv.2 已解鎖 鎖甲 Smithing Lv.2 已解鎖 鐵短劍 Smithing Lv.5 已解鎖 木石長矛 影響素材 素材會消耗 1 份，依選擇調整詞綴權重或條件式特性機率；不保證指定結果。品質機率只依鍛造熟練度能力調整。 不使用素材 🦴 狼牙 · 持有 1 🌙 月石 · 持有 0 成品 獵矛 · 武器 · Lv.2 材料 木材 ×3 ／持有 8 石材 ×2 ／持有 2 費用 4 金 ／持有 5 體力與時間 體力 10 ／目前 54 · 45 分鐘 鍛造熟練度 需求 Lv.1 ／目前 Lv.5 品質能力 目前最低品質：精良 · 普通 0%、精良 87%、稀有 10%、史詩 2.8%、傳說 0.2% 成功練習 本配方已達熟練上限 Lv.3 此配方已完成熟練；可製作其他配方或追求更高品質能力。 製作木石長矛",
        "inputRows": [
          "木材 ×3 ／持有 8",
          "石材 ×2 ／持有 2"
        ],
        "recipeControls": 1,
        "materialControls": 3,
        "selectedRecipe": "starterSpear",
        "selectedMaterial": "none",
        "recipeLabel": "木石長矛\nSmithing Lv.1 已解鎖",
        "disabledReason": [],
        "finalSelection": {
          "recipeId": "starterSpear",
          "recipeAriaPressed": true,
          "materialId": "none",
          "materialAriaPressed": true
        }
      },
      "selectionAndEquipment": {
        "instanceId": "item-151",
        "selected": true,
        "equippedSlots": [
          "weapon"
        ]
      }
    },
    {
      "item": {
        "instanceId": "item-152",
        "ownerId": "alden",
        "baseId": "spear",
        "level": 2,
        "material": null,
        "rarity": "uncommon",
        "affixes": [
          {
            "id": "keen",
            "tier": 1,
            "value": 3
          }
        ],
        "rolledStats": {
          "attack": 5,
          "defense": 0,
          "critical": 3,
          "penetration": 0,
          "bleed": 0,
          "block": 0,
          "reduction": 0
        },
        "specialTrait": null,
        "provenance": null,
        "craftProvenance": {
          "recipeId": "starterSpear",
          "createdBy": "alden",
          "createdAt": 71381,
          "influenceMaterial": null,
          "masterpiece": false
        }
      },
      "workbench": {
        "available": true,
        "text": "工作台 實際工作台 雜貨店 · 服務時間 08:00–18:00。 選擇配方 木石長矛 Smithing Lv.1 已解鎖 進階長矛 Smithing Lv.2 已解鎖 鎖甲 Smithing Lv.2 已解鎖 鐵短劍 Smithing Lv.5 已解鎖 木石長矛 影響素材 素材會消耗 1 份，依選擇調整詞綴權重或條件式特性機率；不保證指定結果。品質機率只依鍛造熟練度能力調整。 不使用素材 🦴 狼牙 · 持有 1 🌙 月石 · 持有 0 成品 獵矛 · 武器 · Lv.2 材料 木材 ×3 ／持有 5 石材 ×2 ／持有 6 費用 4 金 ／持有 5 體力與時間 體力 10 ／目前 34 · 45 分鐘 鍛造熟練度 需求 Lv.1 ／目前 Lv.5 品質能力 目前最低品質：精良 · 普通 0%、精良 87%、稀有 10%、史詩 2.8%、傳說 0.2% 成功練習 本配方已達熟練上限 Lv.3 此配方已完成熟練；可製作其他配方或追求更高品質能力。 製作木石長矛",
        "inputRows": [
          "木材 ×3 ／持有 5",
          "石材 ×2 ／持有 6"
        ],
        "recipeControls": 1,
        "materialControls": 3,
        "selectedRecipe": "starterSpear",
        "selectedMaterial": "none",
        "recipeLabel": "木石長矛\nSmithing Lv.1 已解鎖",
        "disabledReason": [],
        "finalSelection": {
          "recipeId": "starterSpear",
          "recipeAriaPressed": true,
          "materialId": "none",
          "materialAriaPressed": true
        }
      },
      "selectionAndEquipment": {
        "instanceId": "item-152",
        "selected": true,
        "equippedSlots": [
          "weapon"
        ]
      }
    },
    {
      "item": {
        "instanceId": "item-153",
        "ownerId": "alden",
        "baseId": "spear",
        "level": 2,
        "material": null,
        "rarity": "uncommon",
        "affixes": [
          {
            "id": "striking",
            "tier": 1,
            "value": 1
          }
        ],
        "rolledStats": {
          "attack": 6,
          "defense": 0,
          "critical": 0,
          "penetration": 0,
          "bleed": 0,
          "block": 0,
          "reduction": 0
        },
        "specialTrait": null,
        "provenance": null,
        "craftProvenance": {
          "recipeId": "starterSpear",
          "createdBy": "alden",
          "createdAt": 71501,
          "influenceMaterial": null,
          "masterpiece": false
        }
      },
      "workbench": {
        "available": true,
        "text": "工作台 實際工作台 雜貨店 · 服務時間 08:00–18:00。 選擇配方 木石長矛 Smithing Lv.1 已解鎖 進階長矛 Smithing Lv.2 已解鎖 鎖甲 Smithing Lv.2 已解鎖 鐵短劍 Smithing Lv.5 已解鎖 木石長矛 影響素材 素材會消耗 1 份，依選擇調整詞綴權重或條件式特性機率；不保證指定結果。品質機率只依鍛造熟練度能力調整。 不使用素材 🦴 狼牙 · 持有 1 🌙 月石 · 持有 0 成品 獵矛 · 武器 · Lv.2 材料 木材 ×3 ／持有 8 石材 ×2 ／持有 4 費用 4 金 ／持有 5 體力與時間 體力 10 ／目前 14 · 45 分鐘 鍛造熟練度 需求 Lv.1 ／目前 Lv.5 品質能力 目前最低品質：精良 · 普通 0%、精良 87%、稀有 10%、史詩 2.8%、傳說 0.2% 成功練習 本配方已達熟練上限 Lv.3 此配方已完成熟練；可製作其他配方或追求更高品質能力。 製作木石長矛",
        "inputRows": [
          "木材 ×3 ／持有 8",
          "石材 ×2 ／持有 4"
        ],
        "recipeControls": 1,
        "materialControls": 3,
        "selectedRecipe": "starterSpear",
        "selectedMaterial": "none",
        "recipeLabel": "木石長矛\nSmithing Lv.1 已解鎖",
        "disabledReason": [],
        "finalSelection": {
          "recipeId": "starterSpear",
          "recipeAriaPressed": true,
          "materialId": "none",
          "materialAriaPressed": true
        }
      },
      "selectionAndEquipment": {
        "instanceId": "item-153",
        "selected": true,
        "equippedSlots": [
          "weapon"
        ]
      }
    },
    {
      "item": {
        "instanceId": "item-154",
        "ownerId": "alden",
        "baseId": "chainArmor",
        "level": 3,
        "material": null,
        "rarity": "uncommon",
        "affixes": [
          {
            "id": "sturdy",
            "tier": 1,
            "value": 1
          }
        ],
        "rolledStats": {
          "attack": 0,
          "defense": 5,
          "critical": 0,
          "penetration": 0,
          "bleed": 0,
          "block": 0,
          "reduction": 0
        },
        "specialTrait": null,
        "provenance": null,
        "craftProvenance": {
          "recipeId": "fieldArmor",
          "createdBy": "alden",
          "createdAt": 73972,
          "influenceMaterial": null,
          "masterpiece": false
        }
      },
      "workbench": {
        "available": true,
        "text": "工作台 實際工作台 雜貨店 · 服務時間 08:00–18:00。 選擇配方 木石長矛 Smithing Lv.1 已解鎖 進階長矛 Smithing Lv.2 已解鎖 鎖甲 Smithing Lv.2 已解鎖 鐵短劍 Smithing Lv.5 已解鎖 鎖甲 影響素材 素材會消耗 1 份，依選擇調整詞綴權重或條件式特性機率；不保證指定結果。品質機率只依鍛造熟練度能力調整。 不使用素材 🐺 狼皮 · 持有 1 成品 鎖甲 · 防具 · Lv.3 材料 鐵礦 ×2 ／持有 4 木材 ×1 ／持有 5 費用 8 金 ／持有 13 體力與時間 體力 12 ／目前 76 · 60 分鐘 鍛造熟練度 需求 Lv.2 ／目前 Lv.5 品質能力 目前最低品質：精良 · 普通 0%、精良 87%、稀有 10%、史詩 2.8%、傳說 0.2% 成功練習 本配方已達熟練上限 Lv.5 此配方已完成熟練；可製作其他配方或追求更高品質能力。 製作鎖甲",
        "inputRows": [
          "鐵礦 ×2 ／持有 4",
          "木材 ×1 ／持有 5"
        ],
        "recipeControls": 1,
        "materialControls": 2,
        "selectedRecipe": "fieldArmor",
        "selectedMaterial": "none",
        "recipeLabel": "鎖甲\nSmithing Lv.2 已解鎖",
        "disabledReason": [],
        "finalSelection": {
          "recipeId": "fieldArmor",
          "recipeAriaPressed": true,
          "materialId": "none",
          "materialAriaPressed": true
        }
      },
      "selectionAndEquipment": {
        "instanceId": "item-154",
        "selected": true,
        "equippedSlots": [
          "armor"
        ]
      }
    },
    {
      "item": {
        "instanceId": "item-155",
        "ownerId": "alden",
        "baseId": "spear",
        "level": 2,
        "material": "wolfFang",
        "rarity": "uncommon",
        "affixes": [
          {
            "id": "bleeding",
            "tier": 1,
            "value": 1
          }
        ],
        "rolledStats": {
          "attack": 5,
          "defense": 0,
          "critical": 0,
          "penetration": 0,
          "bleed": 1,
          "block": 0,
          "reduction": 0
        },
        "specialTrait": null,
        "provenance": null,
        "craftProvenance": {
          "recipeId": "starterSpear",
          "createdBy": "alden",
          "createdAt": 74035,
          "influenceMaterial": "wolfFang",
          "masterpiece": false
        }
      },
      "workbench": {
        "available": true,
        "text": "工作台 實際工作台 雜貨店 · 服務時間 08:00–18:00。 選擇配方 木石長矛 Smithing Lv.1 已解鎖 進階長矛 Smithing Lv.2 已解鎖 鎖甲 Smithing Lv.2 已解鎖 鐵短劍 Smithing Lv.5 已解鎖 木石長矛 影響素材 素材會消耗 1 份，依選擇調整詞綴權重或條件式特性機率；不保證指定結果。品質機率只依鍛造熟練度能力調整。 不使用素材 🦴 狼牙 · 持有 2 🌙 月石 · 持有 0 成品 獵矛 · 武器 · Lv.2 材料 木材 ×3 ／持有 4 石材 ×2 ／持有 2 費用 4 金 ／持有 5 體力與時間 體力 10 ／目前 64 · 45 分鐘 鍛造熟練度 需求 Lv.1 ／目前 Lv.5 品質能力 目前最低品質：精良 · 普通 0%、精良 87%、稀有 10%、史詩 2.8%、傳說 0.2% 成功練習 本配方已達熟練上限 Lv.3 此配方已完成熟練；可製作其他配方或追求更高品質能力。 製作木石長矛",
        "inputRows": [
          "木材 ×3 ／持有 4",
          "石材 ×2 ／持有 2"
        ],
        "recipeControls": 1,
        "materialControls": 3,
        "selectedRecipe": "starterSpear",
        "selectedMaterial": "none",
        "recipeLabel": "木石長矛\nSmithing Lv.1 已解鎖",
        "disabledReason": [],
        "finalSelection": {
          "recipeId": "starterSpear",
          "recipeAriaPressed": true,
          "materialId": "wolfFang",
          "materialAriaPressed": true
        }
      },
      "selectionAndEquipment": {
        "instanceId": "item-155",
        "selected": true,
        "equippedSlots": [
          "weapon"
        ]
      }
    },
    {
      "item": {
        "instanceId": "item-156",
        "ownerId": "alden",
        "baseId": "chainArmor",
        "level": 3,
        "material": null,
        "rarity": "uncommon",
        "affixes": [
          {
            "id": "warding",
            "tier": 1,
            "value": 3
          }
        ],
        "rolledStats": {
          "attack": 0,
          "defense": 4,
          "critical": 0,
          "penetration": 0,
          "bleed": 0,
          "block": 0,
          "reduction": 3
        },
        "specialTrait": null,
        "provenance": null,
        "craftProvenance": {
          "recipeId": "fieldArmor",
          "createdBy": "alden",
          "createdAt": 74244,
          "influenceMaterial": null,
          "masterpiece": false
        }
      },
      "workbench": {
        "available": true,
        "text": "工作台 實際工作台 雜貨店 · 服務時間 08:00–18:00。 選擇配方 木石長矛 Smithing Lv.1 已解鎖 進階長矛 Smithing Lv.2 已解鎖 鎖甲 Smithing Lv.2 已解鎖 鐵短劍 Smithing Lv.5 已解鎖 鎖甲 影響素材 素材會消耗 1 份，依選擇調整詞綴權重或條件式特性機率；不保證指定結果。品質機率只依鍛造熟練度能力調整。 不使用素材 🐺 狼皮 · 持有 1 成品 鎖甲 · 防具 · Lv.3 材料 鐵礦 ×2 ／持有 8 木材 ×1 ／持有 7 費用 8 金 ／持有 9 體力與時間 體力 12 ／目前 34 · 60 分鐘 鍛造熟練度 需求 Lv.2 ／目前 Lv.5 品質能力 目前最低品質：精良 · 普通 0%、精良 87%、稀有 10%、史詩 2.8%、傳說 0.2% 成功練習 本配方已達熟練上限 Lv.5 此配方已完成熟練；可製作其他配方或追求更高品質能力。 製作鎖甲",
        "inputRows": [
          "鐵礦 ×2 ／持有 8",
          "木材 ×1 ／持有 7"
        ],
        "recipeControls": 1,
        "materialControls": 2,
        "selectedRecipe": "fieldArmor",
        "selectedMaterial": "none",
        "recipeLabel": "鎖甲\nSmithing Lv.2 已解鎖",
        "disabledReason": [],
        "finalSelection": {
          "recipeId": "fieldArmor",
          "recipeAriaPressed": true,
          "materialId": "none",
          "materialAriaPressed": true
        }
      },
      "selectionAndEquipment": {
        "instanceId": "item-156",
        "selected": true,
        "equippedSlots": [
          "armor"
        ]
      }
    },
    {
      "item": {
        "instanceId": "item-157",
        "ownerId": "alden",
        "baseId": "spear",
        "level": 2,
        "material": null,
        "rarity": "rare",
        "affixes": [
          {
            "id": "keen",
            "tier": 1,
            "value": 3
          },
          {
            "id": "bleeding",
            "tier": 1,
            "value": 1
          }
        ],
        "rolledStats": {
          "attack": 5,
          "defense": 0,
          "critical": 3,
          "penetration": 0,
          "bleed": 1,
          "block": 0,
          "reduction": 0
        },
        "specialTrait": null,
        "provenance": null,
        "craftProvenance": {
          "recipeId": "starterSpear",
          "createdBy": "alden",
          "createdAt": 74429,
          "influenceMaterial": null,
          "masterpiece": false
        }
      },
      "workbench": {
        "available": true,
        "text": "工作台 實際工作台 雜貨店 · 服務時間 08:00–18:00。 選擇配方 木石長矛 Smithing Lv.1 已解鎖 進階長矛 Smithing Lv.2 已解鎖 鎖甲 Smithing Lv.2 已解鎖 鐵短劍 Smithing Lv.5 已解鎖 木石長矛 影響素材 素材會消耗 1 份，依選擇調整詞綴權重或條件式特性機率；不保證指定結果。品質機率只依鍛造熟練度能力調整。 不使用素材 🦴 狼牙 · 持有 1 🌙 月石 · 持有 0 成品 獵矛 · 武器 · Lv.2 材料 木材 ×3 ／持有 6 石材 ×2 ／持有 6 費用 4 金 ／持有 5 體力與時間 體力 10 ／目前 12 · 45 分鐘 鍛造熟練度 需求 Lv.1 ／目前 Lv.5 品質能力 目前最低品質：精良 · 普通 0%、精良 87%、稀有 10%、史詩 2.8%、傳說 0.2% 成功練習 本配方已達熟練上限 Lv.3 此配方已完成熟練；可製作其他配方或追求更高品質能力。 製作木石長矛",
        "inputRows": [
          "木材 ×3 ／持有 6",
          "石材 ×2 ／持有 6"
        ],
        "recipeControls": 1,
        "materialControls": 3,
        "selectedRecipe": "starterSpear",
        "selectedMaterial": "none",
        "recipeLabel": "木石長矛\nSmithing Lv.1 已解鎖",
        "disabledReason": [],
        "finalSelection": {
          "recipeId": "starterSpear",
          "recipeAriaPressed": true,
          "materialId": "none",
          "materialAriaPressed": true
        }
      },
      "selectionAndEquipment": {
        "instanceId": "item-157",
        "selected": true,
        "equippedSlots": [
          "weapon"
        ]
      }
    },
    {
      "item": {
        "instanceId": "item-158",
        "ownerId": "alden",
        "baseId": "chainArmor",
        "level": 3,
        "material": null,
        "rarity": "uncommon",
        "affixes": [
          {
            "id": "blocking",
            "tier": 1,
            "value": 4
          }
        ],
        "rolledStats": {
          "attack": 0,
          "defense": 4,
          "critical": 0,
          "penetration": 0,
          "bleed": 0,
          "block": 4,
          "reduction": 0
        },
        "specialTrait": null,
        "provenance": null,
        "craftProvenance": {
          "recipeId": "fieldArmor",
          "createdBy": "alden",
          "createdAt": 76857,
          "influenceMaterial": null,
          "masterpiece": false
        }
      },
      "workbench": {
        "available": true,
        "text": "工作台 實際工作台 雜貨店 · 服務時間 08:00–18:00。 選擇配方 木石長矛 Smithing Lv.1 已解鎖 進階長矛 Smithing Lv.2 已解鎖 鎖甲 Smithing Lv.2 已解鎖 鐵短劍 Smithing Lv.5 已解鎖 鎖甲 影響素材 素材會消耗 1 份，依選擇調整詞綴權重或條件式特性機率；不保證指定結果。品質機率只依鍛造熟練度能力調整。 不使用素材 🐺 狼皮 · 持有 1 成品 鎖甲 · 防具 · Lv.3 材料 鐵礦 ×2 ／持有 6 木材 ×1 ／持有 3 費用 8 金 ／持有 9 體力與時間 體力 12 ／目前 76 · 60 分鐘 鍛造熟練度 需求 Lv.2 ／目前 Lv.5 品質能力 目前最低品質：精良 · 普通 0%、精良 87%、稀有 10%、史詩 2.8%、傳說 0.2% 成功練習 本配方已達熟練上限 Lv.5 此配方已完成熟練；可製作其他配方或追求更高品質能力。 製作鎖甲",
        "inputRows": [
          "鐵礦 ×2 ／持有 6",
          "木材 ×1 ／持有 3"
        ],
        "recipeControls": 1,
        "materialControls": 2,
        "selectedRecipe": "fieldArmor",
        "selectedMaterial": "none",
        "recipeLabel": "鎖甲\nSmithing Lv.2 已解鎖",
        "disabledReason": [],
        "finalSelection": {
          "recipeId": "fieldArmor",
          "recipeAriaPressed": true,
          "materialId": "none",
          "materialAriaPressed": true
        }
      },
      "selectionAndEquipment": {
        "instanceId": "item-158",
        "selected": true,
        "equippedSlots": [
          "armor"
        ]
      }
    },
    {
      "item": {
        "instanceId": "item-159",
        "ownerId": "alden",
        "baseId": "spear",
        "level": 2,
        "material": null,
        "rarity": "uncommon",
        "affixes": [
          {
            "id": "bleeding",
            "tier": 1,
            "value": 1
          }
        ],
        "rolledStats": {
          "attack": 5,
          "defense": 0,
          "critical": 0,
          "penetration": 0,
          "bleed": 1,
          "block": 0,
          "reduction": 0
        },
        "specialTrait": null,
        "provenance": null,
        "craftProvenance": {
          "recipeId": "starterSpear",
          "createdBy": "alden",
          "createdAt": 76971,
          "influenceMaterial": null,
          "masterpiece": false
        }
      },
      "workbench": {
        "available": true,
        "text": "工作台 實際工作台 雜貨店 · 服務時間 08:00–18:00。 選擇配方 木石長矛 Smithing Lv.1 已解鎖 進階長矛 Smithing Lv.2 已解鎖 鎖甲 Smithing Lv.2 已解鎖 鐵短劍 Smithing Lv.5 已解鎖 木石長矛 影響素材 素材會消耗 1 份，依選擇調整詞綴權重或條件式特性機率；不保證指定結果。品質機率只依鍛造熟練度能力調整。 不使用素材 🦴 狼牙 · 持有 1 🌙 月石 · 持有 0 成品 獵矛 · 武器 · Lv.2 材料 木材 ×3 ／持有 8 石材 ×2 ／持有 4 費用 4 金 ／持有 5 體力與時間 體力 10 ／目前 54 · 45 分鐘 鍛造熟練度 需求 Lv.1 ／目前 Lv.5 品質能力 目前最低品質：精良 · 普通 0%、精良 87%、稀有 10%、史詩 2.8%、傳說 0.2% 成功練習 本配方已達熟練上限 Lv.3 此配方已完成熟練；可製作其他配方或追求更高品質能力。 製作木石長矛",
        "inputRows": [
          "木材 ×3 ／持有 8",
          "石材 ×2 ／持有 4"
        ],
        "recipeControls": 1,
        "materialControls": 3,
        "selectedRecipe": "starterSpear",
        "selectedMaterial": "none",
        "recipeLabel": "木石長矛\nSmithing Lv.1 已解鎖",
        "disabledReason": [],
        "finalSelection": {
          "recipeId": "starterSpear",
          "recipeAriaPressed": true,
          "materialId": "none",
          "materialAriaPressed": true
        }
      },
      "selectionAndEquipment": {
        "instanceId": "item-159",
        "selected": true,
        "equippedSlots": [
          "weapon"
        ]
      }
    }
  ],
  "equippedInstances": [
    "item-1",
    "item-2",
    "item-3",
    "item-4",
    "item-5",
    "item-6",
    "item-7",
    "item-8",
    "item-9",
    "item-10",
    "item-11",
    "item-12",
    "item-13",
    "item-14",
    "item-15",
    "item-16",
    "item-17",
    "item-18",
    "item-19",
    "item-20",
    "item-21",
    "item-22",
    "item-23",
    "item-24",
    "item-25",
    "item-26",
    "item-27",
    "item-28",
    "item-29",
    "item-30",
    "item-32",
    "item-33",
    "item-34",
    "item-35",
    "item-36",
    "item-37",
    "item-38",
    "item-39",
    "item-41",
    "item-42",
    "item-43",
    "item-44",
    "item-45",
    "item-46",
    "item-47",
    "item-48",
    "item-49",
    "item-50",
    "item-51",
    "item-52",
    "item-53",
    "item-54",
    "item-55",
    "item-56",
    "item-57",
    "item-58",
    "item-59",
    "item-60",
    "item-61",
    "item-62",
    "item-63",
    "item-64",
    "item-65",
    "item-66",
    "item-68",
    "item-69",
    "item-70",
    "item-71",
    "item-72",
    "item-73",
    "item-74",
    "item-75",
    "item-76",
    "item-77",
    "item-78",
    "item-79",
    "item-80",
    "item-81",
    "item-83",
    "item-84",
    "item-85",
    "item-86",
    "item-87",
    "item-88",
    "item-89",
    "item-90",
    "item-91",
    "item-92",
    "item-93",
    "item-94",
    "item-95",
    "item-96",
    "item-97",
    "item-99",
    "item-100",
    "item-101",
    "item-102",
    "item-103",
    "item-104",
    "item-105",
    "item-106",
    "item-107",
    "item-108",
    "item-109",
    "item-110",
    "item-111",
    "item-112",
    "item-113",
    "item-114",
    "item-115",
    "item-116",
    "item-117",
    "item-118",
    "item-119",
    "item-120",
    "item-121",
    "item-122",
    "item-123",
    "item-124",
    "item-125",
    "item-126",
    "item-127",
    "item-128",
    "item-129",
    "item-130",
    "item-131",
    "item-132",
    "item-133",
    "item-134",
    "item-136",
    "item-137",
    "item-138",
    "item-139",
    "item-140",
    "item-141",
    "item-142",
    "item-143",
    "item-144",
    "item-145",
    "item-146",
    "item-147",
    "item-148",
    "item-149",
    "item-150",
    "item-151",
    "item-152",
    "item-153",
    "item-154",
    "item-155",
    "item-156",
    "item-157",
    "item-158",
    "item-159"
  ],
  "optionalSurfaceAvailability": [
    {
      "target": "inn",
      "available": true
    },
    {
      "target": "house",
      "available": true
    },
    {
      "target": "inn",
      "available": true
    },
    {
      "target": "house",
      "available": true
    },
    {
      "target": "inn",
      "available": true
    },
    {
      "target": "house",
      "available": true
    },
    {
      "target": "house",
      "available": true
    },
    {
      "target": "house",
      "available": true
    },
    {
      "target": "inn",
      "available": true
    },
    {
      "target": "house",
      "available": true
    },
    {
      "target": "house",
      "available": true
    },
    {
      "target": "house",
      "available": true
    },
    {
      "target": "inn",
      "available": true
    },
    {
      "target": "house",
      "available": true
    },
    {
      "target": "house",
      "available": true
    },
    {
      "target": "inn",
      "available": true
    },
    {
      "target": "house",
      "available": true
    },
    {
      "target": "house",
      "available": true
    },
    {
      "target": "house",
      "available": true
    },
    {
      "target": "inn",
      "available": true
    },
    {
      "target": "house",
      "available": true
    },
    {
      "target": "house",
      "available": true
    },
    {
      "target": "house",
      "available": true
    },
    {
      "target": "inn",
      "available": true
    },
    {
      "target": "house",
      "available": true
    },
    {
      "target": "house",
      "available": true
    },
    {
      "target": "inn",
      "available": true
    },
    {
      "target": "house",
      "available": true
    },
    {
      "target": "inn",
      "available": true
    },
    {
      "target": "inn",
      "available": true
    },
    {
      "target": "house",
      "available": true
    },
    {
      "target": "house",
      "available": true
    },
    {
      "target": "house",
      "available": true
    },
    {
      "target": "house",
      "available": true
    },
    {
      "target": "house",
      "available": true
    },
    {
      "target": "house",
      "available": true
    },
    {
      "target": "house",
      "available": true
    },
    {
      "target": "house",
      "available": true
    },
    {
      "target": "house",
      "available": true
    },
    {
      "target": "house",
      "available": true
    },
    {
      "target": "house",
      "available": true
    },
    {
      "target": "house",
      "available": true
    },
    {
      "target": "house",
      "available": true
    },
    {
      "target": "house",
      "available": true
    },
    {
      "target": "house",
      "available": true
    },
    {
      "target": "house",
      "available": true
    },
    {
      "target": "house",
      "available": true
    },
    {
      "target": "house",
      "available": true
    },
    {
      "target": "house",
      "available": true
    },
    {
      "target": "house",
      "available": true
    },
    {
      "target": "house",
      "available": true
    },
    {
      "target": "inn",
      "available": true
    },
    {
      "target": "house",
      "available": true
    },
    {
      "target": "house",
      "available": true
    },
    {
      "target": "house",
      "available": true
    },
    {
      "target": "house",
      "available": true
    },
    {
      "target": "house",
      "available": true
    },
    {
      "target": "house",
      "available": true
    },
    {
      "target": "house",
      "available": true
    },
    {
      "target": "house",
      "available": true
    },
    {
      "target": "house",
      "available": true
    },
    {
      "target": "inn",
      "available": true
    },
    {
      "target": "house",
      "available": true
    },
    {
      "target": "house",
      "available": true
    },
    {
      "target": "house",
      "available": true
    },
    {
      "target": "house",
      "available": true
    },
    {
      "target": "house",
      "available": true
    },
    {
      "target": "house",
      "available": true
    },
    {
      "target": "house",
      "available": true
    },
    {
      "target": "house",
      "available": true
    },
    {
      "target": "house",
      "available": true
    },
    {
      "target": "house",
      "available": true
    },
    {
      "target": "house",
      "available": true
    },
    {
      "target": "house",
      "available": true
    },
    {
      "target": "house",
      "available": true
    },
    {
      "target": "house",
      "available": true
    },
    {
      "target": "house",
      "available": true
    },
    {
      "target": "house",
      "available": true
    },
    {
      "target": "house",
      "available": true
    },
    {
      "target": "house",
      "available": true
    },
    {
      "target": "house",
      "available": true
    },
    {
      "target": "house",
      "available": true
    },
    {
      "target": "inn",
      "available": true
    },
    {
      "target": "house",
      "available": true
    },
    {
      "target": "house",
      "available": true
    },
    {
      "target": "house",
      "available": true
    },
    {
      "target": "house",
      "available": true
    },
    {
      "target": "house",
      "available": true
    },
    {
      "target": "house",
      "available": true
    },
    {
      "target": "house",
      "available": true
    },
    {
      "target": "house",
      "available": true
    },
    {
      "target": "inn",
      "available": true
    },
    {
      "target": "house",
      "available": true
    },
    {
      "target": "house",
      "available": true
    },
    {
      "target": "house",
      "available": true
    },
    {
      "target": "inn",
      "available": true
    },
    {
      "target": "house",
      "available": true
    },
    {
      "target": "house",
      "available": true
    },
    {
      "target": "house",
      "available": true
    },
    {
      "target": "house",
      "available": true
    },
    {
      "target": "house",
      "available": true
    },
    {
      "target": "house",
      "available": true
    },
    {
      "target": "house",
      "available": true
    },
    {
      "target": "house",
      "available": true
    },
    {
      "target": "house",
      "available": true
    },
    {
      "target": "house",
      "available": true
    },
    {
      "target": "house",
      "available": true
    },
    {
      "target": "house",
      "available": true
    },
    {
      "target": "house",
      "available": true
    },
    {
      "target": "house",
      "available": true
    },
    {
      "target": "house",
      "available": true
    },
    {
      "target": "house",
      "available": true
    },
    {
      "target": "house",
      "available": true
    },
    {
      "target": "house",
      "available": true
    },
    {
      "target": "house",
      "available": true
    },
    {
      "target": "inn",
      "available": true
    },
    {
      "target": "house",
      "available": true
    },
    {
      "target": "house",
      "available": true
    },
    {
      "target": "house",
      "available": true
    },
    {
      "target": "house",
      "available": true
    },
    {
      "target": "house",
      "available": true
    },
    {
      "target": "house",
      "available": true
    },
    {
      "target": "house",
      "available": true
    },
    {
      "target": "house",
      "available": true
    },
    {
      "target": "house",
      "available": true
    },
    {
      "target": "house",
      "available": true
    },
    {
      "target": "inn",
      "available": true
    },
    {
      "target": "house",
      "available": true
    },
    {
      "target": "house",
      "available": true
    },
    {
      "target": "house",
      "available": true
    },
    {
      "target": "house",
      "available": true
    },
    {
      "target": "house",
      "available": true
    },
    {
      "target": "house",
      "available": true
    },
    {
      "target": "house",
      "available": true
    },
    {
      "target": "house",
      "available": true
    },
    {
      "target": "inn",
      "available": true
    },
    {
      "target": "house",
      "available": true
    },
    {
      "target": "house",
      "available": true
    },
    {
      "target": "house",
      "available": true
    },
    {
      "target": "house",
      "available": true
    },
    {
      "target": "house",
      "available": true
    },
    {
      "target": "house",
      "available": true
    },
    {
      "target": "house",
      "available": true
    },
    {
      "target": "house",
      "available": true
    },
    {
      "target": "house",
      "available": true
    },
    {
      "target": "house",
      "available": true
    },
    {
      "target": "house",
      "available": true
    },
    {
      "target": "house",
      "available": true
    },
    {
      "target": "house",
      "available": true
    },
    {
      "target": "house",
      "available": true
    },
    {
      "target": "house",
      "available": true
    },
    {
      "target": "house",
      "available": true
    },
    {
      "target": "inn",
      "available": true
    },
    {
      "target": "house",
      "available": true
    },
    {
      "target": "house",
      "available": true
    },
    {
      "target": "house",
      "available": true
    },
    {
      "target": "house",
      "available": true
    },
    {
      "target": "house",
      "available": true
    },
    {
      "target": "house",
      "available": true
    },
    {
      "target": "house",
      "available": true
    },
    {
      "target": "house",
      "available": true
    },
    {
      "target": "inn",
      "available": true
    },
    {
      "target": "house",
      "available": true
    },
    {
      "target": "house",
      "available": true
    },
    {
      "target": "inn",
      "available": true
    },
    {
      "target": "house",
      "available": true
    },
    {
      "target": "house",
      "available": true
    },
    {
      "target": "house",
      "available": true
    },
    {
      "target": "house",
      "available": true
    },
    {
      "target": "house",
      "available": true
    },
    {
      "target": "house",
      "available": true
    },
    {
      "target": "house",
      "available": true
    },
    {
      "target": "house",
      "available": true
    },
    {
      "target": "house",
      "available": true
    },
    {
      "target": "house",
      "available": true
    },
    {
      "target": "house",
      "available": true
    },
    {
      "target": "house",
      "available": true
    },
    {
      "target": "house",
      "available": true
    },
    {
      "target": "house",
      "available": true
    },
    {
      "target": "house",
      "available": true
    },
    {
      "target": "house",
      "available": true
    },
    {
      "target": "house",
      "available": true
    },
    {
      "target": "inn",
      "available": true
    },
    {
      "target": "house",
      "available": true
    },
    {
      "target": "house",
      "available": true
    },
    {
      "target": "house",
      "available": true
    },
    {
      "target": "house",
      "available": true
    },
    {
      "target": "house",
      "available": true
    },
    {
      "target": "house",
      "available": true
    },
    {
      "target": "house",
      "available": true
    },
    {
      "target": "house",
      "available": true
    },
    {
      "target": "house",
      "available": true
    },
    {
      "target": "house",
      "available": true
    },
    {
      "target": "house",
      "available": true
    },
    {
      "target": "house",
      "available": true
    },
    {
      "target": "house",
      "available": true
    },
    {
      "target": "house",
      "available": true
    },
    {
      "target": "house",
      "available": true
    },
    {
      "target": "house",
      "available": true
    },
    {
      "target": "house",
      "available": true
    },
    {
      "target": "inn",
      "available": true
    },
    {
      "target": "house",
      "available": true
    },
    {
      "target": "house",
      "available": true
    },
    {
      "target": "house",
      "available": true
    },
    {
      "target": "house",
      "available": true
    },
    {
      "target": "house",
      "available": true
    },
    {
      "target": "house",
      "available": true
    },
    {
      "target": "house",
      "available": true
    },
    {
      "target": "house",
      "available": true
    },
    {
      "target": "house",
      "available": true
    },
    {
      "target": "house",
      "available": true
    },
    {
      "target": "house",
      "available": true
    },
    {
      "target": "house",
      "available": true
    },
    {
      "target": "house",
      "available": true
    },
    {
      "target": "house",
      "available": true
    },
    {
      "target": "inn",
      "available": true
    },
    {
      "target": "house",
      "available": true
    },
    {
      "target": "house",
      "available": true
    },
    {
      "target": "house",
      "available": true
    },
    {
      "target": "house",
      "available": true
    },
    {
      "target": "house",
      "available": true
    },
    {
      "target": "house",
      "available": true
    },
    {
      "target": "house",
      "available": true
    },
    {
      "target": "house",
      "available": true
    },
    {
      "target": "house",
      "available": true
    },
    {
      "target": "house",
      "available": true
    },
    {
      "target": "house",
      "available": true
    },
    {
      "target": "house",
      "available": true
    },
    {
      "target": "house",
      "available": true
    },
    {
      "target": "house",
      "available": true
    },
    {
      "target": "house",
      "available": true
    },
    {
      "target": "house",
      "available": true
    },
    {
      "target": "house",
      "available": true
    },
    {
      "target": "house",
      "available": true
    },
    {
      "target": "house",
      "available": true
    },
    {
      "target": "house",
      "available": true
    },
    {
      "target": "house",
      "available": true
    },
    {
      "target": "house",
      "available": true
    },
    {
      "target": "house",
      "available": true
    },
    {
      "target": "house",
      "available": true
    },
    {
      "target": "house",
      "available": true
    },
    {
      "target": "house",
      "available": true
    },
    {
      "target": "house",
      "available": true
    },
    {
      "target": "house",
      "available": true
    },
    {
      "target": "house",
      "available": true
    },
    {
      "target": "house",
      "available": true
    },
    {
      "target": "house",
      "available": true
    },
    {
      "target": "house",
      "available": true
    },
    {
      "target": "house",
      "available": true
    },
    {
      "target": "house",
      "available": true
    },
    {
      "target": "house",
      "available": true
    },
    {
      "target": "house",
      "available": true
    },
    {
      "target": "house",
      "available": true
    },
    {
      "target": "house",
      "available": true
    },
    {
      "target": "house",
      "available": true
    },
    {
      "target": "house",
      "available": true
    },
    {
      "target": "house",
      "available": true
    },
    {
      "target": "house",
      "available": true
    },
    {
      "target": "house",
      "available": true
    },
    {
      "target": "house",
      "available": true
    },
    {
      "target": "house",
      "available": true
    },
    {
      "target": "house",
      "available": true
    },
    {
      "target": "house",
      "available": true
    },
    {
      "target": "house",
      "available": true
    },
    {
      "target": "house",
      "available": true
    },
    {
      "target": "house",
      "available": true
    },
    {
      "target": "house",
      "available": true
    },
    {
      "target": "house",
      "available": true
    },
    {
      "target": "house",
      "available": true
    },
    {
      "target": "house",
      "available": true
    },
    {
      "target": "house",
      "available": true
    },
    {
      "target": "inn",
      "available": true
    },
    {
      "target": "house",
      "available": true
    },
    {
      "target": "house",
      "available": true
    },
    {
      "target": "house",
      "available": true
    },
    {
      "target": "house",
      "available": true
    },
    {
      "target": "house",
      "available": true
    },
    {
      "target": "house",
      "available": true
    },
    {
      "target": "house",
      "available": true
    },
    {
      "target": "house",
      "available": true
    },
    {
      "target": "house",
      "available": true
    },
    {
      "target": "house",
      "available": true
    },
    {
      "target": "house",
      "available": true
    },
    {
      "target": "house",
      "available": true
    },
    {
      "target": "house",
      "available": true
    },
    {
      "target": "house",
      "available": true
    },
    {
      "target": "house",
      "available": true
    },
    {
      "target": "house",
      "available": true
    },
    {
      "target": "house",
      "available": true
    },
    {
      "target": "house",
      "available": true
    },
    {
      "target": "house",
      "available": true
    },
    {
      "target": "house",
      "available": true
    },
    {
      "target": "house",
      "available": true
    },
    {
      "target": "house",
      "available": true
    },
    {
      "target": "house",
      "available": true
    },
    {
      "target": "house",
      "available": true
    },
    {
      "target": "house",
      "available": true
    },
    {
      "target": "house",
      "available": true
    },
    {
      "target": "house",
      "available": true
    },
    {
      "target": "inn",
      "available": true
    },
    {
      "target": "house",
      "available": true
    },
    {
      "target": "house",
      "available": true
    },
    {
      "target": "house",
      "available": true
    },
    {
      "target": "house",
      "available": true
    },
    {
      "target": "house",
      "available": true
    },
    {
      "target": "house",
      "available": true
    },
    {
      "target": "house",
      "available": true
    },
    {
      "target": "house",
      "available": true
    },
    {
      "target": "house",
      "available": true
    },
    {
      "target": "inn",
      "available": true
    },
    {
      "target": "house",
      "available": true
    },
    {
      "target": "house",
      "available": true
    },
    {
      "target": "house",
      "available": true
    },
    {
      "target": "house",
      "available": true
    },
    {
      "target": "house",
      "available": true
    },
    {
      "target": "house",
      "available": true
    },
    {
      "target": "house",
      "available": true
    },
    {
      "target": "house",
      "available": true
    },
    {
      "target": "house",
      "available": true
    },
    {
      "target": "house",
      "available": true
    },
    {
      "target": "house",
      "available": true
    },
    {
      "target": "house",
      "available": true
    },
    {
      "target": "house",
      "available": true
    },
    {
      "target": "house",
      "available": true
    },
    {
      "target": "house",
      "available": true
    },
    {
      "target": "house",
      "available": true
    },
    {
      "target": "house",
      "available": true
    },
    {
      "target": "house",
      "available": true
    },
    {
      "target": "house",
      "available": true
    },
    {
      "target": "house",
      "available": true
    },
    {
      "target": "house",
      "available": true
    },
    {
      "target": "house",
      "available": true
    },
    {
      "target": "house",
      "available": true
    },
    {
      "target": "house",
      "available": true
    },
    {
      "target": "house",
      "available": true
    },
    {
      "target": "house",
      "available": true
    },
    {
      "target": "house",
      "available": true
    },
    {
      "target": "house",
      "available": true
    },
    {
      "target": "house",
      "available": true
    },
    {
      "target": "house",
      "available": true
    },
    {
      "target": "house",
      "available": true
    },
    {
      "target": "house",
      "available": true
    },
    {
      "target": "house",
      "available": true
    },
    {
      "target": "house",
      "available": true
    },
    {
      "target": "house",
      "available": true
    },
    {
      "target": "house",
      "available": true
    },
    {
      "target": "house",
      "available": true
    },
    {
      "target": "house",
      "available": true
    },
    {
      "target": "house",
      "available": true
    },
    {
      "target": "house",
      "available": true
    },
    {
      "target": "inn",
      "available": true
    },
    {
      "target": "house",
      "available": true
    },
    {
      "target": "house",
      "available": true
    },
    {
      "target": "house",
      "available": true
    },
    {
      "target": "house",
      "available": true
    },
    {
      "target": "house",
      "available": true
    },
    {
      "target": "house",
      "available": true
    },
    {
      "target": "house",
      "available": true
    },
    {
      "target": "house",
      "available": true
    },
    {
      "target": "house",
      "available": true
    },
    {
      "target": "house",
      "available": true
    },
    {
      "target": "house",
      "available": true
    },
    {
      "target": "house",
      "available": true
    },
    {
      "target": "house",
      "available": true
    },
    {
      "target": "house",
      "available": true
    },
    {
      "target": "house",
      "available": true
    },
    {
      "target": "house",
      "available": true
    },
    {
      "target": "house",
      "available": true
    },
    {
      "target": "house",
      "available": true
    },
    {
      "target": "house",
      "available": true
    },
    {
      "target": "inn",
      "available": true
    },
    {
      "target": "house",
      "available": true
    },
    {
      "target": "house",
      "available": true
    },
    {
      "target": "house",
      "available": true
    },
    {
      "target": "house",
      "available": true
    },
    {
      "target": "house",
      "available": true
    },
    {
      "target": "house",
      "available": true
    },
    {
      "target": "house",
      "available": true
    },
    {
      "target": "house",
      "available": true
    },
    {
      "target": "house",
      "available": true
    },
    {
      "target": "house",
      "available": true
    },
    {
      "target": "house",
      "available": true
    },
    {
      "target": "house",
      "available": true
    },
    {
      "target": "house",
      "available": true
    },
    {
      "target": "house",
      "available": true
    },
    {
      "target": "house",
      "available": true
    },
    {
      "target": "house",
      "available": true
    },
    {
      "target": "house",
      "available": true
    },
    {
      "target": "house",
      "available": true
    },
    {
      "target": "house",
      "available": true
    },
    {
      "target": "inn",
      "available": true
    },
    {
      "target": "house",
      "available": true
    },
    {
      "target": "house",
      "available": true
    },
    {
      "target": "house",
      "available": true
    },
    {
      "target": "house",
      "available": true
    },
    {
      "target": "house",
      "available": true
    },
    {
      "target": "house",
      "available": true
    },
    {
      "target": "house",
      "available": true
    },
    {
      "target": "house",
      "available": true
    },
    {
      "target": "house",
      "available": true
    },
    {
      "target": "house",
      "available": true
    },
    {
      "target": "house",
      "available": true
    },
    {
      "target": "house",
      "available": true
    },
    {
      "target": "house",
      "available": true
    },
    {
      "target": "house",
      "available": true
    },
    {
      "target": "house",
      "available": true
    },
    {
      "target": "house",
      "available": true
    },
    {
      "target": "house",
      "available": true
    },
    {
      "target": "house",
      "available": true
    },
    {
      "target": "house",
      "available": true
    },
    {
      "target": "house",
      "available": true
    },
    {
      "target": "inn",
      "available": true
    },
    {
      "target": "house",
      "available": true
    },
    {
      "target": "house",
      "available": true
    },
    {
      "target": "house",
      "available": true
    },
    {
      "target": "house",
      "available": true
    },
    {
      "target": "house",
      "available": true
    },
    {
      "target": "house",
      "available": true
    },
    {
      "target": "house",
      "available": true
    },
    {
      "target": "house",
      "available": true
    },
    {
      "target": "house",
      "available": true
    },
    {
      "target": "house",
      "available": true
    },
    {
      "target": "house",
      "available": true
    },
    {
      "target": "house",
      "available": true
    },
    {
      "target": "house",
      "available": true
    },
    {
      "target": "house",
      "available": true
    },
    {
      "target": "house",
      "available": true
    },
    {
      "target": "house",
      "available": true
    },
    {
      "target": "house",
      "available": true
    },
    {
      "target": "house",
      "available": true
    },
    {
      "target": "house",
      "available": true
    },
    {
      "target": "house",
      "available": true
    },
    {
      "target": "house",
      "available": true
    },
    {
      "target": "house",
      "available": true
    },
    {
      "target": "house",
      "available": true
    },
    {
      "target": "house",
      "available": true
    },
    {
      "target": "house",
      "available": true
    },
    {
      "target": "house",
      "available": true
    },
    {
      "target": "house",
      "available": true
    },
    {
      "target": "house",
      "available": true
    },
    {
      "target": "house",
      "available": true
    },
    {
      "target": "house",
      "available": true
    },
    {
      "target": "house",
      "available": true
    }
  ],
  "lastLifeNoteState": {
    "reward": {
      "schemaVersion": 2,
      "nextInstanceId": 160,
      "instances": [
        {
          "instanceId": "item-1",
          "ownerId": "alden",
          "baseId": "spear",
          "level": 2,
          "material": null,
          "rarity": "common",
          "affixes": [],
          "rolledStats": {
            "attack": 5,
            "defense": 0,
            "critical": 0,
            "penetration": 0,
            "bleed": 0,
            "block": 0,
            "reduction": 0
          },
          "specialTrait": null,
          "provenance": null,
          "craftProvenance": {
            "recipeId": "starterSpear",
            "createdBy": "alden",
            "createdAt": 734,
            "influenceMaterial": null,
            "masterpiece": false
          }
        },
        {
          "instanceId": "item-2",
          "ownerId": "alden",
          "baseId": "spear",
          "level": 2,
          "material": null,
          "rarity": "common",
          "affixes": [],
          "rolledStats": {
            "attack": 5,
            "defense": 0,
            "critical": 0,
            "penetration": 0,
            "bleed": 0,
            "block": 0,
            "reduction": 0
          },
          "specialTrait": null,
          "provenance": null,
          "craftProvenance": {
            "recipeId": "starterSpear",
            "createdBy": "alden",
            "createdAt": 963,
            "influenceMaterial": null,
            "masterpiece": false
          }
        },
        {
          "instanceId": "item-3",
          "ownerId": "alden",
          "baseId": "spear",
          "level": 3,
          "material": null,
          "rarity": "common",
          "affixes": [],
          "rolledStats": {
            "attack": 5,
            "defense": 0,
            "critical": 0,
            "penetration": 0,
            "bleed": 0,
            "block": 0,
            "reduction": 0
          },
          "specialTrait": null,
          "provenance": null,
          "craftProvenance": {
            "recipeId": "fieldSpear",
            "createdBy": "alden",
            "createdAt": 2007,
            "influenceMaterial": null,
            "masterpiece": false
          }
        },
        {
          "instanceId": "item-4",
          "ownerId": "alden",
          "baseId": "chainArmor",
          "level": 3,
          "material": null,
          "rarity": "common",
          "affixes": [],
          "rolledStats": {
            "attack": 0,
            "defense": 4,
            "critical": 0,
            "penetration": 0,
            "bleed": 0,
            "block": 0,
            "reduction": 0
          },
          "specialTrait": null,
          "provenance": null,
          "craftProvenance": {
            "recipeId": "fieldArmor",
            "createdBy": "alden",
            "createdAt": 2260,
            "influenceMaterial": null,
            "masterpiece": false
          }
        },
        {
          "instanceId": "item-5",
          "ownerId": "alden",
          "baseId": "spear",
          "level": 3,
          "material": null,
          "rarity": "common",
          "affixes": [],
          "rolledStats": {
            "attack": 5,
            "defense": 0,
            "critical": 0,
            "penetration": 0,
            "bleed": 0,
            "block": 0,
            "reduction": 0
          },
          "specialTrait": null,
          "provenance": null,
          "craftProvenance": {
            "recipeId": "fieldSpear",
            "createdBy": "alden",
            "createdAt": 2501,
            "influenceMaterial": null,
            "masterpiece": false
          }
        },
        {
          "instanceId": "item-6",
          "ownerId": "alden",
          "baseId": "chainArmor",
          "level": 3,
          "material": null,
          "rarity": "common",
          "affixes": [],
          "rolledStats": {
            "attack": 0,
            "defense": 4,
            "critical": 0,
            "penetration": 0,
            "bleed": 0,
            "block": 0,
            "reduction": 0
          },
          "specialTrait": null,
          "provenance": null,
          "craftProvenance": {
            "recipeId": "fieldArmor",
            "createdBy": "alden",
            "createdAt": 3377,
            "influenceMaterial": null,
            "masterpiece": false
          }
        },
        {
          "instanceId": "item-7",
          "ownerId": "alden",
          "baseId": "spear",
          "level": 2,
          "material": null,
          "rarity": "uncommon",
          "affixes": [
            {
              "id": "striking",
              "tier": 1,
              "value": 1
            }
          ],
          "rolledStats": {
            "attack": 6,
            "defense": 0,
            "critical": 0,
            "penetration": 0,
            "bleed": 0,
            "block": 0,
            "reduction": 0
          },
          "specialTrait": null,
          "provenance": null,
          "craftProvenance": {
            "recipeId": "starterSpear",
            "createdBy": "alden",
            "createdAt": 3628,
            "influenceMaterial": null,
            "masterpiece": false
          }
        },
        {
          "instanceId": "item-8",
          "ownerId": "alden",
          "baseId": "spear",
          "level": 3,
          "material": null,
          "rarity": "uncommon",
          "affixes": [
            {
              "id": "piercing",
              "tier": 1,
              "value": 1
            }
          ],
          "rolledStats": {
            "attack": 5,
            "defense": 0,
            "critical": 0,
            "penetration": 1,
            "bleed": 0,
            "block": 0,
            "reduction": 0
          },
          "specialTrait": null,
          "provenance": null,
          "craftProvenance": {
            "recipeId": "fieldSpear",
            "createdBy": "alden",
            "createdAt": 3852,
            "influenceMaterial": null,
            "masterpiece": false
          }
        },
        {
          "instanceId": "item-9",
          "ownerId": "alden",
          "baseId": "chainArmor",
          "level": 3,
          "material": null,
          "rarity": "uncommon",
          "affixes": [
            {
              "id": "sturdy",
              "tier": 1,
              "value": 1
            }
          ],
          "rolledStats": {
            "attack": 0,
            "defense": 5,
            "critical": 0,
            "penetration": 0,
            "bleed": 0,
            "block": 0,
            "reduction": 0
          },
          "specialTrait": null,
          "provenance": null,
          "craftProvenance": {
            "recipeId": "fieldArmor",
            "createdBy": "alden",
            "createdAt": 4809,
            "influenceMaterial": null,
            "masterpiece": false
          }
        },
        {
          "instanceId": "item-10",
          "ownerId": "alden",
          "baseId": "chainArmor",
          "level": 3,
          "material": null,
          "rarity": "uncommon",
          "affixes": [
            {
              "id": "blocking",
              "tier": 1,
              "value": 4
            }
          ],
          "rolledStats": {
            "attack": 0,
            "defense": 4,
            "critical": 0,
            "penetration": 0,
            "bleed": 0,
            "block": 4,
            "reduction": 0
          },
          "specialTrait": null,
          "provenance": null,
          "craftProvenance": {
            "recipeId": "fieldArmor",
            "createdBy": "alden",
            "createdAt": 4934,
            "influenceMaterial": null,
            "masterpiece": false
          }
        },
        {
          "instanceId": "item-11",
          "ownerId": "alden",
          "baseId": "spear",
          "level": 2,
          "material": null,
          "rarity": "uncommon",
          "affixes": [
            {
              "id": "striking",
              "tier": 1,
              "value": 1
            }
          ],
          "rolledStats": {
            "attack": 6,
            "defense": 0,
            "critical": 0,
            "penetration": 0,
            "bleed": 0,
            "block": 0,
            "reduction": 0
          },
          "specialTrait": null,
          "provenance": null,
          "craftProvenance": {
            "recipeId": "starterSpear",
            "createdBy": "alden",
            "createdAt": 5173,
            "influenceMaterial": null,
            "masterpiece": false
          }
        },
        {
          "instanceId": "item-12",
          "ownerId": "alden",
          "baseId": "spear",
          "level": 2,
          "material": null,
          "rarity": "rare",
          "affixes": [
            {
              "id": "piercing",
              "tier": 1,
              "value": 1
            },
            {
              "id": "bleeding",
              "tier": 1,
              "value": 1
            }
          ],
          "rolledStats": {
            "attack": 5,
            "defense": 0,
            "critical": 0,
            "penetration": 1,
            "bleed": 1,
            "block": 0,
            "reduction": 0
          },
          "specialTrait": null,
          "provenance": null,
          "craftProvenance": {
            "recipeId": "starterSpear",
            "createdBy": "alden",
            "createdAt": 5281,
            "influenceMaterial": null,
            "masterpiece": false
          }
        },
        {
          "instanceId": "item-13",
          "ownerId": "alden",
          "baseId": "spear",
          "level": 3,
          "material": null,
          "rarity": "uncommon",
          "affixes": [
            {
              "id": "bleeding",
              "tier": 1,
              "value": 1
            }
          ],
          "rolledStats": {
            "attack": 5,
            "defense": 0,
            "critical": 0,
            "penetration": 0,
            "bleed": 1,
            "block": 0,
            "reduction": 0
          },
          "specialTrait": null,
          "provenance": null,
          "craftProvenance": {
            "recipeId": "fieldSpear",
            "createdBy": "alden",
            "createdAt": 6302,
            "influenceMaterial": null,
            "masterpiece": false
          }
        },
        {
          "instanceId": "item-14",
          "ownerId": "alden",
          "baseId": "spear",
          "level": 3,
          "material": null,
          "rarity": "uncommon",
          "affixes": [
            {
              "id": "bleeding",
              "tier": 1,
              "value": 1
            }
          ],
          "rolledStats": {
            "attack": 5,
            "defense": 0,
            "critical": 0,
            "penetration": 0,
            "bleed": 1,
            "block": 0,
            "reduction": 0
          },
          "specialTrait": null,
          "provenance": null,
          "craftProvenance": {
            "recipeId": "fieldSpear",
            "createdBy": "alden",
            "createdAt": 6547,
            "influenceMaterial": null,
            "masterpiece": false
          }
        },
        {
          "instanceId": "item-15",
          "ownerId": "alden",
          "baseId": "chainArmor",
          "level": 3,
          "material": null,
          "rarity": "uncommon",
          "affixes": [
            {
              "id": "warding",
              "tier": 1,
              "value": 3
            }
          ],
          "rolledStats": {
            "attack": 0,
            "defense": 4,
            "critical": 0,
            "penetration": 0,
            "bleed": 0,
            "block": 0,
            "reduction": 3
          },
          "specialTrait": null,
          "provenance": null,
          "craftProvenance": {
            "recipeId": "fieldArmor",
            "createdBy": "alden",
            "createdAt": 6781,
            "influenceMaterial": null,
            "masterpiece": false
          }
        },
        {
          "instanceId": "item-16",
          "ownerId": "alden",
          "baseId": "spear",
          "level": 2,
          "material": null,
          "rarity": "uncommon",
          "affixes": [
            {
              "id": "piercing",
              "tier": 1,
              "value": 1
            }
          ],
          "rolledStats": {
            "attack": 5,
            "defense": 0,
            "critical": 0,
            "penetration": 1,
            "bleed": 0,
            "block": 0,
            "reduction": 0
          },
          "specialTrait": null,
          "provenance": null,
          "craftProvenance": {
            "recipeId": "starterSpear",
            "createdBy": "alden",
            "createdAt": 7735,
            "influenceMaterial": null,
            "masterpiece": false
          }
        },
        {
          "instanceId": "item-17",
          "ownerId": "alden",
          "baseId": "spear",
          "level": 3,
          "material": null,
          "rarity": "uncommon",
          "affixes": [
            {
              "id": "keen",
              "tier": 1,
              "value": 3
            }
          ],
          "rolledStats": {
            "attack": 5,
            "defense": 0,
            "critical": 3,
            "penetration": 0,
            "bleed": 0,
            "block": 0,
            "reduction": 0
          },
          "specialTrait": null,
          "provenance": null,
          "craftProvenance": {
            "recipeId": "fieldSpear",
            "createdBy": "alden",
            "createdAt": 7965,
            "influenceMaterial": null,
            "masterpiece": false
          }
        },
        {
          "instanceId": "item-18",
          "ownerId": "alden",
          "baseId": "chainArmor",
          "level": 3,
          "material": null,
          "rarity": "uncommon",
          "affixes": [
            {
              "id": "sturdy",
              "tier": 1,
              "value": 1
            }
          ],
          "rolledStats": {
            "attack": 0,
            "defense": 5,
            "critical": 0,
            "penetration": 0,
            "bleed": 0,
            "block": 0,
            "reduction": 0
          },
          "specialTrait": null,
          "provenance": null,
          "craftProvenance": {
            "recipeId": "fieldArmor",
            "createdBy": "alden",
            "createdAt": 8140,
            "influenceMaterial": null,
            "masterpiece": false
          }
        },
        {
          "instanceId": "item-19",
          "ownerId": "alden",
          "baseId": "spear",
          "level": 2,
          "material": null,
          "rarity": "uncommon",
          "affixes": [
            {
              "id": "keen",
              "tier": 1,
              "value": 3
            }
          ],
          "rolledStats": {
            "attack": 5,
            "defense": 0,
            "critical": 3,
            "penetration": 0,
            "bleed": 0,
            "block": 0,
            "reduction": 0
          },
          "specialTrait": null,
          "provenance": null,
          "craftProvenance": {
            "recipeId": "starterSpear",
            "createdBy": "alden",
            "createdAt": 9153,
            "influenceMaterial": null,
            "masterpiece": false
          }
        },
        {
          "instanceId": "item-20",
          "ownerId": "alden",
          "baseId": "chainArmor",
          "level": 3,
          "material": null,
          "rarity": "uncommon",
          "affixes": [
            {
              "id": "warding",
              "tier": 1,
              "value": 3
            }
          ],
          "rolledStats": {
            "attack": 0,
            "defense": 4,
            "critical": 0,
            "penetration": 0,
            "bleed": 0,
            "block": 0,
            "reduction": 3
          },
          "specialTrait": null,
          "provenance": null,
          "craftProvenance": {
            "recipeId": "fieldArmor",
            "createdBy": "alden",
            "createdAt": 9260,
            "influenceMaterial": null,
            "masterpiece": false
          }
        },
        {
          "instanceId": "item-21",
          "ownerId": "alden",
          "baseId": "spear",
          "level": 2,
          "material": null,
          "rarity": "uncommon",
          "affixes": [
            {
              "id": "piercing",
              "tier": 1,
              "value": 1
            }
          ],
          "rolledStats": {
            "attack": 5,
            "defense": 0,
            "critical": 0,
            "penetration": 1,
            "bleed": 0,
            "block": 0,
            "reduction": 0
          },
          "specialTrait": null,
          "provenance": null,
          "craftProvenance": {
            "recipeId": "starterSpear",
            "createdBy": "alden",
            "createdAt": 9371,
            "influenceMaterial": null,
            "masterpiece": false
          }
        },
        {
          "instanceId": "item-22",
          "ownerId": "alden",
          "baseId": "spear",
          "level": 3,
          "material": null,
          "rarity": "uncommon",
          "affixes": [
            {
              "id": "striking",
              "tier": 1,
              "value": 1
            }
          ],
          "rolledStats": {
            "attack": 6,
            "defense": 0,
            "critical": 0,
            "penetration": 0,
            "bleed": 0,
            "block": 0,
            "reduction": 0
          },
          "specialTrait": null,
          "provenance": null,
          "craftProvenance": {
            "recipeId": "fieldSpear",
            "createdBy": "alden",
            "createdAt": 9590,
            "influenceMaterial": null,
            "masterpiece": false
          }
        },
        {
          "instanceId": "item-23",
          "ownerId": "alden",
          "baseId": "spear",
          "level": 3,
          "material": null,
          "rarity": "uncommon",
          "affixes": [
            {
              "id": "keen",
              "tier": 1,
              "value": 3
            }
          ],
          "rolledStats": {
            "attack": 5,
            "defense": 0,
            "critical": 3,
            "penetration": 0,
            "bleed": 0,
            "block": 0,
            "reduction": 0
          },
          "specialTrait": null,
          "provenance": null,
          "craftProvenance": {
            "recipeId": "fieldSpear",
            "createdBy": "alden",
            "createdAt": 10622,
            "influenceMaterial": null,
            "masterpiece": false
          }
        },
        {
          "instanceId": "item-24",
          "ownerId": "alden",
          "baseId": "chainArmor",
          "level": 3,
          "material": null,
          "rarity": "uncommon",
          "affixes": [
            {
              "id": "sturdy",
              "tier": 1,
              "value": 1
            }
          ],
          "rolledStats": {
            "attack": 0,
            "defense": 5,
            "critical": 0,
            "penetration": 0,
            "bleed": 0,
            "block": 0,
            "reduction": 0
          },
          "specialTrait": null,
          "provenance": null,
          "craftProvenance": {
            "recipeId": "fieldArmor",
            "createdBy": "alden",
            "createdAt": 10806,
            "influenceMaterial": null,
            "masterpiece": false
          }
        },
        {
          "instanceId": "item-25",
          "ownerId": "alden",
          "baseId": "chainArmor",
          "level": 3,
          "material": null,
          "rarity": "rare",
          "affixes": [
            {
              "id": "warding",
              "tier": 1,
              "value": 3
            },
            {
              "id": "blocking",
              "tier": 1,
              "value": 4
            }
          ],
          "rolledStats": {
            "attack": 0,
            "defense": 4,
            "critical": 0,
            "penetration": 0,
            "bleed": 0,
            "block": 4,
            "reduction": 3
          },
          "specialTrait": null,
          "provenance": null,
          "craftProvenance": {
            "recipeId": "fieldArmor",
            "createdBy": "alden",
            "createdAt": 10869,
            "influenceMaterial": null,
            "masterpiece": false
          }
        },
        {
          "instanceId": "item-26",
          "ownerId": "alden",
          "baseId": "spear",
          "level": 2,
          "material": null,
          "rarity": "uncommon",
          "affixes": [
            {
              "id": "keen",
              "tier": 1,
              "value": 3
            }
          ],
          "rolledStats": {
            "attack": 5,
            "defense": 0,
            "critical": 3,
            "penetration": 0,
            "bleed": 0,
            "block": 0,
            "reduction": 0
          },
          "specialTrait": null,
          "provenance": null,
          "craftProvenance": {
            "recipeId": "starterSpear",
            "createdBy": "alden",
            "createdAt": 11100,
            "influenceMaterial": null,
            "masterpiece": false
          }
        },
        {
          "instanceId": "item-27",
          "ownerId": "alden",
          "baseId": "spear",
          "level": 3,
          "material": null,
          "rarity": "uncommon",
          "affixes": [
            {
              "id": "bleeding",
              "tier": 1,
              "value": 1
            }
          ],
          "rolledStats": {
            "attack": 5,
            "defense": 0,
            "critical": 0,
            "penetration": 0,
            "bleed": 1,
            "block": 0,
            "reduction": 0
          },
          "specialTrait": null,
          "provenance": null,
          "craftProvenance": {
            "recipeId": "fieldSpear",
            "createdBy": "alden",
            "createdAt": 12036,
            "influenceMaterial": null,
            "masterpiece": false
          }
        },
        {
          "instanceId": "item-28",
          "ownerId": "alden",
          "baseId": "chainArmor",
          "level": 3,
          "material": null,
          "rarity": "rare",
          "affixes": [
            {
              "id": "sturdy",
              "tier": 1,
              "value": 1
            },
            {
              "id": "warding",
              "tier": 1,
              "value": 3
            }
          ],
          "rolledStats": {
            "attack": 0,
            "defense": 5,
            "critical": 0,
            "penetration": 0,
            "bleed": 0,
            "block": 0,
            "reduction": 3
          },
          "specialTrait": null,
          "provenance": null,
          "craftProvenance": {
            "recipeId": "fieldArmor",
            "createdBy": "alden",
            "createdAt": 12219,
            "influenceMaterial": null,
            "masterpiece": false
          }
        },
        {
          "instanceId": "item-29",
          "ownerId": "alden",
          "baseId": "chainArmor",
          "level": 3,
          "material": null,
          "rarity": "uncommon",
          "affixes": [
            {
              "id": "sturdy",
              "tier": 1,
              "value": 1
            }
          ],
          "rolledStats": {
            "attack": 0,
            "defense": 5,
            "critical": 0,
            "penetration": 0,
            "bleed": 0,
            "block": 0,
            "reduction": 0
          },
          "specialTrait": null,
          "provenance": null,
          "craftProvenance": {
            "recipeId": "fieldArmor",
            "createdBy": "alden",
            "createdAt": 12391,
            "influenceMaterial": null,
            "masterpiece": false
          }
        },
        {
          "instanceId": "item-30",
          "ownerId": "alden",
          "baseId": "spear",
          "level": 2,
          "material": null,
          "rarity": "rare",
          "affixes": [
            {
              "id": "keen",
              "tier": 1,
              "value": 3
            },
            {
              "id": "bleeding",
              "tier": 1,
              "value": 1
            }
          ],
          "rolledStats": {
            "attack": 5,
            "defense": 0,
            "critical": 3,
            "penetration": 0,
            "bleed": 1,
            "block": 0,
            "reduction": 0
          },
          "specialTrait": null,
          "provenance": null,
          "craftProvenance": {
            "recipeId": "starterSpear",
            "createdBy": "alden",
            "createdAt": 12512,
            "influenceMaterial": null,
            "masterpiece": false
          }
        },
        {
          "instanceId": "item-31",
          "ownerId": "alden",
          "baseId": "hideArmor",
          "level": 2,
          "material": "wolfHide",
          "rarity": "common",
          "affixes": [],
          "rolledStats": {
            "attack": 0,
            "defense": 2,
            "critical": 0,
            "penetration": 0,
            "bleed": 0,
            "block": 0,
            "reduction": 0
          },
          "specialTrait": null,
          "provenance": null,
          "craftProvenance": null
        },
        {
          "instanceId": "item-32",
          "ownerId": "alden",
          "baseId": "chainArmor",
          "level": 3,
          "material": null,
          "rarity": "uncommon",
          "affixes": [
            {
              "id": "warding",
              "tier": 1,
              "value": 3
            }
          ],
          "rolledStats": {
            "attack": 0,
            "defense": 4,
            "critical": 0,
            "penetration": 0,
            "bleed": 0,
            "block": 0,
            "reduction": 3
          },
          "specialTrait": null,
          "provenance": null,
          "craftProvenance": {
            "recipeId": "fieldArmor",
            "createdBy": "alden",
            "createdAt": 13513,
            "influenceMaterial": null,
            "masterpiece": false
          }
        },
        {
          "instanceId": "item-33",
          "ownerId": "alden",
          "baseId": "chainArmor",
          "level": 3,
          "material": null,
          "rarity": "uncommon",
          "affixes": [
            {
              "id": "sturdy",
              "tier": 1,
              "value": 1
            }
          ],
          "rolledStats": {
            "attack": 0,
            "defense": 5,
            "critical": 0,
            "penetration": 0,
            "bleed": 0,
            "block": 0,
            "reduction": 0
          },
          "specialTrait": null,
          "provenance": null,
          "craftProvenance": {
            "recipeId": "fieldArmor",
            "createdBy": "alden",
            "createdAt": 13576,
            "influenceMaterial": null,
            "masterpiece": false
          }
        },
        {
          "instanceId": "item-34",
          "ownerId": "alden",
          "baseId": "chainArmor",
          "level": 3,
          "material": null,
          "rarity": "uncommon",
          "affixes": [
            {
              "id": "sturdy",
              "tier": 1,
              "value": 1
            }
          ],
          "rolledStats": {
            "attack": 0,
            "defense": 5,
            "critical": 0,
            "penetration": 0,
            "bleed": 0,
            "block": 0,
            "reduction": 0
          },
          "specialTrait": null,
          "provenance": null,
          "craftProvenance": {
            "recipeId": "fieldArmor",
            "createdBy": "alden",
            "createdAt": 13749,
            "influenceMaterial": null,
            "masterpiece": false
          }
        },
        {
          "instanceId": "item-35",
          "ownerId": "alden",
          "baseId": "chainArmor",
          "level": 3,
          "material": null,
          "rarity": "uncommon",
          "affixes": [
            {
              "id": "sturdy",
              "tier": 1,
              "value": 1
            }
          ],
          "rolledStats": {
            "attack": 0,
            "defense": 5,
            "critical": 0,
            "penetration": 0,
            "bleed": 0,
            "block": 0,
            "reduction": 0
          },
          "specialTrait": null,
          "provenance": null,
          "craftProvenance": {
            "recipeId": "fieldArmor",
            "createdBy": "alden",
            "createdAt": 13812,
            "influenceMaterial": null,
            "masterpiece": false
          }
        },
        {
          "instanceId": "item-36",
          "ownerId": "alden",
          "baseId": "spear",
          "level": 3,
          "material": null,
          "rarity": "uncommon",
          "affixes": [
            {
              "id": "piercing",
              "tier": 1,
              "value": 1
            }
          ],
          "rolledStats": {
            "attack": 5,
            "defense": 0,
            "critical": 0,
            "penetration": 1,
            "bleed": 0,
            "block": 0,
            "reduction": 0
          },
          "specialTrait": null,
          "provenance": null,
          "craftProvenance": {
            "recipeId": "fieldSpear",
            "createdBy": "alden",
            "createdAt": 14920,
            "influenceMaterial": null,
            "masterpiece": false
          }
        },
        {
          "instanceId": "item-37",
          "ownerId": "alden",
          "baseId": "spear",
          "level": 2,
          "material": null,
          "rarity": "uncommon",
          "affixes": [
            {
              "id": "striking",
              "tier": 1,
              "value": 1
            }
          ],
          "rolledStats": {
            "attack": 6,
            "defense": 0,
            "critical": 0,
            "penetration": 0,
            "bleed": 0,
            "block": 0,
            "reduction": 0
          },
          "specialTrait": null,
          "provenance": null,
          "craftProvenance": {
            "recipeId": "starterSpear",
            "createdBy": "alden",
            "createdAt": 15164,
            "influenceMaterial": null,
            "masterpiece": false
          }
        },
        {
          "instanceId": "item-38",
          "ownerId": "alden",
          "baseId": "chainArmor",
          "level": 3,
          "material": null,
          "rarity": "uncommon",
          "affixes": [
            {
              "id": "blocking",
              "tier": 1,
              "value": 4
            }
          ],
          "rolledStats": {
            "attack": 0,
            "defense": 4,
            "critical": 0,
            "penetration": 0,
            "bleed": 0,
            "block": 4,
            "reduction": 0
          },
          "specialTrait": null,
          "provenance": null,
          "craftProvenance": {
            "recipeId": "fieldArmor",
            "createdBy": "alden",
            "createdAt": 15294,
            "influenceMaterial": null,
            "masterpiece": false
          }
        },
        {
          "instanceId": "item-39",
          "ownerId": "alden",
          "baseId": "spear",
          "level": 3,
          "material": null,
          "rarity": "uncommon",
          "affixes": [
            {
              "id": "keen",
              "tier": 1,
              "value": 3
            }
          ],
          "rolledStats": {
            "attack": 5,
            "defense": 0,
            "critical": 3,
            "penetration": 0,
            "bleed": 0,
            "block": 0,
            "reduction": 0
          },
          "specialTrait": null,
          "provenance": null,
          "craftProvenance": {
            "recipeId": "fieldSpear",
            "createdBy": "alden",
            "createdAt": 16372,
            "influenceMaterial": null,
            "masterpiece": false
          }
        },
        {
          "instanceId": "item-40",
          "ownerId": "alden",
          "baseId": "chainArmor",
          "level": 2,
          "material": "wolfHide",
          "rarity": "uncommon",
          "affixes": [
            {
              "id": "blocking",
              "tier": 1,
              "value": 4
            }
          ],
          "rolledStats": {
            "attack": 0,
            "defense": 4,
            "critical": 0,
            "penetration": 0,
            "bleed": 0,
            "block": 4,
            "reduction": 0
          },
          "specialTrait": null,
          "provenance": null,
          "craftProvenance": null
        },
        {
          "instanceId": "item-41",
          "ownerId": "alden",
          "baseId": "chainArmor",
          "level": 3,
          "material": null,
          "rarity": "uncommon",
          "affixes": [
            {
              "id": "blocking",
              "tier": 1,
              "value": 4
            }
          ],
          "rolledStats": {
            "attack": 0,
            "defense": 4,
            "critical": 0,
            "penetration": 0,
            "bleed": 0,
            "block": 4,
            "reduction": 0
          },
          "specialTrait": null,
          "provenance": null,
          "craftProvenance": {
            "recipeId": "fieldArmor",
            "createdBy": "alden",
            "createdAt": 16535,
            "influenceMaterial": null,
            "masterpiece": false
          }
        },
        {
          "instanceId": "item-42",
          "ownerId": "alden",
          "baseId": "chainArmor",
          "level": 3,
          "material": null,
          "rarity": "uncommon",
          "affixes": [
            {
              "id": "sturdy",
              "tier": 1,
              "value": 1
            }
          ],
          "rolledStats": {
            "attack": 0,
            "defense": 5,
            "critical": 0,
            "penetration": 0,
            "bleed": 0,
            "block": 0,
            "reduction": 0
          },
          "specialTrait": null,
          "provenance": null,
          "craftProvenance": {
            "recipeId": "fieldArmor",
            "createdBy": "alden",
            "createdAt": 16653,
            "influenceMaterial": null,
            "masterpiece": false
          }
        },
        {
          "instanceId": "item-43",
          "ownerId": "alden",
          "baseId": "spear",
          "level": 2,
          "material": "wolfFang",
          "rarity": "uncommon",
          "affixes": [
            {
              "id": "bleeding",
              "tier": 1,
              "value": 1
            }
          ],
          "rolledStats": {
            "attack": 5,
            "defense": 0,
            "critical": 0,
            "penetration": 0,
            "bleed": 1,
            "block": 0,
            "reduction": 0
          },
          "specialTrait": null,
          "provenance": null,
          "craftProvenance": {
            "recipeId": "starterSpear",
            "createdBy": "alden",
            "createdAt": 17788,
            "influenceMaterial": "wolfFang",
            "masterpiece": false
          }
        },
        {
          "instanceId": "item-44",
          "ownerId": "alden",
          "baseId": "spear",
          "level": 3,
          "material": null,
          "rarity": "epic",
          "affixes": [
            {
              "id": "piercing",
              "tier": 1,
              "value": 1
            },
            {
              "id": "keen",
              "tier": 1,
              "value": 3
            },
            {
              "id": "bleeding",
              "tier": 1,
              "value": 1
            }
          ],
          "rolledStats": {
            "attack": 5,
            "defense": 0,
            "critical": 3,
            "penetration": 1,
            "bleed": 1,
            "block": 0,
            "reduction": 0
          },
          "specialTrait": null,
          "provenance": null,
          "craftProvenance": {
            "recipeId": "fieldSpear",
            "createdBy": "alden",
            "createdAt": 17894,
            "influenceMaterial": null,
            "masterpiece": false
          }
        },
        {
          "instanceId": "item-45",
          "ownerId": "alden",
          "baseId": "chainArmor",
          "level": 3,
          "material": null,
          "rarity": "uncommon",
          "affixes": [
            {
              "id": "sturdy",
              "tier": 1,
              "value": 1
            }
          ],
          "rolledStats": {
            "attack": 0,
            "defense": 5,
            "critical": 0,
            "penetration": 0,
            "bleed": 0,
            "block": 0,
            "reduction": 0
          },
          "specialTrait": null,
          "provenance": null,
          "craftProvenance": {
            "recipeId": "fieldArmor",
            "createdBy": "alden",
            "createdAt": 18004,
            "influenceMaterial": null,
            "masterpiece": false
          }
        },
        {
          "instanceId": "item-46",
          "ownerId": "alden",
          "baseId": "spear",
          "level": 2,
          "material": null,
          "rarity": "rare",
          "affixes": [
            {
              "id": "striking",
              "tier": 1,
              "value": 1
            },
            {
              "id": "piercing",
              "tier": 1,
              "value": 1
            }
          ],
          "rolledStats": {
            "attack": 6,
            "defense": 0,
            "critical": 0,
            "penetration": 1,
            "bleed": 0,
            "block": 0,
            "reduction": 0
          },
          "specialTrait": null,
          "provenance": null,
          "craftProvenance": {
            "recipeId": "starterSpear",
            "createdBy": "alden",
            "createdAt": 18197,
            "influenceMaterial": null,
            "masterpiece": false
          }
        },
        {
          "instanceId": "item-47",
          "ownerId": "alden",
          "baseId": "spear",
          "level": 2,
          "material": null,
          "rarity": "epic",
          "affixes": [
            {
              "id": "piercing",
              "tier": 1,
              "value": 1
            },
            {
              "id": "bleeding",
              "tier": 1,
              "value": 1
            },
            {
              "id": "keen",
              "tier": 1,
              "value": 3
            }
          ],
          "rolledStats": {
            "attack": 5,
            "defense": 0,
            "critical": 3,
            "penetration": 1,
            "bleed": 1,
            "block": 0,
            "reduction": 0
          },
          "specialTrait": null,
          "provenance": null,
          "craftProvenance": {
            "recipeId": "starterSpear",
            "createdBy": "alden",
            "createdAt": 19207,
            "influenceMaterial": null,
            "masterpiece": false
          }
        },
        {
          "instanceId": "item-48",
          "ownerId": "alden",
          "baseId": "chainArmor",
          "level": 3,
          "material": null,
          "rarity": "uncommon",
          "affixes": [
            {
              "id": "sturdy",
              "tier": 1,
              "value": 1
            }
          ],
          "rolledStats": {
            "attack": 0,
            "defense": 5,
            "critical": 0,
            "penetration": 0,
            "bleed": 0,
            "block": 0,
            "reduction": 0
          },
          "specialTrait": null,
          "provenance": null,
          "craftProvenance": {
            "recipeId": "fieldArmor",
            "createdBy": "alden",
            "createdAt": 19279,
            "influenceMaterial": null,
            "masterpiece": false
          }
        },
        {
          "instanceId": "item-49",
          "ownerId": "alden",
          "baseId": "chainArmor",
          "level": 3,
          "material": null,
          "rarity": "uncommon",
          "affixes": [
            {
              "id": "sturdy",
              "tier": 1,
              "value": 1
            }
          ],
          "rolledStats": {
            "attack": 0,
            "defense": 5,
            "critical": 0,
            "penetration": 0,
            "bleed": 0,
            "block": 0,
            "reduction": 0
          },
          "specialTrait": null,
          "provenance": null,
          "craftProvenance": {
            "recipeId": "fieldArmor",
            "createdBy": "alden",
            "createdAt": 19516,
            "influenceMaterial": null,
            "masterpiece": false
          }
        },
        {
          "instanceId": "item-50",
          "ownerId": "alden",
          "baseId": "spear",
          "level": 2,
          "material": null,
          "rarity": "uncommon",
          "affixes": [
            {
              "id": "piercing",
              "tier": 1,
              "value": 1
            }
          ],
          "rolledStats": {
            "attack": 5,
            "defense": 0,
            "critical": 0,
            "penetration": 1,
            "bleed": 0,
            "block": 0,
            "reduction": 0
          },
          "specialTrait": null,
          "provenance": null,
          "craftProvenance": {
            "recipeId": "starterSpear",
            "createdBy": "alden",
            "createdAt": 19688,
            "influenceMaterial": null,
            "masterpiece": false
          }
        },
        {
          "instanceId": "item-51",
          "ownerId": "alden",
          "baseId": "spear",
          "level": 2,
          "material": null,
          "rarity": "uncommon",
          "affixes": [
            {
              "id": "bleeding",
              "tier": 1,
              "value": 1
            }
          ],
          "rolledStats": {
            "attack": 5,
            "defense": 0,
            "critical": 0,
            "penetration": 0,
            "bleed": 1,
            "block": 0,
            "reduction": 0
          },
          "specialTrait": null,
          "provenance": null,
          "craftProvenance": {
            "recipeId": "starterSpear",
            "createdBy": "alden",
            "createdAt": 20665,
            "influenceMaterial": null,
            "masterpiece": false
          }
        },
        {
          "instanceId": "item-52",
          "ownerId": "alden",
          "baseId": "spear",
          "level": 3,
          "material": null,
          "rarity": "uncommon",
          "affixes": [
            {
              "id": "bleeding",
              "tier": 1,
              "value": 1
            }
          ],
          "rolledStats": {
            "attack": 5,
            "defense": 0,
            "critical": 0,
            "penetration": 0,
            "bleed": 1,
            "block": 0,
            "reduction": 0
          },
          "specialTrait": null,
          "provenance": null,
          "craftProvenance": {
            "recipeId": "fieldSpear",
            "createdBy": "alden",
            "createdAt": 20987,
            "influenceMaterial": null,
            "masterpiece": false
          }
        },
        {
          "instanceId": "item-53",
          "ownerId": "alden",
          "baseId": "spear",
          "level": 3,
          "material": null,
          "rarity": "uncommon",
          "affixes": [
            {
              "id": "piercing",
              "tier": 1,
              "value": 1
            }
          ],
          "rolledStats": {
            "attack": 5,
            "defense": 0,
            "critical": 0,
            "penetration": 1,
            "bleed": 0,
            "block": 0,
            "reduction": 0
          },
          "specialTrait": null,
          "provenance": null,
          "craftProvenance": {
            "recipeId": "fieldSpear",
            "createdBy": "alden",
            "createdAt": 22115,
            "influenceMaterial": null,
            "masterpiece": false
          }
        },
        {
          "instanceId": "item-54",
          "ownerId": "alden",
          "baseId": "chainArmor",
          "level": 3,
          "material": null,
          "rarity": "uncommon",
          "affixes": [
            {
              "id": "blocking",
              "tier": 1,
              "value": 4
            }
          ],
          "rolledStats": {
            "attack": 0,
            "defense": 4,
            "critical": 0,
            "penetration": 0,
            "bleed": 0,
            "block": 4,
            "reduction": 0
          },
          "specialTrait": null,
          "provenance": null,
          "craftProvenance": {
            "recipeId": "fieldArmor",
            "createdBy": "alden",
            "createdAt": 22278,
            "influenceMaterial": null,
            "masterpiece": false
          }
        },
        {
          "instanceId": "item-55",
          "ownerId": "alden",
          "baseId": "spear",
          "level": 2,
          "material": null,
          "rarity": "uncommon",
          "affixes": [
            {
              "id": "keen",
              "tier": 1,
              "value": 3
            }
          ],
          "rolledStats": {
            "attack": 5,
            "defense": 0,
            "critical": 3,
            "penetration": 0,
            "bleed": 0,
            "block": 0,
            "reduction": 0
          },
          "specialTrait": null,
          "provenance": null,
          "craftProvenance": {
            "recipeId": "starterSpear",
            "createdBy": "alden",
            "createdAt": 22505,
            "influenceMaterial": null,
            "masterpiece": false
          }
        },
        {
          "instanceId": "item-56",
          "ownerId": "alden",
          "baseId": "chainArmor",
          "level": 3,
          "material": null,
          "rarity": "uncommon",
          "affixes": [
            {
              "id": "sturdy",
              "tier": 1,
              "value": 1
            }
          ],
          "rolledStats": {
            "attack": 0,
            "defense": 5,
            "critical": 0,
            "penetration": 0,
            "bleed": 0,
            "block": 0,
            "reduction": 0
          },
          "specialTrait": null,
          "provenance": null,
          "craftProvenance": {
            "recipeId": "fieldArmor",
            "createdBy": "alden",
            "createdAt": 22553,
            "influenceMaterial": null,
            "masterpiece": false
          }
        },
        {
          "instanceId": "item-57",
          "ownerId": "alden",
          "baseId": "spear",
          "level": 3,
          "material": null,
          "rarity": "uncommon",
          "affixes": [
            {
              "id": "piercing",
              "tier": 1,
              "value": 1
            }
          ],
          "rolledStats": {
            "attack": 5,
            "defense": 0,
            "critical": 0,
            "penetration": 1,
            "bleed": 0,
            "block": 0,
            "reduction": 0
          },
          "specialTrait": null,
          "provenance": null,
          "craftProvenance": {
            "recipeId": "fieldSpear",
            "createdBy": "alden",
            "createdAt": 23535,
            "influenceMaterial": null,
            "masterpiece": false
          }
        },
        {
          "instanceId": "item-58",
          "ownerId": "alden",
          "baseId": "spear",
          "level": 3,
          "material": null,
          "rarity": "uncommon",
          "affixes": [
            {
              "id": "striking",
              "tier": 1,
              "value": 1
            }
          ],
          "rolledStats": {
            "attack": 6,
            "defense": 0,
            "critical": 0,
            "penetration": 0,
            "bleed": 0,
            "block": 0,
            "reduction": 0
          },
          "specialTrait": null,
          "provenance": null,
          "craftProvenance": {
            "recipeId": "fieldSpear",
            "createdBy": "alden",
            "createdAt": 23786,
            "influenceMaterial": null,
            "masterpiece": false
          }
        },
        {
          "instanceId": "item-59",
          "ownerId": "alden",
          "baseId": "spear",
          "level": 2,
          "material": null,
          "rarity": "uncommon",
          "affixes": [
            {
              "id": "striking",
              "tier": 1,
              "value": 1
            }
          ],
          "rolledStats": {
            "attack": 6,
            "defense": 0,
            "critical": 0,
            "penetration": 0,
            "bleed": 0,
            "block": 0,
            "reduction": 0
          },
          "specialTrait": null,
          "provenance": null,
          "craftProvenance": {
            "recipeId": "starterSpear",
            "createdBy": "alden",
            "createdAt": 23905,
            "influenceMaterial": null,
            "masterpiece": false
          }
        },
        {
          "instanceId": "item-60",
          "ownerId": "alden",
          "baseId": "spear",
          "level": 2,
          "material": null,
          "rarity": "uncommon",
          "affixes": [
            {
              "id": "bleeding",
              "tier": 1,
              "value": 1
            }
          ],
          "rolledStats": {
            "attack": 5,
            "defense": 0,
            "critical": 0,
            "penetration": 0,
            "bleed": 1,
            "block": 0,
            "reduction": 0
          },
          "specialTrait": null,
          "provenance": null,
          "craftProvenance": {
            "recipeId": "starterSpear",
            "createdBy": "alden",
            "createdAt": 25008,
            "influenceMaterial": null,
            "masterpiece": false
          }
        },
        {
          "instanceId": "item-61",
          "ownerId": "alden",
          "baseId": "spear",
          "level": 2,
          "material": "wolfFang",
          "rarity": "uncommon",
          "affixes": [
            {
              "id": "bleeding",
              "tier": 1,
              "value": 1
            }
          ],
          "rolledStats": {
            "attack": 5,
            "defense": 0,
            "critical": 0,
            "penetration": 0,
            "bleed": 1,
            "block": 0,
            "reduction": 0
          },
          "specialTrait": null,
          "provenance": null,
          "craftProvenance": {
            "recipeId": "starterSpear",
            "createdBy": "alden",
            "createdAt": 25081,
            "influenceMaterial": "wolfFang",
            "masterpiece": false
          }
        },
        {
          "instanceId": "item-62",
          "ownerId": "alden",
          "baseId": "chainArmor",
          "level": 3,
          "material": null,
          "rarity": "uncommon",
          "affixes": [
            {
              "id": "blocking",
              "tier": 1,
              "value": 4
            }
          ],
          "rolledStats": {
            "attack": 0,
            "defense": 4,
            "critical": 0,
            "penetration": 0,
            "bleed": 0,
            "block": 4,
            "reduction": 0
          },
          "specialTrait": null,
          "provenance": null,
          "craftProvenance": {
            "recipeId": "fieldArmor",
            "createdBy": "alden",
            "createdAt": 25174,
            "influenceMaterial": null,
            "masterpiece": false
          }
        },
        {
          "instanceId": "item-63",
          "ownerId": "alden",
          "baseId": "chainArmor",
          "level": 3,
          "material": null,
          "rarity": "uncommon",
          "affixes": [
            {
              "id": "blocking",
              "tier": 1,
              "value": 4
            }
          ],
          "rolledStats": {
            "attack": 0,
            "defense": 4,
            "critical": 0,
            "penetration": 0,
            "bleed": 0,
            "block": 4,
            "reduction": 0
          },
          "specialTrait": null,
          "provenance": null,
          "craftProvenance": {
            "recipeId": "fieldArmor",
            "createdBy": "alden",
            "createdAt": 25354,
            "influenceMaterial": null,
            "masterpiece": false
          }
        },
        {
          "instanceId": "item-64",
          "ownerId": "alden",
          "baseId": "spear",
          "level": 2,
          "material": null,
          "rarity": "uncommon",
          "affixes": [
            {
              "id": "piercing",
              "tier": 1,
              "value": 1
            }
          ],
          "rolledStats": {
            "attack": 5,
            "defense": 0,
            "critical": 0,
            "penetration": 1,
            "bleed": 0,
            "block": 0,
            "reduction": 0
          },
          "specialTrait": null,
          "provenance": null,
          "craftProvenance": {
            "recipeId": "starterSpear",
            "createdBy": "alden",
            "createdAt": 26444,
            "influenceMaterial": null,
            "masterpiece": false
          }
        },
        {
          "instanceId": "item-65",
          "ownerId": "alden",
          "baseId": "spear",
          "level": 2,
          "material": null,
          "rarity": "uncommon",
          "affixes": [
            {
              "id": "bleeding",
              "tier": 1,
              "value": 1
            }
          ],
          "rolledStats": {
            "attack": 5,
            "defense": 0,
            "critical": 0,
            "penetration": 0,
            "bleed": 1,
            "block": 0,
            "reduction": 0
          },
          "specialTrait": null,
          "provenance": null,
          "craftProvenance": {
            "recipeId": "starterSpear",
            "createdBy": "alden",
            "createdAt": 26547,
            "influenceMaterial": null,
            "masterpiece": false
          }
        },
        {
          "instanceId": "item-66",
          "ownerId": "alden",
          "baseId": "spear",
          "level": 3,
          "material": null,
          "rarity": "rare",
          "affixes": [
            {
              "id": "keen",
              "tier": 1,
              "value": 3
            },
            {
              "id": "bleeding",
              "tier": 1,
              "value": 1
            }
          ],
          "rolledStats": {
            "attack": 5,
            "defense": 0,
            "critical": 3,
            "penetration": 0,
            "bleed": 1,
            "block": 0,
            "reduction": 0
          },
          "specialTrait": null,
          "provenance": null,
          "craftProvenance": {
            "recipeId": "fieldSpear",
            "createdBy": "alden",
            "createdAt": 26782,
            "influenceMaterial": null,
            "masterpiece": false
          }
        },
        {
          "instanceId": "item-67",
          "ownerId": "alden",
          "baseId": "hideArmor",
          "level": 2,
          "material": "wolfHide",
          "rarity": "common",
          "affixes": [],
          "rolledStats": {
            "attack": 0,
            "defense": 2,
            "critical": 0,
            "penetration": 0,
            "bleed": 0,
            "block": 0,
            "reduction": 0
          },
          "specialTrait": null,
          "provenance": null,
          "craftProvenance": null
        },
        {
          "instanceId": "item-68",
          "ownerId": "alden",
          "baseId": "spear",
          "level": 2,
          "material": "wolfFang",
          "rarity": "uncommon",
          "affixes": [
            {
              "id": "piercing",
              "tier": 1,
              "value": 1
            }
          ],
          "rolledStats": {
            "attack": 5,
            "defense": 0,
            "critical": 0,
            "penetration": 1,
            "bleed": 0,
            "block": 0,
            "reduction": 0
          },
          "specialTrait": null,
          "provenance": null,
          "craftProvenance": {
            "recipeId": "starterSpear",
            "createdBy": "alden",
            "createdAt": 27944,
            "influenceMaterial": "wolfFang",
            "masterpiece": false
          }
        },
        {
          "instanceId": "item-69",
          "ownerId": "alden",
          "baseId": "chainArmor",
          "level": 3,
          "material": null,
          "rarity": "uncommon",
          "affixes": [
            {
              "id": "blocking",
              "tier": 1,
              "value": 4
            }
          ],
          "rolledStats": {
            "attack": 0,
            "defense": 4,
            "critical": 0,
            "penetration": 0,
            "bleed": 0,
            "block": 4,
            "reduction": 0
          },
          "specialTrait": null,
          "provenance": null,
          "craftProvenance": {
            "recipeId": "fieldArmor",
            "createdBy": "alden",
            "createdAt": 28036,
            "influenceMaterial": null,
            "masterpiece": false
          }
        },
        {
          "instanceId": "item-70",
          "ownerId": "alden",
          "baseId": "chainArmor",
          "level": 3,
          "material": null,
          "rarity": "uncommon",
          "affixes": [
            {
              "id": "blocking",
              "tier": 1,
              "value": 4
            }
          ],
          "rolledStats": {
            "attack": 0,
            "defense": 4,
            "critical": 0,
            "penetration": 0,
            "bleed": 0,
            "block": 4,
            "reduction": 0
          },
          "specialTrait": null,
          "provenance": null,
          "craftProvenance": {
            "recipeId": "fieldArmor",
            "createdBy": "alden",
            "createdAt": 28215,
            "influenceMaterial": null,
            "masterpiece": false
          }
        },
        {
          "instanceId": "item-71",
          "ownerId": "alden",
          "baseId": "spear",
          "level": 2,
          "material": null,
          "rarity": "uncommon",
          "affixes": [
            {
              "id": "striking",
              "tier": 1,
              "value": 1
            }
          ],
          "rolledStats": {
            "attack": 6,
            "defense": 0,
            "critical": 0,
            "penetration": 0,
            "bleed": 0,
            "block": 0,
            "reduction": 0
          },
          "specialTrait": null,
          "provenance": null,
          "craftProvenance": {
            "recipeId": "starterSpear",
            "createdBy": "alden",
            "createdAt": 28385,
            "influenceMaterial": null,
            "masterpiece": false
          }
        },
        {
          "instanceId": "item-72",
          "ownerId": "alden",
          "baseId": "spear",
          "level": 3,
          "material": null,
          "rarity": "uncommon",
          "affixes": [
            {
              "id": "striking",
              "tier": 1,
              "value": 1
            }
          ],
          "rolledStats": {
            "attack": 6,
            "defense": 0,
            "critical": 0,
            "penetration": 0,
            "bleed": 0,
            "block": 0,
            "reduction": 0
          },
          "specialTrait": null,
          "provenance": null,
          "craftProvenance": {
            "recipeId": "fieldSpear",
            "createdBy": "alden",
            "createdAt": 29361,
            "influenceMaterial": null,
            "masterpiece": false
          }
        },
        {
          "instanceId": "item-73",
          "ownerId": "alden",
          "baseId": "spear",
          "level": 3,
          "material": null,
          "rarity": "uncommon",
          "affixes": [
            {
              "id": "striking",
              "tier": 1,
              "value": 1
            }
          ],
          "rolledStats": {
            "attack": 6,
            "defense": 0,
            "critical": 0,
            "penetration": 0,
            "bleed": 0,
            "block": 0,
            "reduction": 0
          },
          "specialTrait": null,
          "provenance": null,
          "craftProvenance": {
            "recipeId": "fieldSpear",
            "createdBy": "alden",
            "createdAt": 29717,
            "influenceMaterial": null,
            "masterpiece": false
          }
        },
        {
          "instanceId": "item-74",
          "ownerId": "alden",
          "baseId": "spear",
          "level": 3,
          "material": null,
          "rarity": "epic",
          "affixes": [
            {
              "id": "piercing",
              "tier": 1,
              "value": 1
            },
            {
              "id": "bleeding",
              "tier": 1,
              "value": 1
            },
            {
              "id": "striking",
              "tier": 1,
              "value": 1
            }
          ],
          "rolledStats": {
            "attack": 6,
            "defense": 0,
            "critical": 0,
            "penetration": 1,
            "bleed": 1,
            "block": 0,
            "reduction": 0
          },
          "specialTrait": null,
          "provenance": null,
          "craftProvenance": {
            "recipeId": "fieldSpear",
            "createdBy": "alden",
            "createdAt": 29835,
            "influenceMaterial": null,
            "masterpiece": false
          }
        },
        {
          "instanceId": "item-75",
          "ownerId": "alden",
          "baseId": "spear",
          "level": 2,
          "material": null,
          "rarity": "uncommon",
          "affixes": [
            {
              "id": "bleeding",
              "tier": 1,
              "value": 1
            }
          ],
          "rolledStats": {
            "attack": 5,
            "defense": 0,
            "critical": 0,
            "penetration": 0,
            "bleed": 1,
            "block": 0,
            "reduction": 0
          },
          "specialTrait": null,
          "provenance": null,
          "craftProvenance": {
            "recipeId": "starterSpear",
            "createdBy": "alden",
            "createdAt": 30748,
            "influenceMaterial": null,
            "masterpiece": false
          }
        },
        {
          "instanceId": "item-76",
          "ownerId": "alden",
          "baseId": "spear",
          "level": 2,
          "material": null,
          "rarity": "uncommon",
          "affixes": [
            {
              "id": "striking",
              "tier": 1,
              "value": 1
            }
          ],
          "rolledStats": {
            "attack": 6,
            "defense": 0,
            "critical": 0,
            "penetration": 0,
            "bleed": 0,
            "block": 0,
            "reduction": 0
          },
          "specialTrait": null,
          "provenance": null,
          "craftProvenance": {
            "recipeId": "starterSpear",
            "createdBy": "alden",
            "createdAt": 30851,
            "influenceMaterial": null,
            "masterpiece": false
          }
        },
        {
          "instanceId": "item-77",
          "ownerId": "alden",
          "baseId": "chainArmor",
          "level": 3,
          "material": "wolfHide",
          "rarity": "uncommon",
          "affixes": [
            {
              "id": "sturdy",
              "tier": 1,
              "value": 1
            }
          ],
          "rolledStats": {
            "attack": 0,
            "defense": 5,
            "critical": 0,
            "penetration": 0,
            "bleed": 0,
            "block": 0,
            "reduction": 0
          },
          "specialTrait": null,
          "provenance": null,
          "craftProvenance": {
            "recipeId": "fieldArmor",
            "createdBy": "alden",
            "createdAt": 30999,
            "influenceMaterial": "wolfHide",
            "masterpiece": false
          }
        },
        {
          "instanceId": "item-78",
          "ownerId": "alden",
          "baseId": "chainArmor",
          "level": 3,
          "material": null,
          "rarity": "uncommon",
          "affixes": [
            {
              "id": "warding",
              "tier": 1,
              "value": 3
            }
          ],
          "rolledStats": {
            "attack": 0,
            "defense": 4,
            "critical": 0,
            "penetration": 0,
            "bleed": 0,
            "block": 0,
            "reduction": 3
          },
          "specialTrait": null,
          "provenance": null,
          "craftProvenance": {
            "recipeId": "fieldArmor",
            "createdBy": "alden",
            "createdAt": 31143,
            "influenceMaterial": null,
            "masterpiece": false
          }
        },
        {
          "instanceId": "item-79",
          "ownerId": "alden",
          "baseId": "spear",
          "level": 3,
          "material": "wolfFang",
          "rarity": "uncommon",
          "affixes": [
            {
              "id": "bleeding",
              "tier": 1,
              "value": 1
            }
          ],
          "rolledStats": {
            "attack": 5,
            "defense": 0,
            "critical": 0,
            "penetration": 0,
            "bleed": 1,
            "block": 0,
            "reduction": 0
          },
          "specialTrait": null,
          "provenance": null,
          "craftProvenance": {
            "recipeId": "fieldSpear",
            "createdBy": "alden",
            "createdAt": 32170,
            "influenceMaterial": "wolfFang",
            "masterpiece": false
          }
        },
        {
          "instanceId": "item-80",
          "ownerId": "alden",
          "baseId": "spear",
          "level": 3,
          "material": null,
          "rarity": "uncommon",
          "affixes": [
            {
              "id": "piercing",
              "tier": 1,
              "value": 1
            }
          ],
          "rolledStats": {
            "attack": 5,
            "defense": 0,
            "critical": 0,
            "penetration": 1,
            "bleed": 0,
            "block": 0,
            "reduction": 0
          },
          "specialTrait": null,
          "provenance": null,
          "craftProvenance": {
            "recipeId": "fieldSpear",
            "createdBy": "alden",
            "createdAt": 32300,
            "influenceMaterial": null,
            "masterpiece": false
          }
        },
        {
          "instanceId": "item-81",
          "ownerId": "alden",
          "baseId": "spear",
          "level": 3,
          "material": null,
          "rarity": "rare",
          "affixes": [
            {
              "id": "piercing",
              "tier": 1,
              "value": 1
            },
            {
              "id": "bleeding",
              "tier": 1,
              "value": 1
            }
          ],
          "rolledStats": {
            "attack": 5,
            "defense": 0,
            "critical": 0,
            "penetration": 1,
            "bleed": 1,
            "block": 0,
            "reduction": 0
          },
          "specialTrait": null,
          "provenance": null,
          "craftProvenance": {
            "recipeId": "fieldSpear",
            "createdBy": "alden",
            "createdAt": 32538,
            "influenceMaterial": null,
            "masterpiece": false
          }
        },
        {
          "instanceId": "item-82",
          "ownerId": "alden",
          "baseId": "spear",
          "level": 2,
          "material": "wolfFang",
          "rarity": "uncommon",
          "affixes": [
            {
              "id": "keen",
              "tier": 1,
              "value": 3
            }
          ],
          "rolledStats": {
            "attack": 5,
            "defense": 0,
            "critical": 3,
            "penetration": 0,
            "bleed": 0,
            "block": 0,
            "reduction": 0
          },
          "specialTrait": null,
          "provenance": null,
          "craftProvenance": null
        },
        {
          "instanceId": "item-83",
          "ownerId": "alden",
          "baseId": "spear",
          "level": 2,
          "material": "wolfFang",
          "rarity": "uncommon",
          "affixes": [
            {
              "id": "piercing",
              "tier": 1,
              "value": 1
            }
          ],
          "rolledStats": {
            "attack": 5,
            "defense": 0,
            "critical": 0,
            "penetration": 1,
            "bleed": 0,
            "block": 0,
            "reduction": 0
          },
          "specialTrait": null,
          "provenance": null,
          "craftProvenance": {
            "recipeId": "starterSpear",
            "createdBy": "alden",
            "createdAt": 33642,
            "influenceMaterial": "wolfFang",
            "masterpiece": false
          }
        },
        {
          "instanceId": "item-84",
          "ownerId": "alden",
          "baseId": "chainArmor",
          "level": 3,
          "material": null,
          "rarity": "uncommon",
          "affixes": [
            {
              "id": "blocking",
              "tier": 1,
              "value": 4
            }
          ],
          "rolledStats": {
            "attack": 0,
            "defense": 4,
            "critical": 0,
            "penetration": 0,
            "bleed": 0,
            "block": 4,
            "reduction": 0
          },
          "specialTrait": null,
          "provenance": null,
          "craftProvenance": {
            "recipeId": "fieldArmor",
            "createdBy": "alden",
            "createdAt": 33733,
            "influenceMaterial": null,
            "masterpiece": false
          }
        },
        {
          "instanceId": "item-85",
          "ownerId": "alden",
          "baseId": "spear",
          "level": 3,
          "material": null,
          "rarity": "uncommon",
          "affixes": [
            {
              "id": "piercing",
              "tier": 1,
              "value": 1
            }
          ],
          "rolledStats": {
            "attack": 5,
            "defense": 0,
            "critical": 0,
            "penetration": 1,
            "bleed": 0,
            "block": 0,
            "reduction": 0
          },
          "specialTrait": null,
          "provenance": null,
          "craftProvenance": {
            "recipeId": "fieldSpear",
            "createdBy": "alden",
            "createdAt": 33914,
            "influenceMaterial": null,
            "masterpiece": false
          }
        },
        {
          "instanceId": "item-86",
          "ownerId": "alden",
          "baseId": "spear",
          "level": 2,
          "material": null,
          "rarity": "uncommon",
          "affixes": [
            {
              "id": "keen",
              "tier": 1,
              "value": 3
            }
          ],
          "rolledStats": {
            "attack": 5,
            "defense": 0,
            "critical": 3,
            "penetration": 0,
            "bleed": 0,
            "block": 0,
            "reduction": 0
          },
          "specialTrait": null,
          "provenance": null,
          "craftProvenance": {
            "recipeId": "starterSpear",
            "createdBy": "alden",
            "createdAt": 34031,
            "influenceMaterial": null,
            "masterpiece": false
          }
        },
        {
          "instanceId": "item-87",
          "ownerId": "alden",
          "baseId": "spear",
          "level": 3,
          "material": null,
          "rarity": "uncommon",
          "affixes": [
            {
              "id": "bleeding",
              "tier": 1,
              "value": 1
            }
          ],
          "rolledStats": {
            "attack": 5,
            "defense": 0,
            "critical": 0,
            "penetration": 0,
            "bleed": 1,
            "block": 0,
            "reduction": 0
          },
          "specialTrait": null,
          "provenance": null,
          "craftProvenance": {
            "recipeId": "fieldSpear",
            "createdBy": "alden",
            "createdAt": 35084,
            "influenceMaterial": null,
            "masterpiece": false
          }
        },
        {
          "instanceId": "item-88",
          "ownerId": "alden",
          "baseId": "spear",
          "level": 2,
          "material": null,
          "rarity": "uncommon",
          "affixes": [
            {
              "id": "striking",
              "tier": 1,
              "value": 1
            }
          ],
          "rolledStats": {
            "attack": 6,
            "defense": 0,
            "critical": 0,
            "penetration": 0,
            "bleed": 0,
            "block": 0,
            "reduction": 0
          },
          "specialTrait": null,
          "provenance": null,
          "craftProvenance": {
            "recipeId": "starterSpear",
            "createdBy": "alden",
            "createdAt": 35147,
            "influenceMaterial": null,
            "masterpiece": false
          }
        },
        {
          "instanceId": "item-89",
          "ownerId": "alden",
          "baseId": "spear",
          "level": 3,
          "material": null,
          "rarity": "uncommon",
          "affixes": [
            {
              "id": "piercing",
              "tier": 1,
              "value": 1
            }
          ],
          "rolledStats": {
            "attack": 5,
            "defense": 0,
            "critical": 0,
            "penetration": 1,
            "bleed": 0,
            "block": 0,
            "reduction": 0
          },
          "specialTrait": null,
          "provenance": null,
          "craftProvenance": {
            "recipeId": "fieldSpear",
            "createdBy": "alden",
            "createdAt": 35366,
            "influenceMaterial": null,
            "masterpiece": false
          }
        },
        {
          "instanceId": "item-90",
          "ownerId": "alden",
          "baseId": "spear",
          "level": 2,
          "material": null,
          "rarity": "uncommon",
          "affixes": [
            {
              "id": "bleeding",
              "tier": 1,
              "value": 1
            }
          ],
          "rolledStats": {
            "attack": 5,
            "defense": 0,
            "critical": 0,
            "penetration": 0,
            "bleed": 1,
            "block": 0,
            "reduction": 0
          },
          "specialTrait": null,
          "provenance": null,
          "craftProvenance": {
            "recipeId": "starterSpear",
            "createdBy": "alden",
            "createdAt": 35504,
            "influenceMaterial": null,
            "masterpiece": false
          }
        },
        {
          "instanceId": "item-91",
          "ownerId": "alden",
          "baseId": "spear",
          "level": 2,
          "material": "wolfFang",
          "rarity": "uncommon",
          "affixes": [
            {
              "id": "bleeding",
              "tier": 1,
              "value": 1
            }
          ],
          "rolledStats": {
            "attack": 5,
            "defense": 0,
            "critical": 0,
            "penetration": 0,
            "bleed": 1,
            "block": 0,
            "reduction": 0
          },
          "specialTrait": null,
          "provenance": null,
          "craftProvenance": {
            "recipeId": "starterSpear",
            "createdBy": "alden",
            "createdAt": 36512,
            "influenceMaterial": "wolfFang",
            "masterpiece": false
          }
        },
        {
          "instanceId": "item-92",
          "ownerId": "alden",
          "baseId": "spear",
          "level": 3,
          "material": null,
          "rarity": "uncommon",
          "affixes": [
            {
              "id": "striking",
              "tier": 1,
              "value": 1
            }
          ],
          "rolledStats": {
            "attack": 6,
            "defense": 0,
            "critical": 0,
            "penetration": 0,
            "bleed": 0,
            "block": 0,
            "reduction": 0
          },
          "specialTrait": null,
          "provenance": null,
          "craftProvenance": {
            "recipeId": "fieldSpear",
            "createdBy": "alden",
            "createdAt": 36612,
            "influenceMaterial": null,
            "masterpiece": false
          }
        },
        {
          "instanceId": "item-93",
          "ownerId": "alden",
          "baseId": "chainArmor",
          "level": 3,
          "material": null,
          "rarity": "uncommon",
          "affixes": [
            {
              "id": "sturdy",
              "tier": 1,
              "value": 1
            }
          ],
          "rolledStats": {
            "attack": 0,
            "defense": 5,
            "critical": 0,
            "penetration": 0,
            "bleed": 0,
            "block": 0,
            "reduction": 0
          },
          "specialTrait": null,
          "provenance": null,
          "craftProvenance": {
            "recipeId": "fieldArmor",
            "createdBy": "alden",
            "createdAt": 36719,
            "influenceMaterial": null,
            "masterpiece": false
          }
        },
        {
          "instanceId": "item-94",
          "ownerId": "alden",
          "baseId": "spear",
          "level": 2,
          "material": null,
          "rarity": "uncommon",
          "affixes": [
            {
              "id": "striking",
              "tier": 1,
              "value": 1
            }
          ],
          "rolledStats": {
            "attack": 6,
            "defense": 0,
            "critical": 0,
            "penetration": 0,
            "bleed": 0,
            "block": 0,
            "reduction": 0
          },
          "specialTrait": null,
          "provenance": null,
          "craftProvenance": {
            "recipeId": "starterSpear",
            "createdBy": "alden",
            "createdAt": 37050,
            "influenceMaterial": null,
            "masterpiece": false
          }
        },
        {
          "instanceId": "item-95",
          "ownerId": "alden",
          "baseId": "spear",
          "level": 3,
          "material": null,
          "rarity": "rare",
          "affixes": [
            {
              "id": "keen",
              "tier": 1,
              "value": 3
            },
            {
              "id": "bleeding",
              "tier": 1,
              "value": 1
            }
          ],
          "rolledStats": {
            "attack": 5,
            "defense": 0,
            "critical": 3,
            "penetration": 0,
            "bleed": 1,
            "block": 0,
            "reduction": 0
          },
          "specialTrait": null,
          "provenance": null,
          "craftProvenance": {
            "recipeId": "fieldSpear",
            "createdBy": "alden",
            "createdAt": 37972,
            "influenceMaterial": null,
            "masterpiece": false
          }
        },
        {
          "instanceId": "item-96",
          "ownerId": "alden",
          "baseId": "chainArmor",
          "level": 3,
          "material": null,
          "rarity": "uncommon",
          "affixes": [
            {
              "id": "warding",
              "tier": 1,
              "value": 3
            }
          ],
          "rolledStats": {
            "attack": 0,
            "defense": 4,
            "critical": 0,
            "penetration": 0,
            "bleed": 0,
            "block": 0,
            "reduction": 3
          },
          "specialTrait": null,
          "provenance": null,
          "craftProvenance": {
            "recipeId": "fieldArmor",
            "createdBy": "alden",
            "createdAt": 38186,
            "influenceMaterial": null,
            "masterpiece": false
          }
        },
        {
          "instanceId": "item-97",
          "ownerId": "alden",
          "baseId": "spear",
          "level": 2,
          "material": null,
          "rarity": "uncommon",
          "affixes": [
            {
              "id": "keen",
              "tier": 1,
              "value": 3
            }
          ],
          "rolledStats": {
            "attack": 5,
            "defense": 0,
            "critical": 3,
            "penetration": 0,
            "bleed": 0,
            "block": 0,
            "reduction": 0
          },
          "specialTrait": null,
          "provenance": null,
          "craftProvenance": {
            "recipeId": "starterSpear",
            "createdBy": "alden",
            "createdAt": 38389,
            "influenceMaterial": null,
            "masterpiece": false
          }
        },
        {
          "instanceId": "item-98",
          "ownerId": "alden",
          "baseId": "chainArmor",
          "level": 2,
          "material": "wolfHide",
          "rarity": "uncommon",
          "affixes": [
            {
              "id": "sturdy",
              "tier": 1,
              "value": 1
            }
          ],
          "rolledStats": {
            "attack": 0,
            "defense": 5,
            "critical": 0,
            "penetration": 0,
            "bleed": 0,
            "block": 0,
            "reduction": 0
          },
          "specialTrait": null,
          "provenance": null,
          "craftProvenance": null
        },
        {
          "instanceId": "item-99",
          "ownerId": "alden",
          "baseId": "spear",
          "level": 3,
          "material": "wolfFang",
          "rarity": "uncommon",
          "affixes": [
            {
              "id": "piercing",
              "tier": 1,
              "value": 1
            }
          ],
          "rolledStats": {
            "attack": 5,
            "defense": 0,
            "critical": 0,
            "penetration": 1,
            "bleed": 0,
            "block": 0,
            "reduction": 0
          },
          "specialTrait": null,
          "provenance": null,
          "craftProvenance": {
            "recipeId": "fieldSpear",
            "createdBy": "alden",
            "createdAt": 39394,
            "influenceMaterial": "wolfFang",
            "masterpiece": false
          }
        },
        {
          "instanceId": "item-100",
          "ownerId": "alden",
          "baseId": "chainArmor",
          "level": 3,
          "material": null,
          "rarity": "uncommon",
          "affixes": [
            {
              "id": "blocking",
              "tier": 1,
              "value": 4
            }
          ],
          "rolledStats": {
            "attack": 0,
            "defense": 4,
            "critical": 0,
            "penetration": 0,
            "bleed": 0,
            "block": 4,
            "reduction": 0
          },
          "specialTrait": null,
          "provenance": null,
          "craftProvenance": {
            "recipeId": "fieldArmor",
            "createdBy": "alden",
            "createdAt": 39499,
            "influenceMaterial": null,
            "masterpiece": false
          }
        },
        {
          "instanceId": "item-101",
          "ownerId": "alden",
          "baseId": "spear",
          "level": 3,
          "material": null,
          "rarity": "uncommon",
          "affixes": [
            {
              "id": "bleeding",
              "tier": 1,
              "value": 1
            }
          ],
          "rolledStats": {
            "attack": 5,
            "defense": 0,
            "critical": 0,
            "penetration": 0,
            "bleed": 1,
            "block": 0,
            "reduction": 0
          },
          "specialTrait": null,
          "provenance": null,
          "craftProvenance": {
            "recipeId": "fieldSpear",
            "createdBy": "alden",
            "createdAt": 39688,
            "influenceMaterial": null,
            "masterpiece": false
          }
        },
        {
          "instanceId": "item-102",
          "ownerId": "alden",
          "baseId": "spear",
          "level": 2,
          "material": null,
          "rarity": "uncommon",
          "affixes": [
            {
              "id": "keen",
              "tier": 1,
              "value": 3
            }
          ],
          "rolledStats": {
            "attack": 5,
            "defense": 0,
            "critical": 3,
            "penetration": 0,
            "bleed": 0,
            "block": 0,
            "reduction": 0
          },
          "specialTrait": null,
          "provenance": null,
          "craftProvenance": {
            "recipeId": "starterSpear",
            "createdBy": "alden",
            "createdAt": 39804,
            "influenceMaterial": null,
            "masterpiece": false
          }
        },
        {
          "instanceId": "item-103",
          "ownerId": "alden",
          "baseId": "spear",
          "level": 3,
          "material": null,
          "rarity": "epic",
          "affixes": [
            {
              "id": "piercing",
              "tier": 1,
              "value": 1
            },
            {
              "id": "bleeding",
              "tier": 1,
              "value": 1
            },
            {
              "id": "striking",
              "tier": 1,
              "value": 1
            }
          ],
          "rolledStats": {
            "attack": 6,
            "defense": 0,
            "critical": 0,
            "penetration": 1,
            "bleed": 1,
            "block": 0,
            "reduction": 0
          },
          "specialTrait": null,
          "provenance": null,
          "craftProvenance": {
            "recipeId": "fieldSpear",
            "createdBy": "alden",
            "createdAt": 40830,
            "influenceMaterial": null,
            "masterpiece": false
          }
        },
        {
          "instanceId": "item-104",
          "ownerId": "alden",
          "baseId": "chainArmor",
          "level": 3,
          "material": null,
          "rarity": "uncommon",
          "affixes": [
            {
              "id": "warding",
              "tier": 1,
              "value": 3
            }
          ],
          "rolledStats": {
            "attack": 0,
            "defense": 4,
            "critical": 0,
            "penetration": 0,
            "bleed": 0,
            "block": 0,
            "reduction": 3
          },
          "specialTrait": null,
          "provenance": null,
          "craftProvenance": {
            "recipeId": "fieldArmor",
            "createdBy": "alden",
            "createdAt": 42280,
            "influenceMaterial": null,
            "masterpiece": false
          }
        },
        {
          "instanceId": "item-105",
          "ownerId": "alden",
          "baseId": "spear",
          "level": 2,
          "material": null,
          "rarity": "rare",
          "affixes": [
            {
              "id": "bleeding",
              "tier": 1,
              "value": 1
            },
            {
              "id": "keen",
              "tier": 1,
              "value": 3
            }
          ],
          "rolledStats": {
            "attack": 5,
            "defense": 0,
            "critical": 3,
            "penetration": 0,
            "bleed": 1,
            "block": 0,
            "reduction": 0
          },
          "specialTrait": null,
          "provenance": null,
          "craftProvenance": {
            "recipeId": "starterSpear",
            "createdBy": "alden",
            "createdAt": 42513,
            "influenceMaterial": null,
            "masterpiece": false
          }
        },
        {
          "instanceId": "item-106",
          "ownerId": "alden",
          "baseId": "spear",
          "level": 3,
          "material": null,
          "rarity": "uncommon",
          "affixes": [
            {
              "id": "keen",
              "tier": 1,
              "value": 3
            }
          ],
          "rolledStats": {
            "attack": 5,
            "defense": 0,
            "critical": 3,
            "penetration": 0,
            "bleed": 0,
            "block": 0,
            "reduction": 0
          },
          "specialTrait": null,
          "provenance": null,
          "craftProvenance": {
            "recipeId": "fieldSpear",
            "createdBy": "alden",
            "createdAt": 42689,
            "influenceMaterial": null,
            "masterpiece": false
          }
        },
        {
          "instanceId": "item-107",
          "ownerId": "alden",
          "baseId": "chainArmor",
          "level": 3,
          "material": "wolfHide",
          "rarity": "uncommon",
          "affixes": [
            {
              "id": "sturdy",
              "tier": 1,
              "value": 1
            }
          ],
          "rolledStats": {
            "attack": 0,
            "defense": 5,
            "critical": 0,
            "penetration": 0,
            "bleed": 0,
            "block": 0,
            "reduction": 0
          },
          "specialTrait": null,
          "provenance": null,
          "craftProvenance": {
            "recipeId": "fieldArmor",
            "createdBy": "alden",
            "createdAt": 45158,
            "influenceMaterial": "wolfHide",
            "masterpiece": false
          }
        },
        {
          "instanceId": "item-108",
          "ownerId": "alden",
          "baseId": "spear",
          "level": 2,
          "material": "wolfFang",
          "rarity": "uncommon",
          "affixes": [
            {
              "id": "bleeding",
              "tier": 1,
              "value": 1
            }
          ],
          "rolledStats": {
            "attack": 5,
            "defense": 0,
            "critical": 0,
            "penetration": 0,
            "bleed": 1,
            "block": 0,
            "reduction": 0
          },
          "specialTrait": null,
          "provenance": null,
          "craftProvenance": {
            "recipeId": "starterSpear",
            "createdBy": "alden",
            "createdAt": 45221,
            "influenceMaterial": "wolfFang",
            "masterpiece": false
          }
        },
        {
          "instanceId": "item-109",
          "ownerId": "alden",
          "baseId": "spear",
          "level": 3,
          "material": null,
          "rarity": "uncommon",
          "affixes": [
            {
              "id": "bleeding",
              "tier": 1,
              "value": 1
            }
          ],
          "rolledStats": {
            "attack": 5,
            "defense": 0,
            "critical": 0,
            "penetration": 0,
            "bleed": 1,
            "block": 0,
            "reduction": 0
          },
          "specialTrait": null,
          "provenance": null,
          "craftProvenance": {
            "recipeId": "fieldSpear",
            "createdBy": "alden",
            "createdAt": 45551,
            "influenceMaterial": null,
            "masterpiece": false
          }
        },
        {
          "instanceId": "item-110",
          "ownerId": "alden",
          "baseId": "spear",
          "level": 2,
          "material": null,
          "rarity": "uncommon",
          "affixes": [
            {
              "id": "bleeding",
              "tier": 1,
              "value": 1
            }
          ],
          "rolledStats": {
            "attack": 5,
            "defense": 0,
            "critical": 0,
            "penetration": 0,
            "bleed": 1,
            "block": 0,
            "reduction": 0
          },
          "specialTrait": null,
          "provenance": null,
          "craftProvenance": {
            "recipeId": "starterSpear",
            "createdBy": "alden",
            "createdAt": 45669,
            "influenceMaterial": null,
            "masterpiece": false
          }
        },
        {
          "instanceId": "item-111",
          "ownerId": "alden",
          "baseId": "spear",
          "level": 3,
          "material": null,
          "rarity": "uncommon",
          "affixes": [
            {
              "id": "bleeding",
              "tier": 1,
              "value": 1
            }
          ],
          "rolledStats": {
            "attack": 5,
            "defense": 0,
            "critical": 0,
            "penetration": 0,
            "bleed": 1,
            "block": 0,
            "reduction": 0
          },
          "specialTrait": null,
          "provenance": null,
          "craftProvenance": {
            "recipeId": "fieldSpear",
            "createdBy": "alden",
            "createdAt": 46572,
            "influenceMaterial": null,
            "masterpiece": false
          }
        },
        {
          "instanceId": "item-112",
          "ownerId": "alden",
          "baseId": "spear",
          "level": 2,
          "material": null,
          "rarity": "uncommon",
          "affixes": [
            {
              "id": "bleeding",
              "tier": 1,
              "value": 1
            }
          ],
          "rolledStats": {
            "attack": 5,
            "defense": 0,
            "critical": 0,
            "penetration": 0,
            "bleed": 1,
            "block": 0,
            "reduction": 0
          },
          "specialTrait": null,
          "provenance": null,
          "craftProvenance": {
            "recipeId": "starterSpear",
            "createdBy": "alden",
            "createdAt": 46688,
            "influenceMaterial": null,
            "masterpiece": false
          }
        },
        {
          "instanceId": "item-113",
          "ownerId": "alden",
          "baseId": "spear",
          "level": 3,
          "material": null,
          "rarity": "uncommon",
          "affixes": [
            {
              "id": "keen",
              "tier": 1,
              "value": 3
            }
          ],
          "rolledStats": {
            "attack": 5,
            "defense": 0,
            "critical": 3,
            "penetration": 0,
            "bleed": 0,
            "block": 0,
            "reduction": 0
          },
          "specialTrait": null,
          "provenance": null,
          "craftProvenance": {
            "recipeId": "fieldSpear",
            "createdBy": "alden",
            "createdAt": 46933,
            "influenceMaterial": null,
            "masterpiece": false
          }
        },
        {
          "instanceId": "item-114",
          "ownerId": "alden",
          "baseId": "chainArmor",
          "level": 3,
          "material": null,
          "rarity": "uncommon",
          "affixes": [
            {
              "id": "warding",
              "tier": 1,
              "value": 3
            }
          ],
          "rolledStats": {
            "attack": 0,
            "defense": 4,
            "critical": 0,
            "penetration": 0,
            "bleed": 0,
            "block": 0,
            "reduction": 3
          },
          "specialTrait": null,
          "provenance": null,
          "craftProvenance": {
            "recipeId": "fieldArmor",
            "createdBy": "alden",
            "createdAt": 48043,
            "influenceMaterial": null,
            "masterpiece": false
          }
        },
        {
          "instanceId": "item-115",
          "ownerId": "alden",
          "baseId": "chainArmor",
          "level": 3,
          "material": null,
          "rarity": "uncommon",
          "affixes": [
            {
              "id": "blocking",
              "tier": 1,
              "value": 4
            }
          ],
          "rolledStats": {
            "attack": 0,
            "defense": 4,
            "critical": 0,
            "penetration": 0,
            "bleed": 0,
            "block": 4,
            "reduction": 0
          },
          "specialTrait": null,
          "provenance": null,
          "craftProvenance": {
            "recipeId": "fieldArmor",
            "createdBy": "alden",
            "createdAt": 48382,
            "influenceMaterial": null,
            "masterpiece": false
          }
        },
        {
          "instanceId": "item-116",
          "ownerId": "alden",
          "baseId": "chainArmor",
          "level": 3,
          "material": null,
          "rarity": "rare",
          "affixes": [
            {
              "id": "blocking",
              "tier": 1,
              "value": 4
            },
            {
              "id": "sturdy",
              "tier": 1,
              "value": 1
            }
          ],
          "rolledStats": {
            "attack": 0,
            "defense": 5,
            "critical": 0,
            "penetration": 0,
            "bleed": 0,
            "block": 4,
            "reduction": 0
          },
          "specialTrait": null,
          "provenance": null,
          "craftProvenance": {
            "recipeId": "fieldArmor",
            "createdBy": "alden",
            "createdAt": 50921,
            "influenceMaterial": null,
            "masterpiece": false
          }
        },
        {
          "instanceId": "item-117",
          "ownerId": "alden",
          "baseId": "spear",
          "level": 2,
          "material": null,
          "rarity": "rare",
          "affixes": [
            {
              "id": "keen",
              "tier": 1,
              "value": 3
            },
            {
              "id": "bleeding",
              "tier": 1,
              "value": 1
            }
          ],
          "rolledStats": {
            "attack": 5,
            "defense": 0,
            "critical": 3,
            "penetration": 0,
            "bleed": 1,
            "block": 0,
            "reduction": 0
          },
          "specialTrait": null,
          "provenance": null,
          "craftProvenance": {
            "recipeId": "starterSpear",
            "createdBy": "alden",
            "createdAt": 53803,
            "influenceMaterial": null,
            "masterpiece": false
          }
        },
        {
          "instanceId": "item-118",
          "ownerId": "alden",
          "baseId": "chainArmor",
          "level": 3,
          "material": null,
          "rarity": "uncommon",
          "affixes": [
            {
              "id": "blocking",
              "tier": 1,
              "value": 4
            }
          ],
          "rolledStats": {
            "attack": 0,
            "defense": 4,
            "critical": 0,
            "penetration": 0,
            "bleed": 0,
            "block": 4,
            "reduction": 0
          },
          "specialTrait": null,
          "provenance": null,
          "craftProvenance": {
            "recipeId": "fieldArmor",
            "createdBy": "alden",
            "createdAt": 53965,
            "influenceMaterial": null,
            "masterpiece": false
          }
        },
        {
          "instanceId": "item-119",
          "ownerId": "alden",
          "baseId": "spear",
          "level": 3,
          "material": null,
          "rarity": "uncommon",
          "affixes": [
            {
              "id": "keen",
              "tier": 1,
              "value": 3
            }
          ],
          "rolledStats": {
            "attack": 5,
            "defense": 0,
            "critical": 3,
            "penetration": 0,
            "bleed": 0,
            "block": 0,
            "reduction": 0
          },
          "specialTrait": null,
          "provenance": null,
          "craftProvenance": {
            "recipeId": "fieldSpear",
            "createdBy": "alden",
            "createdAt": 54202,
            "influenceMaterial": null,
            "masterpiece": false
          }
        },
        {
          "instanceId": "item-120",
          "ownerId": "alden",
          "baseId": "spear",
          "level": 2,
          "material": null,
          "rarity": "uncommon",
          "affixes": [
            {
              "id": "bleeding",
              "tier": 1,
              "value": 1
            }
          ],
          "rolledStats": {
            "attack": 5,
            "defense": 0,
            "critical": 0,
            "penetration": 0,
            "bleed": 1,
            "block": 0,
            "reduction": 0
          },
          "specialTrait": null,
          "provenance": null,
          "craftProvenance": {
            "recipeId": "starterSpear",
            "createdBy": "alden",
            "createdAt": 54265,
            "influenceMaterial": null,
            "masterpiece": false
          }
        },
        {
          "instanceId": "item-121",
          "ownerId": "alden",
          "baseId": "spear",
          "level": 3,
          "material": null,
          "rarity": "uncommon",
          "affixes": [
            {
              "id": "striking",
              "tier": 1,
              "value": 1
            }
          ],
          "rolledStats": {
            "attack": 6,
            "defense": 0,
            "critical": 0,
            "penetration": 0,
            "bleed": 0,
            "block": 0,
            "reduction": 0
          },
          "specialTrait": null,
          "provenance": null,
          "craftProvenance": {
            "recipeId": "fieldSpear",
            "createdBy": "alden",
            "createdAt": 55211,
            "influenceMaterial": null,
            "masterpiece": false
          }
        },
        {
          "instanceId": "item-122",
          "ownerId": "alden",
          "baseId": "chainArmor",
          "level": 3,
          "material": null,
          "rarity": "uncommon",
          "affixes": [
            {
              "id": "blocking",
              "tier": 1,
              "value": 4
            }
          ],
          "rolledStats": {
            "attack": 0,
            "defense": 4,
            "critical": 0,
            "penetration": 0,
            "bleed": 0,
            "block": 4,
            "reduction": 0
          },
          "specialTrait": null,
          "provenance": null,
          "craftProvenance": {
            "recipeId": "fieldArmor",
            "createdBy": "alden",
            "createdAt": 56746,
            "influenceMaterial": null,
            "masterpiece": false
          }
        },
        {
          "instanceId": "item-123",
          "ownerId": "alden",
          "baseId": "spear",
          "level": 2,
          "material": null,
          "rarity": "uncommon",
          "affixes": [
            {
              "id": "piercing",
              "tier": 1,
              "value": 1
            }
          ],
          "rolledStats": {
            "attack": 5,
            "defense": 0,
            "critical": 0,
            "penetration": 1,
            "bleed": 0,
            "block": 0,
            "reduction": 0
          },
          "specialTrait": null,
          "provenance": null,
          "craftProvenance": {
            "recipeId": "starterSpear",
            "createdBy": "alden",
            "createdAt": 56860,
            "influenceMaterial": null,
            "masterpiece": false
          }
        },
        {
          "instanceId": "item-124",
          "ownerId": "alden",
          "baseId": "spear",
          "level": 3,
          "material": null,
          "rarity": "uncommon",
          "affixes": [
            {
              "id": "bleeding",
              "tier": 1,
              "value": 1
            }
          ],
          "rolledStats": {
            "attack": 5,
            "defense": 0,
            "critical": 0,
            "penetration": 0,
            "bleed": 1,
            "block": 0,
            "reduction": 0
          },
          "specialTrait": null,
          "provenance": null,
          "craftProvenance": {
            "recipeId": "fieldSpear",
            "createdBy": "alden",
            "createdAt": 57130,
            "influenceMaterial": null,
            "masterpiece": false
          }
        },
        {
          "instanceId": "item-125",
          "ownerId": "alden",
          "baseId": "spear",
          "level": 2,
          "material": null,
          "rarity": "uncommon",
          "affixes": [
            {
              "id": "piercing",
              "tier": 1,
              "value": 1
            }
          ],
          "rolledStats": {
            "attack": 5,
            "defense": 0,
            "critical": 0,
            "penetration": 1,
            "bleed": 0,
            "block": 0,
            "reduction": 0
          },
          "specialTrait": null,
          "provenance": null,
          "craftProvenance": {
            "recipeId": "starterSpear",
            "createdBy": "alden",
            "createdAt": 58094,
            "influenceMaterial": null,
            "masterpiece": false
          }
        },
        {
          "instanceId": "item-126",
          "ownerId": "alden",
          "baseId": "spear",
          "level": 2,
          "material": null,
          "rarity": "uncommon",
          "affixes": [
            {
              "id": "bleeding",
              "tier": 1,
              "value": 1
            }
          ],
          "rolledStats": {
            "attack": 5,
            "defense": 0,
            "critical": 0,
            "penetration": 0,
            "bleed": 1,
            "block": 0,
            "reduction": 0
          },
          "specialTrait": null,
          "provenance": null,
          "craftProvenance": {
            "recipeId": "starterSpear",
            "createdBy": "alden",
            "createdAt": 58277,
            "influenceMaterial": null,
            "masterpiece": false
          }
        },
        {
          "instanceId": "item-127",
          "ownerId": "alden",
          "baseId": "spear",
          "level": 2,
          "material": null,
          "rarity": "uncommon",
          "affixes": [
            {
              "id": "striking",
              "tier": 1,
              "value": 1
            }
          ],
          "rolledStats": {
            "attack": 6,
            "defense": 0,
            "critical": 0,
            "penetration": 0,
            "bleed": 0,
            "block": 0,
            "reduction": 0
          },
          "specialTrait": null,
          "provenance": null,
          "craftProvenance": {
            "recipeId": "starterSpear",
            "createdBy": "alden",
            "createdAt": 58461,
            "influenceMaterial": null,
            "masterpiece": false
          }
        },
        {
          "instanceId": "item-128",
          "ownerId": "alden",
          "baseId": "spear",
          "level": 2,
          "material": null,
          "rarity": "uncommon",
          "affixes": [
            {
              "id": "striking",
              "tier": 1,
              "value": 1
            }
          ],
          "rolledStats": {
            "attack": 6,
            "defense": 0,
            "critical": 0,
            "penetration": 0,
            "bleed": 0,
            "block": 0,
            "reduction": 0
          },
          "specialTrait": null,
          "provenance": null,
          "craftProvenance": {
            "recipeId": "starterSpear",
            "createdBy": "alden",
            "createdAt": 58634,
            "influenceMaterial": null,
            "masterpiece": false
          }
        },
        {
          "instanceId": "item-129",
          "ownerId": "alden",
          "baseId": "spear",
          "level": 2,
          "material": null,
          "rarity": "uncommon",
          "affixes": [
            {
              "id": "striking",
              "tier": 1,
              "value": 1
            }
          ],
          "rolledStats": {
            "attack": 6,
            "defense": 0,
            "critical": 0,
            "penetration": 0,
            "bleed": 0,
            "block": 0,
            "reduction": 0
          },
          "specialTrait": null,
          "provenance": null,
          "craftProvenance": {
            "recipeId": "starterSpear",
            "createdBy": "alden",
            "createdAt": 59549,
            "influenceMaterial": null,
            "masterpiece": false
          }
        },
        {
          "instanceId": "item-130",
          "ownerId": "alden",
          "baseId": "chainArmor",
          "level": 3,
          "material": null,
          "rarity": "uncommon",
          "affixes": [
            {
              "id": "warding",
              "tier": 1,
              "value": 3
            }
          ],
          "rolledStats": {
            "attack": 0,
            "defense": 4,
            "critical": 0,
            "penetration": 0,
            "bleed": 0,
            "block": 0,
            "reduction": 3
          },
          "specialTrait": null,
          "provenance": null,
          "craftProvenance": {
            "recipeId": "fieldArmor",
            "createdBy": "alden",
            "createdAt": 59694,
            "influenceMaterial": null,
            "masterpiece": false
          }
        },
        {
          "instanceId": "item-131",
          "ownerId": "alden",
          "baseId": "spear",
          "level": 2,
          "material": "wolfFang",
          "rarity": "uncommon",
          "affixes": [
            {
              "id": "bleeding",
              "tier": 1,
              "value": 1
            }
          ],
          "rolledStats": {
            "attack": 5,
            "defense": 0,
            "critical": 0,
            "penetration": 0,
            "bleed": 1,
            "block": 0,
            "reduction": 0
          },
          "specialTrait": null,
          "provenance": null,
          "craftProvenance": {
            "recipeId": "starterSpear",
            "createdBy": "alden",
            "createdAt": 59757,
            "influenceMaterial": "wolfFang",
            "masterpiece": false
          }
        },
        {
          "instanceId": "item-132",
          "ownerId": "alden",
          "baseId": "chainArmor",
          "level": 3,
          "material": null,
          "rarity": "uncommon",
          "affixes": [
            {
              "id": "warding",
              "tier": 1,
              "value": 3
            }
          ],
          "rolledStats": {
            "attack": 0,
            "defense": 4,
            "critical": 0,
            "penetration": 0,
            "bleed": 0,
            "block": 0,
            "reduction": 3
          },
          "specialTrait": null,
          "provenance": null,
          "craftProvenance": {
            "recipeId": "fieldArmor",
            "createdBy": "alden",
            "createdAt": 59955,
            "influenceMaterial": null,
            "masterpiece": false
          }
        },
        {
          "instanceId": "item-133",
          "ownerId": "alden",
          "baseId": "spear",
          "level": 2,
          "material": null,
          "rarity": "uncommon",
          "affixes": [
            {
              "id": "piercing",
              "tier": 1,
              "value": 1
            }
          ],
          "rolledStats": {
            "attack": 5,
            "defense": 0,
            "critical": 0,
            "penetration": 1,
            "bleed": 0,
            "block": 0,
            "reduction": 0
          },
          "specialTrait": null,
          "provenance": null,
          "craftProvenance": {
            "recipeId": "starterSpear",
            "createdBy": "alden",
            "createdAt": 60994,
            "influenceMaterial": null,
            "masterpiece": false
          }
        },
        {
          "instanceId": "item-134",
          "ownerId": "alden",
          "baseId": "spear",
          "level": 2,
          "material": null,
          "rarity": "uncommon",
          "affixes": [
            {
              "id": "keen",
              "tier": 1,
              "value": 3
            }
          ],
          "rolledStats": {
            "attack": 5,
            "defense": 0,
            "critical": 3,
            "penetration": 0,
            "bleed": 0,
            "block": 0,
            "reduction": 0
          },
          "specialTrait": null,
          "provenance": null,
          "craftProvenance": {
            "recipeId": "starterSpear",
            "createdBy": "alden",
            "createdAt": 61104,
            "influenceMaterial": null,
            "masterpiece": false
          }
        },
        {
          "instanceId": "item-135",
          "ownerId": "alden",
          "baseId": "hideArmor",
          "level": 2,
          "material": "wolfHide",
          "rarity": "common",
          "affixes": [],
          "rolledStats": {
            "attack": 0,
            "defense": 2,
            "critical": 0,
            "penetration": 0,
            "bleed": 0,
            "block": 0,
            "reduction": 0
          },
          "specialTrait": null,
          "provenance": null,
          "craftProvenance": null
        },
        {
          "instanceId": "item-136",
          "ownerId": "alden",
          "baseId": "chainArmor",
          "level": 3,
          "material": "wolfHide",
          "rarity": "uncommon",
          "affixes": [
            {
              "id": "blocking",
              "tier": 1,
              "value": 4
            }
          ],
          "rolledStats": {
            "attack": 0,
            "defense": 4,
            "critical": 0,
            "penetration": 0,
            "bleed": 0,
            "block": 4,
            "reduction": 0
          },
          "specialTrait": null,
          "provenance": null,
          "craftProvenance": {
            "recipeId": "fieldArmor",
            "createdBy": "alden",
            "createdAt": 62446,
            "influenceMaterial": "wolfHide",
            "masterpiece": false
          }
        },
        {
          "instanceId": "item-137",
          "ownerId": "alden",
          "baseId": "spear",
          "level": 2,
          "material": "wolfFang",
          "rarity": "uncommon",
          "affixes": [
            {
              "id": "piercing",
              "tier": 1,
              "value": 1
            }
          ],
          "rolledStats": {
            "attack": 5,
            "defense": 0,
            "critical": 0,
            "penetration": 1,
            "bleed": 0,
            "block": 0,
            "reduction": 0
          },
          "specialTrait": null,
          "provenance": null,
          "craftProvenance": {
            "recipeId": "starterSpear",
            "createdBy": "alden",
            "createdAt": 62509,
            "influenceMaterial": "wolfFang",
            "masterpiece": false
          }
        },
        {
          "instanceId": "item-138",
          "ownerId": "alden",
          "baseId": "spear",
          "level": 3,
          "material": null,
          "rarity": "uncommon",
          "affixes": [
            {
              "id": "keen",
              "tier": 1,
              "value": 3
            }
          ],
          "rolledStats": {
            "attack": 5,
            "defense": 0,
            "critical": 3,
            "penetration": 0,
            "bleed": 0,
            "block": 0,
            "reduction": 0
          },
          "specialTrait": null,
          "provenance": null,
          "craftProvenance": {
            "recipeId": "fieldSpear",
            "createdBy": "alden",
            "createdAt": 62829,
            "influenceMaterial": null,
            "masterpiece": false
          }
        },
        {
          "instanceId": "item-139",
          "ownerId": "alden",
          "baseId": "chainArmor",
          "level": 3,
          "material": null,
          "rarity": "rare",
          "affixes": [
            {
              "id": "blocking",
              "tier": 1,
              "value": 4
            },
            {
              "id": "warding",
              "tier": 1,
              "value": 3
            }
          ],
          "rolledStats": {
            "attack": 0,
            "defense": 4,
            "critical": 0,
            "penetration": 0,
            "bleed": 0,
            "block": 4,
            "reduction": 3
          },
          "specialTrait": null,
          "provenance": null,
          "craftProvenance": {
            "recipeId": "fieldArmor",
            "createdBy": "alden",
            "createdAt": 65325,
            "influenceMaterial": null,
            "masterpiece": false
          }
        },
        {
          "instanceId": "item-140",
          "ownerId": "alden",
          "baseId": "spear",
          "level": 3,
          "material": null,
          "rarity": "uncommon",
          "affixes": [
            {
              "id": "striking",
              "tier": 1,
              "value": 1
            }
          ],
          "rolledStats": {
            "attack": 6,
            "defense": 0,
            "critical": 0,
            "penetration": 0,
            "bleed": 0,
            "block": 0,
            "reduction": 0
          },
          "specialTrait": null,
          "provenance": null,
          "craftProvenance": {
            "recipeId": "fieldSpear",
            "createdBy": "alden",
            "createdAt": 65550,
            "influenceMaterial": null,
            "masterpiece": false
          }
        },
        {
          "instanceId": "item-141",
          "ownerId": "alden",
          "baseId": "spear",
          "level": 3,
          "material": null,
          "rarity": "uncommon",
          "affixes": [
            {
              "id": "keen",
              "tier": 1,
              "value": 3
            }
          ],
          "rolledStats": {
            "attack": 5,
            "defense": 0,
            "critical": 3,
            "penetration": 0,
            "bleed": 0,
            "block": 0,
            "reduction": 0
          },
          "specialTrait": null,
          "provenance": null,
          "craftProvenance": {
            "recipeId": "fieldSpear",
            "createdBy": "alden",
            "createdAt": 65736,
            "influenceMaterial": null,
            "masterpiece": false
          }
        },
        {
          "instanceId": "item-142",
          "ownerId": "alden",
          "baseId": "spear",
          "level": 3,
          "material": null,
          "rarity": "uncommon",
          "affixes": [
            {
              "id": "piercing",
              "tier": 1,
              "value": 1
            }
          ],
          "rolledStats": {
            "attack": 5,
            "defense": 0,
            "critical": 0,
            "penetration": 1,
            "bleed": 0,
            "block": 0,
            "reduction": 0
          },
          "specialTrait": null,
          "provenance": null,
          "craftProvenance": {
            "recipeId": "fieldSpear",
            "createdBy": "alden",
            "createdAt": 66733,
            "influenceMaterial": null,
            "masterpiece": false
          }
        },
        {
          "instanceId": "item-143",
          "ownerId": "alden",
          "baseId": "spear",
          "level": 3,
          "material": null,
          "rarity": "uncommon",
          "affixes": [
            {
              "id": "keen",
              "tier": 1,
              "value": 3
            }
          ],
          "rolledStats": {
            "attack": 5,
            "defense": 0,
            "critical": 3,
            "penetration": 0,
            "bleed": 0,
            "block": 0,
            "reduction": 0
          },
          "specialTrait": null,
          "provenance": null,
          "craftProvenance": {
            "recipeId": "fieldSpear",
            "createdBy": "alden",
            "createdAt": 67070,
            "influenceMaterial": null,
            "masterpiece": false
          }
        },
        {
          "instanceId": "item-144",
          "ownerId": "alden",
          "baseId": "spear",
          "level": 3,
          "material": "wolfFang",
          "rarity": "uncommon",
          "affixes": [
            {
              "id": "piercing",
              "tier": 1,
              "value": 1
            }
          ],
          "rolledStats": {
            "attack": 5,
            "defense": 0,
            "critical": 0,
            "penetration": 1,
            "bleed": 0,
            "block": 0,
            "reduction": 0
          },
          "specialTrait": null,
          "provenance": null,
          "craftProvenance": {
            "recipeId": "fieldSpear",
            "createdBy": "alden",
            "createdAt": 68191,
            "influenceMaterial": "wolfFang",
            "masterpiece": false
          }
        },
        {
          "instanceId": "item-145",
          "ownerId": "alden",
          "baseId": "chainArmor",
          "level": 3,
          "material": null,
          "rarity": "uncommon",
          "affixes": [
            {
              "id": "blocking",
              "tier": 1,
              "value": 4
            }
          ],
          "rolledStats": {
            "attack": 0,
            "defense": 4,
            "critical": 0,
            "penetration": 0,
            "bleed": 0,
            "block": 4,
            "reduction": 0
          },
          "specialTrait": null,
          "provenance": null,
          "craftProvenance": {
            "recipeId": "fieldArmor",
            "createdBy": "alden",
            "createdAt": 68293,
            "influenceMaterial": null,
            "masterpiece": false
          }
        },
        {
          "instanceId": "item-146",
          "ownerId": "alden",
          "baseId": "spear",
          "level": 3,
          "material": null,
          "rarity": "uncommon",
          "affixes": [
            {
              "id": "keen",
              "tier": 1,
              "value": 3
            }
          ],
          "rolledStats": {
            "attack": 5,
            "defense": 0,
            "critical": 3,
            "penetration": 0,
            "bleed": 0,
            "block": 0,
            "reduction": 0
          },
          "specialTrait": null,
          "provenance": null,
          "craftProvenance": {
            "recipeId": "fieldSpear",
            "createdBy": "alden",
            "createdAt": 68468,
            "influenceMaterial": null,
            "masterpiece": false
          }
        },
        {
          "instanceId": "item-147",
          "ownerId": "alden",
          "baseId": "spear",
          "level": 2,
          "material": null,
          "rarity": "uncommon",
          "affixes": [
            {
              "id": "bleeding",
              "tier": 1,
              "value": 1
            }
          ],
          "rolledStats": {
            "attack": 5,
            "defense": 0,
            "critical": 0,
            "penetration": 0,
            "bleed": 1,
            "block": 0,
            "reduction": 0
          },
          "specialTrait": null,
          "provenance": null,
          "craftProvenance": {
            "recipeId": "starterSpear",
            "createdBy": "alden",
            "createdAt": 68603,
            "influenceMaterial": null,
            "masterpiece": false
          }
        },
        {
          "instanceId": "item-148",
          "ownerId": "alden",
          "baseId": "spear",
          "level": 3,
          "material": null,
          "rarity": "rare",
          "affixes": [
            {
              "id": "bleeding",
              "tier": 1,
              "value": 1
            },
            {
              "id": "keen",
              "tier": 1,
              "value": 3
            }
          ],
          "rolledStats": {
            "attack": 5,
            "defense": 0,
            "critical": 3,
            "penetration": 0,
            "bleed": 1,
            "block": 0,
            "reduction": 0
          },
          "specialTrait": null,
          "provenance": null,
          "craftProvenance": {
            "recipeId": "fieldSpear",
            "createdBy": "alden",
            "createdAt": 69649,
            "influenceMaterial": null,
            "masterpiece": false
          }
        },
        {
          "instanceId": "item-149",
          "ownerId": "alden",
          "baseId": "spear",
          "level": 2,
          "material": null,
          "rarity": "uncommon",
          "affixes": [
            {
              "id": "bleeding",
              "tier": 1,
              "value": 1
            }
          ],
          "rolledStats": {
            "attack": 5,
            "defense": 0,
            "critical": 0,
            "penetration": 0,
            "bleed": 1,
            "block": 0,
            "reduction": 0
          },
          "specialTrait": null,
          "provenance": null,
          "craftProvenance": {
            "recipeId": "starterSpear",
            "createdBy": "alden",
            "createdAt": 69762,
            "influenceMaterial": null,
            "masterpiece": false
          }
        },
        {
          "instanceId": "item-150",
          "ownerId": "alden",
          "baseId": "chainArmor",
          "level": 3,
          "material": null,
          "rarity": "uncommon",
          "affixes": [
            {
              "id": "sturdy",
              "tier": 1,
              "value": 1
            }
          ],
          "rolledStats": {
            "attack": 0,
            "defense": 5,
            "critical": 0,
            "penetration": 0,
            "bleed": 0,
            "block": 0,
            "reduction": 0
          },
          "specialTrait": null,
          "provenance": null,
          "craftProvenance": {
            "recipeId": "fieldArmor",
            "createdBy": "alden",
            "createdAt": 71108,
            "influenceMaterial": null,
            "masterpiece": false
          }
        },
        {
          "instanceId": "item-151",
          "ownerId": "alden",
          "baseId": "spear",
          "level": 2,
          "material": null,
          "rarity": "uncommon",
          "affixes": [
            {
              "id": "striking",
              "tier": 1,
              "value": 1
            }
          ],
          "rolledStats": {
            "attack": 6,
            "defense": 0,
            "critical": 0,
            "penetration": 0,
            "bleed": 0,
            "block": 0,
            "reduction": 0
          },
          "specialTrait": null,
          "provenance": null,
          "craftProvenance": {
            "recipeId": "starterSpear",
            "createdBy": "alden",
            "createdAt": 71211,
            "influenceMaterial": null,
            "masterpiece": false
          }
        },
        {
          "instanceId": "item-152",
          "ownerId": "alden",
          "baseId": "spear",
          "level": 2,
          "material": null,
          "rarity": "uncommon",
          "affixes": [
            {
              "id": "keen",
              "tier": 1,
              "value": 3
            }
          ],
          "rolledStats": {
            "attack": 5,
            "defense": 0,
            "critical": 3,
            "penetration": 0,
            "bleed": 0,
            "block": 0,
            "reduction": 0
          },
          "specialTrait": null,
          "provenance": null,
          "craftProvenance": {
            "recipeId": "starterSpear",
            "createdBy": "alden",
            "createdAt": 71381,
            "influenceMaterial": null,
            "masterpiece": false
          }
        },
        {
          "instanceId": "item-153",
          "ownerId": "alden",
          "baseId": "spear",
          "level": 2,
          "material": null,
          "rarity": "uncommon",
          "affixes": [
            {
              "id": "striking",
              "tier": 1,
              "value": 1
            }
          ],
          "rolledStats": {
            "attack": 6,
            "defense": 0,
            "critical": 0,
            "penetration": 0,
            "bleed": 0,
            "block": 0,
            "reduction": 0
          },
          "specialTrait": null,
          "provenance": null,
          "craftProvenance": {
            "recipeId": "starterSpear",
            "createdBy": "alden",
            "createdAt": 71501,
            "influenceMaterial": null,
            "masterpiece": false
          }
        },
        {
          "instanceId": "item-154",
          "ownerId": "alden",
          "baseId": "chainArmor",
          "level": 3,
          "material": null,
          "rarity": "uncommon",
          "affixes": [
            {
              "id": "sturdy",
              "tier": 1,
              "value": 1
            }
          ],
          "rolledStats": {
            "attack": 0,
            "defense": 5,
            "critical": 0,
            "penetration": 0,
            "bleed": 0,
            "block": 0,
            "reduction": 0
          },
          "specialTrait": null,
          "provenance": null,
          "craftProvenance": {
            "recipeId": "fieldArmor",
            "createdBy": "alden",
            "createdAt": 73972,
            "influenceMaterial": null,
            "masterpiece": false
          }
        },
        {
          "instanceId": "item-155",
          "ownerId": "alden",
          "baseId": "spear",
          "level": 2,
          "material": "wolfFang",
          "rarity": "uncommon",
          "affixes": [
            {
              "id": "bleeding",
              "tier": 1,
              "value": 1
            }
          ],
          "rolledStats": {
            "attack": 5,
            "defense": 0,
            "critical": 0,
            "penetration": 0,
            "bleed": 1,
            "block": 0,
            "reduction": 0
          },
          "specialTrait": null,
          "provenance": null,
          "craftProvenance": {
            "recipeId": "starterSpear",
            "createdBy": "alden",
            "createdAt": 74035,
            "influenceMaterial": "wolfFang",
            "masterpiece": false
          }
        },
        {
          "instanceId": "item-156",
          "ownerId": "alden",
          "baseId": "chainArmor",
          "level": 3,
          "material": null,
          "rarity": "uncommon",
          "affixes": [
            {
              "id": "warding",
              "tier": 1,
              "value": 3
            }
          ],
          "rolledStats": {
            "attack": 0,
            "defense": 4,
            "critical": 0,
            "penetration": 0,
            "bleed": 0,
            "block": 0,
            "reduction": 3
          },
          "specialTrait": null,
          "provenance": null,
          "craftProvenance": {
            "recipeId": "fieldArmor",
            "createdBy": "alden",
            "createdAt": 74244,
            "influenceMaterial": null,
            "masterpiece": false
          }
        },
        {
          "instanceId": "item-157",
          "ownerId": "alden",
          "baseId": "spear",
          "level": 2,
          "material": null,
          "rarity": "rare",
          "affixes": [
            {
              "id": "keen",
              "tier": 1,
              "value": 3
            },
            {
              "id": "bleeding",
              "tier": 1,
              "value": 1
            }
          ],
          "rolledStats": {
            "attack": 5,
            "defense": 0,
            "critical": 3,
            "penetration": 0,
            "bleed": 1,
            "block": 0,
            "reduction": 0
          },
          "specialTrait": null,
          "provenance": null,
          "craftProvenance": {
            "recipeId": "starterSpear",
            "createdBy": "alden",
            "createdAt": 74429,
            "influenceMaterial": null,
            "masterpiece": false
          }
        },
        {
          "instanceId": "item-158",
          "ownerId": "alden",
          "baseId": "chainArmor",
          "level": 3,
          "material": null,
          "rarity": "uncommon",
          "affixes": [
            {
              "id": "blocking",
              "tier": 1,
              "value": 4
            }
          ],
          "rolledStats": {
            "attack": 0,
            "defense": 4,
            "critical": 0,
            "penetration": 0,
            "bleed": 0,
            "block": 4,
            "reduction": 0
          },
          "specialTrait": null,
          "provenance": null,
          "craftProvenance": {
            "recipeId": "fieldArmor",
            "createdBy": "alden",
            "createdAt": 76857,
            "influenceMaterial": null,
            "masterpiece": false
          }
        },
        {
          "instanceId": "item-159",
          "ownerId": "alden",
          "baseId": "spear",
          "level": 2,
          "material": null,
          "rarity": "uncommon",
          "affixes": [
            {
              "id": "bleeding",
              "tier": 1,
              "value": 1
            }
          ],
          "rolledStats": {
            "attack": 5,
            "defense": 0,
            "critical": 0,
            "penetration": 0,
            "bleed": 1,
            "block": 0,
            "reduction": 0
          },
          "specialTrait": null,
          "provenance": null,
          "craftProvenance": {
            "recipeId": "starterSpear",
            "createdBy": "alden",
            "createdAt": 76971,
            "influenceMaterial": null,
            "masterpiece": false
          }
        }
      ],
      "equipped": {
        "alden": {
          "weapon": "item-159",
          "armor": "item-158"
        }
      },
      "materials": {
        "alden": {
          "wolfFang": 1,
          "wolfHide": 1,
          "moonStone": 0
        }
      },
      "collection": {
        "seen": [
          "grayWolf"
        ],
        "defeated": [
          "grayWolf"
        ],
        "bases": [
          "spear",
          "chainArmor",
          "hideArmor"
        ],
        "materials": [
          "wolfFang",
          "wolfHide"
        ],
        "bosses": [],
        "rareBases": [
          "spear",
          "chainArmor"
        ]
      },
      "wolfBossDefeatedAt": null,
      "wolfBossForm": null
    },
    "life": {
      "canon": "OAKVALE_LIFE_EMERGENCE",
      "openingSeen": true,
      "characters": {
        "alden": {
          "origin": "OTHER_WORLD",
          "generation": 1,
          "identities": [
            "resident",
            "miner",
            "smith",
            "skilledMiner",
            "adventurer"
          ],
          "actions": {
            "combat": 26,
            "farming": 0,
            "mining": 83,
            "woodcutting": 92,
            "smithing": 153
          },
          "reputation": 26,
          "reputationHistory": [
            {
              "at": 12760,
              "delta": 1,
              "reason": "守護橡谷北方道路"
            },
            {
              "at": 12784,
              "delta": 1,
              "reason": "守護橡谷北方道路"
            },
            {
              "at": 12868,
              "delta": 1,
              "reason": "守護橡谷北方道路"
            },
            {
              "at": 13425,
              "delta": 1,
              "reason": "守護橡谷北方道路"
            },
            {
              "at": 16522,
              "delta": 1,
              "reason": "守護橡谷北方道路"
            },
            {
              "at": 19265,
              "delta": 1,
              "reason": "守護橡谷北方道路"
            },
            {
              "at": 22264,
              "delta": 1,
              "reason": "守護橡谷北方道路"
            },
            {
              "at": 25067,
              "delta": 1,
              "reason": "守護橡谷北方道路"
            },
            {
              "at": 27930,
              "delta": 1,
              "reason": "守護橡谷北方道路"
            },
            {
              "at": 30985,
              "delta": 1,
              "reason": "守護橡谷北方道路"
            },
            {
              "at": 33628,
              "delta": 1,
              "reason": "守護橡谷北方道路"
            },
            {
              "at": 36299,
              "delta": 1,
              "reason": "守護橡谷北方道路"
            },
            {
              "at": 39380,
              "delta": 1,
              "reason": "守護橡谷北方道路"
            },
            {
              "at": 42267,
              "delta": 1,
              "reason": "守護橡谷北方道路"
            },
            {
              "at": 45144,
              "delta": 1,
              "reason": "守護橡谷北方道路"
            },
            {
              "at": 48029,
              "delta": 1,
              "reason": "守護橡谷北方道路"
            },
            {
              "at": 50908,
              "delta": 1,
              "reason": "守護橡谷北方道路"
            },
            {
              "at": 53790,
              "delta": 1,
              "reason": "守護橡谷北方道路"
            },
            {
              "at": 56732,
              "delta": 1,
              "reason": "守護橡谷北方道路"
            },
            {
              "at": 59681,
              "delta": 1,
              "reason": "守護橡谷北方道路"
            },
            {
              "at": 62432,
              "delta": 1,
              "reason": "守護橡谷北方道路"
            },
            {
              "at": 65312,
              "delta": 1,
              "reason": "守護橡谷北方道路"
            },
            {
              "at": 68177,
              "delta": 1,
              "reason": "守護橡谷北方道路"
            },
            {
              "at": 71095,
              "delta": 1,
              "reason": "守護橡谷北方道路"
            },
            {
              "at": 73959,
              "delta": 1,
              "reason": "守護橡谷北方道路"
            },
            {
              "at": 76843,
              "delta": 1,
              "reason": "守護橡谷北方道路"
            }
          ],
          "milestones": [
            {
              "id": "identity:miner",
              "at": 3991,
              "text": "成為礦工"
            },
            {
              "id": "identity:smith",
              "at": 4994,
              "text": "成為鍛造師"
            },
            {
              "id": "identity:skilledMiner",
              "at": 23742,
              "text": "成為熟練礦工"
            },
            {
              "id": "identity:adventurer",
              "at": 30985,
              "text": "成為冒險者"
            },
            {
              "id": "reputation:familiar",
              "at": 73959,
              "text": "在橡谷的名聲成為熟面孔"
            }
          ]
        }
      },
      "npcs": {
        "npc-1": {
          "traits": [
            "brave",
            "ambitious",
            "hardworking",
            "solitary"
          ],
          "career": "worker",
          "careerJob": "farmer",
          "featured": true,
          "concern": "專心做好農夫的工作",
          "memories": [],
          "milestones": [
            {
              "id": "career:worker",
              "at": 1440,
              "text": "米拉 1成為工作者。"
            }
          ]
        },
        "npc-2": {
          "traits": [
            "brave",
            "ambitious",
            "wanderer",
            "solitary"
          ],
          "career": "worker",
          "careerJob": "miner",
          "featured": true,
          "concern": "專心做好礦工的工作",
          "memories": [],
          "milestones": [
            {
              "id": "career:worker",
              "at": 1440,
              "text": "羅恩 2成為工作者。"
            }
          ]
        },
        "npc-3": {
          "traits": [
            "brave",
            "ambitious",
            "hardworking",
            "solitary"
          ],
          "career": "worker",
          "careerJob": "woodcutter",
          "featured": true,
          "concern": "專心做好樵夫的工作",
          "memories": [],
          "milestones": [
            {
              "id": "career:worker",
              "at": 1440,
              "text": "艾妲 3成為工作者。"
            }
          ]
        },
        "npc-4": {
          "traits": [
            "brave",
            "ambitious",
            "hardworking",
            "solitary"
          ],
          "career": "worker",
          "careerJob": "blacksmith",
          "featured": true,
          "concern": "專心做好鐵匠的工作",
          "memories": [
            {
              "kind": "PLAYER_DEFENDED_OAKVALE",
              "actorId": "alden",
              "at": 16522,
              "detail": "奧登擊退北方道路的威脅。"
            }
          ],
          "milestones": [
            {
              "id": "career:worker",
              "at": 1440,
              "text": "芬恩 4成為工作者。"
            }
          ]
        },
        "npc-5": {
          "traits": [
            "brave",
            "ambitious",
            "wanderer",
            "solitary"
          ],
          "career": "worker",
          "careerJob": "shopkeeper",
          "featured": true,
          "concern": "專心做好店主的工作",
          "memories": [
            {
              "kind": "PLAYER_DEFENDED_OAKVALE",
              "actorId": "alden",
              "at": 16522,
              "detail": "奧登擊退北方道路的威脅。"
            }
          ],
          "milestones": [
            {
              "id": "career:worker",
              "at": 1440,
              "text": "諾拉 5成為工作者。"
            }
          ]
        },
        "npc-6": {
          "traits": [
            "brave",
            "ambitious",
            "wanderer",
            "solitary"
          ],
          "career": "worker",
          "careerJob": "guard",
          "featured": true,
          "concern": "留意聚落周遭的動靜",
          "memories": [
            {
              "kind": "PLAYER_DEFENDED_OAKVALE",
              "actorId": "alden",
              "at": 12760,
              "detail": "奧登擊退北方道路的威脅。"
            }
          ],
          "milestones": [
            {
              "id": "career:worker",
              "at": 1440,
              "text": "雨果 6成為工作者。"
            }
          ]
        },
        "npc-7": {
          "traits": [
            "brave",
            "content",
            "hardworking",
            "solitary"
          ],
          "career": "worker",
          "careerJob": "mercenary",
          "featured": false,
          "concern": "留意聚落周遭的動靜",
          "memories": [
            {
              "kind": "PLAYER_DEFENDED_OAKVALE",
              "actorId": "alden",
              "at": 12760,
              "detail": "奧登擊退北方道路的威脅。"
            }
          ],
          "milestones": [
            {
              "id": "career:worker",
              "at": 1440,
              "text": "露西 7成為工作者。"
            }
          ]
        },
        "npc-8": {
          "traits": [
            "brave",
            "content",
            "wanderer",
            "solitary"
          ],
          "career": "experienced",
          "careerJob": "farmer",
          "featured": false,
          "concern": "專心做好農夫的工作",
          "memories": [],
          "milestones": [
            {
              "id": "career:experienced",
              "at": 1440,
              "text": "西蒙 8成為熟練工作者。"
            }
          ]
        },
        "npc-9": {
          "traits": [
            "brave",
            "content",
            "wanderer",
            "social"
          ],
          "career": "experienced",
          "careerJob": "miner",
          "featured": false,
          "concern": "專心做好礦工的工作",
          "memories": [
            {
              "kind": "PLAYER_DEFENDED_OAKVALE",
              "actorId": "alden",
              "at": 12760,
              "detail": "奧登擊退北方道路的威脅。"
            }
          ],
          "milestones": [
            {
              "id": "career:experienced",
              "at": 1440,
              "text": "艾琳 9成為熟練工作者。"
            }
          ]
        },
        "npc-10": {
          "traits": [
            "brave",
            "ambitious",
            "hardworking",
            "social"
          ],
          "career": "experienced",
          "careerJob": "woodcutter",
          "featured": false,
          "concern": "專心做好樵夫的工作",
          "memories": [
            {
              "kind": "PLAYER_DEFENDED_OAKVALE",
              "actorId": "alden",
              "at": 12760,
              "detail": "奧登擊退北方道路的威脅。"
            }
          ],
          "milestones": [
            {
              "id": "career:experienced",
              "at": 1440,
              "text": "奧斯卡 10成為熟練工作者。"
            }
          ]
        },
        "npc-11": {
          "traits": [
            "brave",
            "ambitious",
            "wanderer",
            "social"
          ],
          "career": "experienced",
          "careerJob": "blacksmith",
          "featured": false,
          "concern": "專心做好鐵匠的工作",
          "memories": [
            {
              "kind": "PLAYER_DEFENDED_OAKVALE",
              "actorId": "alden",
              "at": 12760,
              "detail": "奧登擊退北方道路的威脅。"
            }
          ],
          "milestones": [
            {
              "id": "career:experienced",
              "at": 1440,
              "text": "米拉 11成為熟練工作者。"
            }
          ]
        },
        "npc-12": {
          "traits": [
            "brave",
            "ambitious",
            "wanderer",
            "social"
          ],
          "career": "experienced",
          "careerJob": "shopkeeper",
          "featured": false,
          "concern": "專心做好店主的工作",
          "memories": [
            {
              "kind": "PLAYER_DEFENDED_OAKVALE",
              "actorId": "alden",
              "at": 12760,
              "detail": "奧登擊退北方道路的威脅。"
            }
          ],
          "milestones": [
            {
              "id": "career:experienced",
              "at": 1440,
              "text": "羅恩 12成為熟練工作者。"
            }
          ]
        },
        "npc-13": {
          "traits": [
            "brave",
            "ambitious",
            "hardworking",
            "social"
          ],
          "career": "experienced",
          "careerJob": "guard",
          "featured": false,
          "concern": "留意聚落周遭的動靜",
          "memories": [
            {
              "kind": "PLAYER_DEFENDED_OAKVALE",
              "actorId": "alden",
              "at": 12760,
              "detail": "奧登擊退北方道路的威脅。"
            }
          ],
          "milestones": [
            {
              "id": "career:experienced",
              "at": 1440,
              "text": "艾妲 13成為熟練工作者。"
            }
          ]
        },
        "npc-14": {
          "traits": [
            "brave",
            "ambitious",
            "hardworking",
            "social"
          ],
          "career": "experienced",
          "careerJob": "mercenary",
          "featured": false,
          "concern": "留意聚落周遭的動靜",
          "memories": [
            {
              "kind": "PLAYER_DEFENDED_OAKVALE",
              "actorId": "alden",
              "at": 12760,
              "detail": "奧登擊退北方道路的威脅。"
            }
          ],
          "milestones": [
            {
              "id": "career:experienced",
              "at": 1440,
              "text": "芬恩 14成為熟練工作者。"
            }
          ]
        },
        "npc-15": {
          "traits": [
            "brave",
            "content",
            "wanderer",
            "social"
          ],
          "career": "experienced",
          "careerJob": "farmer",
          "featured": false,
          "concern": "專心做好農夫的工作",
          "memories": [
            {
              "kind": "PLAYER_DEFENDED_OAKVALE",
              "actorId": "alden",
              "at": 12760,
              "detail": "奧登擊退北方道路的威脅。"
            }
          ],
          "milestones": [
            {
              "id": "career:experienced",
              "at": 1440,
              "text": "諾拉 15成為熟練工作者。"
            }
          ]
        },
        "npc-16": {
          "traits": [
            "brave",
            "content",
            "hardworking",
            "solitary"
          ],
          "career": "experienced",
          "careerJob": "miner",
          "featured": false,
          "concern": "專心做好礦工的工作",
          "memories": [],
          "milestones": [
            {
              "id": "career:experienced",
              "at": 1440,
              "text": "雨果 16成為熟練工作者。"
            }
          ]
        },
        "npc-17": {
          "traits": [
            "brave",
            "content",
            "hardworking",
            "solitary"
          ],
          "career": "experienced",
          "careerJob": "woodcutter",
          "featured": false,
          "concern": "專心做好樵夫的工作",
          "memories": [],
          "milestones": [
            {
              "id": "career:experienced",
              "at": 1440,
              "text": "露西 17成為熟練工作者。"
            }
          ]
        },
        "npc-18": {
          "traits": [
            "brave",
            "content",
            "wanderer",
            "solitary"
          ],
          "career": "experienced",
          "careerJob": "blacksmith",
          "featured": false,
          "concern": "專心做好鐵匠的工作",
          "memories": [
            {
              "kind": "PLAYER_DEFENDED_OAKVALE",
              "actorId": "alden",
              "at": 16522,
              "detail": "奧登擊退北方道路的威脅。"
            }
          ],
          "milestones": [
            {
              "id": "career:experienced",
              "at": 1440,
              "text": "西蒙 18成為熟練工作者。"
            }
          ]
        },
        "npc-19": {
          "traits": [
            "brave",
            "content",
            "hardworking",
            "solitary"
          ],
          "career": "experienced",
          "careerJob": "shopkeeper",
          "featured": false,
          "concern": "專心做好店主的工作",
          "memories": [
            {
              "kind": "PLAYER_DEFENDED_OAKVALE",
              "actorId": "alden",
              "at": 13425,
              "detail": "奧登擊退北方道路的威脅。"
            }
          ],
          "milestones": [
            {
              "id": "career:experienced",
              "at": 1440,
              "text": "艾琳 19成為熟練工作者。"
            }
          ]
        },
        "npc-20": {
          "traits": [
            "brave",
            "content",
            "wanderer",
            "social"
          ],
          "career": "experienced",
          "careerJob": "guard",
          "featured": false,
          "concern": "留意聚落周遭的動靜",
          "memories": [
            {
              "kind": "PLAYER_DEFENDED_OAKVALE",
              "actorId": "alden",
              "at": 12760,
              "detail": "奧登擊退北方道路的威脅。"
            }
          ],
          "milestones": [
            {
              "id": "career:experienced",
              "at": 1440,
              "text": "奧斯卡 20成為熟練工作者。"
            }
          ]
        },
        "npc-21": {
          "traits": [
            "brave",
            "content",
            "hardworking",
            "social"
          ],
          "career": "experienced",
          "careerJob": "mercenary",
          "featured": false,
          "concern": "留意聚落周遭的動靜",
          "memories": [
            {
              "kind": "PLAYER_DEFENDED_OAKVALE",
              "actorId": "alden",
              "at": 12760,
              "detail": "奧登擊退北方道路的威脅。"
            }
          ],
          "milestones": [
            {
              "id": "career:experienced",
              "at": 1440,
              "text": "米拉 21成為熟練工作者。"
            }
          ]
        },
        "npc-22": {
          "traits": [
            "brave",
            "ambitious",
            "wanderer",
            "solitary"
          ],
          "career": "experienced",
          "careerJob": "farmer",
          "featured": false,
          "concern": "專心做好農夫的工作",
          "memories": [],
          "milestones": [
            {
              "id": "career:experienced",
              "at": 1440,
              "text": "羅恩 22成為熟練工作者。"
            }
          ]
        },
        "npc-23": {
          "traits": [
            "brave",
            "ambitious",
            "wanderer",
            "solitary"
          ],
          "career": "experienced",
          "careerJob": "miner",
          "featured": false,
          "concern": "專心做好礦工的工作",
          "memories": [],
          "milestones": [
            {
              "id": "career:experienced",
              "at": 1440,
              "text": "艾妲 23成為熟練工作者。"
            }
          ]
        },
        "npc-24": {
          "traits": [
            "brave",
            "ambitious",
            "hardworking",
            "solitary"
          ],
          "career": "experienced",
          "careerJob": "woodcutter",
          "featured": false,
          "concern": "專心做好樵夫的工作",
          "memories": [
            {
              "kind": "PLAYER_DEFENDED_OAKVALE",
              "actorId": "alden",
              "at": 13425,
              "detail": "奧登擊退北方道路的威脅。"
            }
          ],
          "milestones": [
            {
              "id": "career:experienced",
              "at": 1440,
              "text": "芬恩 24成為熟練工作者。"
            }
          ]
        },
        "npc-25": {
          "traits": [
            "brave",
            "ambitious",
            "wanderer",
            "solitary"
          ],
          "career": "experienced",
          "careerJob": "blacksmith",
          "featured": false,
          "concern": "專心做好鐵匠的工作",
          "memories": [
            {
              "kind": "PLAYER_DEFENDED_OAKVALE",
              "actorId": "alden",
              "at": 16522,
              "detail": "奧登擊退北方道路的威脅。"
            }
          ],
          "milestones": [
            {
              "id": "career:experienced",
              "at": 1440,
              "text": "諾拉 25成為熟練工作者。"
            }
          ]
        },
        "npc-26": {
          "traits": [
            "brave",
            "ambitious",
            "wanderer",
            "solitary"
          ],
          "career": "retired",
          "careerJob": "shopkeeper",
          "featured": false,
          "concern": "享受安穩的退休生活",
          "memories": [],
          "milestones": [
            {
              "id": "career:retired",
              "at": 1440,
              "text": "雨果 26成為退休居民。"
            }
          ]
        },
        "npc-27": {
          "traits": [
            "brave",
            "content",
            "hardworking",
            "solitary"
          ],
          "career": "worker",
          "careerJob": "guard",
          "featured": false,
          "concern": "留意聚落周遭的動靜",
          "memories": [
            {
              "kind": "PLAYER_DEFENDED_OAKVALE",
              "actorId": "alden",
              "at": 12760,
              "detail": "奧登擊退北方道路的威脅。"
            }
          ],
          "milestones": [
            {
              "id": "career:worker",
              "at": 1440,
              "text": "露西 27成為工作者。"
            }
          ]
        },
        "npc-28": {
          "traits": [
            "brave",
            "content",
            "hardworking",
            "solitary"
          ],
          "career": "worker",
          "careerJob": "mercenary",
          "featured": false,
          "concern": "留意聚落周遭的動靜",
          "memories": [
            {
              "kind": "PLAYER_DEFENDED_OAKVALE",
              "actorId": "alden",
              "at": 12760,
              "detail": "奧登擊退北方道路的威脅。"
            }
          ],
          "milestones": [
            {
              "id": "career:worker",
              "at": 1440,
              "text": "西蒙 28成為工作者。"
            }
          ]
        },
        "npc-29": {
          "traits": [
            "brave",
            "content",
            "wanderer",
            "solitary"
          ],
          "career": "worker",
          "careerJob": "farmer",
          "featured": false,
          "concern": "專心做好農夫的工作",
          "memories": [],
          "milestones": [
            {
              "id": "career:worker",
              "at": 1440,
              "text": "艾琳 29成為工作者。"
            }
          ]
        },
        "npc-30": {
          "traits": [
            "brave",
            "content",
            "wanderer",
            "solitary"
          ],
          "career": "resident",
          "careerJob": "miner",
          "featured": false,
          "concern": "專心做好礦工的工作",
          "memories": [],
          "milestones": []
        },
        "npc-31": {
          "traits": [
            "brave",
            "content",
            "hardworking",
            "solitary"
          ],
          "career": "resident",
          "careerJob": "woodcutter",
          "featured": false,
          "concern": "專心做好樵夫的工作",
          "memories": [],
          "milestones": []
        },
        "npc-32": {
          "traits": [
            "brave",
            "content",
            "hardworking",
            "solitary"
          ],
          "career": "resident",
          "careerJob": "farmer",
          "featured": false,
          "concern": "專心做好農夫的工作",
          "memories": [],
          "milestones": []
        },
        "npc-33": {
          "traits": [
            "brave",
            "content",
            "wanderer",
            "solitary"
          ],
          "career": "resident",
          "careerJob": "shopkeeper",
          "featured": false,
          "concern": "專心做好店主的工作",
          "memories": [
            {
              "kind": "PLAYER_DEFENDED_OAKVALE",
              "actorId": "alden",
              "at": 65312,
              "detail": "奧登擊退北方道路的威脅。"
            }
          ],
          "milestones": []
        }
      },
      "properties": [],
      "settlementMemories": [],
      "worldMemories": [],
      "arcs": [],
      "requests": [],
      "news": [],
      "director": {
        "lastEventAt": 480,
        "quietUntil": 4800,
        "cooldowns": {
          "director:lastDailyTick": 77760
        },
        "recentMajor": [],
        "recentCrises": [],
        "lastPlayerActivity": 78266,
        "stability": 93.27520000000003,
        "tradePenalty": 0,
        "ironReserve": 40,
        "sequence": 0
      }
    },
    "saveVersion": 3,
    "worldSeed": 909,
    "rngState": 1059294316,
    "worldTime": 78266,
    "activeCharacterId": "alden",
    "characters": [
      {
        "id": "alden",
        "name": "奧登",
        "birthYear": -15,
        "age": 16,
        "lifeStage": "young",
        "level": 13,
        "exp": 130,
        "hp": 172,
        "maxHp": 172,
        "stamina": 84,
        "maxStamina": 84,
        "stats": {
          "strength": 32,
          "vitality": 20,
          "dexterity": 6,
          "intelligence": 5
        },
        "skills": {
          "combat": {
            "level": 7,
            "exp": 100
          },
          "farming": {
            "level": 1,
            "exp": 0
          },
          "mining": {
            "level": 9,
            "exp": 110
          },
          "woodcutting": {
            "level": 10,
            "exp": 20
          },
          "smithing": {
            "level": 5,
            "exp": 0
          }
        },
        "gold": 1,
        "inventory": {
          "wood": 5,
          "stone": 2,
          "iron": 4,
          "food": 3,
          "material": 13,
          "potion": 2,
          "sword": 0,
          "armor": 0
        },
        "equipment": {
          "weapon": null,
          "armor": null
        },
        "position": {
          "x": 9,
          "y": 8
        },
        "currentRegion": "village",
        "status": "idle",
        "isAlive": true,
        "deathYear": null,
        "deathCause": null,
        "lifespan": 80
      }
    ],
    "npcs": [
      {
        "id": "npc-1",
        "name": "米拉 1",
        "birthYear": -17,
        "age": 18,
        "lifeStage": "young",
        "level": 3,
        "exp": 18,
        "hp": 112,
        "maxHp": 112,
        "stamina": 84,
        "maxStamina": 84,
        "stats": {
          "strength": 12,
          "vitality": 10,
          "dexterity": 6,
          "intelligence": 5
        },
        "skills": {
          "combat": {
            "level": 1,
            "exp": 0
          },
          "farming": {
            "level": 3,
            "exp": 48
          },
          "mining": {
            "level": 1,
            "exp": 0
          },
          "woodcutting": {
            "level": 1,
            "exp": 0
          },
          "smithing": {
            "level": 1,
            "exp": 0
          }
        },
        "gold": 45,
        "inventory": {
          "wood": 0,
          "stone": 0,
          "iron": 0,
          "food": 3,
          "material": 0,
          "potion": 2,
          "sword": 0,
          "armor": 0
        },
        "equipment": {
          "weapon": null,
          "armor": null
        },
        "position": {
          "x": 16,
          "y": 10
        },
        "currentRegion": "farmland",
        "status": "idle",
        "isAlive": true,
        "deathYear": null,
        "deathCause": null,
        "lifespan": 82,
        "job": "farmer",
        "home": {
          "x": 7,
          "y": 10
        },
        "workplace": {
          "x": 16,
          "y": 10
        },
        "currentActivity": "work",
        "injuredUntil": 0,
        "schedule": [
          {
            "start": 0,
            "activity": "sleep",
            "destination": "home"
          },
          {
            "start": 420,
            "activity": "travel",
            "destination": "workplace"
          },
          {
            "start": 480,
            "activity": "work",
            "destination": "workplace"
          },
          {
            "start": 720,
            "activity": "leisure",
            "destination": "workplace"
          },
          {
            "start": 780,
            "activity": "work",
            "destination": "workplace"
          },
          {
            "start": 1020,
            "activity": "travel",
            "destination": "square"
          },
          {
            "start": 1080,
            "activity": "leisure",
            "destination": "square"
          },
          {
            "start": 1260,
            "activity": "travel",
            "destination": "home"
          },
          {
            "start": 1320,
            "activity": "sleep",
            "destination": "home"
          }
        ]
      },
      {
        "id": "npc-2",
        "name": "羅恩 2",
        "birthYear": -19,
        "age": 20,
        "lifeStage": "young",
        "level": 3,
        "exp": 18,
        "hp": 112,
        "maxHp": 112,
        "stamina": 84,
        "maxStamina": 84,
        "stats": {
          "strength": 12,
          "vitality": 10,
          "dexterity": 6,
          "intelligence": 5
        },
        "skills": {
          "combat": {
            "level": 1,
            "exp": 0
          },
          "farming": {
            "level": 1,
            "exp": 0
          },
          "mining": {
            "level": 3,
            "exp": 48
          },
          "woodcutting": {
            "level": 1,
            "exp": 0
          },
          "smithing": {
            "level": 1,
            "exp": 0
          }
        },
        "gold": 45,
        "inventory": {
          "wood": 0,
          "stone": 0,
          "iron": 0,
          "food": 3,
          "material": 0,
          "potion": 2,
          "sword": 0,
          "armor": 0
        },
        "equipment": {
          "weapon": null,
          "armor": null
        },
        "position": {
          "x": 19,
          "y": 5
        },
        "currentRegion": "mine",
        "status": "idle",
        "isAlive": true,
        "deathYear": null,
        "deathCause": null,
        "lifespan": 85,
        "job": "miner",
        "home": {
          "x": 8,
          "y": 11
        },
        "workplace": {
          "x": 19,
          "y": 5
        },
        "currentActivity": "work",
        "injuredUntil": 0,
        "schedule": [
          {
            "start": 0,
            "activity": "sleep",
            "destination": "home"
          },
          {
            "start": 420,
            "activity": "travel",
            "destination": "workplace"
          },
          {
            "start": 480,
            "activity": "work",
            "destination": "workplace"
          },
          {
            "start": 720,
            "activity": "leisure",
            "destination": "workplace"
          },
          {
            "start": 780,
            "activity": "work",
            "destination": "workplace"
          },
          {
            "start": 1020,
            "activity": "travel",
            "destination": "square"
          },
          {
            "start": 1080,
            "activity": "leisure",
            "destination": "square"
          },
          {
            "start": 1260,
            "activity": "travel",
            "destination": "home"
          },
          {
            "start": 1320,
            "activity": "sleep",
            "destination": "home"
          }
        ]
      },
      {
        "id": "npc-3",
        "name": "艾妲 3",
        "birthYear": -21,
        "age": 22,
        "lifeStage": "young",
        "level": 3,
        "exp": 18,
        "hp": 112,
        "maxHp": 112,
        "stamina": 84,
        "maxStamina": 84,
        "stats": {
          "strength": 12,
          "vitality": 10,
          "dexterity": 6,
          "intelligence": 5
        },
        "skills": {
          "combat": {
            "level": 1,
            "exp": 0
          },
          "farming": {
            "level": 1,
            "exp": 0
          },
          "mining": {
            "level": 1,
            "exp": 0
          },
          "woodcutting": {
            "level": 3,
            "exp": 48
          },
          "smithing": {
            "level": 1,
            "exp": 0
          }
        },
        "gold": 45,
        "inventory": {
          "wood": 0,
          "stone": 0,
          "iron": 0,
          "food": 3,
          "material": 0,
          "potion": 2,
          "sword": 0,
          "armor": 0
        },
        "equipment": {
          "weapon": null,
          "armor": null
        },
        "position": {
          "x": 5,
          "y": 4
        },
        "currentRegion": "forest",
        "status": "idle",
        "isAlive": true,
        "deathYear": null,
        "deathCause": null,
        "lifespan": 75,
        "job": "woodcutter",
        "home": {
          "x": 9,
          "y": 9
        },
        "workplace": {
          "x": 5,
          "y": 4
        },
        "currentActivity": "work",
        "injuredUntil": 0,
        "schedule": [
          {
            "start": 0,
            "activity": "sleep",
            "destination": "home"
          },
          {
            "start": 420,
            "activity": "travel",
            "destination": "workplace"
          },
          {
            "start": 480,
            "activity": "work",
            "destination": "workplace"
          },
          {
            "start": 720,
            "activity": "leisure",
            "destination": "workplace"
          },
          {
            "start": 780,
            "activity": "work",
            "destination": "workplace"
          },
          {
            "start": 1020,
            "activity": "travel",
            "destination": "square"
          },
          {
            "start": 1080,
            "activity": "leisure",
            "destination": "square"
          },
          {
            "start": 1260,
            "activity": "travel",
            "destination": "home"
          },
          {
            "start": 1320,
            "activity": "sleep",
            "destination": "home"
          }
        ]
      },
      {
        "id": "npc-4",
        "name": "芬恩 4",
        "birthYear": -23,
        "age": 24,
        "lifeStage": "young",
        "level": 3,
        "exp": 18,
        "hp": 112,
        "maxHp": 112,
        "stamina": 84,
        "maxStamina": 84,
        "stats": {
          "strength": 12,
          "vitality": 10,
          "dexterity": 6,
          "intelligence": 5
        },
        "skills": {
          "combat": {
            "level": 1,
            "exp": 0
          },
          "farming": {
            "level": 1,
            "exp": 0
          },
          "mining": {
            "level": 3,
            "exp": 48
          },
          "woodcutting": {
            "level": 1,
            "exp": 0
          },
          "smithing": {
            "level": 1,
            "exp": 0
          }
        },
        "gold": 45,
        "inventory": {
          "wood": 0,
          "stone": 0,
          "iron": 0,
          "food": 3,
          "material": 0,
          "potion": 2,
          "sword": 0,
          "armor": 0
        },
        "equipment": {
          "weapon": null,
          "armor": null
        },
        "position": {
          "x": 12,
          "y": 8
        },
        "currentRegion": "village",
        "status": "idle",
        "isAlive": true,
        "deathYear": null,
        "deathCause": null,
        "lifespan": 77,
        "job": "blacksmith",
        "home": {
          "x": 6,
          "y": 10
        },
        "workplace": {
          "x": 12,
          "y": 8
        },
        "currentActivity": "work",
        "injuredUntil": 0,
        "schedule": [
          {
            "start": 0,
            "activity": "sleep",
            "destination": "home"
          },
          {
            "start": 420,
            "activity": "travel",
            "destination": "workplace"
          },
          {
            "start": 480,
            "activity": "work",
            "destination": "workplace"
          },
          {
            "start": 720,
            "activity": "leisure",
            "destination": "workplace"
          },
          {
            "start": 780,
            "activity": "work",
            "destination": "workplace"
          },
          {
            "start": 1020,
            "activity": "travel",
            "destination": "square"
          },
          {
            "start": 1080,
            "activity": "leisure",
            "destination": "square"
          },
          {
            "start": 1260,
            "activity": "travel",
            "destination": "home"
          },
          {
            "start": 1320,
            "activity": "sleep",
            "destination": "home"
          }
        ]
      },
      {
        "id": "npc-5",
        "name": "諾拉 5",
        "birthYear": -25,
        "age": 26,
        "lifeStage": "adult",
        "level": 3,
        "exp": 18,
        "hp": 112,
        "maxHp": 112,
        "stamina": 80,
        "maxStamina": 80,
        "stats": {
          "strength": 12,
          "vitality": 10,
          "dexterity": 6,
          "intelligence": 5
        },
        "skills": {
          "combat": {
            "level": 1,
            "exp": 0
          },
          "farming": {
            "level": 3,
            "exp": 48
          },
          "mining": {
            "level": 1,
            "exp": 0
          },
          "woodcutting": {
            "level": 1,
            "exp": 0
          },
          "smithing": {
            "level": 1,
            "exp": 0
          }
        },
        "gold": 45,
        "inventory": {
          "wood": 0,
          "stone": 0,
          "iron": 0,
          "food": 3,
          "material": 0,
          "potion": 2,
          "sword": 0,
          "armor": 0
        },
        "equipment": {
          "weapon": null,
          "armor": null
        },
        "position": {
          "x": 10,
          "y": 8
        },
        "currentRegion": "village",
        "status": "idle",
        "isAlive": true,
        "deathYear": null,
        "deathCause": null,
        "lifespan": 75,
        "job": "shopkeeper",
        "home": {
          "x": 7,
          "y": 11
        },
        "workplace": {
          "x": 10,
          "y": 8
        },
        "currentActivity": "work",
        "injuredUntil": 0,
        "schedule": [
          {
            "start": 0,
            "activity": "sleep",
            "destination": "home"
          },
          {
            "start": 420,
            "activity": "travel",
            "destination": "workplace"
          },
          {
            "start": 480,
            "activity": "work",
            "destination": "workplace"
          },
          {
            "start": 720,
            "activity": "leisure",
            "destination": "workplace"
          },
          {
            "start": 780,
            "activity": "work",
            "destination": "workplace"
          },
          {
            "start": 1020,
            "activity": "travel",
            "destination": "square"
          },
          {
            "start": 1080,
            "activity": "leisure",
            "destination": "square"
          },
          {
            "start": 1260,
            "activity": "travel",
            "destination": "home"
          },
          {
            "start": 1320,
            "activity": "sleep",
            "destination": "home"
          }
        ]
      },
      {
        "id": "npc-6",
        "name": "雨果 6",
        "birthYear": -27,
        "age": 28,
        "lifeStage": "adult",
        "level": 3,
        "exp": 18,
        "hp": 112,
        "maxHp": 112,
        "stamina": 80,
        "maxStamina": 80,
        "stats": {
          "strength": 12,
          "vitality": 10,
          "dexterity": 6,
          "intelligence": 5
        },
        "skills": {
          "combat": {
            "level": 3,
            "exp": 48
          },
          "farming": {
            "level": 1,
            "exp": 0
          },
          "mining": {
            "level": 1,
            "exp": 0
          },
          "woodcutting": {
            "level": 1,
            "exp": 0
          },
          "smithing": {
            "level": 1,
            "exp": 0
          }
        },
        "gold": 45,
        "inventory": {
          "wood": 0,
          "stone": 0,
          "iron": 0,
          "food": 3,
          "material": 0,
          "potion": 2,
          "sword": 0,
          "armor": 0
        },
        "equipment": {
          "weapon": null,
          "armor": null
        },
        "position": {
          "x": 8,
          "y": 6
        },
        "currentRegion": "forest",
        "status": "idle",
        "isAlive": true,
        "deathYear": null,
        "deathCause": null,
        "lifespan": 77,
        "job": "guard",
        "home": {
          "x": 8,
          "y": 9
        },
        "workplace": {
          "x": 8,
          "y": 6
        },
        "currentActivity": "work",
        "injuredUntil": 0,
        "schedule": [
          {
            "start": 0,
            "activity": "sleep",
            "destination": "home"
          },
          {
            "start": 420,
            "activity": "travel",
            "destination": "workplace"
          },
          {
            "start": 480,
            "activity": "work",
            "destination": "workplace"
          },
          {
            "start": 720,
            "activity": "leisure",
            "destination": "workplace"
          },
          {
            "start": 780,
            "activity": "work",
            "destination": "workplace"
          },
          {
            "start": 1020,
            "activity": "travel",
            "destination": "square"
          },
          {
            "start": 1080,
            "activity": "leisure",
            "destination": "square"
          },
          {
            "start": 1260,
            "activity": "travel",
            "destination": "home"
          },
          {
            "start": 1320,
            "activity": "sleep",
            "destination": "home"
          }
        ]
      },
      {
        "id": "npc-7",
        "name": "露西 7",
        "birthYear": -29,
        "age": 30,
        "lifeStage": "adult",
        "level": 3,
        "exp": 18,
        "hp": 112,
        "maxHp": 112,
        "stamina": 80,
        "maxStamina": 80,
        "stats": {
          "strength": 12,
          "vitality": 10,
          "dexterity": 6,
          "intelligence": 5
        },
        "skills": {
          "combat": {
            "level": 3,
            "exp": 48
          },
          "farming": {
            "level": 1,
            "exp": 0
          },
          "mining": {
            "level": 1,
            "exp": 0
          },
          "woodcutting": {
            "level": 1,
            "exp": 0
          },
          "smithing": {
            "level": 1,
            "exp": 0
          }
        },
        "gold": 45,
        "inventory": {
          "wood": 0,
          "stone": 0,
          "iron": 0,
          "food": 3,
          "material": 0,
          "potion": 2,
          "sword": 0,
          "armor": 0
        },
        "equipment": {
          "weapon": null,
          "armor": null
        },
        "position": {
          "x": 11,
          "y": 11
        },
        "currentRegion": "village",
        "status": "idle",
        "isAlive": true,
        "deathYear": null,
        "deathCause": null,
        "lifespan": 74,
        "job": "mercenary",
        "home": {
          "x": 9,
          "y": 10
        },
        "workplace": {
          "x": 11,
          "y": 11
        },
        "currentActivity": "work",
        "injuredUntil": 0,
        "schedule": [
          {
            "start": 0,
            "activity": "sleep",
            "destination": "home"
          },
          {
            "start": 420,
            "activity": "travel",
            "destination": "workplace"
          },
          {
            "start": 480,
            "activity": "work",
            "destination": "workplace"
          },
          {
            "start": 720,
            "activity": "leisure",
            "destination": "workplace"
          },
          {
            "start": 780,
            "activity": "work",
            "destination": "workplace"
          },
          {
            "start": 1020,
            "activity": "travel",
            "destination": "square"
          },
          {
            "start": 1080,
            "activity": "leisure",
            "destination": "square"
          },
          {
            "start": 1260,
            "activity": "travel",
            "destination": "home"
          },
          {
            "start": 1320,
            "activity": "sleep",
            "destination": "home"
          }
        ]
      },
      {
        "id": "npc-8",
        "name": "西蒙 8",
        "birthYear": -31,
        "age": 32,
        "lifeStage": "adult",
        "level": 3,
        "exp": 18,
        "hp": 112,
        "maxHp": 112,
        "stamina": 80,
        "maxStamina": 80,
        "stats": {
          "strength": 12,
          "vitality": 10,
          "dexterity": 6,
          "intelligence": 5
        },
        "skills": {
          "combat": {
            "level": 1,
            "exp": 0
          },
          "farming": {
            "level": 3,
            "exp": 48
          },
          "mining": {
            "level": 1,
            "exp": 0
          },
          "woodcutting": {
            "level": 1,
            "exp": 0
          },
          "smithing": {
            "level": 1,
            "exp": 0
          }
        },
        "gold": 45,
        "inventory": {
          "wood": 0,
          "stone": 0,
          "iron": 0,
          "food": 3,
          "material": 0,
          "potion": 2,
          "sword": 0,
          "armor": 0
        },
        "equipment": {
          "weapon": null,
          "armor": null
        },
        "position": {
          "x": 16,
          "y": 10
        },
        "currentRegion": "farmland",
        "status": "idle",
        "isAlive": true,
        "deathYear": null,
        "deathCause": null,
        "lifespan": 79,
        "job": "farmer",
        "home": {
          "x": 6,
          "y": 11
        },
        "workplace": {
          "x": 16,
          "y": 10
        },
        "currentActivity": "work",
        "injuredUntil": 0,
        "schedule": [
          {
            "start": 0,
            "activity": "sleep",
            "destination": "home"
          },
          {
            "start": 420,
            "activity": "travel",
            "destination": "workplace"
          },
          {
            "start": 480,
            "activity": "work",
            "destination": "workplace"
          },
          {
            "start": 720,
            "activity": "leisure",
            "destination": "workplace"
          },
          {
            "start": 780,
            "activity": "work",
            "destination": "workplace"
          },
          {
            "start": 1020,
            "activity": "travel",
            "destination": "square"
          },
          {
            "start": 1080,
            "activity": "leisure",
            "destination": "square"
          },
          {
            "start": 1260,
            "activity": "travel",
            "destination": "home"
          },
          {
            "start": 1320,
            "activity": "sleep",
            "destination": "home"
          }
        ]
      },
      {
        "id": "npc-9",
        "name": "艾琳 9",
        "birthYear": -33,
        "age": 34,
        "lifeStage": "adult",
        "level": 3,
        "exp": 18,
        "hp": 112,
        "maxHp": 112,
        "stamina": 80,
        "maxStamina": 80,
        "stats": {
          "strength": 12,
          "vitality": 10,
          "dexterity": 6,
          "intelligence": 5
        },
        "skills": {
          "combat": {
            "level": 1,
            "exp": 0
          },
          "farming": {
            "level": 1,
            "exp": 0
          },
          "mining": {
            "level": 3,
            "exp": 48
          },
          "woodcutting": {
            "level": 1,
            "exp": 0
          },
          "smithing": {
            "level": 1,
            "exp": 0
          }
        },
        "gold": 45,
        "inventory": {
          "wood": 0,
          "stone": 0,
          "iron": 0,
          "food": 3,
          "material": 0,
          "potion": 2,
          "sword": 0,
          "armor": 0
        },
        "equipment": {
          "weapon": null,
          "armor": null
        },
        "position": {
          "x": 19,
          "y": 5
        },
        "currentRegion": "mine",
        "status": "idle",
        "isAlive": true,
        "deathYear": null,
        "deathCause": null,
        "lifespan": 88,
        "job": "miner",
        "home": {
          "x": 7,
          "y": 9
        },
        "workplace": {
          "x": 19,
          "y": 5
        },
        "currentActivity": "work",
        "injuredUntil": 0,
        "schedule": [
          {
            "start": 0,
            "activity": "sleep",
            "destination": "home"
          },
          {
            "start": 420,
            "activity": "travel",
            "destination": "workplace"
          },
          {
            "start": 480,
            "activity": "work",
            "destination": "workplace"
          },
          {
            "start": 720,
            "activity": "leisure",
            "destination": "workplace"
          },
          {
            "start": 780,
            "activity": "work",
            "destination": "workplace"
          },
          {
            "start": 1020,
            "activity": "travel",
            "destination": "square"
          },
          {
            "start": 1080,
            "activity": "leisure",
            "destination": "square"
          },
          {
            "start": 1260,
            "activity": "travel",
            "destination": "home"
          },
          {
            "start": 1320,
            "activity": "sleep",
            "destination": "home"
          }
        ]
      },
      {
        "id": "npc-10",
        "name": "奧斯卡 10",
        "birthYear": -35,
        "age": 36,
        "lifeStage": "adult",
        "level": 3,
        "exp": 18,
        "hp": 112,
        "maxHp": 112,
        "stamina": 80,
        "maxStamina": 80,
        "stats": {
          "strength": 12,
          "vitality": 10,
          "dexterity": 6,
          "intelligence": 5
        },
        "skills": {
          "combat": {
            "level": 1,
            "exp": 0
          },
          "farming": {
            "level": 1,
            "exp": 0
          },
          "mining": {
            "level": 1,
            "exp": 0
          },
          "woodcutting": {
            "level": 3,
            "exp": 48
          },
          "smithing": {
            "level": 1,
            "exp": 0
          }
        },
        "gold": 45,
        "inventory": {
          "wood": 0,
          "stone": 0,
          "iron": 0,
          "food": 3,
          "material": 0,
          "potion": 2,
          "sword": 0,
          "armor": 0
        },
        "equipment": {
          "weapon": null,
          "armor": null
        },
        "position": {
          "x": 5,
          "y": 4
        },
        "currentRegion": "forest",
        "status": "idle",
        "isAlive": true,
        "deathYear": null,
        "deathCause": null,
        "lifespan": 86,
        "job": "woodcutter",
        "home": {
          "x": 8,
          "y": 10
        },
        "workplace": {
          "x": 5,
          "y": 4
        },
        "currentActivity": "work",
        "injuredUntil": 0,
        "schedule": [
          {
            "start": 0,
            "activity": "sleep",
            "destination": "home"
          },
          {
            "start": 420,
            "activity": "travel",
            "destination": "workplace"
          },
          {
            "start": 480,
            "activity": "work",
            "destination": "workplace"
          },
          {
            "start": 720,
            "activity": "leisure",
            "destination": "workplace"
          },
          {
            "start": 780,
            "activity": "work",
            "destination": "workplace"
          },
          {
            "start": 1020,
            "activity": "travel",
            "destination": "square"
          },
          {
            "start": 1080,
            "activity": "leisure",
            "destination": "square"
          },
          {
            "start": 1260,
            "activity": "travel",
            "destination": "home"
          },
          {
            "start": 1320,
            "activity": "sleep",
            "destination": "home"
          }
        ]
      },
      {
        "id": "npc-11",
        "name": "米拉 11",
        "birthYear": -37,
        "age": 38,
        "lifeStage": "adult",
        "level": 3,
        "exp": 18,
        "hp": 112,
        "maxHp": 112,
        "stamina": 80,
        "maxStamina": 80,
        "stats": {
          "strength": 12,
          "vitality": 10,
          "dexterity": 6,
          "intelligence": 5
        },
        "skills": {
          "combat": {
            "level": 1,
            "exp": 0
          },
          "farming": {
            "level": 1,
            "exp": 0
          },
          "mining": {
            "level": 3,
            "exp": 48
          },
          "woodcutting": {
            "level": 1,
            "exp": 0
          },
          "smithing": {
            "level": 1,
            "exp": 0
          }
        },
        "gold": 45,
        "inventory": {
          "wood": 0,
          "stone": 0,
          "iron": 0,
          "food": 3,
          "material": 0,
          "potion": 2,
          "sword": 0,
          "armor": 0
        },
        "equipment": {
          "weapon": null,
          "armor": null
        },
        "position": {
          "x": 12,
          "y": 8
        },
        "currentRegion": "village",
        "status": "idle",
        "isAlive": true,
        "deathYear": null,
        "deathCause": null,
        "lifespan": 76,
        "job": "blacksmith",
        "home": {
          "x": 9,
          "y": 11
        },
        "workplace": {
          "x": 12,
          "y": 8
        },
        "currentActivity": "work",
        "injuredUntil": 0,
        "schedule": [
          {
            "start": 0,
            "activity": "sleep",
            "destination": "home"
          },
          {
            "start": 420,
            "activity": "travel",
            "destination": "workplace"
          },
          {
            "start": 480,
            "activity": "work",
            "destination": "workplace"
          },
          {
            "start": 720,
            "activity": "leisure",
            "destination": "workplace"
          },
          {
            "start": 780,
            "activity": "work",
            "destination": "workplace"
          },
          {
            "start": 1020,
            "activity": "travel",
            "destination": "square"
          },
          {
            "start": 1080,
            "activity": "leisure",
            "destination": "square"
          },
          {
            "start": 1260,
            "activity": "travel",
            "destination": "home"
          },
          {
            "start": 1320,
            "activity": "sleep",
            "destination": "home"
          }
        ]
      },
      {
        "id": "npc-12",
        "name": "羅恩 12",
        "birthYear": -39,
        "age": 40,
        "lifeStage": "adult",
        "level": 3,
        "exp": 18,
        "hp": 112,
        "maxHp": 112,
        "stamina": 80,
        "maxStamina": 80,
        "stats": {
          "strength": 12,
          "vitality": 10,
          "dexterity": 6,
          "intelligence": 5
        },
        "skills": {
          "combat": {
            "level": 1,
            "exp": 0
          },
          "farming": {
            "level": 3,
            "exp": 48
          },
          "mining": {
            "level": 1,
            "exp": 0
          },
          "woodcutting": {
            "level": 1,
            "exp": 0
          },
          "smithing": {
            "level": 1,
            "exp": 0
          }
        },
        "gold": 45,
        "inventory": {
          "wood": 0,
          "stone": 0,
          "iron": 0,
          "food": 3,
          "material": 0,
          "potion": 2,
          "sword": 0,
          "armor": 0
        },
        "equipment": {
          "weapon": null,
          "armor": null
        },
        "position": {
          "x": 10,
          "y": 8
        },
        "currentRegion": "village",
        "status": "idle",
        "isAlive": true,
        "deathYear": null,
        "deathCause": null,
        "lifespan": 76,
        "job": "shopkeeper",
        "home": {
          "x": 6,
          "y": 9
        },
        "workplace": {
          "x": 10,
          "y": 8
        },
        "currentActivity": "work",
        "injuredUntil": 0,
        "schedule": [
          {
            "start": 0,
            "activity": "sleep",
            "destination": "home"
          },
          {
            "start": 420,
            "activity": "travel",
            "destination": "workplace"
          },
          {
            "start": 480,
            "activity": "work",
            "destination": "workplace"
          },
          {
            "start": 720,
            "activity": "leisure",
            "destination": "workplace"
          },
          {
            "start": 780,
            "activity": "work",
            "destination": "workplace"
          },
          {
            "start": 1020,
            "activity": "travel",
            "destination": "square"
          },
          {
            "start": 1080,
            "activity": "leisure",
            "destination": "square"
          },
          {
            "start": 1260,
            "activity": "travel",
            "destination": "home"
          },
          {
            "start": 1320,
            "activity": "sleep",
            "destination": "home"
          }
        ]
      },
      {
        "id": "npc-13",
        "name": "艾妲 13",
        "birthYear": -41,
        "age": 42,
        "lifeStage": "adult",
        "level": 3,
        "exp": 18,
        "hp": 112,
        "maxHp": 112,
        "stamina": 80,
        "maxStamina": 80,
        "stats": {
          "strength": 12,
          "vitality": 10,
          "dexterity": 6,
          "intelligence": 5
        },
        "skills": {
          "combat": {
            "level": 3,
            "exp": 48
          },
          "farming": {
            "level": 1,
            "exp": 0
          },
          "mining": {
            "level": 1,
            "exp": 0
          },
          "woodcutting": {
            "level": 1,
            "exp": 0
          },
          "smithing": {
            "level": 1,
            "exp": 0
          }
        },
        "gold": 45,
        "inventory": {
          "wood": 0,
          "stone": 0,
          "iron": 0,
          "food": 3,
          "material": 0,
          "potion": 2,
          "sword": 0,
          "armor": 0
        },
        "equipment": {
          "weapon": null,
          "armor": null
        },
        "position": {
          "x": 8,
          "y": 6
        },
        "currentRegion": "forest",
        "status": "idle",
        "isAlive": true,
        "deathYear": null,
        "deathCause": null,
        "lifespan": 82,
        "job": "guard",
        "home": {
          "x": 7,
          "y": 10
        },
        "workplace": {
          "x": 8,
          "y": 6
        },
        "currentActivity": "work",
        "injuredUntil": 0,
        "schedule": [
          {
            "start": 0,
            "activity": "sleep",
            "destination": "home"
          },
          {
            "start": 420,
            "activity": "travel",
            "destination": "workplace"
          },
          {
            "start": 480,
            "activity": "work",
            "destination": "workplace"
          },
          {
            "start": 720,
            "activity": "leisure",
            "destination": "workplace"
          },
          {
            "start": 780,
            "activity": "work",
            "destination": "workplace"
          },
          {
            "start": 1020,
            "activity": "travel",
            "destination": "square"
          },
          {
            "start": 1080,
            "activity": "leisure",
            "destination": "square"
          },
          {
            "start": 1260,
            "activity": "travel",
            "destination": "home"
          },
          {
            "start": 1320,
            "activity": "sleep",
            "destination": "home"
          }
        ]
      },
      {
        "id": "npc-14",
        "name": "芬恩 14",
        "birthYear": -43,
        "age": 44,
        "lifeStage": "adult",
        "level": 3,
        "exp": 18,
        "hp": 112,
        "maxHp": 112,
        "stamina": 80,
        "maxStamina": 80,
        "stats": {
          "strength": 12,
          "vitality": 10,
          "dexterity": 6,
          "intelligence": 5
        },
        "skills": {
          "combat": {
            "level": 3,
            "exp": 48
          },
          "farming": {
            "level": 1,
            "exp": 0
          },
          "mining": {
            "level": 1,
            "exp": 0
          },
          "woodcutting": {
            "level": 1,
            "exp": 0
          },
          "smithing": {
            "level": 1,
            "exp": 0
          }
        },
        "gold": 45,
        "inventory": {
          "wood": 0,
          "stone": 0,
          "iron": 0,
          "food": 3,
          "material": 0,
          "potion": 2,
          "sword": 0,
          "armor": 0
        },
        "equipment": {
          "weapon": null,
          "armor": null
        },
        "position": {
          "x": 11,
          "y": 11
        },
        "currentRegion": "village",
        "status": "idle",
        "isAlive": true,
        "deathYear": null,
        "deathCause": null,
        "lifespan": 73,
        "job": "mercenary",
        "home": {
          "x": 8,
          "y": 11
        },
        "workplace": {
          "x": 11,
          "y": 11
        },
        "currentActivity": "work",
        "injuredUntil": 0,
        "schedule": [
          {
            "start": 0,
            "activity": "sleep",
            "destination": "home"
          },
          {
            "start": 420,
            "activity": "travel",
            "destination": "workplace"
          },
          {
            "start": 480,
            "activity": "work",
            "destination": "workplace"
          },
          {
            "start": 720,
            "activity": "leisure",
            "destination": "workplace"
          },
          {
            "start": 780,
            "activity": "work",
            "destination": "workplace"
          },
          {
            "start": 1020,
            "activity": "travel",
            "destination": "square"
          },
          {
            "start": 1080,
            "activity": "leisure",
            "destination": "square"
          },
          {
            "start": 1260,
            "activity": "travel",
            "destination": "home"
          },
          {
            "start": 1320,
            "activity": "sleep",
            "destination": "home"
          }
        ]
      },
      {
        "id": "npc-15",
        "name": "諾拉 15",
        "birthYear": -45,
        "age": 46,
        "lifeStage": "adult",
        "level": 3,
        "exp": 18,
        "hp": 112,
        "maxHp": 112,
        "stamina": 80,
        "maxStamina": 80,
        "stats": {
          "strength": 12,
          "vitality": 10,
          "dexterity": 6,
          "intelligence": 5
        },
        "skills": {
          "combat": {
            "level": 1,
            "exp": 0
          },
          "farming": {
            "level": 3,
            "exp": 48
          },
          "mining": {
            "level": 1,
            "exp": 0
          },
          "woodcutting": {
            "level": 1,
            "exp": 0
          },
          "smithing": {
            "level": 1,
            "exp": 0
          }
        },
        "gold": 45,
        "inventory": {
          "wood": 0,
          "stone": 0,
          "iron": 0,
          "food": 3,
          "material": 0,
          "potion": 2,
          "sword": 0,
          "armor": 0
        },
        "equipment": {
          "weapon": null,
          "armor": null
        },
        "position": {
          "x": 16,
          "y": 10
        },
        "currentRegion": "farmland",
        "status": "idle",
        "isAlive": true,
        "deathYear": null,
        "deathCause": null,
        "lifespan": 82,
        "job": "farmer",
        "home": {
          "x": 9,
          "y": 9
        },
        "workplace": {
          "x": 16,
          "y": 10
        },
        "currentActivity": "work",
        "injuredUntil": 0,
        "schedule": [
          {
            "start": 0,
            "activity": "sleep",
            "destination": "home"
          },
          {
            "start": 420,
            "activity": "travel",
            "destination": "workplace"
          },
          {
            "start": 480,
            "activity": "work",
            "destination": "workplace"
          },
          {
            "start": 720,
            "activity": "leisure",
            "destination": "workplace"
          },
          {
            "start": 780,
            "activity": "work",
            "destination": "workplace"
          },
          {
            "start": 1020,
            "activity": "travel",
            "destination": "square"
          },
          {
            "start": 1080,
            "activity": "leisure",
            "destination": "square"
          },
          {
            "start": 1260,
            "activity": "travel",
            "destination": "home"
          },
          {
            "start": 1320,
            "activity": "sleep",
            "destination": "home"
          }
        ]
      },
      {
        "id": "npc-16",
        "name": "雨果 16",
        "birthYear": -47,
        "age": 48,
        "lifeStage": "adult",
        "level": 3,
        "exp": 18,
        "hp": 112,
        "maxHp": 112,
        "stamina": 80,
        "maxStamina": 80,
        "stats": {
          "strength": 12,
          "vitality": 10,
          "dexterity": 6,
          "intelligence": 5
        },
        "skills": {
          "combat": {
            "level": 1,
            "exp": 0
          },
          "farming": {
            "level": 1,
            "exp": 0
          },
          "mining": {
            "level": 3,
            "exp": 48
          },
          "woodcutting": {
            "level": 1,
            "exp": 0
          },
          "smithing": {
            "level": 1,
            "exp": 0
          }
        },
        "gold": 45,
        "inventory": {
          "wood": 0,
          "stone": 0,
          "iron": 0,
          "food": 3,
          "material": 0,
          "potion": 2,
          "sword": 0,
          "armor": 0
        },
        "equipment": {
          "weapon": null,
          "armor": null
        },
        "position": {
          "x": 19,
          "y": 5
        },
        "currentRegion": "mine",
        "status": "idle",
        "isAlive": true,
        "deathYear": null,
        "deathCause": null,
        "lifespan": 75,
        "job": "miner",
        "home": {
          "x": 6,
          "y": 10
        },
        "workplace": {
          "x": 19,
          "y": 5
        },
        "currentActivity": "work",
        "injuredUntil": 0,
        "schedule": [
          {
            "start": 0,
            "activity": "sleep",
            "destination": "home"
          },
          {
            "start": 420,
            "activity": "travel",
            "destination": "workplace"
          },
          {
            "start": 480,
            "activity": "work",
            "destination": "workplace"
          },
          {
            "start": 720,
            "activity": "leisure",
            "destination": "workplace"
          },
          {
            "start": 780,
            "activity": "work",
            "destination": "workplace"
          },
          {
            "start": 1020,
            "activity": "travel",
            "destination": "square"
          },
          {
            "start": 1080,
            "activity": "leisure",
            "destination": "square"
          },
          {
            "start": 1260,
            "activity": "travel",
            "destination": "home"
          },
          {
            "start": 1320,
            "activity": "sleep",
            "destination": "home"
          }
        ]
      },
      {
        "id": "npc-17",
        "name": "露西 17",
        "birthYear": -49,
        "age": 50,
        "lifeStage": "middleAge",
        "level": 3,
        "exp": 18,
        "hp": 112,
        "maxHp": 112,
        "stamina": 76,
        "maxStamina": 76,
        "stats": {
          "strength": 12,
          "vitality": 10,
          "dexterity": 6,
          "intelligence": 5
        },
        "skills": {
          "combat": {
            "level": 1,
            "exp": 0
          },
          "farming": {
            "level": 1,
            "exp": 0
          },
          "mining": {
            "level": 1,
            "exp": 0
          },
          "woodcutting": {
            "level": 3,
            "exp": 48
          },
          "smithing": {
            "level": 1,
            "exp": 0
          }
        },
        "gold": 45,
        "inventory": {
          "wood": 0,
          "stone": 0,
          "iron": 0,
          "food": 3,
          "material": 0,
          "potion": 2,
          "sword": 0,
          "armor": 0
        },
        "equipment": {
          "weapon": null,
          "armor": null
        },
        "position": {
          "x": 5,
          "y": 4
        },
        "currentRegion": "forest",
        "status": "idle",
        "isAlive": true,
        "deathYear": null,
        "deathCause": null,
        "lifespan": 88,
        "job": "woodcutter",
        "home": {
          "x": 7,
          "y": 11
        },
        "workplace": {
          "x": 5,
          "y": 4
        },
        "currentActivity": "work",
        "injuredUntil": 0,
        "schedule": [
          {
            "start": 0,
            "activity": "sleep",
            "destination": "home"
          },
          {
            "start": 420,
            "activity": "travel",
            "destination": "workplace"
          },
          {
            "start": 480,
            "activity": "work",
            "destination": "workplace"
          },
          {
            "start": 720,
            "activity": "leisure",
            "destination": "workplace"
          },
          {
            "start": 780,
            "activity": "work",
            "destination": "workplace"
          },
          {
            "start": 1020,
            "activity": "travel",
            "destination": "square"
          },
          {
            "start": 1080,
            "activity": "leisure",
            "destination": "square"
          },
          {
            "start": 1260,
            "activity": "travel",
            "destination": "home"
          },
          {
            "start": 1320,
            "activity": "sleep",
            "destination": "home"
          }
        ]
      },
      {
        "id": "npc-18",
        "name": "西蒙 18",
        "birthYear": -51,
        "age": 52,
        "lifeStage": "middleAge",
        "level": 3,
        "exp": 18,
        "hp": 112,
        "maxHp": 112,
        "stamina": 76,
        "maxStamina": 76,
        "stats": {
          "strength": 12,
          "vitality": 10,
          "dexterity": 6,
          "intelligence": 5
        },
        "skills": {
          "combat": {
            "level": 1,
            "exp": 0
          },
          "farming": {
            "level": 1,
            "exp": 0
          },
          "mining": {
            "level": 3,
            "exp": 48
          },
          "woodcutting": {
            "level": 1,
            "exp": 0
          },
          "smithing": {
            "level": 1,
            "exp": 0
          }
        },
        "gold": 45,
        "inventory": {
          "wood": 0,
          "stone": 0,
          "iron": 0,
          "food": 3,
          "material": 0,
          "potion": 2,
          "sword": 0,
          "armor": 0
        },
        "equipment": {
          "weapon": null,
          "armor": null
        },
        "position": {
          "x": 12,
          "y": 8
        },
        "currentRegion": "village",
        "status": "idle",
        "isAlive": true,
        "deathYear": null,
        "deathCause": null,
        "lifespan": 74,
        "job": "blacksmith",
        "home": {
          "x": 8,
          "y": 9
        },
        "workplace": {
          "x": 12,
          "y": 8
        },
        "currentActivity": "work",
        "injuredUntil": 0,
        "schedule": [
          {
            "start": 0,
            "activity": "sleep",
            "destination": "home"
          },
          {
            "start": 420,
            "activity": "travel",
            "destination": "workplace"
          },
          {
            "start": 480,
            "activity": "work",
            "destination": "workplace"
          },
          {
            "start": 720,
            "activity": "leisure",
            "destination": "workplace"
          },
          {
            "start": 780,
            "activity": "work",
            "destination": "workplace"
          },
          {
            "start": 1020,
            "activity": "travel",
            "destination": "square"
          },
          {
            "start": 1080,
            "activity": "leisure",
            "destination": "square"
          },
          {
            "start": 1260,
            "activity": "travel",
            "destination": "home"
          },
          {
            "start": 1320,
            "activity": "sleep",
            "destination": "home"
          }
        ]
      },
      {
        "id": "npc-19",
        "name": "艾琳 19",
        "birthYear": -53,
        "age": 54,
        "lifeStage": "middleAge",
        "level": 3,
        "exp": 18,
        "hp": 112,
        "maxHp": 112,
        "stamina": 76,
        "maxStamina": 76,
        "stats": {
          "strength": 12,
          "vitality": 10,
          "dexterity": 6,
          "intelligence": 5
        },
        "skills": {
          "combat": {
            "level": 1,
            "exp": 0
          },
          "farming": {
            "level": 3,
            "exp": 48
          },
          "mining": {
            "level": 1,
            "exp": 0
          },
          "woodcutting": {
            "level": 1,
            "exp": 0
          },
          "smithing": {
            "level": 1,
            "exp": 0
          }
        },
        "gold": 45,
        "inventory": {
          "wood": 0,
          "stone": 0,
          "iron": 0,
          "food": 3,
          "material": 0,
          "potion": 2,
          "sword": 0,
          "armor": 0
        },
        "equipment": {
          "weapon": null,
          "armor": null
        },
        "position": {
          "x": 10,
          "y": 8
        },
        "currentRegion": "village",
        "status": "idle",
        "isAlive": true,
        "deathYear": null,
        "deathCause": null,
        "lifespan": 86,
        "job": "shopkeeper",
        "home": {
          "x": 9,
          "y": 10
        },
        "workplace": {
          "x": 10,
          "y": 8
        },
        "currentActivity": "work",
        "injuredUntil": 0,
        "schedule": [
          {
            "start": 0,
            "activity": "sleep",
            "destination": "home"
          },
          {
            "start": 420,
            "activity": "travel",
            "destination": "workplace"
          },
          {
            "start": 480,
            "activity": "work",
            "destination": "workplace"
          },
          {
            "start": 720,
            "activity": "leisure",
            "destination": "workplace"
          },
          {
            "start": 780,
            "activity": "work",
            "destination": "workplace"
          },
          {
            "start": 1020,
            "activity": "travel",
            "destination": "square"
          },
          {
            "start": 1080,
            "activity": "leisure",
            "destination": "square"
          },
          {
            "start": 1260,
            "activity": "travel",
            "destination": "home"
          },
          {
            "start": 1320,
            "activity": "sleep",
            "destination": "home"
          }
        ]
      },
      {
        "id": "npc-20",
        "name": "奧斯卡 20",
        "birthYear": -55,
        "age": 56,
        "lifeStage": "middleAge",
        "level": 3,
        "exp": 18,
        "hp": 112,
        "maxHp": 112,
        "stamina": 76,
        "maxStamina": 76,
        "stats": {
          "strength": 12,
          "vitality": 10,
          "dexterity": 6,
          "intelligence": 5
        },
        "skills": {
          "combat": {
            "level": 3,
            "exp": 48
          },
          "farming": {
            "level": 1,
            "exp": 0
          },
          "mining": {
            "level": 1,
            "exp": 0
          },
          "woodcutting": {
            "level": 1,
            "exp": 0
          },
          "smithing": {
            "level": 1,
            "exp": 0
          }
        },
        "gold": 45,
        "inventory": {
          "wood": 0,
          "stone": 0,
          "iron": 0,
          "food": 3,
          "material": 0,
          "potion": 2,
          "sword": 0,
          "armor": 0
        },
        "equipment": {
          "weapon": null,
          "armor": null
        },
        "position": {
          "x": 8,
          "y": 6
        },
        "currentRegion": "forest",
        "status": "idle",
        "isAlive": true,
        "deathYear": null,
        "deathCause": null,
        "lifespan": 85,
        "job": "guard",
        "home": {
          "x": 6,
          "y": 11
        },
        "workplace": {
          "x": 8,
          "y": 6
        },
        "currentActivity": "work",
        "injuredUntil": 0,
        "schedule": [
          {
            "start": 0,
            "activity": "sleep",
            "destination": "home"
          },
          {
            "start": 420,
            "activity": "travel",
            "destination": "workplace"
          },
          {
            "start": 480,
            "activity": "work",
            "destination": "workplace"
          },
          {
            "start": 720,
            "activity": "leisure",
            "destination": "workplace"
          },
          {
            "start": 780,
            "activity": "work",
            "destination": "workplace"
          },
          {
            "start": 1020,
            "activity": "travel",
            "destination": "square"
          },
          {
            "start": 1080,
            "activity": "leisure",
            "destination": "square"
          },
          {
            "start": 1260,
            "activity": "travel",
            "destination": "home"
          },
          {
            "start": 1320,
            "activity": "sleep",
            "destination": "home"
          }
        ]
      },
      {
        "id": "npc-21",
        "name": "米拉 21",
        "birthYear": -57,
        "age": 58,
        "lifeStage": "middleAge",
        "level": 3,
        "exp": 18,
        "hp": 112,
        "maxHp": 112,
        "stamina": 76,
        "maxStamina": 76,
        "stats": {
          "strength": 12,
          "vitality": 10,
          "dexterity": 6,
          "intelligence": 5
        },
        "skills": {
          "combat": {
            "level": 3,
            "exp": 48
          },
          "farming": {
            "level": 1,
            "exp": 0
          },
          "mining": {
            "level": 1,
            "exp": 0
          },
          "woodcutting": {
            "level": 1,
            "exp": 0
          },
          "smithing": {
            "level": 1,
            "exp": 0
          }
        },
        "gold": 45,
        "inventory": {
          "wood": 0,
          "stone": 0,
          "iron": 0,
          "food": 3,
          "material": 0,
          "potion": 2,
          "sword": 0,
          "armor": 0
        },
        "equipment": {
          "weapon": null,
          "armor": null
        },
        "position": {
          "x": 11,
          "y": 11
        },
        "currentRegion": "village",
        "status": "idle",
        "isAlive": true,
        "deathYear": null,
        "deathCause": null,
        "lifespan": 85,
        "job": "mercenary",
        "home": {
          "x": 7,
          "y": 9
        },
        "workplace": {
          "x": 11,
          "y": 11
        },
        "currentActivity": "work",
        "injuredUntil": 0,
        "schedule": [
          {
            "start": 0,
            "activity": "sleep",
            "destination": "home"
          },
          {
            "start": 420,
            "activity": "travel",
            "destination": "workplace"
          },
          {
            "start": 480,
            "activity": "work",
            "destination": "workplace"
          },
          {
            "start": 720,
            "activity": "leisure",
            "destination": "workplace"
          },
          {
            "start": 780,
            "activity": "work",
            "destination": "workplace"
          },
          {
            "start": 1020,
            "activity": "travel",
            "destination": "square"
          },
          {
            "start": 1080,
            "activity": "leisure",
            "destination": "square"
          },
          {
            "start": 1260,
            "activity": "travel",
            "destination": "home"
          },
          {
            "start": 1320,
            "activity": "sleep",
            "destination": "home"
          }
        ]
      },
      {
        "id": "npc-22",
        "name": "羅恩 22",
        "birthYear": -59,
        "age": 60,
        "lifeStage": "middleAge",
        "level": 3,
        "exp": 18,
        "hp": 112,
        "maxHp": 112,
        "stamina": 76,
        "maxStamina": 76,
        "stats": {
          "strength": 12,
          "vitality": 10,
          "dexterity": 6,
          "intelligence": 5
        },
        "skills": {
          "combat": {
            "level": 1,
            "exp": 0
          },
          "farming": {
            "level": 3,
            "exp": 48
          },
          "mining": {
            "level": 1,
            "exp": 0
          },
          "woodcutting": {
            "level": 1,
            "exp": 0
          },
          "smithing": {
            "level": 1,
            "exp": 0
          }
        },
        "gold": 45,
        "inventory": {
          "wood": 0,
          "stone": 0,
          "iron": 0,
          "food": 3,
          "material": 0,
          "potion": 2,
          "sword": 0,
          "armor": 0
        },
        "equipment": {
          "weapon": null,
          "armor": null
        },
        "position": {
          "x": 16,
          "y": 10
        },
        "currentRegion": "farmland",
        "status": "idle",
        "isAlive": true,
        "deathYear": null,
        "deathCause": null,
        "lifespan": 74,
        "job": "farmer",
        "home": {
          "x": 8,
          "y": 10
        },
        "workplace": {
          "x": 16,
          "y": 10
        },
        "currentActivity": "work",
        "injuredUntil": 0,
        "schedule": [
          {
            "start": 0,
            "activity": "sleep",
            "destination": "home"
          },
          {
            "start": 420,
            "activity": "travel",
            "destination": "workplace"
          },
          {
            "start": 480,
            "activity": "work",
            "destination": "workplace"
          },
          {
            "start": 720,
            "activity": "leisure",
            "destination": "workplace"
          },
          {
            "start": 780,
            "activity": "work",
            "destination": "workplace"
          },
          {
            "start": 1020,
            "activity": "travel",
            "destination": "square"
          },
          {
            "start": 1080,
            "activity": "leisure",
            "destination": "square"
          },
          {
            "start": 1260,
            "activity": "travel",
            "destination": "home"
          },
          {
            "start": 1320,
            "activity": "sleep",
            "destination": "home"
          }
        ]
      },
      {
        "id": "npc-23",
        "name": "艾妲 23",
        "birthYear": -61,
        "age": 62,
        "lifeStage": "middleAge",
        "level": 3,
        "exp": 18,
        "hp": 112,
        "maxHp": 112,
        "stamina": 76,
        "maxStamina": 76,
        "stats": {
          "strength": 12,
          "vitality": 10,
          "dexterity": 6,
          "intelligence": 5
        },
        "skills": {
          "combat": {
            "level": 1,
            "exp": 0
          },
          "farming": {
            "level": 1,
            "exp": 0
          },
          "mining": {
            "level": 3,
            "exp": 48
          },
          "woodcutting": {
            "level": 1,
            "exp": 0
          },
          "smithing": {
            "level": 1,
            "exp": 0
          }
        },
        "gold": 45,
        "inventory": {
          "wood": 0,
          "stone": 0,
          "iron": 0,
          "food": 3,
          "material": 0,
          "potion": 2,
          "sword": 0,
          "armor": 0
        },
        "equipment": {
          "weapon": null,
          "armor": null
        },
        "position": {
          "x": 19,
          "y": 5
        },
        "currentRegion": "mine",
        "status": "idle",
        "isAlive": true,
        "deathYear": null,
        "deathCause": null,
        "lifespan": 83,
        "job": "miner",
        "home": {
          "x": 9,
          "y": 11
        },
        "workplace": {
          "x": 19,
          "y": 5
        },
        "currentActivity": "work",
        "injuredUntil": 0,
        "schedule": [
          {
            "start": 0,
            "activity": "sleep",
            "destination": "home"
          },
          {
            "start": 420,
            "activity": "travel",
            "destination": "workplace"
          },
          {
            "start": 480,
            "activity": "work",
            "destination": "workplace"
          },
          {
            "start": 720,
            "activity": "leisure",
            "destination": "workplace"
          },
          {
            "start": 780,
            "activity": "work",
            "destination": "workplace"
          },
          {
            "start": 1020,
            "activity": "travel",
            "destination": "square"
          },
          {
            "start": 1080,
            "activity": "leisure",
            "destination": "square"
          },
          {
            "start": 1260,
            "activity": "travel",
            "destination": "home"
          },
          {
            "start": 1320,
            "activity": "sleep",
            "destination": "home"
          }
        ]
      },
      {
        "id": "npc-24",
        "name": "芬恩 24",
        "birthYear": -63,
        "age": 64,
        "lifeStage": "middleAge",
        "level": 3,
        "exp": 18,
        "hp": 112,
        "maxHp": 112,
        "stamina": 76,
        "maxStamina": 76,
        "stats": {
          "strength": 12,
          "vitality": 10,
          "dexterity": 6,
          "intelligence": 5
        },
        "skills": {
          "combat": {
            "level": 1,
            "exp": 0
          },
          "farming": {
            "level": 1,
            "exp": 0
          },
          "mining": {
            "level": 1,
            "exp": 0
          },
          "woodcutting": {
            "level": 3,
            "exp": 48
          },
          "smithing": {
            "level": 1,
            "exp": 0
          }
        },
        "gold": 45,
        "inventory": {
          "wood": 0,
          "stone": 0,
          "iron": 0,
          "food": 3,
          "material": 0,
          "potion": 2,
          "sword": 0,
          "armor": 0
        },
        "equipment": {
          "weapon": null,
          "armor": null
        },
        "position": {
          "x": 5,
          "y": 4
        },
        "currentRegion": "forest",
        "status": "idle",
        "isAlive": true,
        "deathYear": null,
        "deathCause": null,
        "lifespan": 79,
        "job": "woodcutter",
        "home": {
          "x": 6,
          "y": 9
        },
        "workplace": {
          "x": 5,
          "y": 4
        },
        "currentActivity": "work",
        "injuredUntil": 0,
        "schedule": [
          {
            "start": 0,
            "activity": "sleep",
            "destination": "home"
          },
          {
            "start": 420,
            "activity": "travel",
            "destination": "workplace"
          },
          {
            "start": 480,
            "activity": "work",
            "destination": "workplace"
          },
          {
            "start": 720,
            "activity": "leisure",
            "destination": "workplace"
          },
          {
            "start": 780,
            "activity": "work",
            "destination": "workplace"
          },
          {
            "start": 1020,
            "activity": "travel",
            "destination": "square"
          },
          {
            "start": 1080,
            "activity": "leisure",
            "destination": "square"
          },
          {
            "start": 1260,
            "activity": "travel",
            "destination": "home"
          },
          {
            "start": 1320,
            "activity": "sleep",
            "destination": "home"
          }
        ]
      },
      {
        "id": "npc-25",
        "name": "諾拉 25",
        "birthYear": -65,
        "age": 66,
        "lifeStage": "elder",
        "level": 3,
        "exp": 18,
        "hp": 112,
        "maxHp": 112,
        "stamina": 68,
        "maxStamina": 68,
        "stats": {
          "strength": 12,
          "vitality": 10,
          "dexterity": 6,
          "intelligence": 5
        },
        "skills": {
          "combat": {
            "level": 1,
            "exp": 0
          },
          "farming": {
            "level": 1,
            "exp": 0
          },
          "mining": {
            "level": 3,
            "exp": 48
          },
          "woodcutting": {
            "level": 1,
            "exp": 0
          },
          "smithing": {
            "level": 1,
            "exp": 0
          }
        },
        "gold": 45,
        "inventory": {
          "wood": 0,
          "stone": 0,
          "iron": 0,
          "food": 3,
          "material": 0,
          "potion": 2,
          "sword": 0,
          "armor": 0
        },
        "equipment": {
          "weapon": null,
          "armor": null
        },
        "position": {
          "x": 12,
          "y": 8
        },
        "currentRegion": "village",
        "status": "idle",
        "isAlive": true,
        "deathYear": null,
        "deathCause": null,
        "lifespan": 85,
        "job": "blacksmith",
        "home": {
          "x": 7,
          "y": 10
        },
        "workplace": {
          "x": 12,
          "y": 8
        },
        "currentActivity": "work",
        "injuredUntil": 0,
        "schedule": [
          {
            "start": 0,
            "activity": "sleep",
            "destination": "home"
          },
          {
            "start": 420,
            "activity": "travel",
            "destination": "workplace"
          },
          {
            "start": 480,
            "activity": "work",
            "destination": "workplace"
          },
          {
            "start": 720,
            "activity": "leisure",
            "destination": "workplace"
          },
          {
            "start": 780,
            "activity": "work",
            "destination": "workplace"
          },
          {
            "start": 1020,
            "activity": "travel",
            "destination": "square"
          },
          {
            "start": 1080,
            "activity": "leisure",
            "destination": "square"
          },
          {
            "start": 1260,
            "activity": "travel",
            "destination": "home"
          },
          {
            "start": 1320,
            "activity": "sleep",
            "destination": "home"
          }
        ]
      },
      {
        "id": "npc-26",
        "name": "雨果 26",
        "birthYear": -67,
        "age": 68,
        "lifeStage": "elder",
        "level": 1,
        "exp": 0,
        "hp": 100,
        "maxHp": 100,
        "stamina": 68,
        "maxStamina": 68,
        "stats": {
          "strength": 8,
          "vitality": 8,
          "dexterity": 6,
          "intelligence": 5
        },
        "skills": {
          "combat": {
            "level": 1,
            "exp": 0
          },
          "farming": {
            "level": 1,
            "exp": 0
          },
          "mining": {
            "level": 1,
            "exp": 0
          },
          "woodcutting": {
            "level": 1,
            "exp": 0
          },
          "smithing": {
            "level": 1,
            "exp": 0
          }
        },
        "gold": 45,
        "inventory": {
          "wood": 0,
          "stone": 0,
          "iron": 0,
          "food": 3,
          "material": 0,
          "potion": 2,
          "sword": 0,
          "armor": 0
        },
        "equipment": {
          "weapon": null,
          "armor": null
        },
        "position": {
          "x": 8,
          "y": 11
        },
        "currentRegion": "village",
        "status": "idle",
        "isAlive": true,
        "deathYear": null,
        "deathCause": null,
        "lifespan": 87,
        "job": "shopkeeper",
        "home": {
          "x": 8,
          "y": 11
        },
        "workplace": {
          "x": 10,
          "y": 8
        },
        "currentActivity": "leisure",
        "injuredUntil": 0,
        "schedule": [
          {
            "start": 0,
            "activity": "sleep",
            "destination": "home"
          },
          {
            "start": 420,
            "activity": "leisure",
            "destination": "home"
          },
          {
            "start": 1320,
            "activity": "sleep",
            "destination": "home"
          }
        ]
      },
      {
        "id": "npc-27",
        "name": "露西 27",
        "birthYear": -18,
        "age": 19,
        "lifeStage": "young",
        "level": 3,
        "exp": 18,
        "hp": 112,
        "maxHp": 112,
        "stamina": 84,
        "maxStamina": 84,
        "stats": {
          "strength": 12,
          "vitality": 10,
          "dexterity": 6,
          "intelligence": 5
        },
        "skills": {
          "combat": {
            "level": 3,
            "exp": 48
          },
          "farming": {
            "level": 1,
            "exp": 0
          },
          "mining": {
            "level": 1,
            "exp": 0
          },
          "woodcutting": {
            "level": 1,
            "exp": 0
          },
          "smithing": {
            "level": 1,
            "exp": 0
          }
        },
        "gold": 45,
        "inventory": {
          "wood": 0,
          "stone": 0,
          "iron": 0,
          "food": 3,
          "material": 0,
          "potion": 2,
          "sword": 0,
          "armor": 0
        },
        "equipment": {
          "weapon": null,
          "armor": null
        },
        "position": {
          "x": 8,
          "y": 6
        },
        "currentRegion": "forest",
        "status": "idle",
        "isAlive": true,
        "deathYear": null,
        "deathCause": null,
        "lifespan": 85,
        "job": "guard",
        "home": {
          "x": 9,
          "y": 9
        },
        "workplace": {
          "x": 8,
          "y": 6
        },
        "currentActivity": "work",
        "injuredUntil": 0,
        "schedule": [
          {
            "start": 0,
            "activity": "sleep",
            "destination": "home"
          },
          {
            "start": 420,
            "activity": "travel",
            "destination": "workplace"
          },
          {
            "start": 480,
            "activity": "work",
            "destination": "workplace"
          },
          {
            "start": 720,
            "activity": "leisure",
            "destination": "workplace"
          },
          {
            "start": 780,
            "activity": "work",
            "destination": "workplace"
          },
          {
            "start": 1020,
            "activity": "travel",
            "destination": "square"
          },
          {
            "start": 1080,
            "activity": "leisure",
            "destination": "square"
          },
          {
            "start": 1260,
            "activity": "travel",
            "destination": "home"
          },
          {
            "start": 1320,
            "activity": "sleep",
            "destination": "home"
          }
        ]
      },
      {
        "id": "npc-28",
        "name": "西蒙 28",
        "birthYear": -20,
        "age": 21,
        "lifeStage": "young",
        "level": 3,
        "exp": 18,
        "hp": 112,
        "maxHp": 112,
        "stamina": 84,
        "maxStamina": 84,
        "stats": {
          "strength": 12,
          "vitality": 10,
          "dexterity": 6,
          "intelligence": 5
        },
        "skills": {
          "combat": {
            "level": 3,
            "exp": 48
          },
          "farming": {
            "level": 1,
            "exp": 0
          },
          "mining": {
            "level": 1,
            "exp": 0
          },
          "woodcutting": {
            "level": 1,
            "exp": 0
          },
          "smithing": {
            "level": 1,
            "exp": 0
          }
        },
        "gold": 45,
        "inventory": {
          "wood": 0,
          "stone": 0,
          "iron": 0,
          "food": 3,
          "material": 0,
          "potion": 2,
          "sword": 0,
          "armor": 0
        },
        "equipment": {
          "weapon": null,
          "armor": null
        },
        "position": {
          "x": 11,
          "y": 11
        },
        "currentRegion": "village",
        "status": "idle",
        "isAlive": true,
        "deathYear": null,
        "deathCause": null,
        "lifespan": 87,
        "job": "mercenary",
        "home": {
          "x": 6,
          "y": 10
        },
        "workplace": {
          "x": 11,
          "y": 11
        },
        "currentActivity": "work",
        "injuredUntil": 0,
        "schedule": [
          {
            "start": 0,
            "activity": "sleep",
            "destination": "home"
          },
          {
            "start": 420,
            "activity": "travel",
            "destination": "workplace"
          },
          {
            "start": 480,
            "activity": "work",
            "destination": "workplace"
          },
          {
            "start": 720,
            "activity": "leisure",
            "destination": "workplace"
          },
          {
            "start": 780,
            "activity": "work",
            "destination": "workplace"
          },
          {
            "start": 1020,
            "activity": "travel",
            "destination": "square"
          },
          {
            "start": 1080,
            "activity": "leisure",
            "destination": "square"
          },
          {
            "start": 1260,
            "activity": "travel",
            "destination": "home"
          },
          {
            "start": 1320,
            "activity": "sleep",
            "destination": "home"
          }
        ]
      },
      {
        "id": "npc-29",
        "name": "艾琳 29",
        "birthYear": -22,
        "age": 23,
        "lifeStage": "young",
        "level": 3,
        "exp": 18,
        "hp": 112,
        "maxHp": 112,
        "stamina": 84,
        "maxStamina": 84,
        "stats": {
          "strength": 12,
          "vitality": 10,
          "dexterity": 6,
          "intelligence": 5
        },
        "skills": {
          "combat": {
            "level": 1,
            "exp": 0
          },
          "farming": {
            "level": 3,
            "exp": 48
          },
          "mining": {
            "level": 1,
            "exp": 0
          },
          "woodcutting": {
            "level": 1,
            "exp": 0
          },
          "smithing": {
            "level": 1,
            "exp": 0
          }
        },
        "gold": 45,
        "inventory": {
          "wood": 0,
          "stone": 0,
          "iron": 0,
          "food": 3,
          "material": 0,
          "potion": 2,
          "sword": 0,
          "armor": 0
        },
        "equipment": {
          "weapon": null,
          "armor": null
        },
        "position": {
          "x": 16,
          "y": 10
        },
        "currentRegion": "farmland",
        "status": "idle",
        "isAlive": true,
        "deathYear": null,
        "deathCause": null,
        "lifespan": 82,
        "job": "farmer",
        "home": {
          "x": 7,
          "y": 11
        },
        "workplace": {
          "x": 16,
          "y": 10
        },
        "currentActivity": "work",
        "injuredUntil": 0,
        "schedule": [
          {
            "start": 0,
            "activity": "sleep",
            "destination": "home"
          },
          {
            "start": 420,
            "activity": "travel",
            "destination": "workplace"
          },
          {
            "start": 480,
            "activity": "work",
            "destination": "workplace"
          },
          {
            "start": 720,
            "activity": "leisure",
            "destination": "workplace"
          },
          {
            "start": 780,
            "activity": "work",
            "destination": "workplace"
          },
          {
            "start": 1020,
            "activity": "travel",
            "destination": "square"
          },
          {
            "start": 1080,
            "activity": "leisure",
            "destination": "square"
          },
          {
            "start": 1260,
            "activity": "travel",
            "destination": "home"
          },
          {
            "start": 1320,
            "activity": "sleep",
            "destination": "home"
          }
        ]
      },
      {
        "id": "npc-30",
        "name": "奧斯卡 30",
        "birthYear": -24,
        "age": 25,
        "lifeStage": "adult",
        "level": 2,
        "exp": 48,
        "hp": 106,
        "maxHp": 106,
        "stamina": 80,
        "maxStamina": 80,
        "stats": {
          "strength": 10,
          "vitality": 9,
          "dexterity": 6,
          "intelligence": 5
        },
        "skills": {
          "combat": {
            "level": 1,
            "exp": 0
          },
          "farming": {
            "level": 1,
            "exp": 0
          },
          "mining": {
            "level": 3,
            "exp": 18
          },
          "woodcutting": {
            "level": 1,
            "exp": 0
          },
          "smithing": {
            "level": 1,
            "exp": 0
          }
        },
        "gold": 45,
        "inventory": {
          "wood": 0,
          "stone": 0,
          "iron": 0,
          "food": 3,
          "material": 0,
          "potion": 2,
          "sword": 0,
          "armor": 0
        },
        "equipment": {
          "weapon": null,
          "armor": null
        },
        "position": {
          "x": 19,
          "y": 5
        },
        "currentRegion": "mine",
        "status": "idle",
        "isAlive": true,
        "deathYear": null,
        "deathCause": null,
        "lifespan": 76,
        "job": "miner",
        "home": {
          "x": 8,
          "y": 9
        },
        "workplace": {
          "x": 19,
          "y": 5
        },
        "currentActivity": "work",
        "injuredUntil": 0,
        "schedule": [
          {
            "start": 0,
            "activity": "sleep",
            "destination": "home"
          },
          {
            "start": 420,
            "activity": "travel",
            "destination": "workplace"
          },
          {
            "start": 480,
            "activity": "work",
            "destination": "workplace"
          },
          {
            "start": 720,
            "activity": "leisure",
            "destination": "workplace"
          },
          {
            "start": 780,
            "activity": "work",
            "destination": "workplace"
          },
          {
            "start": 1020,
            "activity": "travel",
            "destination": "square"
          },
          {
            "start": 1080,
            "activity": "leisure",
            "destination": "square"
          },
          {
            "start": 1260,
            "activity": "travel",
            "destination": "home"
          },
          {
            "start": 1320,
            "activity": "sleep",
            "destination": "home"
          }
        ]
      },
      {
        "id": "npc-31",
        "name": "米拉 31",
        "birthYear": -29,
        "age": 30,
        "lifeStage": "adult",
        "level": 2,
        "exp": 18,
        "hp": 106,
        "maxHp": 106,
        "stamina": 80,
        "maxStamina": 80,
        "stats": {
          "strength": 10,
          "vitality": 9,
          "dexterity": 6,
          "intelligence": 5
        },
        "skills": {
          "combat": {
            "level": 1,
            "exp": 0
          },
          "farming": {
            "level": 1,
            "exp": 0
          },
          "mining": {
            "level": 1,
            "exp": 0
          },
          "woodcutting": {
            "level": 2,
            "exp": 28
          },
          "smithing": {
            "level": 1,
            "exp": 0
          }
        },
        "gold": 45,
        "inventory": {
          "wood": 0,
          "stone": 0,
          "iron": 0,
          "food": 3,
          "material": 0,
          "potion": 2,
          "sword": 0,
          "armor": 0
        },
        "equipment": {
          "weapon": null,
          "armor": null
        },
        "position": {
          "x": 5,
          "y": 4
        },
        "currentRegion": "forest",
        "status": "idle",
        "isAlive": true,
        "deathYear": null,
        "deathCause": null,
        "lifespan": 87,
        "job": "woodcutter",
        "home": {
          "x": 9,
          "y": 10
        },
        "workplace": {
          "x": 5,
          "y": 4
        },
        "currentActivity": "work",
        "injuredUntil": 0,
        "schedule": [
          {
            "start": 0,
            "activity": "sleep",
            "destination": "home"
          },
          {
            "start": 420,
            "activity": "travel",
            "destination": "workplace"
          },
          {
            "start": 480,
            "activity": "work",
            "destination": "workplace"
          },
          {
            "start": 720,
            "activity": "leisure",
            "destination": "workplace"
          },
          {
            "start": 780,
            "activity": "work",
            "destination": "workplace"
          },
          {
            "start": 1020,
            "activity": "travel",
            "destination": "square"
          },
          {
            "start": 1080,
            "activity": "leisure",
            "destination": "square"
          },
          {
            "start": 1260,
            "activity": "travel",
            "destination": "home"
          },
          {
            "start": 1320,
            "activity": "sleep",
            "destination": "home"
          }
        ]
      },
      {
        "id": "npc-32",
        "name": "羅恩 32",
        "birthYear": 1,
        "age": 0,
        "lifeStage": "child",
        "level": 1,
        "exp": 0,
        "hp": 100,
        "maxHp": 100,
        "stamina": 72,
        "maxStamina": 72,
        "stats": {
          "strength": 8,
          "vitality": 8,
          "dexterity": 6,
          "intelligence": 5
        },
        "skills": {
          "combat": {
            "level": 1,
            "exp": 0
          },
          "farming": {
            "level": 1,
            "exp": 0
          },
          "mining": {
            "level": 1,
            "exp": 0
          },
          "woodcutting": {
            "level": 1,
            "exp": 0
          },
          "smithing": {
            "level": 1,
            "exp": 0
          }
        },
        "gold": 45,
        "inventory": {
          "wood": 0,
          "stone": 0,
          "iron": 0,
          "food": 3,
          "material": 0,
          "potion": 2,
          "sword": 0,
          "armor": 0
        },
        "equipment": {
          "weapon": null,
          "armor": null
        },
        "position": {
          "x": 6,
          "y": 11
        },
        "currentRegion": "village",
        "status": "idle",
        "isAlive": true,
        "deathYear": null,
        "deathCause": null,
        "lifespan": 86,
        "job": "farmer",
        "home": {
          "x": 6,
          "y": 11
        },
        "workplace": {
          "x": 16,
          "y": 10
        },
        "currentActivity": "leisure",
        "injuredUntil": 0,
        "schedule": [
          {
            "start": 0,
            "activity": "sleep",
            "destination": "home"
          },
          {
            "start": 420,
            "activity": "travel",
            "destination": "workplace"
          },
          {
            "start": 480,
            "activity": "work",
            "destination": "workplace"
          },
          {
            "start": 720,
            "activity": "leisure",
            "destination": "workplace"
          },
          {
            "start": 780,
            "activity": "work",
            "destination": "workplace"
          },
          {
            "start": 1020,
            "activity": "travel",
            "destination": "square"
          },
          {
            "start": 1080,
            "activity": "leisure",
            "destination": "square"
          },
          {
            "start": 1260,
            "activity": "travel",
            "destination": "home"
          },
          {
            "start": 1320,
            "activity": "sleep",
            "destination": "home"
          }
        ]
      },
      {
        "id": "npc-33",
        "name": "艾妲 33",
        "birthYear": -24,
        "age": 25,
        "lifeStage": "adult",
        "level": 1,
        "exp": 18,
        "hp": 100,
        "maxHp": 100,
        "stamina": 80,
        "maxStamina": 80,
        "stats": {
          "strength": 8,
          "vitality": 8,
          "dexterity": 6,
          "intelligence": 5
        },
        "skills": {
          "combat": {
            "level": 1,
            "exp": 0
          },
          "farming": {
            "level": 1,
            "exp": 18
          },
          "mining": {
            "level": 1,
            "exp": 0
          },
          "woodcutting": {
            "level": 1,
            "exp": 0
          },
          "smithing": {
            "level": 1,
            "exp": 0
          }
        },
        "gold": 45,
        "inventory": {
          "wood": 0,
          "stone": 0,
          "iron": 0,
          "food": 3,
          "material": 0,
          "potion": 2,
          "sword": 0,
          "armor": 0
        },
        "equipment": {
          "weapon": null,
          "armor": null
        },
        "position": {
          "x": 10,
          "y": 8
        },
        "currentRegion": "village",
        "status": "idle",
        "isAlive": true,
        "deathYear": null,
        "deathCause": null,
        "lifespan": 73,
        "job": "shopkeeper",
        "home": {
          "x": 7,
          "y": 9
        },
        "workplace": {
          "x": 10,
          "y": 8
        },
        "currentActivity": "work",
        "injuredUntil": 0,
        "schedule": [
          {
            "start": 0,
            "activity": "sleep",
            "destination": "home"
          },
          {
            "start": 420,
            "activity": "travel",
            "destination": "workplace"
          },
          {
            "start": 480,
            "activity": "work",
            "destination": "workplace"
          },
          {
            "start": 720,
            "activity": "leisure",
            "destination": "workplace"
          },
          {
            "start": 780,
            "activity": "work",
            "destination": "workplace"
          },
          {
            "start": 1020,
            "activity": "travel",
            "destination": "square"
          },
          {
            "start": 1080,
            "activity": "leisure",
            "destination": "square"
          },
          {
            "start": 1260,
            "activity": "travel",
            "destination": "home"
          },
          {
            "start": 1320,
            "activity": "sleep",
            "destination": "home"
          }
        ]
      }
    ],
    "tiles": [
      {
        "x": 0,
        "y": 0,
        "terrain": "water",
        "regionId": "forest",
        "discovered": true,
        "walkable": false
      },
      {
        "x": 1,
        "y": 0,
        "terrain": "water",
        "regionId": "forest",
        "discovered": true,
        "walkable": false
      },
      {
        "x": 2,
        "y": 0,
        "terrain": "water",
        "regionId": "forest",
        "discovered": true,
        "walkable": false
      },
      {
        "x": 3,
        "y": 0,
        "terrain": "water",
        "regionId": "forest",
        "discovered": true,
        "walkable": false
      },
      {
        "x": 4,
        "y": 0,
        "terrain": "water",
        "regionId": "forest",
        "discovered": true,
        "walkable": false
      },
      {
        "x": 5,
        "y": 0,
        "terrain": "water",
        "regionId": "forest",
        "discovered": true,
        "walkable": false
      },
      {
        "x": 6,
        "y": 0,
        "terrain": "water",
        "regionId": "forest",
        "discovered": true,
        "walkable": false
      },
      {
        "x": 7,
        "y": 0,
        "terrain": "water",
        "regionId": "forest",
        "discovered": true,
        "walkable": false
      },
      {
        "x": 8,
        "y": 0,
        "terrain": "water",
        "regionId": "forest",
        "discovered": true,
        "walkable": false
      },
      {
        "x": 9,
        "y": 0,
        "terrain": "water",
        "regionId": "forest",
        "discovered": true,
        "walkable": false
      },
      {
        "x": 10,
        "y": 0,
        "terrain": "water",
        "regionId": "forest",
        "discovered": true,
        "walkable": false
      },
      {
        "x": 11,
        "y": 0,
        "terrain": "water",
        "regionId": "forest",
        "discovered": true,
        "walkable": false
      },
      {
        "x": 12,
        "y": 0,
        "terrain": "water",
        "regionId": "forest",
        "discovered": true,
        "walkable": false
      },
      {
        "x": 13,
        "y": 0,
        "terrain": "water",
        "regionId": "forest",
        "discovered": true,
        "walkable": false
      },
      {
        "x": 14,
        "y": 0,
        "terrain": "water",
        "regionId": "forest",
        "discovered": true,
        "walkable": false
      },
      {
        "x": 15,
        "y": 0,
        "terrain": "water",
        "regionId": "forest",
        "discovered": true,
        "walkable": false
      },
      {
        "x": 16,
        "y": 0,
        "terrain": "water",
        "regionId": "forest",
        "discovered": true,
        "walkable": false
      },
      {
        "x": 17,
        "y": 0,
        "terrain": "water",
        "regionId": "forest",
        "discovered": true,
        "walkable": false
      },
      {
        "x": 18,
        "y": 0,
        "terrain": "water",
        "regionId": "mine",
        "discovered": true,
        "walkable": false
      },
      {
        "x": 19,
        "y": 0,
        "terrain": "water",
        "regionId": "unknown",
        "discovered": false,
        "walkable": false
      },
      {
        "x": 20,
        "y": 0,
        "terrain": "water",
        "regionId": "unknown",
        "discovered": false,
        "walkable": false
      },
      {
        "x": 21,
        "y": 0,
        "terrain": "water",
        "regionId": "unknown",
        "discovered": false,
        "walkable": false
      },
      {
        "x": 22,
        "y": 0,
        "terrain": "water",
        "regionId": "unknown",
        "discovered": false,
        "walkable": false
      },
      {
        "x": 23,
        "y": 0,
        "terrain": "water",
        "regionId": "unknown",
        "discovered": false,
        "walkable": false
      },
      {
        "x": 0,
        "y": 1,
        "terrain": "water",
        "regionId": "forest",
        "discovered": true,
        "walkable": false
      },
      {
        "x": 1,
        "y": 1,
        "terrain": "forest",
        "regionId": "forest",
        "discovered": true,
        "walkable": true
      },
      {
        "x": 2,
        "y": 1,
        "terrain": "forest",
        "regionId": "forest",
        "discovered": true,
        "walkable": true
      },
      {
        "x": 3,
        "y": 1,
        "terrain": "forest",
        "regionId": "forest",
        "discovered": true,
        "walkable": true
      },
      {
        "x": 4,
        "y": 1,
        "terrain": "forest",
        "regionId": "forest",
        "discovered": true,
        "walkable": true
      },
      {
        "x": 5,
        "y": 1,
        "terrain": "forest",
        "regionId": "forest",
        "discovered": true,
        "walkable": true
      },
      {
        "x": 6,
        "y": 1,
        "terrain": "forest",
        "regionId": "forest",
        "discovered": true,
        "walkable": true
      },
      {
        "x": 7,
        "y": 1,
        "terrain": "forest",
        "regionId": "forest",
        "discovered": true,
        "walkable": true
      },
      {
        "x": 8,
        "y": 1,
        "terrain": "forest",
        "regionId": "forest",
        "discovered": true,
        "walkable": true
      },
      {
        "x": 9,
        "y": 1,
        "terrain": "forest",
        "regionId": "forest",
        "discovered": true,
        "walkable": true
      },
      {
        "x": 10,
        "y": 1,
        "terrain": "forest",
        "regionId": "forest",
        "discovered": true,
        "walkable": true
      },
      {
        "x": 11,
        "y": 1,
        "terrain": "forest",
        "regionId": "forest",
        "discovered": true,
        "walkable": true
      },
      {
        "x": 12,
        "y": 1,
        "terrain": "forest",
        "regionId": "forest",
        "discovered": true,
        "walkable": true
      },
      {
        "x": 13,
        "y": 1,
        "terrain": "road",
        "regionId": "forest",
        "discovered": true,
        "walkable": true
      },
      {
        "x": 14,
        "y": 1,
        "terrain": "forest",
        "regionId": "forest",
        "discovered": true,
        "walkable": true
      },
      {
        "x": 15,
        "y": 1,
        "terrain": "forest",
        "regionId": "forest",
        "discovered": true,
        "walkable": true
      },
      {
        "x": 16,
        "y": 1,
        "terrain": "forest",
        "regionId": "forest",
        "discovered": true,
        "walkable": true
      },
      {
        "x": 17,
        "y": 1,
        "terrain": "forest",
        "regionId": "forest",
        "discovered": true,
        "walkable": true
      },
      {
        "x": 18,
        "y": 1,
        "terrain": "mountain",
        "regionId": "mine",
        "discovered": true,
        "walkable": true
      },
      {
        "x": 19,
        "y": 1,
        "terrain": "grass",
        "regionId": "unknown",
        "discovered": false,
        "walkable": true
      },
      {
        "x": 20,
        "y": 1,
        "terrain": "grass",
        "regionId": "unknown",
        "discovered": false,
        "walkable": true
      },
      {
        "x": 21,
        "y": 1,
        "terrain": "grass",
        "regionId": "unknown",
        "discovered": false,
        "walkable": true
      },
      {
        "x": 22,
        "y": 1,
        "terrain": "grass",
        "regionId": "unknown",
        "discovered": false,
        "walkable": true
      },
      {
        "x": 23,
        "y": 1,
        "terrain": "water",
        "regionId": "unknown",
        "discovered": false,
        "walkable": false
      },
      {
        "x": 0,
        "y": 2,
        "terrain": "water",
        "regionId": "forest",
        "discovered": true,
        "walkable": false
      },
      {
        "x": 1,
        "y": 2,
        "terrain": "forest",
        "regionId": "forest",
        "discovered": true,
        "walkable": true
      },
      {
        "x": 2,
        "y": 2,
        "terrain": "forest",
        "regionId": "forest",
        "discovered": true,
        "walkable": true
      },
      {
        "x": 3,
        "y": 2,
        "terrain": "forest",
        "regionId": "forest",
        "discovered": true,
        "walkable": true
      },
      {
        "x": 4,
        "y": 2,
        "terrain": "forest",
        "regionId": "forest",
        "discovered": true,
        "walkable": true
      },
      {
        "x": 5,
        "y": 2,
        "terrain": "forest",
        "regionId": "forest",
        "discovered": true,
        "walkable": true
      },
      {
        "x": 6,
        "y": 2,
        "terrain": "forest",
        "regionId": "forest",
        "discovered": true,
        "walkable": true
      },
      {
        "x": 7,
        "y": 2,
        "terrain": "forest",
        "regionId": "forest",
        "discovered": true,
        "walkable": true
      },
      {
        "x": 8,
        "y": 2,
        "terrain": "forest",
        "regionId": "forest",
        "discovered": true,
        "walkable": true
      },
      {
        "x": 9,
        "y": 2,
        "terrain": "forest",
        "regionId": "forest",
        "discovered": true,
        "walkable": true
      },
      {
        "x": 10,
        "y": 2,
        "terrain": "forest",
        "regionId": "forest",
        "discovered": true,
        "walkable": true
      },
      {
        "x": 11,
        "y": 2,
        "terrain": "forest",
        "regionId": "forest",
        "discovered": true,
        "walkable": true
      },
      {
        "x": 12,
        "y": 2,
        "terrain": "forest",
        "regionId": "forest",
        "discovered": true,
        "walkable": true
      },
      {
        "x": 13,
        "y": 2,
        "terrain": "road",
        "regionId": "forest",
        "discovered": true,
        "walkable": true
      },
      {
        "x": 14,
        "y": 2,
        "terrain": "forest",
        "regionId": "forest",
        "discovered": true,
        "walkable": true
      },
      {
        "x": 15,
        "y": 2,
        "terrain": "forest",
        "regionId": "forest",
        "discovered": true,
        "walkable": true
      },
      {
        "x": 16,
        "y": 2,
        "terrain": "forest",
        "regionId": "forest",
        "discovered": true,
        "walkable": true
      },
      {
        "x": 17,
        "y": 2,
        "terrain": "forest",
        "regionId": "forest",
        "discovered": true,
        "walkable": true
      },
      {
        "x": 18,
        "y": 2,
        "terrain": "mountain",
        "regionId": "mine",
        "discovered": true,
        "walkable": true
      },
      {
        "x": 19,
        "y": 2,
        "terrain": "grass",
        "regionId": "unknown",
        "discovered": false,
        "walkable": true
      },
      {
        "x": 20,
        "y": 2,
        "terrain": "grass",
        "regionId": "unknown",
        "discovered": false,
        "walkable": true
      },
      {
        "x": 21,
        "y": 2,
        "terrain": "grass",
        "regionId": "unknown",
        "discovered": false,
        "walkable": true
      },
      {
        "x": 22,
        "y": 2,
        "terrain": "grass",
        "regionId": "unknown",
        "discovered": false,
        "walkable": true
      },
      {
        "x": 23,
        "y": 2,
        "terrain": "water",
        "regionId": "unknown",
        "discovered": false,
        "walkable": false
      },
      {
        "x": 0,
        "y": 3,
        "terrain": "water",
        "regionId": "forest",
        "discovered": true,
        "walkable": false
      },
      {
        "x": 1,
        "y": 3,
        "terrain": "forest",
        "regionId": "forest",
        "discovered": true,
        "walkable": true
      },
      {
        "x": 2,
        "y": 3,
        "terrain": "forest",
        "regionId": "forest",
        "discovered": true,
        "walkable": true
      },
      {
        "x": 3,
        "y": 3,
        "terrain": "forest",
        "regionId": "forest",
        "discovered": true,
        "walkable": true
      },
      {
        "x": 4,
        "y": 3,
        "terrain": "forest",
        "regionId": "forest",
        "discovered": true,
        "walkable": true
      },
      {
        "x": 5,
        "y": 3,
        "terrain": "forest",
        "regionId": "forest",
        "discovered": true,
        "walkable": true
      },
      {
        "x": 6,
        "y": 3,
        "terrain": "forest",
        "regionId": "forest",
        "discovered": true,
        "walkable": true
      },
      {
        "x": 7,
        "y": 3,
        "terrain": "forest",
        "regionId": "forest",
        "discovered": true,
        "walkable": true
      },
      {
        "x": 8,
        "y": 3,
        "terrain": "forest",
        "regionId": "forest",
        "discovered": true,
        "walkable": true
      },
      {
        "x": 9,
        "y": 3,
        "terrain": "forest",
        "regionId": "forest",
        "discovered": true,
        "walkable": true
      },
      {
        "x": 10,
        "y": 3,
        "terrain": "forest",
        "regionId": "forest",
        "discovered": true,
        "walkable": true
      },
      {
        "x": 11,
        "y": 3,
        "terrain": "forest",
        "regionId": "forest",
        "discovered": true,
        "walkable": true
      },
      {
        "x": 12,
        "y": 3,
        "terrain": "forest",
        "regionId": "forest",
        "discovered": true,
        "walkable": true
      },
      {
        "x": 13,
        "y": 3,
        "terrain": "road",
        "regionId": "forest",
        "discovered": true,
        "walkable": true
      },
      {
        "x": 14,
        "y": 3,
        "terrain": "forest",
        "regionId": "forest",
        "discovered": true,
        "walkable": true
      },
      {
        "x": 15,
        "y": 3,
        "terrain": "forest",
        "regionId": "forest",
        "discovered": true,
        "walkable": true
      },
      {
        "x": 16,
        "y": 3,
        "terrain": "forest",
        "regionId": "forest",
        "discovered": true,
        "walkable": true
      },
      {
        "x": 17,
        "y": 3,
        "terrain": "forest",
        "regionId": "forest",
        "discovered": true,
        "walkable": true
      },
      {
        "x": 18,
        "y": 3,
        "terrain": "mountain",
        "regionId": "mine",
        "discovered": true,
        "walkable": true
      },
      {
        "x": 19,
        "y": 3,
        "terrain": "grass",
        "regionId": "unknown",
        "discovered": false,
        "walkable": true
      },
      {
        "x": 20,
        "y": 3,
        "terrain": "grass",
        "regionId": "unknown",
        "discovered": false,
        "walkable": true
      },
      {
        "x": 21,
        "y": 3,
        "terrain": "grass",
        "regionId": "unknown",
        "discovered": false,
        "walkable": true
      },
      {
        "x": 22,
        "y": 3,
        "terrain": "grass",
        "regionId": "unknown",
        "discovered": false,
        "walkable": true
      },
      {
        "x": 23,
        "y": 3,
        "terrain": "water",
        "regionId": "unknown",
        "discovered": false,
        "walkable": false
      },
      {
        "x": 0,
        "y": 4,
        "terrain": "water",
        "regionId": "forest",
        "discovered": true,
        "walkable": false
      },
      {
        "x": 1,
        "y": 4,
        "terrain": "forest",
        "regionId": "forest",
        "discovered": true,
        "walkable": true
      },
      {
        "x": 2,
        "y": 4,
        "terrain": "forest",
        "regionId": "forest",
        "discovered": true,
        "walkable": true
      },
      {
        "x": 3,
        "y": 4,
        "terrain": "forest",
        "regionId": "forest",
        "discovered": true,
        "walkable": true
      },
      {
        "x": 4,
        "y": 4,
        "terrain": "forest",
        "regionId": "forest",
        "discovered": true,
        "walkable": true
      },
      {
        "x": 5,
        "y": 4,
        "terrain": "forest",
        "regionId": "forest",
        "discovered": true,
        "walkable": true
      },
      {
        "x": 6,
        "y": 4,
        "terrain": "forest",
        "regionId": "forest",
        "discovered": true,
        "walkable": true
      },
      {
        "x": 7,
        "y": 4,
        "terrain": "forest",
        "regionId": "forest",
        "discovered": true,
        "walkable": true
      },
      {
        "x": 8,
        "y": 4,
        "terrain": "forest",
        "regionId": "forest",
        "discovered": true,
        "walkable": true
      },
      {
        "x": 9,
        "y": 4,
        "terrain": "forest",
        "regionId": "forest",
        "discovered": true,
        "walkable": true
      },
      {
        "x": 10,
        "y": 4,
        "terrain": "forest",
        "regionId": "forest",
        "discovered": true,
        "walkable": true
      },
      {
        "x": 11,
        "y": 4,
        "terrain": "forest",
        "regionId": "forest",
        "discovered": true,
        "walkable": true
      },
      {
        "x": 12,
        "y": 4,
        "terrain": "forest",
        "regionId": "forest",
        "discovered": true,
        "walkable": true
      },
      {
        "x": 13,
        "y": 4,
        "terrain": "road",
        "regionId": "forest",
        "discovered": true,
        "walkable": true
      },
      {
        "x": 14,
        "y": 4,
        "terrain": "forest",
        "regionId": "forest",
        "discovered": true,
        "walkable": true
      },
      {
        "x": 15,
        "y": 4,
        "terrain": "forest",
        "regionId": "forest",
        "discovered": true,
        "walkable": true
      },
      {
        "x": 16,
        "y": 4,
        "terrain": "forest",
        "regionId": "forest",
        "discovered": true,
        "walkable": true
      },
      {
        "x": 17,
        "y": 4,
        "terrain": "forest",
        "regionId": "forest",
        "discovered": true,
        "walkable": true
      },
      {
        "x": 18,
        "y": 4,
        "terrain": "mountain",
        "regionId": "mine",
        "discovered": true,
        "walkable": true
      },
      {
        "x": 19,
        "y": 4,
        "terrain": "grass",
        "regionId": "unknown",
        "discovered": false,
        "walkable": true
      },
      {
        "x": 20,
        "y": 4,
        "terrain": "grass",
        "regionId": "unknown",
        "discovered": false,
        "walkable": true
      },
      {
        "x": 21,
        "y": 4,
        "terrain": "grass",
        "regionId": "unknown",
        "discovered": false,
        "walkable": true
      },
      {
        "x": 22,
        "y": 4,
        "terrain": "grass",
        "regionId": "unknown",
        "discovered": false,
        "walkable": true
      },
      {
        "x": 23,
        "y": 4,
        "terrain": "water",
        "regionId": "unknown",
        "discovered": false,
        "walkable": false
      },
      {
        "x": 0,
        "y": 5,
        "terrain": "water",
        "regionId": "forest",
        "discovered": true,
        "walkable": false
      },
      {
        "x": 1,
        "y": 5,
        "terrain": "forest",
        "regionId": "forest",
        "discovered": true,
        "walkable": true
      },
      {
        "x": 2,
        "y": 5,
        "terrain": "forest",
        "regionId": "forest",
        "discovered": true,
        "walkable": true
      },
      {
        "x": 3,
        "y": 5,
        "terrain": "forest",
        "regionId": "forest",
        "discovered": true,
        "walkable": true
      },
      {
        "x": 4,
        "y": 5,
        "terrain": "forest",
        "regionId": "forest",
        "discovered": true,
        "walkable": true
      },
      {
        "x": 5,
        "y": 5,
        "terrain": "forest",
        "regionId": "forest",
        "discovered": true,
        "walkable": true
      },
      {
        "x": 6,
        "y": 5,
        "terrain": "forest",
        "regionId": "forest",
        "discovered": true,
        "walkable": true
      },
      {
        "x": 7,
        "y": 5,
        "terrain": "forest",
        "regionId": "forest",
        "discovered": true,
        "walkable": true
      },
      {
        "x": 8,
        "y": 5,
        "terrain": "forest",
        "regionId": "forest",
        "discovered": true,
        "walkable": true
      },
      {
        "x": 9,
        "y": 5,
        "terrain": "forest",
        "regionId": "forest",
        "discovered": true,
        "walkable": true
      },
      {
        "x": 10,
        "y": 5,
        "terrain": "forest",
        "regionId": "forest",
        "discovered": true,
        "walkable": true
      },
      {
        "x": 11,
        "y": 5,
        "terrain": "forest",
        "regionId": "forest",
        "discovered": true,
        "walkable": true
      },
      {
        "x": 12,
        "y": 5,
        "terrain": "forest",
        "regionId": "forest",
        "discovered": true,
        "walkable": true
      },
      {
        "x": 13,
        "y": 5,
        "terrain": "road",
        "regionId": "forest",
        "discovered": true,
        "walkable": true
      },
      {
        "x": 14,
        "y": 5,
        "terrain": "forest",
        "regionId": "forest",
        "discovered": true,
        "walkable": true
      },
      {
        "x": 15,
        "y": 5,
        "terrain": "forest",
        "regionId": "forest",
        "discovered": true,
        "walkable": true
      },
      {
        "x": 16,
        "y": 5,
        "terrain": "forest",
        "regionId": "forest",
        "discovered": true,
        "walkable": true
      },
      {
        "x": 17,
        "y": 5,
        "terrain": "forest",
        "regionId": "forest",
        "discovered": true,
        "walkable": true
      },
      {
        "x": 18,
        "y": 5,
        "terrain": "mountain",
        "regionId": "mine",
        "discovered": true,
        "walkable": true
      },
      {
        "x": 19,
        "y": 5,
        "terrain": "mountain",
        "regionId": "mine",
        "discovered": true,
        "walkable": true
      },
      {
        "x": 20,
        "y": 5,
        "terrain": "mountain",
        "regionId": "mine",
        "discovered": true,
        "walkable": true
      },
      {
        "x": 21,
        "y": 5,
        "terrain": "mountain",
        "regionId": "mine",
        "discovered": true,
        "walkable": true
      },
      {
        "x": 22,
        "y": 5,
        "terrain": "mountain",
        "regionId": "mine",
        "discovered": true,
        "walkable": true
      },
      {
        "x": 23,
        "y": 5,
        "terrain": "water",
        "regionId": "mine",
        "discovered": true,
        "walkable": false
      },
      {
        "x": 0,
        "y": 6,
        "terrain": "water",
        "regionId": "forest",
        "discovered": true,
        "walkable": false
      },
      {
        "x": 1,
        "y": 6,
        "terrain": "forest",
        "regionId": "forest",
        "discovered": true,
        "walkable": true
      },
      {
        "x": 2,
        "y": 6,
        "terrain": "forest",
        "regionId": "forest",
        "discovered": true,
        "walkable": true
      },
      {
        "x": 3,
        "y": 6,
        "terrain": "forest",
        "regionId": "forest",
        "discovered": true,
        "walkable": true
      },
      {
        "x": 4,
        "y": 6,
        "terrain": "forest",
        "regionId": "forest",
        "discovered": true,
        "walkable": true
      },
      {
        "x": 5,
        "y": 6,
        "terrain": "forest",
        "regionId": "forest",
        "discovered": true,
        "walkable": true
      },
      {
        "x": 6,
        "y": 6,
        "terrain": "forest",
        "regionId": "forest",
        "discovered": true,
        "walkable": true
      },
      {
        "x": 7,
        "y": 6,
        "terrain": "forest",
        "regionId": "forest",
        "discovered": true,
        "walkable": true
      },
      {
        "x": 8,
        "y": 6,
        "terrain": "forest",
        "regionId": "forest",
        "discovered": true,
        "walkable": true
      },
      {
        "x": 9,
        "y": 6,
        "terrain": "forest",
        "regionId": "forest",
        "discovered": true,
        "walkable": true
      },
      {
        "x": 10,
        "y": 6,
        "terrain": "forest",
        "regionId": "forest",
        "discovered": true,
        "walkable": true
      },
      {
        "x": 11,
        "y": 6,
        "terrain": "forest",
        "regionId": "forest",
        "discovered": true,
        "walkable": true
      },
      {
        "x": 12,
        "y": 6,
        "terrain": "forest",
        "regionId": "forest",
        "discovered": true,
        "walkable": true
      },
      {
        "x": 13,
        "y": 6,
        "terrain": "road",
        "regionId": "forest",
        "discovered": true,
        "walkable": true
      },
      {
        "x": 14,
        "y": 6,
        "terrain": "forest",
        "regionId": "forest",
        "discovered": true,
        "walkable": true
      },
      {
        "x": 15,
        "y": 6,
        "terrain": "forest",
        "regionId": "forest",
        "discovered": true,
        "walkable": true
      },
      {
        "x": 16,
        "y": 6,
        "terrain": "forest",
        "regionId": "forest",
        "discovered": true,
        "walkable": true
      },
      {
        "x": 17,
        "y": 6,
        "terrain": "forest",
        "regionId": "forest",
        "discovered": true,
        "walkable": true
      },
      {
        "x": 18,
        "y": 6,
        "terrain": "mountain",
        "regionId": "mine",
        "discovered": true,
        "walkable": true
      },
      {
        "x": 19,
        "y": 6,
        "terrain": "mountain",
        "regionId": "mine",
        "discovered": true,
        "walkable": true
      },
      {
        "x": 20,
        "y": 6,
        "terrain": "mountain",
        "regionId": "mine",
        "discovered": true,
        "walkable": true
      },
      {
        "x": 21,
        "y": 6,
        "terrain": "mountain",
        "regionId": "mine",
        "discovered": true,
        "walkable": true
      },
      {
        "x": 22,
        "y": 6,
        "terrain": "mountain",
        "regionId": "mine",
        "discovered": true,
        "walkable": true
      },
      {
        "x": 23,
        "y": 6,
        "terrain": "water",
        "regionId": "mine",
        "discovered": true,
        "walkable": false
      },
      {
        "x": 0,
        "y": 7,
        "terrain": "water",
        "regionId": "village",
        "discovered": true,
        "walkable": false
      },
      {
        "x": 1,
        "y": 7,
        "terrain": "road",
        "regionId": "village",
        "discovered": true,
        "walkable": true
      },
      {
        "x": 2,
        "y": 7,
        "terrain": "road",
        "regionId": "village",
        "discovered": true,
        "walkable": true
      },
      {
        "x": 3,
        "y": 7,
        "terrain": "road",
        "regionId": "village",
        "discovered": true,
        "walkable": true
      },
      {
        "x": 4,
        "y": 7,
        "terrain": "road",
        "regionId": "village",
        "discovered": true,
        "walkable": true
      },
      {
        "x": 5,
        "y": 7,
        "terrain": "road",
        "regionId": "village",
        "discovered": true,
        "walkable": true
      },
      {
        "x": 6,
        "y": 7,
        "terrain": "road",
        "regionId": "village",
        "discovered": true,
        "walkable": true
      },
      {
        "x": 7,
        "y": 7,
        "terrain": "road",
        "regionId": "village",
        "discovered": true,
        "walkable": true
      },
      {
        "x": 8,
        "y": 7,
        "terrain": "road",
        "regionId": "village",
        "discovered": true,
        "walkable": true
      },
      {
        "x": 9,
        "y": 7,
        "terrain": "road",
        "regionId": "village",
        "discovered": true,
        "walkable": true
      },
      {
        "x": 10,
        "y": 7,
        "terrain": "road",
        "regionId": "village",
        "discovered": true,
        "walkable": true
      },
      {
        "x": 11,
        "y": 7,
        "terrain": "road",
        "regionId": "village",
        "discovered": true,
        "walkable": true
      },
      {
        "x": 12,
        "y": 7,
        "terrain": "road",
        "regionId": "village",
        "discovered": true,
        "walkable": true
      },
      {
        "x": 13,
        "y": 7,
        "terrain": "road",
        "regionId": "village",
        "discovered": true,
        "walkable": true
      },
      {
        "x": 14,
        "y": 7,
        "terrain": "road",
        "regionId": "farmland",
        "discovered": true,
        "walkable": true
      },
      {
        "x": 15,
        "y": 7,
        "terrain": "road",
        "regionId": "farmland",
        "discovered": true,
        "walkable": true
      },
      {
        "x": 16,
        "y": 7,
        "terrain": "road",
        "regionId": "farmland",
        "discovered": true,
        "walkable": true
      },
      {
        "x": 17,
        "y": 7,
        "terrain": "road",
        "regionId": "farmland",
        "discovered": true,
        "walkable": true
      },
      {
        "x": 18,
        "y": 7,
        "terrain": "road",
        "regionId": "mine",
        "discovered": true,
        "walkable": true
      },
      {
        "x": 19,
        "y": 7,
        "terrain": "road",
        "regionId": "mine",
        "discovered": true,
        "walkable": true
      },
      {
        "x": 20,
        "y": 7,
        "terrain": "road",
        "regionId": "mine",
        "discovered": true,
        "walkable": true
      },
      {
        "x": 21,
        "y": 7,
        "terrain": "road",
        "regionId": "mine",
        "discovered": true,
        "walkable": true
      },
      {
        "x": 22,
        "y": 7,
        "terrain": "road",
        "regionId": "mine",
        "discovered": true,
        "walkable": true
      },
      {
        "x": 23,
        "y": 7,
        "terrain": "water",
        "regionId": "mine",
        "discovered": true,
        "walkable": false
      },
      {
        "x": 0,
        "y": 8,
        "terrain": "water",
        "regionId": "village",
        "discovered": true,
        "walkable": false
      },
      {
        "x": 1,
        "y": 8,
        "terrain": "grass",
        "regionId": "village",
        "discovered": true,
        "walkable": true
      },
      {
        "x": 2,
        "y": 8,
        "terrain": "grass",
        "regionId": "village",
        "discovered": true,
        "walkable": true
      },
      {
        "x": 3,
        "y": 8,
        "terrain": "grass",
        "regionId": "village",
        "discovered": true,
        "walkable": true
      },
      {
        "x": 4,
        "y": 8,
        "terrain": "grass",
        "regionId": "village",
        "discovered": true,
        "walkable": true
      },
      {
        "x": 5,
        "y": 8,
        "terrain": "grass",
        "regionId": "village",
        "discovered": true,
        "walkable": true
      },
      {
        "x": 6,
        "y": 8,
        "terrain": "grass",
        "regionId": "village",
        "discovered": true,
        "walkable": true
      },
      {
        "x": 7,
        "y": 8,
        "terrain": "grass",
        "regionId": "village",
        "discovered": true,
        "walkable": true
      },
      {
        "x": 8,
        "y": 8,
        "terrain": "grass",
        "regionId": "village",
        "discovered": true,
        "walkable": true
      },
      {
        "x": 9,
        "y": 8,
        "terrain": "grass",
        "regionId": "village",
        "discovered": true,
        "walkable": true
      },
      {
        "x": 10,
        "y": 8,
        "terrain": "grass",
        "regionId": "village",
        "discovered": true,
        "walkable": true,
        "building": "store"
      },
      {
        "x": 11,
        "y": 8,
        "terrain": "grass",
        "regionId": "village",
        "discovered": true,
        "walkable": true
      },
      {
        "x": 12,
        "y": 8,
        "terrain": "grass",
        "regionId": "village",
        "discovered": true,
        "walkable": true,
        "building": "blacksmith"
      },
      {
        "x": 13,
        "y": 8,
        "terrain": "road",
        "regionId": "village",
        "discovered": true,
        "walkable": true
      },
      {
        "x": 14,
        "y": 8,
        "terrain": "field",
        "regionId": "farmland",
        "discovered": true,
        "walkable": true
      },
      {
        "x": 15,
        "y": 8,
        "terrain": "field",
        "regionId": "farmland",
        "discovered": true,
        "walkable": true
      },
      {
        "x": 16,
        "y": 8,
        "terrain": "field",
        "regionId": "farmland",
        "discovered": true,
        "walkable": true
      },
      {
        "x": 17,
        "y": 8,
        "terrain": "field",
        "regionId": "farmland",
        "discovered": true,
        "walkable": true
      },
      {
        "x": 18,
        "y": 8,
        "terrain": "mountain",
        "regionId": "mine",
        "discovered": true,
        "walkable": true
      },
      {
        "x": 19,
        "y": 8,
        "terrain": "mountain",
        "regionId": "mine",
        "discovered": true,
        "walkable": true
      },
      {
        "x": 20,
        "y": 8,
        "terrain": "mountain",
        "regionId": "mine",
        "discovered": true,
        "walkable": true
      },
      {
        "x": 21,
        "y": 8,
        "terrain": "mountain",
        "regionId": "mine",
        "discovered": true,
        "walkable": true
      },
      {
        "x": 22,
        "y": 8,
        "terrain": "mountain",
        "regionId": "mine",
        "discovered": true,
        "walkable": true
      },
      {
        "x": 23,
        "y": 8,
        "terrain": "water",
        "regionId": "mine",
        "discovered": true,
        "walkable": false
      },
      {
        "x": 0,
        "y": 9,
        "terrain": "water",
        "regionId": "village",
        "discovered": true,
        "walkable": false
      },
      {
        "x": 1,
        "y": 9,
        "terrain": "grass",
        "regionId": "village",
        "discovered": true,
        "walkable": true
      },
      {
        "x": 2,
        "y": 9,
        "terrain": "grass",
        "regionId": "village",
        "discovered": true,
        "walkable": true
      },
      {
        "x": 3,
        "y": 9,
        "terrain": "grass",
        "regionId": "village",
        "discovered": true,
        "walkable": true
      },
      {
        "x": 4,
        "y": 9,
        "terrain": "grass",
        "regionId": "village",
        "discovered": true,
        "walkable": true
      },
      {
        "x": 5,
        "y": 9,
        "terrain": "grass",
        "regionId": "village",
        "discovered": true,
        "walkable": true
      },
      {
        "x": 6,
        "y": 9,
        "terrain": "grass",
        "regionId": "village",
        "discovered": true,
        "walkable": true
      },
      {
        "x": 7,
        "y": 9,
        "terrain": "grass",
        "regionId": "village",
        "discovered": true,
        "walkable": true,
        "building": "house"
      },
      {
        "x": 8,
        "y": 9,
        "terrain": "grass",
        "regionId": "village",
        "discovered": true,
        "walkable": true
      },
      {
        "x": 9,
        "y": 9,
        "terrain": "grass",
        "regionId": "village",
        "discovered": true,
        "walkable": true
      },
      {
        "x": 10,
        "y": 9,
        "terrain": "grass",
        "regionId": "village",
        "discovered": true,
        "walkable": true
      },
      {
        "x": 11,
        "y": 9,
        "terrain": "grass",
        "regionId": "village",
        "discovered": true,
        "walkable": true
      },
      {
        "x": 12,
        "y": 9,
        "terrain": "grass",
        "regionId": "village",
        "discovered": true,
        "walkable": true
      },
      {
        "x": 13,
        "y": 9,
        "terrain": "road",
        "regionId": "village",
        "discovered": true,
        "walkable": true
      },
      {
        "x": 14,
        "y": 9,
        "terrain": "field",
        "regionId": "farmland",
        "discovered": true,
        "walkable": true
      },
      {
        "x": 15,
        "y": 9,
        "terrain": "field",
        "regionId": "farmland",
        "discovered": true,
        "walkable": true
      },
      {
        "x": 16,
        "y": 9,
        "terrain": "field",
        "regionId": "farmland",
        "discovered": true,
        "walkable": true
      },
      {
        "x": 17,
        "y": 9,
        "terrain": "field",
        "regionId": "farmland",
        "discovered": true,
        "walkable": true
      },
      {
        "x": 18,
        "y": 9,
        "terrain": "field",
        "regionId": "farmland",
        "discovered": true,
        "walkable": true
      },
      {
        "x": 19,
        "y": 9,
        "terrain": "field",
        "regionId": "farmland",
        "discovered": true,
        "walkable": true
      },
      {
        "x": 20,
        "y": 9,
        "terrain": "field",
        "regionId": "farmland",
        "discovered": true,
        "walkable": true
      },
      {
        "x": 21,
        "y": 9,
        "terrain": "field",
        "regionId": "farmland",
        "discovered": true,
        "walkable": true
      },
      {
        "x": 22,
        "y": 9,
        "terrain": "field",
        "regionId": "farmland",
        "discovered": true,
        "walkable": true
      },
      {
        "x": 23,
        "y": 9,
        "terrain": "water",
        "regionId": "farmland",
        "discovered": true,
        "walkable": false
      },
      {
        "x": 0,
        "y": 10,
        "terrain": "water",
        "regionId": "village",
        "discovered": true,
        "walkable": false
      },
      {
        "x": 1,
        "y": 10,
        "terrain": "road",
        "regionId": "village",
        "discovered": true,
        "walkable": true
      },
      {
        "x": 2,
        "y": 10,
        "terrain": "road",
        "regionId": "village",
        "discovered": true,
        "walkable": true
      },
      {
        "x": 3,
        "y": 10,
        "terrain": "road",
        "regionId": "village",
        "discovered": true,
        "walkable": true
      },
      {
        "x": 4,
        "y": 10,
        "terrain": "road",
        "regionId": "village",
        "discovered": true,
        "walkable": true
      },
      {
        "x": 5,
        "y": 10,
        "terrain": "road",
        "regionId": "village",
        "discovered": true,
        "walkable": true
      },
      {
        "x": 6,
        "y": 10,
        "terrain": "road",
        "regionId": "village",
        "discovered": true,
        "walkable": true
      },
      {
        "x": 7,
        "y": 10,
        "terrain": "road",
        "regionId": "village",
        "discovered": true,
        "walkable": true
      },
      {
        "x": 8,
        "y": 10,
        "terrain": "road",
        "regionId": "village",
        "discovered": true,
        "walkable": true
      },
      {
        "x": 9,
        "y": 10,
        "terrain": "road",
        "regionId": "village",
        "discovered": true,
        "walkable": true
      },
      {
        "x": 10,
        "y": 10,
        "terrain": "road",
        "regionId": "village",
        "discovered": true,
        "walkable": true
      },
      {
        "x": 11,
        "y": 10,
        "terrain": "road",
        "regionId": "village",
        "discovered": true,
        "walkable": true
      },
      {
        "x": 12,
        "y": 10,
        "terrain": "road",
        "regionId": "village",
        "discovered": true,
        "walkable": true
      },
      {
        "x": 13,
        "y": 10,
        "terrain": "road",
        "regionId": "village",
        "discovered": true,
        "walkable": true
      },
      {
        "x": 14,
        "y": 10,
        "terrain": "field",
        "regionId": "farmland",
        "discovered": true,
        "walkable": true
      },
      {
        "x": 15,
        "y": 10,
        "terrain": "field",
        "regionId": "farmland",
        "discovered": true,
        "walkable": true
      },
      {
        "x": 16,
        "y": 10,
        "terrain": "field",
        "regionId": "farmland",
        "discovered": true,
        "walkable": true,
        "building": "farm"
      },
      {
        "x": 17,
        "y": 10,
        "terrain": "field",
        "regionId": "farmland",
        "discovered": true,
        "walkable": true
      },
      {
        "x": 18,
        "y": 10,
        "terrain": "field",
        "regionId": "farmland",
        "discovered": true,
        "walkable": true
      },
      {
        "x": 19,
        "y": 10,
        "terrain": "field",
        "regionId": "farmland",
        "discovered": true,
        "walkable": true
      },
      {
        "x": 20,
        "y": 10,
        "terrain": "field",
        "regionId": "farmland",
        "discovered": true,
        "walkable": true
      },
      {
        "x": 21,
        "y": 10,
        "terrain": "field",
        "regionId": "farmland",
        "discovered": true,
        "walkable": true
      },
      {
        "x": 22,
        "y": 10,
        "terrain": "field",
        "regionId": "farmland",
        "discovered": true,
        "walkable": true
      },
      {
        "x": 23,
        "y": 10,
        "terrain": "water",
        "regionId": "farmland",
        "discovered": true,
        "walkable": false
      },
      {
        "x": 0,
        "y": 11,
        "terrain": "water",
        "regionId": "village",
        "discovered": true,
        "walkable": false
      },
      {
        "x": 1,
        "y": 11,
        "terrain": "grass",
        "regionId": "village",
        "discovered": true,
        "walkable": true
      },
      {
        "x": 2,
        "y": 11,
        "terrain": "grass",
        "regionId": "village",
        "discovered": true,
        "walkable": true
      },
      {
        "x": 3,
        "y": 11,
        "terrain": "grass",
        "regionId": "village",
        "discovered": true,
        "walkable": true
      },
      {
        "x": 4,
        "y": 11,
        "terrain": "grass",
        "regionId": "village",
        "discovered": true,
        "walkable": true
      },
      {
        "x": 5,
        "y": 11,
        "terrain": "grass",
        "regionId": "village",
        "discovered": true,
        "walkable": true
      },
      {
        "x": 6,
        "y": 11,
        "terrain": "grass",
        "regionId": "village",
        "discovered": true,
        "walkable": true
      },
      {
        "x": 7,
        "y": 11,
        "terrain": "grass",
        "regionId": "village",
        "discovered": true,
        "walkable": true,
        "building": "inn"
      },
      {
        "x": 8,
        "y": 11,
        "terrain": "grass",
        "regionId": "village",
        "discovered": true,
        "walkable": true
      },
      {
        "x": 9,
        "y": 11,
        "terrain": "grass",
        "regionId": "village",
        "discovered": true,
        "walkable": true
      },
      {
        "x": 10,
        "y": 11,
        "terrain": "grass",
        "regionId": "village",
        "discovered": true,
        "walkable": true
      },
      {
        "x": 11,
        "y": 11,
        "terrain": "grass",
        "regionId": "village",
        "discovered": true,
        "walkable": true,
        "building": "tavern"
      },
      {
        "x": 12,
        "y": 11,
        "terrain": "grass",
        "regionId": "village",
        "discovered": true,
        "walkable": true
      },
      {
        "x": 13,
        "y": 11,
        "terrain": "road",
        "regionId": "village",
        "discovered": true,
        "walkable": true
      },
      {
        "x": 14,
        "y": 11,
        "terrain": "field",
        "regionId": "farmland",
        "discovered": true,
        "walkable": true
      },
      {
        "x": 15,
        "y": 11,
        "terrain": "field",
        "regionId": "farmland",
        "discovered": true,
        "walkable": true
      },
      {
        "x": 16,
        "y": 11,
        "terrain": "field",
        "regionId": "farmland",
        "discovered": true,
        "walkable": true
      },
      {
        "x": 17,
        "y": 11,
        "terrain": "field",
        "regionId": "farmland",
        "discovered": true,
        "walkable": true
      },
      {
        "x": 18,
        "y": 11,
        "terrain": "field",
        "regionId": "farmland",
        "discovered": true,
        "walkable": true
      },
      {
        "x": 19,
        "y": 11,
        "terrain": "field",
        "regionId": "farmland",
        "discovered": true,
        "walkable": true
      },
      {
        "x": 20,
        "y": 11,
        "terrain": "field",
        "regionId": "farmland",
        "discovered": true,
        "walkable": true
      },
      {
        "x": 21,
        "y": 11,
        "terrain": "field",
        "regionId": "farmland",
        "discovered": true,
        "walkable": true
      },
      {
        "x": 22,
        "y": 11,
        "terrain": "field",
        "regionId": "farmland",
        "discovered": true,
        "walkable": true
      },
      {
        "x": 23,
        "y": 11,
        "terrain": "water",
        "regionId": "farmland",
        "discovered": true,
        "walkable": false
      },
      {
        "x": 0,
        "y": 12,
        "terrain": "water",
        "regionId": "village",
        "discovered": true,
        "walkable": false
      },
      {
        "x": 1,
        "y": 12,
        "terrain": "grass",
        "regionId": "village",
        "discovered": true,
        "walkable": true
      },
      {
        "x": 2,
        "y": 12,
        "terrain": "grass",
        "regionId": "village",
        "discovered": true,
        "walkable": true
      },
      {
        "x": 3,
        "y": 12,
        "terrain": "grass",
        "regionId": "village",
        "discovered": true,
        "walkable": true
      },
      {
        "x": 4,
        "y": 12,
        "terrain": "grass",
        "regionId": "village",
        "discovered": true,
        "walkable": true
      },
      {
        "x": 5,
        "y": 12,
        "terrain": "grass",
        "regionId": "village",
        "discovered": true,
        "walkable": true
      },
      {
        "x": 6,
        "y": 12,
        "terrain": "grass",
        "regionId": "village",
        "discovered": true,
        "walkable": true
      },
      {
        "x": 7,
        "y": 12,
        "terrain": "grass",
        "regionId": "village",
        "discovered": true,
        "walkable": true
      },
      {
        "x": 8,
        "y": 12,
        "terrain": "grass",
        "regionId": "village",
        "discovered": true,
        "walkable": true
      },
      {
        "x": 9,
        "y": 12,
        "terrain": "grass",
        "regionId": "village",
        "discovered": true,
        "walkable": true
      },
      {
        "x": 10,
        "y": 12,
        "terrain": "grass",
        "regionId": "village",
        "discovered": true,
        "walkable": true
      },
      {
        "x": 11,
        "y": 12,
        "terrain": "grass",
        "regionId": "village",
        "discovered": true,
        "walkable": true
      },
      {
        "x": 12,
        "y": 12,
        "terrain": "grass",
        "regionId": "village",
        "discovered": true,
        "walkable": true
      },
      {
        "x": 13,
        "y": 12,
        "terrain": "road",
        "regionId": "village",
        "discovered": true,
        "walkable": true
      },
      {
        "x": 14,
        "y": 12,
        "terrain": "field",
        "regionId": "farmland",
        "discovered": true,
        "walkable": true
      },
      {
        "x": 15,
        "y": 12,
        "terrain": "field",
        "regionId": "farmland",
        "discovered": true,
        "walkable": true
      },
      {
        "x": 16,
        "y": 12,
        "terrain": "field",
        "regionId": "farmland",
        "discovered": true,
        "walkable": true
      },
      {
        "x": 17,
        "y": 12,
        "terrain": "field",
        "regionId": "farmland",
        "discovered": true,
        "walkable": true
      },
      {
        "x": 18,
        "y": 12,
        "terrain": "field",
        "regionId": "farmland",
        "discovered": true,
        "walkable": true
      },
      {
        "x": 19,
        "y": 12,
        "terrain": "field",
        "regionId": "farmland",
        "discovered": true,
        "walkable": true
      },
      {
        "x": 20,
        "y": 12,
        "terrain": "field",
        "regionId": "farmland",
        "discovered": true,
        "walkable": true
      },
      {
        "x": 21,
        "y": 12,
        "terrain": "field",
        "regionId": "farmland",
        "discovered": true,
        "walkable": true
      },
      {
        "x": 22,
        "y": 12,
        "terrain": "field",
        "regionId": "farmland",
        "discovered": true,
        "walkable": true
      },
      {
        "x": 23,
        "y": 12,
        "terrain": "water",
        "regionId": "farmland",
        "discovered": true,
        "walkable": false
      },
      {
        "x": 0,
        "y": 13,
        "terrain": "water",
        "regionId": "village",
        "discovered": true,
        "walkable": false
      },
      {
        "x": 1,
        "y": 13,
        "terrain": "grass",
        "regionId": "village",
        "discovered": true,
        "walkable": true
      },
      {
        "x": 2,
        "y": 13,
        "terrain": "grass",
        "regionId": "village",
        "discovered": true,
        "walkable": true
      },
      {
        "x": 3,
        "y": 13,
        "terrain": "grass",
        "regionId": "village",
        "discovered": true,
        "walkable": true
      },
      {
        "x": 4,
        "y": 13,
        "terrain": "grass",
        "regionId": "village",
        "discovered": true,
        "walkable": true
      },
      {
        "x": 5,
        "y": 13,
        "terrain": "grass",
        "regionId": "village",
        "discovered": true,
        "walkable": true
      },
      {
        "x": 6,
        "y": 13,
        "terrain": "grass",
        "regionId": "village",
        "discovered": true,
        "walkable": true
      },
      {
        "x": 7,
        "y": 13,
        "terrain": "grass",
        "regionId": "village",
        "discovered": true,
        "walkable": true
      },
      {
        "x": 8,
        "y": 13,
        "terrain": "grass",
        "regionId": "village",
        "discovered": true,
        "walkable": true
      },
      {
        "x": 9,
        "y": 13,
        "terrain": "grass",
        "regionId": "village",
        "discovered": true,
        "walkable": true
      },
      {
        "x": 10,
        "y": 13,
        "terrain": "grass",
        "regionId": "village",
        "discovered": true,
        "walkable": true
      },
      {
        "x": 11,
        "y": 13,
        "terrain": "grass",
        "regionId": "village",
        "discovered": true,
        "walkable": true
      },
      {
        "x": 12,
        "y": 13,
        "terrain": "grass",
        "regionId": "village",
        "discovered": true,
        "walkable": true
      },
      {
        "x": 13,
        "y": 13,
        "terrain": "road",
        "regionId": "village",
        "discovered": true,
        "walkable": true
      },
      {
        "x": 14,
        "y": 13,
        "terrain": "field",
        "regionId": "farmland",
        "discovered": true,
        "walkable": true
      },
      {
        "x": 15,
        "y": 13,
        "terrain": "field",
        "regionId": "farmland",
        "discovered": true,
        "walkable": true
      },
      {
        "x": 16,
        "y": 13,
        "terrain": "field",
        "regionId": "farmland",
        "discovered": true,
        "walkable": true
      },
      {
        "x": 17,
        "y": 13,
        "terrain": "field",
        "regionId": "farmland",
        "discovered": true,
        "walkable": true
      },
      {
        "x": 18,
        "y": 13,
        "terrain": "field",
        "regionId": "farmland",
        "discovered": true,
        "walkable": true
      },
      {
        "x": 19,
        "y": 13,
        "terrain": "field",
        "regionId": "farmland",
        "discovered": true,
        "walkable": true
      },
      {
        "x": 20,
        "y": 13,
        "terrain": "field",
        "regionId": "farmland",
        "discovered": true,
        "walkable": true
      },
      {
        "x": 21,
        "y": 13,
        "terrain": "field",
        "regionId": "farmland",
        "discovered": true,
        "walkable": true
      },
      {
        "x": 22,
        "y": 13,
        "terrain": "field",
        "regionId": "farmland",
        "discovered": true,
        "walkable": true
      },
      {
        "x": 23,
        "y": 13,
        "terrain": "water",
        "regionId": "farmland",
        "discovered": true,
        "walkable": false
      },
      {
        "x": 0,
        "y": 14,
        "terrain": "water",
        "regionId": "village",
        "discovered": true,
        "walkable": false
      },
      {
        "x": 1,
        "y": 14,
        "terrain": "grass",
        "regionId": "village",
        "discovered": true,
        "walkable": true
      },
      {
        "x": 2,
        "y": 14,
        "terrain": "grass",
        "regionId": "village",
        "discovered": true,
        "walkable": true
      },
      {
        "x": 3,
        "y": 14,
        "terrain": "grass",
        "regionId": "village",
        "discovered": true,
        "walkable": true
      },
      {
        "x": 4,
        "y": 14,
        "terrain": "grass",
        "regionId": "village",
        "discovered": true,
        "walkable": true
      },
      {
        "x": 5,
        "y": 14,
        "terrain": "grass",
        "regionId": "village",
        "discovered": true,
        "walkable": true
      },
      {
        "x": 6,
        "y": 14,
        "terrain": "grass",
        "regionId": "village",
        "discovered": true,
        "walkable": true
      },
      {
        "x": 7,
        "y": 14,
        "terrain": "grass",
        "regionId": "village",
        "discovered": true,
        "walkable": true
      },
      {
        "x": 8,
        "y": 14,
        "terrain": "grass",
        "regionId": "village",
        "discovered": true,
        "walkable": true
      },
      {
        "x": 9,
        "y": 14,
        "terrain": "grass",
        "regionId": "village",
        "discovered": true,
        "walkable": true
      },
      {
        "x": 10,
        "y": 14,
        "terrain": "grass",
        "regionId": "village",
        "discovered": true,
        "walkable": true
      },
      {
        "x": 11,
        "y": 14,
        "terrain": "grass",
        "regionId": "village",
        "discovered": true,
        "walkable": true
      },
      {
        "x": 12,
        "y": 14,
        "terrain": "grass",
        "regionId": "village",
        "discovered": true,
        "walkable": true
      },
      {
        "x": 13,
        "y": 14,
        "terrain": "road",
        "regionId": "village",
        "discovered": true,
        "walkable": true
      },
      {
        "x": 14,
        "y": 14,
        "terrain": "field",
        "regionId": "farmland",
        "discovered": true,
        "walkable": true
      },
      {
        "x": 15,
        "y": 14,
        "terrain": "field",
        "regionId": "farmland",
        "discovered": true,
        "walkable": true
      },
      {
        "x": 16,
        "y": 14,
        "terrain": "field",
        "regionId": "farmland",
        "discovered": true,
        "walkable": true
      },
      {
        "x": 17,
        "y": 14,
        "terrain": "field",
        "regionId": "farmland",
        "discovered": true,
        "walkable": true
      },
      {
        "x": 18,
        "y": 14,
        "terrain": "field",
        "regionId": "farmland",
        "discovered": true,
        "walkable": true
      },
      {
        "x": 19,
        "y": 14,
        "terrain": "field",
        "regionId": "farmland",
        "discovered": true,
        "walkable": true
      },
      {
        "x": 20,
        "y": 14,
        "terrain": "field",
        "regionId": "farmland",
        "discovered": true,
        "walkable": true
      },
      {
        "x": 21,
        "y": 14,
        "terrain": "field",
        "regionId": "farmland",
        "discovered": true,
        "walkable": true
      },
      {
        "x": 22,
        "y": 14,
        "terrain": "field",
        "regionId": "farmland",
        "discovered": true,
        "walkable": true
      },
      {
        "x": 23,
        "y": 14,
        "terrain": "water",
        "regionId": "farmland",
        "discovered": true,
        "walkable": false
      },
      {
        "x": 0,
        "y": 15,
        "terrain": "water",
        "regionId": "village",
        "discovered": true,
        "walkable": false
      },
      {
        "x": 1,
        "y": 15,
        "terrain": "water",
        "regionId": "village",
        "discovered": true,
        "walkable": false
      },
      {
        "x": 2,
        "y": 15,
        "terrain": "water",
        "regionId": "village",
        "discovered": true,
        "walkable": false
      },
      {
        "x": 3,
        "y": 15,
        "terrain": "water",
        "regionId": "village",
        "discovered": true,
        "walkable": false
      },
      {
        "x": 4,
        "y": 15,
        "terrain": "water",
        "regionId": "village",
        "discovered": true,
        "walkable": false
      },
      {
        "x": 5,
        "y": 15,
        "terrain": "water",
        "regionId": "village",
        "discovered": true,
        "walkable": false
      },
      {
        "x": 6,
        "y": 15,
        "terrain": "water",
        "regionId": "village",
        "discovered": true,
        "walkable": false
      },
      {
        "x": 7,
        "y": 15,
        "terrain": "water",
        "regionId": "village",
        "discovered": true,
        "walkable": false
      },
      {
        "x": 8,
        "y": 15,
        "terrain": "water",
        "regionId": "village",
        "discovered": true,
        "walkable": false
      },
      {
        "x": 9,
        "y": 15,
        "terrain": "water",
        "regionId": "village",
        "discovered": true,
        "walkable": false
      },
      {
        "x": 10,
        "y": 15,
        "terrain": "water",
        "regionId": "village",
        "discovered": true,
        "walkable": false
      },
      {
        "x": 11,
        "y": 15,
        "terrain": "water",
        "regionId": "village",
        "discovered": true,
        "walkable": false
      },
      {
        "x": 12,
        "y": 15,
        "terrain": "water",
        "regionId": "village",
        "discovered": true,
        "walkable": false
      },
      {
        "x": 13,
        "y": 15,
        "terrain": "water",
        "regionId": "village",
        "discovered": true,
        "walkable": false
      },
      {
        "x": 14,
        "y": 15,
        "terrain": "water",
        "regionId": "farmland",
        "discovered": true,
        "walkable": false
      },
      {
        "x": 15,
        "y": 15,
        "terrain": "water",
        "regionId": "farmland",
        "discovered": true,
        "walkable": false
      },
      {
        "x": 16,
        "y": 15,
        "terrain": "water",
        "regionId": "farmland",
        "discovered": true,
        "walkable": false
      },
      {
        "x": 17,
        "y": 15,
        "terrain": "water",
        "regionId": "farmland",
        "discovered": true,
        "walkable": false
      },
      {
        "x": 18,
        "y": 15,
        "terrain": "water",
        "regionId": "farmland",
        "discovered": true,
        "walkable": false
      },
      {
        "x": 19,
        "y": 15,
        "terrain": "water",
        "regionId": "farmland",
        "discovered": true,
        "walkable": false
      },
      {
        "x": 20,
        "y": 15,
        "terrain": "water",
        "regionId": "farmland",
        "discovered": true,
        "walkable": false
      },
      {
        "x": 21,
        "y": 15,
        "terrain": "water",
        "regionId": "farmland",
        "discovered": true,
        "walkable": false
      },
      {
        "x": 22,
        "y": 15,
        "terrain": "water",
        "regionId": "farmland",
        "discovered": true,
        "walkable": false
      },
      {
        "x": 23,
        "y": 15,
        "terrain": "water",
        "regionId": "farmland",
        "discovered": true,
        "walkable": false
      }
    ],
    "settlement": {
      "name": "橡谷",
      "stage": "hamlet",
      "capacity": 40,
      "food": 100,
      "prosperity": 97.5400000000001,
      "safety": 100,
      "infrastructure": 37.672,
      "growth": 65.60768640000003,
      "buildings": [
        "house",
        "farm",
        "store",
        "inn"
      ]
    },
    "regions": {
      "village": {
        "discovered": true,
        "remainingAmount": 0,
        "regenerationRate": 0
      },
      "farmland": {
        "discovered": true,
        "remainingAmount": 0,
        "regenerationRate": 0
      },
      "forest": {
        "discovered": true,
        "remainingAmount": 100,
        "regenerationRate": 10
      },
      "mine": {
        "discovered": true,
        "remainingAmount": 100,
        "regenerationRate": 8
      },
      "unknown": {
        "discovered": false,
        "remainingAmount": 100,
        "regenerationRate": 2
      }
    },
    "threat": {
      "monsterPopulation": 0.51,
      "threatLevel": 1,
      "growthRate": 0.65,
      "bossProgress": 0.39,
      "campLevel": 1,
      "bossAlive": false,
      "warningLevel": 0
    },
    "dungeon": {
      "discovered": false,
      "threat": 1,
      "progress": 21.599999999999987,
      "runs": 0,
      "stage": 0,
      "inDungeon": false
    },
    "crops": [],
    "preparedPlots": 0,
    "party": [],
    "combat": null,
    "events": [
      {
        "id": 886,
        "at": 66147,
        "type": "player.rested",
        "category": "player",
        "message": "休息後，你恢復了生命與體力。",
        "tier": "gameplay"
      },
      {
        "id": 887,
        "at": 66229,
        "type": "player.rested",
        "category": "player",
        "message": "休息後，你恢復了生命與體力。",
        "tier": "gameplay"
      },
      {
        "id": 888,
        "at": 66311,
        "type": "player.rested",
        "category": "player",
        "message": "休息後，你恢復了生命與體力。",
        "tier": "gameplay"
      },
      {
        "id": 889,
        "at": 66392,
        "type": "player.rested",
        "category": "player",
        "message": "休息後，你恢復了生命與體力。",
        "tier": "gameplay"
      },
      {
        "id": 890,
        "at": 66474,
        "type": "player.rested",
        "category": "player",
        "message": "休息後，你恢復了生命與體力。",
        "tier": "gameplay"
      },
      {
        "id": 891,
        "at": 66556,
        "type": "player.rested",
        "category": "player",
        "message": "休息後，你恢復了生命與體力。",
        "tier": "gameplay"
      },
      {
        "id": 892,
        "at": 66637,
        "type": "player.rested",
        "category": "player",
        "message": "休息後，你恢復了生命與體力。",
        "tier": "gameplay"
      },
      {
        "id": 893,
        "at": 66720,
        "type": "player.rested",
        "category": "player",
        "message": "休息後，你恢復了生命與體力。",
        "tier": "gameplay"
      },
      {
        "id": 894,
        "at": 66793,
        "type": "craft.completed",
        "category": "player",
        "message": "打造完成：精良獵矛。",
        "tier": "gameplay"
      },
      {
        "id": 895,
        "at": 66794,
        "type": "player.equipped",
        "category": "player",
        "message": "穿戴精良獵矛。",
        "tier": "gameplay"
      },
      {
        "id": 896,
        "at": 66932,
        "type": "player.gathered",
        "category": "player",
        "message": "取得 6 份木材，工作報酬 4 金幣。",
        "tier": "gameplay"
      },
      {
        "id": 897,
        "at": 67032,
        "type": "player.gathered",
        "category": "player",
        "message": "取得 6 份石材，工作報酬 4 金幣。",
        "tier": "gameplay"
      },
      {
        "id": 898,
        "at": 67130,
        "type": "craft.completed",
        "category": "player",
        "message": "打造完成：精良獵矛。",
        "tier": "gameplay"
      },
      {
        "id": 899,
        "at": 67130,
        "type": "player.equipped",
        "category": "player",
        "message": "穿戴精良獵矛。",
        "tier": "gameplay"
      },
      {
        "id": 900,
        "at": 67499,
        "type": "player.rested",
        "category": "player",
        "message": "休息後，你恢復了生命與體力。",
        "tier": "gameplay"
      },
      {
        "id": 901,
        "at": 67581,
        "type": "player.rested",
        "category": "player",
        "message": "休息後，你恢復了生命與體力。",
        "tier": "gameplay"
      },
      {
        "id": 902,
        "at": 67663,
        "type": "player.rested",
        "category": "player",
        "message": "休息後，你恢復了生命與體力。",
        "tier": "gameplay"
      },
      {
        "id": 903,
        "at": 67744,
        "type": "player.rested",
        "category": "player",
        "message": "休息後，你恢復了生命與體力。",
        "tier": "gameplay"
      },
      {
        "id": 904,
        "at": 67826,
        "type": "player.rested",
        "category": "player",
        "message": "休息後，你恢復了生命與體力。",
        "tier": "gameplay"
      },
      {
        "id": 905,
        "at": 67908,
        "type": "player.rested",
        "category": "player",
        "message": "休息後，你恢復了生命與體力。",
        "tier": "gameplay"
      },
      {
        "id": 906,
        "at": 67989,
        "type": "player.rested",
        "category": "player",
        "message": "休息後，你恢復了生命與體力。",
        "tier": "gameplay"
      },
      {
        "id": 907,
        "at": 68071,
        "type": "player.rested",
        "category": "player",
        "message": "休息後，你恢復了生命與體力。",
        "tier": "gameplay"
      },
      {
        "id": 908,
        "at": 68153,
        "type": "player.rested",
        "category": "player",
        "message": "休息後，你恢復了生命與體力。",
        "tier": "gameplay"
      },
      {
        "id": 909,
        "at": 68177,
        "type": "combat.started",
        "category": "player",
        "message": "遭遇灰狼。",
        "tier": "gameplay"
      },
      {
        "id": 910,
        "at": 68177,
        "type": "loot.material",
        "category": "player",
        "message": "獲得狼牙 ×1。",
        "tier": "gameplay"
      },
      {
        "id": 911,
        "at": 68177,
        "type": "combat.won",
        "category": "player",
        "message": "戰鬥勝利！獲得 25 經驗與 12 金幣。",
        "tier": "gameplay"
      },
      {
        "id": 912,
        "at": 68251,
        "type": "craft.completed",
        "category": "player",
        "message": "打造完成：精良獵矛。",
        "tier": "gameplay"
      },
      {
        "id": 913,
        "at": 68251,
        "type": "player.equipped",
        "category": "player",
        "message": "穿戴精良獵矛。",
        "tier": "gameplay"
      },
      {
        "id": 914,
        "at": 68286,
        "type": "player.gathered",
        "category": "player",
        "message": "取得 6 份木材，工作報酬 4 金幣。",
        "tier": "gameplay"
      },
      {
        "id": 915,
        "at": 68353,
        "type": "craft.completed",
        "category": "player",
        "message": "打造完成：精良鎖甲。",
        "tier": "gameplay"
      },
      {
        "id": 916,
        "at": 68354,
        "type": "player.equipped",
        "category": "player",
        "message": "穿戴精良鎖甲。",
        "tier": "gameplay"
      },
      {
        "id": 917,
        "at": 68425,
        "type": "player.gathered",
        "category": "player",
        "message": "取得 6 份石材，工作報酬 4 金幣。",
        "tier": "gameplay"
      },
      {
        "id": 918,
        "at": 68528,
        "type": "craft.completed",
        "category": "player",
        "message": "打造完成：精良獵矛。",
        "tier": "gameplay"
      },
      {
        "id": 919,
        "at": 68529,
        "type": "player.equipped",
        "category": "player",
        "message": "穿戴精良獵矛。",
        "tier": "gameplay"
      },
      {
        "id": 920,
        "at": 68591,
        "type": "player.gathered",
        "category": "player",
        "message": "取得 6 份木材，工作報酬 4 金幣。",
        "tier": "gameplay"
      },
      {
        "id": 921,
        "at": 68648,
        "type": "craft.completed",
        "category": "player",
        "message": "打造完成：精良獵矛。",
        "tier": "gameplay"
      },
      {
        "id": 922,
        "at": 68648,
        "type": "player.equipped",
        "category": "player",
        "message": "穿戴精良獵矛。",
        "tier": "gameplay"
      },
      {
        "id": 923,
        "at": 68751,
        "type": "player.rested",
        "category": "player",
        "message": "休息後，你恢復了生命與體力。",
        "tier": "gameplay"
      },
      {
        "id": 924,
        "at": 68854,
        "type": "player.gathered",
        "category": "player",
        "message": "取得 6 份石材，工作報酬 4 金幣。",
        "tier": "gameplay"
      },
      {
        "id": 925,
        "at": 69064,
        "type": "player.rested",
        "category": "player",
        "message": "休息後，你恢復了生命與體力。",
        "tier": "gameplay"
      },
      {
        "id": 926,
        "at": 69146,
        "type": "player.rested",
        "category": "player",
        "message": "休息後，你恢復了生命與體力。",
        "tier": "gameplay"
      },
      {
        "id": 927,
        "at": 69228,
        "type": "player.rested",
        "category": "player",
        "message": "休息後，你恢復了生命與體力。",
        "tier": "gameplay"
      },
      {
        "id": 928,
        "at": 69309,
        "type": "player.rested",
        "category": "player",
        "message": "休息後，你恢復了生命與體力。",
        "tier": "gameplay"
      },
      {
        "id": 929,
        "at": 69391,
        "type": "player.rested",
        "category": "player",
        "message": "休息後，你恢復了生命與體力。",
        "tier": "gameplay"
      },
      {
        "id": 930,
        "at": 69472,
        "type": "player.rested",
        "category": "player",
        "message": "休息後，你恢復了生命與體力。",
        "tier": "gameplay"
      },
      {
        "id": 931,
        "at": 69554,
        "type": "player.rested",
        "category": "player",
        "message": "休息後，你恢復了生命與體力。",
        "tier": "gameplay"
      },
      {
        "id": 932,
        "at": 69636,
        "type": "player.rested",
        "category": "player",
        "message": "休息後，你恢復了生命與體力。",
        "tier": "gameplay"
      },
      {
        "id": 933,
        "at": 69709,
        "type": "craft.completed",
        "category": "player",
        "message": "打造完成：稀有獵矛。",
        "tier": "gameplay"
      },
      {
        "id": 934,
        "at": 69710,
        "type": "player.equipped",
        "category": "player",
        "message": "穿戴稀有獵矛。",
        "tier": "gameplay"
      },
      {
        "id": 935,
        "at": 69750,
        "type": "character.levelUp",
        "category": "player",
        "message": "奧登 升到 Lv.13。",
        "tier": "gameplay"
      },
      {
        "id": 936,
        "at": 69750,
        "type": "player.gathered",
        "category": "player",
        "message": "取得 6 份木材，工作報酬 4 金幣。",
        "tier": "gameplay"
      },
      {
        "id": 937,
        "at": 69807,
        "type": "craft.completed",
        "category": "player",
        "message": "打造完成：精良獵矛。",
        "tier": "gameplay"
      },
      {
        "id": 938,
        "at": 69808,
        "type": "player.equipped",
        "category": "player",
        "message": "穿戴精良獵矛。",
        "tier": "gameplay"
      },
      {
        "id": 939,
        "at": 70336,
        "type": "player.rested",
        "category": "player",
        "message": "休息後，你恢復了生命與體力。",
        "tier": "gameplay"
      },
      {
        "id": 940,
        "at": 70418,
        "type": "player.rested",
        "category": "player",
        "message": "休息後，你恢復了生命與體力。",
        "tier": "gameplay"
      },
      {
        "id": 941,
        "at": 70500,
        "type": "player.rested",
        "category": "player",
        "message": "休息後，你恢復了生命與體力。",
        "tier": "gameplay"
      },
      {
        "id": 942,
        "at": 70581,
        "type": "player.rested",
        "category": "player",
        "message": "休息後，你恢復了生命與體力。",
        "tier": "gameplay"
      },
      {
        "id": 943,
        "at": 70663,
        "type": "player.rested",
        "category": "player",
        "message": "休息後，你恢復了生命與體力。",
        "tier": "gameplay"
      },
      {
        "id": 944,
        "at": 70745,
        "type": "player.rested",
        "category": "player",
        "message": "休息後，你恢復了生命與體力。",
        "tier": "gameplay"
      },
      {
        "id": 945,
        "at": 70826,
        "type": "player.rested",
        "category": "player",
        "message": "休息後，你恢復了生命與體力。",
        "tier": "gameplay"
      },
      {
        "id": 946,
        "at": 70908,
        "type": "player.rested",
        "category": "player",
        "message": "休息後，你恢復了生命與體力。",
        "tier": "gameplay"
      },
      {
        "id": 947,
        "at": 70989,
        "type": "player.rested",
        "category": "player",
        "message": "休息後，你恢復了生命與體力。",
        "tier": "gameplay"
      },
      {
        "id": 948,
        "at": 71071,
        "type": "player.rested",
        "category": "player",
        "message": "休息後，你恢復了生命與體力。",
        "tier": "gameplay"
      },
      {
        "id": 949,
        "at": 71094,
        "type": "combat.started",
        "category": "player",
        "message": "遭遇史萊姆。",
        "tier": "gameplay"
      },
      {
        "id": 950,
        "at": 71095,
        "type": "combat.won",
        "category": "player",
        "message": "戰鬥勝利！獲得 15 經驗與 8 金幣。",
        "tier": "gameplay"
      },
      {
        "id": 951,
        "at": 71168,
        "type": "craft.completed",
        "category": "player",
        "message": "打造完成：精良鎖甲。",
        "tier": "gameplay"
      },
      {
        "id": 952,
        "at": 71168,
        "type": "player.equipped",
        "category": "player",
        "message": "穿戴精良鎖甲。",
        "tier": "gameplay"
      },
      {
        "id": 953,
        "at": 71203,
        "type": "player.gathered",
        "category": "player",
        "message": "取得 6 份木材，工作報酬 4 金幣。",
        "tier": "gameplay"
      },
      {
        "id": 954,
        "at": 71256,
        "type": "craft.completed",
        "category": "player",
        "message": "打造完成：精良獵矛。",
        "tier": "gameplay"
      },
      {
        "id": 955,
        "at": 71256,
        "type": "player.equipped",
        "category": "player",
        "message": "穿戴精良獵矛。",
        "tier": "gameplay"
      },
      {
        "id": 956,
        "at": 71338,
        "type": "player.gathered",
        "category": "player",
        "message": "取得 6 份石材，工作報酬 4 金幣。",
        "tier": "gameplay"
      },
      {
        "id": 957,
        "at": 71426,
        "type": "craft.completed",
        "category": "player",
        "message": "打造完成：精良獵矛。",
        "tier": "gameplay"
      },
      {
        "id": 958,
        "at": 71426,
        "type": "player.equipped",
        "category": "player",
        "message": "穿戴精良獵矛。",
        "tier": "gameplay"
      },
      {
        "id": 959,
        "at": 71488,
        "type": "character.skillUp",
        "category": "player",
        "message": "伐木熟練度升到 Lv.10。",
        "tier": "gameplay"
      },
      {
        "id": 960,
        "at": 71488,
        "type": "player.gathered",
        "category": "player",
        "message": "取得 6 份木材，工作報酬 4 金幣。",
        "tier": "gameplay"
      },
      {
        "id": 961,
        "at": 71546,
        "type": "craft.completed",
        "category": "player",
        "message": "打造完成：精良獵矛。",
        "tier": "gameplay"
      },
      {
        "id": 962,
        "at": 71546,
        "type": "player.equipped",
        "category": "player",
        "message": "穿戴精良獵矛。",
        "tier": "gameplay"
      },
      {
        "id": 963,
        "at": 71648,
        "type": "player.rested",
        "category": "player",
        "message": "休息後，你恢復了生命與體力。",
        "tier": "gameplay"
      },
      {
        "id": 964,
        "at": 71838,
        "type": "player.rested",
        "category": "player",
        "message": "休息後，你恢復了生命與體力。",
        "tier": "gameplay"
      },
      {
        "id": 965,
        "at": 71920,
        "type": "player.rested",
        "category": "player",
        "message": "休息後，你恢復了生命與體力。",
        "tier": "gameplay"
      },
      {
        "id": 966,
        "at": 72001,
        "type": "player.rested",
        "category": "player",
        "message": "休息後，你恢復了生命與體力。",
        "tier": "gameplay"
      },
      {
        "id": 967,
        "at": 72083,
        "type": "player.rested",
        "category": "player",
        "message": "休息後，你恢復了生命與體力。",
        "tier": "gameplay"
      },
      {
        "id": 968,
        "at": 72165,
        "type": "player.rested",
        "category": "player",
        "message": "休息後，你恢復了生命與體力。",
        "tier": "gameplay"
      },
      {
        "id": 969,
        "at": 72246,
        "type": "player.rested",
        "category": "player",
        "message": "休息後，你恢復了生命與體力。",
        "tier": "gameplay"
      },
      {
        "id": 970,
        "at": 72328,
        "type": "player.rested",
        "category": "player",
        "message": "休息後，你恢復了生命與體力。",
        "tier": "gameplay"
      },
      {
        "id": 971,
        "at": 72410,
        "type": "player.rested",
        "category": "player",
        "message": "休息後，你恢復了生命與體力。",
        "tier": "gameplay"
      },
      {
        "id": 972,
        "at": 72491,
        "type": "player.rested",
        "category": "player",
        "message": "休息後，你恢復了生命與體力。",
        "tier": "gameplay"
      },
      {
        "id": 973,
        "at": 73200,
        "type": "player.rested",
        "category": "player",
        "message": "休息後，你恢復了生命與體力。",
        "tier": "gameplay"
      },
      {
        "id": 974,
        "at": 73281,
        "type": "player.rested",
        "category": "player",
        "message": "休息後，你恢復了生命與體力。",
        "tier": "gameplay"
      },
      {
        "id": 975,
        "at": 73363,
        "type": "player.rested",
        "category": "player",
        "message": "休息後，你恢復了生命與體力。",
        "tier": "gameplay"
      },
      {
        "id": 976,
        "at": 73445,
        "type": "player.rested",
        "category": "player",
        "message": "休息後，你恢復了生命與體力。",
        "tier": "gameplay"
      },
      {
        "id": 977,
        "at": 73526,
        "type": "player.rested",
        "category": "player",
        "message": "休息後，你恢復了生命與體力。",
        "tier": "gameplay"
      },
      {
        "id": 978,
        "at": 73608,
        "type": "player.rested",
        "category": "player",
        "message": "休息後，你恢復了生命與體力。",
        "tier": "gameplay"
      },
      {
        "id": 979,
        "at": 73690,
        "type": "player.rested",
        "category": "player",
        "message": "休息後，你恢復了生命與體力。",
        "tier": "gameplay"
      },
      {
        "id": 980,
        "at": 73771,
        "type": "player.rested",
        "category": "player",
        "message": "休息後，你恢復了生命與體力。",
        "tier": "gameplay"
      },
      {
        "id": 981,
        "at": 73853,
        "type": "player.rested",
        "category": "player",
        "message": "休息後，你恢復了生命與體力。",
        "tier": "gameplay"
      },
      {
        "id": 982,
        "at": 73935,
        "type": "player.rested",
        "category": "player",
        "message": "休息後，你恢復了生命與體力。",
        "tier": "gameplay"
      },
      {
        "id": 983,
        "at": 73958,
        "type": "combat.started",
        "category": "player",
        "message": "遭遇灰狼。",
        "tier": "gameplay"
      },
      {
        "id": 984,
        "at": 73959,
        "type": "loot.material",
        "category": "player",
        "message": "獲得狼牙 ×1。",
        "tier": "gameplay"
      },
      {
        "id": 985,
        "at": 73959,
        "type": "reputation.rankChanged",
        "category": "settlement",
        "message": "奧登在橡谷的名聲從「普通居民」轉為「熟面孔」。",
        "tier": "major"
      },
      {
        "id": 986,
        "at": 73959,
        "type": "combat.won",
        "category": "player",
        "message": "戰鬥勝利！獲得 25 經驗與 12 金幣。",
        "tier": "gameplay"
      },
      {
        "id": 987,
        "at": 74032,
        "type": "craft.completed",
        "category": "player",
        "message": "打造完成：精良鎖甲。",
        "tier": "gameplay"
      },
      {
        "id": 988,
        "at": 74033,
        "type": "player.equipped",
        "category": "player",
        "message": "穿戴精良鎖甲。",
        "tier": "gameplay"
      },
      {
        "id": 989,
        "at": 74080,
        "type": "craft.completed",
        "category": "player",
        "message": "打造完成：精良獵矛。",
        "tier": "gameplay"
      },
      {
        "id": 990,
        "at": 74081,
        "type": "player.equipped",
        "category": "player",
        "message": "穿戴精良獵矛。",
        "tier": "gameplay"
      },
      {
        "id": 991,
        "at": 74151,
        "type": "player.gathered",
        "category": "player",
        "message": "取得 6 份鐵礦，工作報酬 4 金幣。",
        "tier": "gameplay"
      },
      {
        "id": 992,
        "at": 74232,
        "type": "player.gathered",
        "category": "player",
        "message": "取得 6 份木材，工作報酬 4 金幣。",
        "tier": "gameplay"
      },
      {
        "id": 993,
        "at": 74304,
        "type": "craft.completed",
        "category": "player",
        "message": "打造完成：精良鎖甲。",
        "tier": "gameplay"
      },
      {
        "id": 994,
        "at": 74304,
        "type": "player.equipped",
        "category": "player",
        "message": "穿戴精良鎖甲。",
        "tier": "gameplay"
      },
      {
        "id": 995,
        "at": 74391,
        "type": "player.gathered",
        "category": "player",
        "message": "取得 6 份石材，工作報酬 4 金幣。",
        "tier": "gameplay"
      },
      {
        "id": 996,
        "at": 74474,
        "type": "craft.completed",
        "category": "player",
        "message": "打造完成：稀有獵矛。",
        "tier": "gameplay"
      },
      {
        "id": 997,
        "at": 74475,
        "type": "player.equipped",
        "category": "player",
        "message": "穿戴稀有獵矛。",
        "tier": "gameplay"
      },
      {
        "id": 998,
        "at": 74577,
        "type": "player.rested",
        "category": "player",
        "message": "休息後，你恢復了生命與體力。",
        "tier": "gameplay"
      },
      {
        "id": 999,
        "at": 74692,
        "type": "player.rested",
        "category": "player",
        "message": "休息後，你恢復了生命與體力。",
        "tier": "gameplay"
      },
      {
        "id": 1000,
        "at": 74774,
        "type": "player.rested",
        "category": "player",
        "message": "休息後，你恢復了生命與體力。",
        "tier": "gameplay"
      },
      {
        "id": 1001,
        "at": 74855,
        "type": "player.rested",
        "category": "player",
        "message": "休息後，你恢復了生命與體力。",
        "tier": "gameplay"
      },
      {
        "id": 1002,
        "at": 74937,
        "type": "player.rested",
        "category": "player",
        "message": "休息後，你恢復了生命與體力。",
        "tier": "gameplay"
      },
      {
        "id": 1003,
        "at": 75018,
        "type": "player.rested",
        "category": "player",
        "message": "休息後，你恢復了生命與體力。",
        "tier": "gameplay"
      },
      {
        "id": 1004,
        "at": 75100,
        "type": "player.rested",
        "category": "player",
        "message": "休息後，你恢復了生命與體力。",
        "tier": "gameplay"
      },
      {
        "id": 1005,
        "at": 75182,
        "type": "player.rested",
        "category": "player",
        "message": "休息後，你恢復了生命與體力。",
        "tier": "gameplay"
      },
      {
        "id": 1006,
        "at": 75263,
        "type": "player.rested",
        "category": "player",
        "message": "休息後，你恢復了生命與體力。",
        "tier": "gameplay"
      },
      {
        "id": 1007,
        "at": 75345,
        "type": "player.rested",
        "category": "player",
        "message": "休息後，你恢復了生命與體力。",
        "tier": "gameplay"
      },
      {
        "id": 1008,
        "at": 75427,
        "type": "player.rested",
        "category": "player",
        "message": "休息後，你恢復了生命與體力。",
        "tier": "gameplay"
      },
      {
        "id": 1009,
        "at": 76085,
        "type": "player.rested",
        "category": "player",
        "message": "休息後，你恢復了生命與體力。",
        "tier": "gameplay"
      },
      {
        "id": 1010,
        "at": 76166,
        "type": "player.rested",
        "category": "player",
        "message": "休息後，你恢復了生命與體力。",
        "tier": "gameplay"
      },
      {
        "id": 1011,
        "at": 76248,
        "type": "player.rested",
        "category": "player",
        "message": "休息後，你恢復了生命與體力。",
        "tier": "gameplay"
      },
      {
        "id": 1012,
        "at": 76330,
        "type": "player.rested",
        "category": "player",
        "message": "休息後，你恢復了生命與體力。",
        "tier": "gameplay"
      },
      {
        "id": 1013,
        "at": 76411,
        "type": "player.rested",
        "category": "player",
        "message": "休息後，你恢復了生命與體力。",
        "tier": "gameplay"
      },
      {
        "id": 1014,
        "at": 76493,
        "type": "player.rested",
        "category": "player",
        "message": "休息後，你恢復了生命與體力。",
        "tier": "gameplay"
      },
      {
        "id": 1015,
        "at": 76575,
        "type": "player.rested",
        "category": "player",
        "message": "休息後，你恢復了生命與體力。",
        "tier": "gameplay"
      },
      {
        "id": 1016,
        "at": 76656,
        "type": "player.rested",
        "category": "player",
        "message": "休息後，你恢復了生命與體力。",
        "tier": "gameplay"
      },
      {
        "id": 1017,
        "at": 76738,
        "type": "player.rested",
        "category": "player",
        "message": "休息後，你恢復了生命與體力。",
        "tier": "gameplay"
      },
      {
        "id": 1018,
        "at": 76820,
        "type": "player.rested",
        "category": "player",
        "message": "休息後，你恢復了生命與體力。",
        "tier": "gameplay"
      },
      {
        "id": 1019,
        "at": 76843,
        "type": "combat.started",
        "category": "player",
        "message": "遭遇史萊姆。",
        "tier": "gameplay"
      },
      {
        "id": 1020,
        "at": 76843,
        "type": "combat.won",
        "category": "player",
        "message": "戰鬥勝利！獲得 15 經驗與 8 金幣。",
        "tier": "gameplay"
      },
      {
        "id": 1021,
        "at": 76917,
        "type": "craft.completed",
        "category": "player",
        "message": "打造完成：精良鎖甲。",
        "tier": "gameplay"
      },
      {
        "id": 1022,
        "at": 76917,
        "type": "player.equipped",
        "category": "player",
        "message": "穿戴精良鎖甲。",
        "tier": "gameplay"
      },
      {
        "id": 1023,
        "at": 76964,
        "type": "player.gathered",
        "category": "player",
        "message": "取得 6 份木材，工作報酬 4 金幣。",
        "tier": "gameplay"
      },
      {
        "id": 1024,
        "at": 77016,
        "type": "craft.completed",
        "category": "player",
        "message": "打造完成：精良獵矛。",
        "tier": "gameplay"
      },
      {
        "id": 1025,
        "at": 77016,
        "type": "player.equipped",
        "category": "player",
        "message": "穿戴精良獵矛。",
        "tier": "gameplay"
      },
      {
        "id": 1026,
        "at": 77519,
        "type": "player.rested",
        "category": "player",
        "message": "休息後，你恢復了生命與體力。",
        "tier": "gameplay"
      },
      {
        "id": 1027,
        "at": 77601,
        "type": "player.rested",
        "category": "player",
        "message": "休息後，你恢復了生命與體力。",
        "tier": "gameplay"
      },
      {
        "id": 1028,
        "at": 77683,
        "type": "player.rested",
        "category": "player",
        "message": "休息後，你恢復了生命與體力。",
        "tier": "gameplay"
      },
      {
        "id": 1029,
        "at": 77764,
        "type": "player.rested",
        "category": "player",
        "message": "休息後，你恢復了生命與體力。",
        "tier": "gameplay"
      },
      {
        "id": 1030,
        "at": 77846,
        "type": "player.rested",
        "category": "player",
        "message": "休息後，你恢復了生命與體力。",
        "tier": "gameplay"
      },
      {
        "id": 1031,
        "at": 77928,
        "type": "player.rested",
        "category": "player",
        "message": "休息後，你恢復了生命與體力。",
        "tier": "gameplay"
      },
      {
        "id": 1032,
        "at": 78010,
        "type": "player.rested",
        "category": "player",
        "message": "休息後，你恢復了生命與體力。",
        "tier": "gameplay"
      },
      {
        "id": 1033,
        "at": 78091,
        "type": "player.rested",
        "category": "player",
        "message": "休息後，你恢復了生命與體力。",
        "tier": "gameplay"
      },
      {
        "id": 1034,
        "at": 78173,
        "type": "player.rested",
        "category": "player",
        "message": "休息後，你恢復了生命與體力。",
        "tier": "gameplay"
      },
      {
        "id": 1035,
        "at": 78255,
        "type": "player.rested",
        "category": "player",
        "message": "休息後，你恢復了生命與體力。",
        "tier": "gameplay"
      }
    ],
    "history": [
      {
        "id": 1,
        "at": 480,
        "type": "world.founded",
        "category": "world",
        "message": "陌生的天空下，橡谷的炊煙升起。你將在這片邊境開始新的人生。",
        "tier": "major"
      },
      {
        "id": 57,
        "at": 3991,
        "type": "identity.formed",
        "category": "player",
        "message": "奧登成為礦工。",
        "tier": "major"
      },
      {
        "id": 66,
        "at": 4994,
        "type": "identity.formed",
        "category": "player",
        "message": "奧登成為鍛造師。",
        "tier": "major"
      },
      {
        "id": 297,
        "at": 21600,
        "type": "npc.immigrated",
        "category": "npc",
        "message": "奧斯卡 30 搬進橡谷，成為礦工。",
        "tier": "major"
      },
      {
        "id": 333,
        "at": 23742,
        "type": "identity.formed",
        "category": "player",
        "message": "奧登成為熟練礦工。",
        "tier": "major"
      },
      {
        "id": 443,
        "at": 30985,
        "type": "identity.formed",
        "category": "player",
        "message": "奧登成為冒險者。",
        "tier": "major"
      },
      {
        "id": 609,
        "at": 43200,
        "type": "npc.immigrated",
        "category": "npc",
        "message": "米拉 31 搬進橡谷，成為樵夫。",
        "tier": "major"
      },
      {
        "id": 610,
        "at": 43200,
        "type": "npc.born",
        "category": "npc",
        "message": "羅恩 32 出生了。",
        "tier": "major"
      },
      {
        "id": 865,
        "at": 64800,
        "type": "npc.immigrated",
        "category": "npc",
        "message": "艾妲 33 搬進橡谷，成為店主。",
        "tier": "major"
      },
      {
        "id": 985,
        "at": 73959,
        "type": "reputation.rankChanged",
        "category": "settlement",
        "message": "奧登在橡谷的名聲從「普通居民」轉為「熟面孔」。",
        "tier": "major"
      }
    ],
    "eventSequence": 1035,
    "nextNpcId": 34,
    "lastSavedAt": 1791370962573,
    "playJournal": {
      "version": 1,
      "worldId": "cc89a0ae-ba05-469d-828d-60b063cd06e5",
      "pending": []
    }
  },
  "finalState": {
    "worldTime": 78266,
    "rngState": 1059294316,
    "eventSequence": 1035,
    "eventCount": 150,
    "historyCount": 10,
    "journalPending": 0,
    "character": {
      "isAlive": true,
      "hp": 172,
      "maxHp": 172,
      "stamina": 84,
      "maxStamina": 84,
      "gold": 1,
      "level": 13,
      "position": {
        "x": 9,
        "y": 8
      }
    },
    "skills": {
      "combat": {
        "level": 7,
        "exp": 100
      },
      "farming": {
        "level": 1,
        "exp": 0
      },
      "mining": {
        "level": 9,
        "exp": 110
      },
      "woodcutting": {
        "level": 10,
        "exp": 20
      },
      "smithing": {
        "level": 5,
        "exp": 0
      }
    },
    "inventory": {
      "wood": 5,
      "stone": 2,
      "iron": 4,
      "food": 3,
      "material": 13,
      "potion": 2,
      "sword": 0,
      "armor": 0
    },
    "instanceCount": 159,
    "equipped": {
      "weapon": "item-159",
      "armor": "item-158"
    },
    "npcCount": 33,
    "livingNpcCount": 33,
    "threat": {
      "monsterPopulation": 0.51,
      "threatLevel": 1,
      "growthRate": 0.65,
      "bossProgress": 0.39,
      "campLevel": 1,
      "bossAlive": false,
      "warningLevel": 0
    },
    "boss": {
      "alive": false,
      "progress": 0.39,
      "wolfBossForm": null
    },
    "combat": null,
    "dungeon": {
      "discovered": false,
      "threat": 1,
      "progress": 21.599999999999987,
      "runs": 0,
      "stage": 0,
      "inDungeon": false
    },
    "ownership": []
  },
  "finalTelemetryCheckpoint": {
    "atUTC": "2026-10-07T11:02:42.912200+00:00",
    "elapsedSeconds": 1801.46,
    "reason": "final",
    "state": {
      "worldTime": 78266,
      "rngState": 1059294316,
      "eventSequence": 1035,
      "eventCount": 150,
      "historyCount": 10,
      "journalPending": 0,
      "character": {
        "isAlive": true,
        "hp": 172,
        "maxHp": 172,
        "stamina": 84,
        "maxStamina": 84,
        "gold": 1,
        "level": 13,
        "position": {
          "x": 9,
          "y": 8
        }
      },
      "skills": {
        "combat": {
          "level": 7,
          "exp": 100
        },
        "farming": {
          "level": 1,
          "exp": 0
        },
        "mining": {
          "level": 9,
          "exp": 110
        },
        "woodcutting": {
          "level": 10,
          "exp": 20
        },
        "smithing": {
          "level": 5,
          "exp": 0
        }
      },
      "inventory": {
        "wood": 5,
        "stone": 2,
        "iron": 4,
        "food": 3,
        "material": 13,
        "potion": 2,
        "sword": 0,
        "armor": 0
      },
      "instanceCount": 159,
      "equipped": {
        "weapon": "item-159",
        "armor": "item-158"
      },
      "npcCount": 33,
      "livingNpcCount": 33,
      "threat": {
        "monsterPopulation": 0.51,
        "threatLevel": 1,
        "growthRate": 0.65,
        "bossProgress": 0.39,
        "campLevel": 1,
        "bossAlive": false,
        "warningLevel": 0
      },
      "boss": {
        "alive": false,
        "progress": 0.39,
        "wolfBossForm": null
      },
      "combat": null,
      "dungeon": {
        "discovered": false,
        "threat": 1,
        "progress": 21.599999999999987,
        "runs": 0,
        "stage": 0,
        "inDungeon": false
      },
      "ownership": []
    },
    "telemetry": {
      "saveBytes": 180913,
      "localStorageBytes": 180913,
      "originStorage": {
        "usage": 1924287,
        "quota": 7518117055
      },
      "indexedDBNames": [
        "oakvale-play-journal"
      ],
      "indexedDBDetails": [
        {
          "name": "oakvale-play-journal",
          "stores": [
            {
              "store": "records",
              "count": 10303
            }
          ]
        }
      ],
      "saveLatencyMs": [
        0.7999999998137355,
        0.2999999998137355,
        0.40000000037252903,
        0.2999999998137355,
        0.30000000074505806,
        0.2999999998137355,
        0.30000000074505806,
        0.39999999944120646,
        0.5,
        0.40000000037252903,
        0.5,
        0.2999999998137355,
        0.39999999944120646,
        0.40000000037252903,
        0.2999999998137355,
        0.20000000018626451,
        0.7000000001862645,
        1,
        0.20000000018626451,
        0.20000000018626451,
        3.7999999998137355,
        0.40000000037252903,
        0.599999999627471,
        0.2999999998137355,
        0.7999999998137355,
        0.599999999627471,
        0.20000000018626451,
        0.20000000018626451,
        0.2999999998137355,
        0.30000000074505806
      ],
      "storageErrors": [],
      "domNodes": 978,
      "dialogsOpen": 1,
      "heap": {
        "used": 60237492,
        "total": 103113544,
        "limit": 4395630592
      },
      "resourceCount": 3
    },
    "domCounters": {
      "documents": 1,
      "nodes": 3036,
      "jsEventListeners": 567
    },
    "heapUsage": {
      "usedSize": 57342856,
      "totalSize": 100188160,
      "embedderHeapUsedSize": 12088880,
      "backingStorageSize": 2925384
    },
    "performanceMetrics": {
      "Timestamp": 6974.729462,
      "AudioHandlers": 0,
      "AudioWorkletProcessors": 0,
      "Documents": 1,
      "Frames": 1,
      "JSEventListeners": 567,
      "LayoutObjects": 2118,
      "MediaKeySessions": 0,
      "MediaKeys": 0,
      "Nodes": 3036,
      "Resources": 2,
      "ContextLifecycleStateObservers": 8,
      "V8PerContextDatas": 2,
      "WorkerGlobalScopes": 0,
      "UACSSResources": 0,
      "RTCPeerConnections": 0,
      "ResourceFetchers": 1,
      "AdSubframes": 0,
      "DetachedScriptStates": 0,
      "ArrayBufferContents": 2,
      "LayoutCount": 449,
      "RecalcStyleCount": 1486,
      "LayoutDuration": 0.366311,
      "RecalcStyleDuration": 0.757401,
      "DevToolsCommandDuration": 6.053165,
      "ScriptDuration": 0.652566,
      "V8CompileDuration": 0,
      "TaskDuration": 11.090178,
      "TaskOtherDuration": 3.260735,
      "ThreadTime": 10.839926,
      "ProcessTime": 799.64,
      "JSHeapUsedSize": 57342856,
      "JSHeapTotalSize": 100188160,
      "FirstMeaningfulPaint": 6944.86907,
      "DomContentLoaded": 6944.854414,
      "NavigationStart": 6944.782061
    },
    "uiLatencyMsTail": [
      {
        "action": "move one legal map step toward store",
        "milliseconds": 25.4
      },
      {
        "action": "move one legal map step toward store",
        "milliseconds": 39.8
      },
      {
        "action": "open nearby interactions",
        "milliseconds": 47.8
      },
      {
        "action": "open nearby store (雜貨店)",
        "milliseconds": 37.5
      },
      {
        "action": "move one legal map step toward house",
        "milliseconds": 30.5
      },
      {
        "action": "move one legal map step toward house",
        "milliseconds": 49.8
      },
      {
        "action": "open nearby interactions",
        "milliseconds": 40.7
      },
      {
        "action": "open nearby house (家)",
        "milliseconds": 28.5
      },
      {
        "action": "advance world time through an ordinary visible rest action",
        "milliseconds": 30.7
      },
      {
        "action": "move one legal map step toward store",
        "milliseconds": 36.3
      },
      {
        "action": "move one legal map step toward store",
        "milliseconds": 23.0
      },
      {
        "action": "open nearby interactions",
        "milliseconds": 41.4
      },
      {
        "action": "open nearby store (雜貨店)",
        "milliseconds": 40.7
      },
      {
        "action": "move one legal map step toward house",
        "milliseconds": 22.8
      },
      {
        "action": "move one legal map step toward house",
        "milliseconds": 20.4
      },
      {
        "action": "open nearby interactions",
        "milliseconds": 40.7
      },
      {
        "action": "open nearby house (家)",
        "milliseconds": 33.6
      },
      {
        "action": "advance world time through an ordinary visible rest action",
        "milliseconds": 30.8
      },
      {
        "action": "move one legal map step toward store",
        "milliseconds": 25.9
      },
      {
        "action": "move one legal map step toward store",
        "milliseconds": 38.7
      },
      {
        "action": "open nearby interactions",
        "milliseconds": 24.4
      },
      {
        "action": "open nearby store (雜貨店)",
        "milliseconds": 46.2
      },
      {
        "action": "move one legal map step toward house",
        "milliseconds": 24.4
      },
      {
        "action": "move one legal map step toward house",
        "milliseconds": 32.6
      },
      {
        "action": "open nearby interactions",
        "milliseconds": 22.6
      },
      {
        "action": "open nearby house (家)",
        "milliseconds": 39.7
      },
      {
        "action": "advance world time through an ordinary visible rest action",
        "milliseconds": 22.2
      },
      {
        "action": "move one legal map step toward store",
        "milliseconds": 54.3
      },
      {
        "action": "move one legal map step toward store",
        "milliseconds": 53.4
      },
      {
        "action": "open nearby interactions",
        "milliseconds": 25.8
      },
      {
        "action": "open nearby store (雜貨店)",
        "milliseconds": 23.8
      },
      {
        "action": "move one legal map step toward house",
        "milliseconds": 30.3
      },
      {
        "action": "move one legal map step toward house",
        "milliseconds": 48.1
      },
      {
        "action": "open nearby interactions",
        "milliseconds": 43.9
      },
      {
        "action": "open nearby house (家)",
        "milliseconds": 44.0
      },
      {
        "action": "advance world time through an ordinary visible rest action",
        "milliseconds": 39.4
      },
      {
        "action": "move one legal map step toward store",
        "milliseconds": 32.9
      },
      {
        "action": "move one legal map step toward store",
        "milliseconds": 45.1
      },
      {
        "action": "open nearby interactions",
        "milliseconds": 45.7
      },
      {
        "action": "open nearby store (雜貨店)",
        "milliseconds": 28.5
      }
    ],
    "errorCounts": {
      "page": 0,
      "console": 0,
      "rejections": 0,
      "storage": 0
    }
  },
  "browserCleanupErrors": [],
  "sourceAfter": {
    "head": "f9f969c9d3dfa3cbf1c379bec98eafab765b11cc",
    "sourceSha256": {
      "src/App.vue": "6a4cb4bd521c671a5428eae511b1c10270bf1a74355a0cd3dd42cb0cafef1972",
      "src/components/AdventureWindow.vue": "eb6167f033c2c871d0719fb3742319df591feace02bffabe8af5a4802ebfc087",
      "src/components/CharacterSheet.vue": "0905f39da0b3ba52ed2c8c4c852ce08bc96a5e80d925cb64bb1f3dcb5b0d0dbd",
      "src/components/IdentityWindow.vue": "982afc32143581311c9a014236e3e2a75e1a40b8f04f8fe97796c542966f7f06",
      "src/components/InventoryWindow.vue": "12794d34b5d7df1902804f36698c26d58f0c46e3ec8f8bcd4519b075d2ad4609",
      "src/components/LifeNewsWindow.vue": "deeade4eb492f3ac846d5de7755254f6dea86687f136426c888f14b4379bd322",
      "src/components/NpcWindow.vue": "0e930a8dfeec0f4db6cdad0adace75825baa8cc40e09307e1e55c7085cde4cd7",
      "src/components/PixelMeter.vue": "77b69a1b161f6ad7e29a346665a69645a3d8589281e8bc32832f149e41d81ca9",
      "src/components/PixelWindow.vue": "15397996c0984586bd95e6383c647fba88dbb77ec0a9f01e78dc723821e61da4",
      "src/components/PlaceWindow.vue": "815c541a39d79de566e06d4f733d1b138df36c0ba158318e030a6e9ecc82a7d5",
      "src/components/PropertyWindow.vue": "9bd6f8d2a5b00435b6e86c149bf6a7d4bf5343ed2be26e2416772a3aaf0c27d1",
      "src/components/StatusNotice.vue": "6c722ade5aa61f45e5fb2c77c8a8dc15e701173484f3871f7365d7cf9500f6a9",
      "src/components/WorldMap.vue": "37de32ea49da36d4e74c9ced377adbe280fa45cb60fdf69d8a5c39a260719a5f",
      "src/components/WorldRecords.vue": "424365a02880ce6767ffc9e9769e5a0f61905c0fc046753d8fc80f5bfadaaed8",
      "src/data/config.ts": "3e6295be41dbc66f092133f75b6c0dc7a5181cdfbb94de7cf8e908d09fdf7bd7",
      "src/data/crafting.ts": "a6946d02a5783c52e672bc25abc33202830f98983488e7f0df2ee1984d7c86f9",
      "src/data/identity.ts": "0acc09bbd1f9d9c4e057b2bdca01fa202730e868325cb873286c5c31a809dae0",
      "src/data/lifeRules.ts": "07b9ab1836c6d96077a4a6aaedd7f5d7abec6f1b5132bc5203da1d1e9291e1b3",
      "src/data/livingEvents.ts": "768aaee2a9d1e8b9919163059d36a494f5071bf7a0568bfe7b0c80f735d03bc1",
      "src/data/npcLife.ts": "5089f01033570e33528b63538a06a3f0645735b8c8c884d8f2c54a900a937b4f",
      "src/data/ownership.ts": "32b4133d753764952905da43276cd1cd56ea26f32e44b4b540225dc8f59140f2",
      "src/data/rewards.ts": "f2d60b4eb0c7d3349e242b6c2a81853e92cf5b74e25e1be071cf839fd6c98cd5",
      "src/domain/life.ts": "db2eff0c1eb6d3ae310f39d8df5a6bf40b125193741a25b9bbe652c4640de72a",
      "src/domain/reward.ts": "fb7463d0327e73097979d5ccd6823b10b0f0d9d14280974215ba6459eb899c0a",
      "src/domain/types.ts": "7a06eb4f36d44561a3b13a0729800b1776583bc555680814931b59f6cb775400",
      "src/engine/actions.test.ts": "81b2f116cb18daf5525fd79a2246863bc3e4e36214f9caac466e4f820d9e37ba",
      "src/engine/actions.ts": "96146f525b5f87cc1ecd394594c46fbf7da2a76c265d3344e17f6feec3e6e100",
      "src/engine/calendar.ts": "e587ce1d1e149fea987f5a3ab6013872528d5d74beafcb0f40d2fe476abf5524",
      "src/engine/combatStats.test.ts": "896b7517b4a2bcb4671b4d17188f0823edfe290e3826fc21f3bc94fe0f062bea",
      "src/engine/combatStats.ts": "d7235e4c59edc77aec368f940e8825712672cc3fcd49e83c7c901c5f049db34f",
      "src/engine/crafting.test.ts": "240458a3586c98449282e388709af4b230d1301330f31c76dd53289d1875126c",
      "src/engine/crafting.ts": "d5abd71325252cfad846680cbdd3d844b78ab326bffea14e3314f618737a3491",
      "src/engine/events.ts": "e2b781ad3f99cfc2b20f58ce561b2bf9c489c417512f4c7b209e02e3d5d2a1b1",
      "src/engine/gameLoop.test.ts": "96c76b875cedace6ab191a95e0b01285a024723691c1ebaca3ae76407492258d",
      "src/engine/gameLoop.ts": "016305d39fe6746347f783723e0f6e6d53f387766d3ca899816d618e9ab2d941",
      "src/engine/gearStats.ts": "66fa786c0c3e81cc317033181a0f11d9ef987c15f943e0960ec20a668eff0702",
      "src/engine/identity.test.ts": "5dc96ec9abf767c0e9202429cabebedefeb3bc0237ebe519c4d9feeccda2a07f",
      "src/engine/identity.ts": "2d7596a712c16940a590bdf47edd288fc965f429304889e0be3b09969d61119e",
      "src/engine/itemGeneration.test.ts": "2b09ecb49724820a5187a26099f654a00b0457a0d0f8e50609562ff26f5d39e2",
      "src/engine/itemGeneration.ts": "87be6646c4aa67a8d6443586373e848d0d8ffabad72b9752825224cb170fff71",
      "src/engine/lifeIntegration.test.ts": "c9e702a8819e0d372aff7411f45a85ebc1e829dfc6f1e753b728863a21f56a16",
      "src/engine/lifeState.ts": "bd7697bcb564061cd00ff7fc14373625c30d2a7de06473b8f97bffb4c61b3c58",
      "src/engine/livingEvents.test.ts": "cfbb5b99724fe0de53428c80378249b1063084f2dee6f9d85652b950979c10c0",
      "src/engine/livingEvents.ts": "afd535e634752a328d7ae3e0daa3d93cf07c4f7c2473705ed64d3058f02867f4",
      "src/engine/lod.ts": "325c339270bc38b55bf9e5185f9f502e3934a1055ece7f1b67fb448743fe5df4",
      "src/engine/npcLife.test.ts": "8bbe40ae3b0a87926c7d65a53d079931b59bdd26ac8489148518c188a466a9dc",
      "src/engine/npcLife.ts": "7f2fe08b29c5ee145a06c3623b19b663fcd7251bdfa5c3a7bfe19bc393bf5c28",
      "src/engine/ownership.test.ts": "b339812b317032d3cf497e53c139c6397cc829ad5f5d50859897306acb2de725",
      "src/engine/ownership.ts": "fef2361be0a18221e7d50d17d97c82b64df360c257cc0598684842c9295f5526",
      "src/engine/random.ts": "b0844202733996c5dd2f123a32ad800c433b22c02ddf0e744c163e880b612734",
      "src/engine/rewardActions.test.ts": "0b8972f23231416b0cff9d4f8af8d8cc4c79804bdb1a971c437e0581ca5a7c7f",
      "src/engine/rewardActions.ts": "e65c62d7477347152fa63cf208aaa06f76cd69371ca79cbdebb541cb7553f4c1",
      "src/engine/rewardState.ts": "2bc667870966beec916017a865f8e8cbf7b9893b31fe33823fec98305df5d901",
      "src/engine/simulation.test.ts": "a0808a2c3a02ea77382e0c29cd931e175f71e3201fc0827ae177c2af320d3b4e",
      "src/engine/simulation.ts": "82c84768ca89a87efa0beb6ba0c846bb60bf5a652c888ff243130a3de04ce6e3",
      "src/engine/wolfFamily.test.ts": "9d1aa4f13c4582c317dd4e91b6a3cf32db1ea33e8adeef4a54097ecf4355716f",
      "src/engine/wolfFamily.ts": "1c1c18f12926a13f804ae215e60349e0c69e2dcb0e5c8d26518b11eeb7197ed7",
      "src/main.ts": "d40986b5fc51412d180baf7fd19e010611819486787be3a901e22315f3ae34a4",
      "src/presentation/craftingProjection.test.ts": "9e267bcd768b9ee7238ff6c6c7e669df5b7fa987fd872c7bf2848aee5d1090ce",
      "src/presentation/craftingProjection.ts": "26e70a094527b49ed17cf4e8a802d8e32f145789b13cb78d5b1825d70ce80dbf",
      "src/presentation/icons.ts": "765708954fb2796d5a31715a4f66e9036672417b61aad5e80ccdddaf2231a135",
      "src/presentation/lifeProjection.test.ts": "fa6c4282aedc420b300baf2d283bf11222b3cd806a4e4b7dbf8c77269a95292a",
      "src/presentation/lifeProjection.ts": "07c2f4a68e2ce095c8eb352db85a22d0481e9cf6131c1440da950f765b0e24f4",
      "src/presentation/rewardProjection.test.ts": "cb54650c0885c3c1c245a9eb7d599fa63589f7543fb1c7514fd570d6e1244d86",
      "src/presentation/rewardProjection.ts": "969498139ed5fa7b221378d939032d7948904c242ea3d3691657728293603d92",
      "src/presentation/worldProjection.test.ts": "ac09f1dd5fd910f21f54f2475de22aaab72c8ba5be3b974d90913cde7910bad4",
      "src/presentation/worldProjection.ts": "06d76b4946a11de5ef28d3fa4a6966a0a2a0e0859c43370009b4ad30d2dcc73b",
      "src/presentation/worldUI.test.ts": "2f3df8b838778eabfb17e3364c37905b3a2ab043ebba3ad1500c911cce7e4e6e",
      "src/presentation/worldUI.ts": "a0abdb1cc227cf4d60e7bb3c1531fc555dff800d462b74be312f67c562e6c91e",
      "src/services/playJournal.test.ts": "94a17d9de5df2bcdc87a4584e7fbb021a021b4aa0e61de97519288b70ba765b9",
      "src/services/playJournal.ts": "92d55ee79abe39e0e0c83fd2cc54243559517f787cfe23262486810f45163940",
      "src/services/rewardSave.test.ts": "ebd8476dc3500e310fc214877a47cc5edfcd11cdd4f7a5be6d6dfa66ec88349e",
      "src/services/rewardValidation.ts": "039cab272c301f7d91d2ba49cade91ea0751d80bbb8957a20692e8e723a24171",
      "src/services/saveService.test.ts": "c0019a9e290787c10c31143d292a7ef78b1d460c6a22f5962dd0969782c71277",
      "src/services/saveService.ts": "27af78b529a5f464d5ccafd13a0a187cacebfa3d962787a106c60821d10e068a",
      "src/services/saveWriter.ts": "0703016eb96d12bb843f0b04b6e21b6568bf7f9b44defc59e340896c675ff43b",
      "src/stores/gameStore.test.ts": "7f1b8f4cf703f448802a54da7edfb3844c66765e2621b20bc445bda67b5bd840",
      "src/stores/gameStore.ts": "b5d18a378cf4b05d05a37a2825e7eff045fd1ef68ac0714076b8f7c049bf5ac2",
      "src/style.scss": "39ff3ebf848b580a2e80da3a65860bf9f401623deae77efe161d80ad123a9f46"
    },
    "sourceFingerprint": "64118ae0a53e69a897ba5bf0611da3d913d75b0861c80d56f95729feebba12cb",
    "buildInputsSha256": {
      "package.json": "e44cbba601836e8b2adc8e872caba3ce665c6b21873aeee153fc729099625f80",
      "package-lock.json": "cd8379969a4ee99f80434dce4c7afff4fcf52290aa9d40ba4668c5165dbdc53d",
      "tsconfig.json": "2f45629d03f844524c3b19b580db910c7c120e4e0d06b00eae6f73e829d968b0",
      "vite.config.ts": "f5e64ccf326c3dd505ea11a18e691d1bc5b698d9bd130b234a788fc3c9017366",
      "index.html": "bfa28297eece5f57e38878097b4db8b481d5fcee44442da76244e0bb3dffb794"
    },
    "buildInputsFingerprint": "953400b45ba7b923fe1f99ec590543615929d91e42782cd5c58ee3d75f739b71",
    "distSha256": {
      "dist/assets/index-D5p_OlSI.js": "463c9612fa7a4a7026d5247e10371c36142bfbd4d54046a9543e1e9ebbf9c146",
      "dist/assets/index-N61qMvza.css": "230de3747a4d005dcba6d2984cd2930d9f6430e59ff7eb4d119a3befeadff20e",
      "dist/index.html": "02dfd359e60ae0cde25de6bbbddb2369ac3633b7916d97b9e3fa1c3fce96741f"
    },
    "distFingerprint": "6824067c45cb8bcda82376c05fa763e1ca109d3be1dbdc8815b00549e5371d16",
    "buildStatusPath": "/workspace/plw-rpg/reports/v2/20261007-life-craftsmanship/phase-05/build-status.json",
    "buildStatusSha256": "29b54af491df360466d61e43da51e4ac22b94f333d0c46aa90def67da85aa442",
    "ownedHarnessAndHelperSha256": {
      "reports/v2/20261007-life-craftsmanship/phase-05/phase05_browser_launcher.py": "84c7f4429196180787be2de52b6cf05817078e41faac984813c6472125823297",
      "reports/v2/20261007-life-craftsmanship/phase-05/phase05_browser_driver.py": "5c20b23c7f1bf93ae4dbc55f5bfe902a31ee2022785d8ddf8a6dce7845f31b0c",
      "reports/v2/20261007-life-craftsmanship/phase-05/phase05_browser_support.py": "8572bdf613f7840d5818e7ec0de844c3f4501ce70fe66df71986c0a1e1f6572c"
    },
    "recordedReportsSha256": "bc09dc981267e9cdfaf63103b260c052417b2ff675e551cd2677986f9231962b"
  },
  "sourceStableDuringRun": true,
  "endUTC": "2026-10-07T11:02:43.033254+00:00",
  "durationSeconds": 1803.22
}
