{
  "status": "FAILED",
  "runId": "20261008T011247Z-pid52917",
  "mode": "stress",
  "startedMonotonic": 57979.575940317,
  "producer": "g6-luna-low-phase6-j-browser-qa",
  "runnerExecution": {
    "requestedModel": "GPT-6 Luna",
    "requestedEffort": "low",
    "backendRuntimeVerified": false
  },
  "policyExecution": {
    "controller": "visible-world goal selection with recorded reasons",
    "modelInference": "none",
    "humanEnjoymentClaim": false
  },
  "releaseMarker": {
    "authorization": "Phase 6-J released by Root",
    "markerRequired": false
  },
  "sourceBefore": {
    "head": "bd316cb326e5fbc20087c0154d6e3f294a5daac7",
    "sourceSha256": {
      "src/App.vue": "f3ed979e98946fd747bf7f0508a03a31b50165ff09b4202e5b48753a977fdde8",
      "src/components/AdventureWindow.vue": "eb6167f033c2c871d0719fb3742319df591feace02bffabe8af5a4802ebfc087",
      "src/components/CharacterSheet.vue": "0905f39da0b3ba52ed2c8c4c852ce08bc96a5e80d925cb64bb1f3dcb5b0d0dbd",
      "src/components/IdentityWindow.vue": "982afc32143581311c9a014236e3e2a75e1a40b8f04f8fe97796c542966f7f06",
      "src/components/InventoryWindow.vue": "12794d34b5d7df1902804f36698c26d58f0c46e3ec8f8bcd4519b075d2ad4609",
      "src/components/LifeNewsWindow.vue": "f59e6aef06e4f610b702f09ac45ed64295a4fbeece8bfe9a424e0b2d7975438b",
      "src/components/NpcWindow.vue": "0e930a8dfeec0f4db6cdad0adace75825baa8cc40e09307e1e55c7085cde4cd7",
      "src/components/PixelMeter.vue": "77b69a1b161f6ad7e29a346665a69645a3d8589281e8bc32832f149e41d81ca9",
      "src/components/PixelWindow.vue": "15397996c0984586bd95e6383c647fba88dbb77ec0a9f01e78dc723821e61da4",
      "src/components/PlaceWindow.vue": "39ad0ac71e13dc67b07e65f15ecbcb38fb7cd18d0e3d8f5140eb97a943d21ce6",
      "src/components/PropertyWindow.vue": "9bd6f8d2a5b00435b6e86c149bf6a7d4bf5343ed2be26e2416772a3aaf0c27d1",
      "src/components/StatusNotice.vue": "6c722ade5aa61f45e5fb2c77c8a8dc15e701173484f3871f7365d7cf9500f6a9",
      "src/components/WorldMap.vue": "37de32ea49da36d4e74c9ced377adbe280fa45cb60fdf69d8a5c39a260719a5f",
      "src/components/WorldRecords.vue": "424365a02880ce6767ffc9e9769e5a0f61905c0fc046753d8fc80f5bfadaaed8",
      "src/data/config.ts": "c81505557ccadf66b8046b1f1976c90bb63165804502dce770c468deb9cb6984",
      "src/data/crafting.ts": "a6946d02a5783c52e672bc25abc33202830f98983488e7f0df2ee1984d7c86f9",
      "src/data/identity.ts": "0acc09bbd1f9d9c4e057b2bdca01fa202730e868325cb873286c5c31a809dae0",
      "src/data/lifeRules.ts": "07b9ab1836c6d96077a4a6aaedd7f5d7abec6f1b5132bc5203da1d1e9291e1b3",
      "src/data/livingEvents.ts": "768aaee2a9d1e8b9919163059d36a494f5071bf7a0568bfe7b0c80f735d03bc1",
      "src/data/npcLife.ts": "5089f01033570e33528b63538a06a3f0645735b8c8c884d8f2c54a900a937b4f",
      "src/data/ownership.ts": "32b4133d753764952905da43276cd1cd56ea26f32e44b4b540225dc8f59140f2",
      "src/data/rewards.ts": "f2d60b4eb0c7d3349e242b6c2a81853e92cf5b74e25e1be071cf839fd6c98cd5",
      "src/domain/crisis.ts": "03ef61f00c08ea84cdd6126d64009e3032fb38a5662db8a736519045f00ad14c",
      "src/domain/life.ts": "db2eff0c1eb6d3ae310f39d8df5a6bf40b125193741a25b9bbe652c4640de72a",
      "src/domain/reward.ts": "fb7463d0327e73097979d5ccd6823b10b0f0d9d14280974215ba6459eb899c0a",
      "src/domain/types.ts": "c90703ac043a4e3310ed695155a0dba02763d56fb06b0f3bd6833cfe32f34564",
      "src/engine/actions.test.ts": "813166423bd0b55fd0172eedb1bcf766028a1045588807473c2205f6cec47fa5",
      "src/engine/actions.ts": "2470daad996be973e130a31fb76fc9ef14ca089a15c2269e797f1598f1df05f7",
      "src/engine/calendar.ts": "e587ce1d1e149fea987f5a3ab6013872528d5d74beafcb0f40d2fe476abf5524",
      "src/engine/civilDefense.test.ts": "c05afe2ab42f334f3284f3b7830ea073db96707995b2336e2b30855d0c84e125",
      "src/engine/civilDefense.ts": "9a6988658e62df485f85f69d0c1f0a0626078eeec43f0934ad2298e6cdcfe77d",
      "src/engine/combatStats.test.ts": "896b7517b4a2bcb4671b4d17188f0823edfe290e3826fc21f3bc94fe0f062bea",
      "src/engine/combatStats.ts": "d7235e4c59edc77aec368f940e8825712672cc3fcd49e83c7c901c5f049db34f",
      "src/engine/crafting.test.ts": "3a7ebc2ff5340947c3fc8608d49bd72d16cbc4e5399e910c5e3597c474fd2bca",
      "src/engine/crafting.ts": "04ed1724b723b78221ee31811b46171bb9e8d2fbb029a777dda5a12449378a88",
      "src/engine/crisisAdventure.test.ts": "56078d5785fef942872e0b4532ebfc6046c34e49f53abde0a7e2606afdc213e3",
      "src/engine/crisisContributions.test.ts": "2f88fab54f5ceca44570195901077f3f41a421b4c9ff3657b90ddcfe31ca02ce",
      "src/engine/crisisContributions.ts": "9354b3ddb288d2cfc5cad639b16bdb1b68c5eaca782101040ee3c9bbe49e1cd6",
      "src/engine/crisisResolution.test.ts": "8d289cce7b38e55494b3198c3da986a36d14d7c776f32aac776179c5a8685bb8",
      "src/engine/events.ts": "e2b781ad3f99cfc2b20f58ce561b2bf9c489c417512f4c7b209e02e3d5d2a1b1",
      "src/engine/gameLoop.test.ts": "96c76b875cedace6ab191a95e0b01285a024723691c1ebaca3ae76407492258d",
      "src/engine/gameLoop.ts": "016305d39fe6746347f783723e0f6e6d53f387766d3ca899816d618e9ab2d941",
      "src/engine/gearStats.ts": "66fa786c0c3e81cc317033181a0f11d9ef987c15f943e0960ec20a668eff0702",
      "src/engine/identity.test.ts": "5dc96ec9abf767c0e9202429cabebedefeb3bc0237ebe519c4d9feeccda2a07f",
      "src/engine/identity.ts": "2d7596a712c16940a590bdf47edd288fc965f429304889e0be3b09969d61119e",
      "src/engine/itemGeneration.test.ts": "2b09ecb49724820a5187a26099f654a00b0457a0d0f8e50609562ff26f5d39e2",
      "src/engine/itemGeneration.ts": "87be6646c4aa67a8d6443586373e848d0d8ffabad72b9752825224cb170fff71",
      "src/engine/lifeIntegration.test.ts": "c9e702a8819e0d372aff7411f45a85ebc1e829dfc6f1e753b728863a21f56a16",
      "src/engine/lifeState.ts": "bd7697bcb564061cd00ff7fc14373625c30d2a7de06473b8f97bffb4c61b3c58",
      "src/engine/livingEvents.test.ts": "239b9276d488b5c6e54f5a71b3ef7c727f3d600f9d04f9689a8efa207dd1157a",
      "src/engine/livingEvents.ts": "5a1754700e98080bbdd8e50f6896900377c16c1cacbb21da5c3c8a9162fa4ab7",
      "src/engine/lod.ts": "325c339270bc38b55bf9e5185f9f502e3934a1055ece7f1b67fb448743fe5df4",
      "src/engine/npcLife.test.ts": "8bbe40ae3b0a87926c7d65a53d079931b59bdd26ac8489148518c188a466a9dc",
      "src/engine/npcLife.ts": "7f2fe08b29c5ee145a06c3623b19b663fcd7251bdfa5c3a7bfe19bc393bf5c28",
      "src/engine/ownership.test.ts": "b339812b317032d3cf497e53c139c6397cc829ad5f5d50859897306acb2de725",
      "src/engine/ownership.ts": "50b5bef7df35778c95ddbf0dd0951a22f46517842a224bee1552cd2dd18ff6db",
      "src/engine/random.ts": "b0844202733996c5dd2f123a32ad800c433b22c02ddf0e744c163e880b612734",
      "src/engine/regionalCrisis.test.ts": "2eef285818c781d60dda7120bf6f3cd89c65084c1ac4345674010976830912f4",
      "src/engine/regionalCrisis.ts": "3fe8139a9677ae925c1f8ee63c5763b12fd03036d2cf651893a09874e3783bf3",
      "src/engine/regionalCrisisRecognition.ts": "b6c33d892cbb421b89d84620219bad60c7fe15fa883852bf6dbd0a44658004c0",
      "src/engine/rewardActions.test.ts": "0b8972f23231416b0cff9d4f8af8d8cc4c79804bdb1a971c437e0581ca5a7c7f",
      "src/engine/rewardActions.ts": "799acb63db633179829613db2dc4ca6066226846ec0c6c0c885c7b6c13ce717d",
      "src/engine/rewardState.ts": "2bc667870966beec916017a865f8e8cbf7b9893b31fe33823fec98305df5d901",
      "src/engine/simulation.test.ts": "a0808a2c3a02ea77382e0c29cd931e175f71e3201fc0827ae177c2af320d3b4e",
      "src/engine/simulation.ts": "c0c83c8f9e6de55e09ea78fa1489015c6bcf35c066a06aa1f95daecd600ac907",
      "src/engine/wolfFamily.test.ts": "9d1aa4f13c4582c317dd4e91b6a3cf32db1ea33e8adeef4a54097ecf4355716f",
      "src/engine/wolfFamily.ts": "1c1c18f12926a13f804ae215e60349e0c69e2dcb0e5c8d26518b11eeb7197ed7",
      "src/main.ts": "d40986b5fc51412d180baf7fd19e010611819486787be3a901e22315f3ae34a4",
      "src/presentation/craftingProjection.test.ts": "9e267bcd768b9ee7238ff6c6c7e669df5b7fa987fd872c7bf2848aee5d1090ce",
      "src/presentation/craftingProjection.ts": "26e70a094527b49ed17cf4e8a802d8e32f145789b13cb78d5b1825d70ce80dbf",
      "src/presentation/crisisProjection.test.ts": "5e0988814fda47f84e244671d10ef15ea3ea94594df2e813682dbdc1b959fa6c",
      "src/presentation/crisisProjection.ts": "0b221c5ff24b5f8b2cabd3fd45dc212194fe74c0932925f6c59f3ffc9f076c3b",
      "src/presentation/icons.ts": "765708954fb2796d5a31715a4f66e9036672417b61aad5e80ccdddaf2231a135",
      "src/presentation/lifeProjection.test.ts": "fa6c4282aedc420b300baf2d283bf11222b3cd806a4e4b7dbf8c77269a95292a",
      "src/presentation/lifeProjection.ts": "07c2f4a68e2ce095c8eb352db85a22d0481e9cf6131c1440da950f765b0e24f4",
      "src/presentation/rewardProjection.test.ts": "cb54650c0885c3c1c245a9eb7d599fa63589f7543fb1c7514fd570d6e1244d86",
      "src/presentation/rewardProjection.ts": "969498139ed5fa7b221378d939032d7948904c242ea3d3691657728293603d92",
      "src/presentation/worldProjection.test.ts": "ac09f1dd5fd910f21f54f2475de22aaab72c8ba5be3b974d90913cde7910bad4",
      "src/presentation/worldProjection.ts": "06d76b4946a11de5ef28d3fa4a6966a0a2a0e0859c43370009b4ad30d2dcc73b",
      "src/presentation/worldUI.test.ts": "2f3df8b838778eabfb17e3364c37905b3a2ab043ebba3ad1500c911cce7e4e6e",
      "src/presentation/worldUI.ts": "a0abdb1cc227cf4d60e7bb3c1531fc555dff800d462b74be312f67c562e6c91e",
      "src/services/playJournal.test.ts": "90fa0dbf1b5a928728e4100eb4b5e5b2f7eb1f3944b1a559455713e8b155610a",
      "src/services/playJournal.ts": "92d55ee79abe39e0e0c83fd2cc54243559517f787cfe23262486810f45163940",
      "src/services/rewardSave.test.ts": "a27b2e1566755e16eabb9ced931a2c38898bfca10f3812e9be485e156603c3aa",
      "src/services/rewardValidation.ts": "3b229fe371f38df3cb6ab75dabf90973b94c1249b9d557ed747d736851f25ba1",
      "src/services/saveService.test.ts": "f1d85b9ad0a24e1c662864219da4cce053d38337b9afc2298a7a4cee0a4d27c8",
      "src/services/saveService.ts": "5d8ce05621c8be0dba81ec594d61de23bc40826faa7acf0a7c260876f9251bf1",
      "src/services/saveWriter.ts": "0703016eb96d12bb843f0b04b6e21b6568bf7f9b44defc59e340896c675ff43b",
      "src/stores/gameStore.test.ts": "a182469258b05a83d305dac07c2450847436a19cc7528362a149d8b07df0064f",
      "src/stores/gameStore.ts": "b5d18a378cf4b05d05a37a2825e7eff045fd1ef68ac0714076b8f7c049bf5ac2",
      "src/style.scss": "3d4a0eca9794501b3da62630d98a25298b7e0a9cf71bae57ce6c8d77ae4f8c2e"
    },
    "sourceFingerprint": "c9fd3e455af08f18c50bc7eaa3677ecdd950b2e0c177bc779fe39b1fb3ca2cbb",
    "buildInputsSha256": {
      "package.json": "e44cbba601836e8b2adc8e872caba3ce665c6b21873aeee153fc729099625f80",
      "package-lock.json": "cd8379969a4ee99f80434dce4c7afff4fcf52290aa9d40ba4668c5165dbdc53d",
      "tsconfig.json": "2f45629d03f844524c3b19b580db910c7c120e4e0d06b00eae6f73e829d968b0",
      "vite.config.ts": "f5e64ccf326c3dd505ea11a18e691d1bc5b698d9bd130b234a788fc3c9017366",
      "index.html": "bfa28297eece5f57e38878097b4db8b481d5fcee44442da76244e0bb3dffb794"
    },
    "buildInputsFingerprint": "953400b45ba7b923fe1f99ec590543615929d91e42782cd5c58ee3d75f739b71",
    "distSha256": {
      "dist/assets/index-C5oR9znA.js": "b3ad26fd438aaffec0176bfa43faf3f253f66dd00eec98ad119cf0527ee99b9f",
      "dist/assets/index-DmiWzmoy.css": "b76cc82a4d2fccd3ef0737700963ccae4aba6a3fedda8c26cc82eb30e7f86870",
      "dist/index.html": "2e91f5d3576d38eb50b492546391a6a3f0ed513afd93e2c6f79e2971290e6875"
    },
    "distFingerprint": "2214607f93c555fe64672f75bca427ad6c0d8fef02a835219a3fcb2a7568a137",
    "buildStatusPath": "/workspace/plw-rpg/reports/v2/20261008-regional-crisis/phase-06/j-build-status.json",
    "buildStatusSha256": "8e338e86b7bbea441d8c211d871a67fa727db8325b5f535724022d8488814a31",
    "buildStatusSourceSha256": {
      "src/App.vue": "f3ed979e98946fd747bf7f0508a03a31b50165ff09b4202e5b48753a977fdde8",
      "src/components/AdventureWindow.vue": "eb6167f033c2c871d0719fb3742319df591feace02bffabe8af5a4802ebfc087",
      "src/components/CharacterSheet.vue": "0905f39da0b3ba52ed2c8c4c852ce08bc96a5e80d925cb64bb1f3dcb5b0d0dbd",
      "src/components/IdentityWindow.vue": "982afc32143581311c9a014236e3e2a75e1a40b8f04f8fe97796c542966f7f06",
      "src/components/InventoryWindow.vue": "12794d34b5d7df1902804f36698c26d58f0c46e3ec8f8bcd4519b075d2ad4609",
      "src/components/LifeNewsWindow.vue": "f59e6aef06e4f610b702f09ac45ed64295a4fbeece8bfe9a424e0b2d7975438b",
      "src/components/NpcWindow.vue": "0e930a8dfeec0f4db6cdad0adace75825baa8cc40e09307e1e55c7085cde4cd7",
      "src/components/PixelMeter.vue": "77b69a1b161f6ad7e29a346665a69645a3d8589281e8bc32832f149e41d81ca9",
      "src/components/PixelWindow.vue": "15397996c0984586bd95e6383c647fba88dbb77ec0a9f01e78dc723821e61da4",
      "src/components/PlaceWindow.vue": "39ad0ac71e13dc67b07e65f15ecbcb38fb7cd18d0e3d8f5140eb97a943d21ce6",
      "src/components/PropertyWindow.vue": "9bd6f8d2a5b00435b6e86c149bf6a7d4bf5343ed2be26e2416772a3aaf0c27d1",
      "src/components/StatusNotice.vue": "6c722ade5aa61f45e5fb2c77c8a8dc15e701173484f3871f7365d7cf9500f6a9",
      "src/components/WorldMap.vue": "37de32ea49da36d4e74c9ced377adbe280fa45cb60fdf69d8a5c39a260719a5f",
      "src/components/WorldRecords.vue": "424365a02880ce6767ffc9e9769e5a0f61905c0fc046753d8fc80f5bfadaaed8",
      "src/data/config.ts": "c81505557ccadf66b8046b1f1976c90bb63165804502dce770c468deb9cb6984",
      "src/data/crafting.ts": "a6946d02a5783c52e672bc25abc33202830f98983488e7f0df2ee1984d7c86f9",
      "src/data/identity.ts": "0acc09bbd1f9d9c4e057b2bdca01fa202730e868325cb873286c5c31a809dae0",
      "src/data/lifeRules.ts": "07b9ab1836c6d96077a4a6aaedd7f5d7abec6f1b5132bc5203da1d1e9291e1b3",
      "src/data/livingEvents.ts": "768aaee2a9d1e8b9919163059d36a494f5071bf7a0568bfe7b0c80f735d03bc1",
      "src/data/npcLife.ts": "5089f01033570e33528b63538a06a3f0645735b8c8c884d8f2c54a900a937b4f",
      "src/data/ownership.ts": "32b4133d753764952905da43276cd1cd56ea26f32e44b4b540225dc8f59140f2",
      "src/data/rewards.ts": "f2d60b4eb0c7d3349e242b6c2a81853e92cf5b74e25e1be071cf839fd6c98cd5",
      "src/domain/crisis.ts": "03ef61f00c08ea84cdd6126d64009e3032fb38a5662db8a736519045f00ad14c",
      "src/domain/life.ts": "db2eff0c1eb6d3ae310f39d8df5a6bf40b125193741a25b9bbe652c4640de72a",
      "src/domain/reward.ts": "fb7463d0327e73097979d5ccd6823b10b0f0d9d14280974215ba6459eb899c0a",
      "src/domain/types.ts": "c90703ac043a4e3310ed695155a0dba02763d56fb06b0f3bd6833cfe32f34564",
      "src/engine/actions.test.ts": "813166423bd0b55fd0172eedb1bcf766028a1045588807473c2205f6cec47fa5",
      "src/engine/actions.ts": "2470daad996be973e130a31fb76fc9ef14ca089a15c2269e797f1598f1df05f7",
      "src/engine/calendar.ts": "e587ce1d1e149fea987f5a3ab6013872528d5d74beafcb0f40d2fe476abf5524",
      "src/engine/civilDefense.test.ts": "c05afe2ab42f334f3284f3b7830ea073db96707995b2336e2b30855d0c84e125",
      "src/engine/civilDefense.ts": "9a6988658e62df485f85f69d0c1f0a0626078eeec43f0934ad2298e6cdcfe77d",
      "src/engine/combatStats.test.ts": "896b7517b4a2bcb4671b4d17188f0823edfe290e3826fc21f3bc94fe0f062bea",
      "src/engine/combatStats.ts": "d7235e4c59edc77aec368f940e8825712672cc3fcd49e83c7c901c5f049db34f",
      "src/engine/crafting.test.ts": "3a7ebc2ff5340947c3fc8608d49bd72d16cbc4e5399e910c5e3597c474fd2bca",
      "src/engine/crafting.ts": "04ed1724b723b78221ee31811b46171bb9e8d2fbb029a777dda5a12449378a88",
      "src/engine/crisisAdventure.test.ts": "56078d5785fef942872e0b4532ebfc6046c34e49f53abde0a7e2606afdc213e3",
      "src/engine/crisisContributions.test.ts": "2f88fab54f5ceca44570195901077f3f41a421b4c9ff3657b90ddcfe31ca02ce",
      "src/engine/crisisContributions.ts": "9354b3ddb288d2cfc5cad639b16bdb1b68c5eaca782101040ee3c9bbe49e1cd6",
      "src/engine/crisisResolution.test.ts": "8d289cce7b38e55494b3198c3da986a36d14d7c776f32aac776179c5a8685bb8",
      "src/engine/events.ts": "e2b781ad3f99cfc2b20f58ce561b2bf9c489c417512f4c7b209e02e3d5d2a1b1",
      "src/engine/gameLoop.test.ts": "96c76b875cedace6ab191a95e0b01285a024723691c1ebaca3ae76407492258d",
      "src/engine/gameLoop.ts": "016305d39fe6746347f783723e0f6e6d53f387766d3ca899816d618e9ab2d941",
      "src/engine/gearStats.ts": "66fa786c0c3e81cc317033181a0f11d9ef987c15f943e0960ec20a668eff0702",
      "src/engine/identity.test.ts": "5dc96ec9abf767c0e9202429cabebedefeb3bc0237ebe519c4d9feeccda2a07f",
      "src/engine/identity.ts": "2d7596a712c16940a590bdf47edd288fc965f429304889e0be3b09969d61119e",
      "src/engine/itemGeneration.test.ts": "2b09ecb49724820a5187a26099f654a00b0457a0d0f8e50609562ff26f5d39e2",
      "src/engine/itemGeneration.ts": "87be6646c4aa67a8d6443586373e848d0d8ffabad72b9752825224cb170fff71",
      "src/engine/lifeIntegration.test.ts": "c9e702a8819e0d372aff7411f45a85ebc1e829dfc6f1e753b728863a21f56a16",
      "src/engine/lifeState.ts": "bd7697bcb564061cd00ff7fc14373625c30d2a7de06473b8f97bffb4c61b3c58",
      "src/engine/livingEvents.test.ts": "239b9276d488b5c6e54f5a71b3ef7c727f3d600f9d04f9689a8efa207dd1157a",
      "src/engine/livingEvents.ts": "5a1754700e98080bbdd8e50f6896900377c16c1cacbb21da5c3c8a9162fa4ab7",
      "src/engine/lod.ts": "325c339270bc38b55bf9e5185f9f502e3934a1055ece7f1b67fb448743fe5df4",
      "src/engine/npcLife.test.ts": "8bbe40ae3b0a87926c7d65a53d079931b59bdd26ac8489148518c188a466a9dc",
      "src/engine/npcLife.ts": "7f2fe08b29c5ee145a06c3623b19b663fcd7251bdfa5c3a7bfe19bc393bf5c28",
      "src/engine/ownership.test.ts": "b339812b317032d3cf497e53c139c6397cc829ad5f5d50859897306acb2de725",
      "src/engine/ownership.ts": "50b5bef7df35778c95ddbf0dd0951a22f46517842a224bee1552cd2dd18ff6db",
      "src/engine/random.ts": "b0844202733996c5dd2f123a32ad800c433b22c02ddf0e744c163e880b612734",
      "src/engine/regionalCrisis.test.ts": "2eef285818c781d60dda7120bf6f3cd89c65084c1ac4345674010976830912f4",
      "src/engine/regionalCrisis.ts": "3fe8139a9677ae925c1f8ee63c5763b12fd03036d2cf651893a09874e3783bf3",
      "src/engine/regionalCrisisRecognition.ts": "b6c33d892cbb421b89d84620219bad60c7fe15fa883852bf6dbd0a44658004c0",
      "src/engine/rewardActions.test.ts": "0b8972f23231416b0cff9d4f8af8d8cc4c79804bdb1a971c437e0581ca5a7c7f",
      "src/engine/rewardActions.ts": "799acb63db633179829613db2dc4ca6066226846ec0c6c0c885c7b6c13ce717d",
      "src/engine/rewardState.ts": "2bc667870966beec916017a865f8e8cbf7b9893b31fe33823fec98305df5d901",
      "src/engine/simulation.test.ts": "a0808a2c3a02ea77382e0c29cd931e175f71e3201fc0827ae177c2af320d3b4e",
      "src/engine/simulation.ts": "c0c83c8f9e6de55e09ea78fa1489015c6bcf35c066a06aa1f95daecd600ac907",
      "src/engine/wolfFamily.test.ts": "9d1aa4f13c4582c317dd4e91b6a3cf32db1ea33e8adeef4a54097ecf4355716f",
      "src/engine/wolfFamily.ts": "1c1c18f12926a13f804ae215e60349e0c69e2dcb0e5c8d26518b11eeb7197ed7",
      "src/main.ts": "d40986b5fc51412d180baf7fd19e010611819486787be3a901e22315f3ae34a4",
      "src/presentation/craftingProjection.test.ts": "9e267bcd768b9ee7238ff6c6c7e669df5b7fa987fd872c7bf2848aee5d1090ce",
      "src/presentation/craftingProjection.ts": "26e70a094527b49ed17cf4e8a802d8e32f145789b13cb78d5b1825d70ce80dbf",
      "src/presentation/crisisProjection.test.ts": "5e0988814fda47f84e244671d10ef15ea3ea94594df2e813682dbdc1b959fa6c",
      "src/presentation/crisisProjection.ts": "0b221c5ff24b5f8b2cabd3fd45dc212194fe74c0932925f6c59f3ffc9f076c3b",
      "src/presentation/icons.ts": "765708954fb2796d5a31715a4f66e9036672417b61aad5e80ccdddaf2231a135",
      "src/presentation/lifeProjection.test.ts": "fa6c4282aedc420b300baf2d283bf11222b3cd806a4e4b7dbf8c77269a95292a",
      "src/presentation/lifeProjection.ts": "07c2f4a68e2ce095c8eb352db85a22d0481e9cf6131c1440da950f765b0e24f4",
      "src/presentation/rewardProjection.test.ts": "cb54650c0885c3c1c245a9eb7d599fa63589f7543fb1c7514fd570d6e1244d86",
      "src/presentation/rewardProjection.ts": "969498139ed5fa7b221378d939032d7948904c242ea3d3691657728293603d92",
      "src/presentation/worldProjection.test.ts": "ac09f1dd5fd910f21f54f2475de22aaab72c8ba5be3b974d90913cde7910bad4",
      "src/presentation/worldProjection.ts": "06d76b4946a11de5ef28d3fa4a6966a0a2a0e0859c43370009b4ad30d2dcc73b",
      "src/presentation/worldUI.test.ts": "2f3df8b838778eabfb17e3364c37905b3a2ab043ebba3ad1500c911cce7e4e6e",
      "src/presentation/worldUI.ts": "a0abdb1cc227cf4d60e7bb3c1531fc555dff800d462b74be312f67c562e6c91e",
      "src/services/playJournal.test.ts": "90fa0dbf1b5a928728e4100eb4b5e5b2f7eb1f3944b1a559455713e8b155610a",
      "src/services/playJournal.ts": "92d55ee79abe39e0e0c83fd2cc54243559517f787cfe23262486810f45163940",
      "src/services/rewardSave.test.ts": "a27b2e1566755e16eabb9ced931a2c38898bfca10f3812e9be485e156603c3aa",
      "src/services/rewardValidation.ts": "3b229fe371f38df3cb6ab75dabf90973b94c1249b9d557ed747d736851f25ba1",
      "src/services/saveService.test.ts": "f1d85b9ad0a24e1c662864219da4cce053d38337b9afc2298a7a4cee0a4d27c8",
      "src/services/saveService.ts": "5d8ce05621c8be0dba81ec594d61de23bc40826faa7acf0a7c260876f9251bf1",
      "src/services/saveWriter.ts": "0703016eb96d12bb843f0b04b6e21b6568bf7f9b44defc59e340896c675ff43b",
      "src/stores/gameStore.test.ts": "a182469258b05a83d305dac07c2450847436a19cc7528362a149d8b07df0064f",
      "src/stores/gameStore.ts": "b5d18a378cf4b05d05a37a2825e7eff045fd1ef68ac0714076b8f7c049bf5ac2",
      "src/style.scss": "3d4a0eca9794501b3da62630d98a25298b7e0a9cf71bae57ce6c8d77ae4f8c2e"
    },
    "qaFilesSha256": {
      "reports/v2/20261008-regional-crisis/phase-06/j_browser_launcher.py": "428fbff3f6d35d633d923d8718f5d5456af0de274851aa2ef7baa59069e7c866",
      "reports/v2/20261008-regional-crisis/phase-06/j_browser_runner.py": "641bf3b7d0a6f8762996aa10a8565ab7cfc385e936d26ae6decd0c8085df8e00",
      "reports/v2/20261008-regional-crisis/phase-06/j_browser_support.py": "0a5ee7cf4eae755d904bd8330a6e97af574ada6c3ca520d0edd317cd24defb28",
      "reports/v2/20261008-regional-crisis/phase-06/j_fixture_generator.py": "ad99459003741d3bb9d8ccccec77f2312e5020042d7f51d40a65403b9550ac84"
    },
    "recordedReportsSha256": "bc09dc981267e9cdfaf63103b260c052417b2ff675e551cd2677986f9231962b"
  },
  "buildStatus": {
    "runId": "phase6-j-fullcheck-20261008",
    "phase": "J full regression and latest production build",
    "command": [
      "npm",
      "run",
      "check"
    ],
    "exitCode": 0,
    "startedAtUtc": "2026-10-08T00:33:37Z",
    "finishedAtUtc": "2026-10-08T00:33:58Z",
    "headBefore": "bd316cb326e5fbc20087c0154d6e3f294a5daac7",
    "headAfter": "bd316cb326e5fbc20087c0154d6e3f294a5daac7",
    "branch": "v2x/reward-core",
    "sourceFileCount": 91,
    "sourceFingerprintSha256Before": "c9fd3e455af08f18c50bc7eaa3677ecdd950b2e0c177bc779fe39b1fb3ca2cbb",
    "sourceFingerprintSha256After": "c9fd3e455af08f18c50bc7eaa3677ecdd950b2e0c177bc779fe39b1fb3ca2cbb",
    "sourceStableDuringRun": true,
    "sourceSha256": {
      "src/App.vue": "f3ed979e98946fd747bf7f0508a03a31b50165ff09b4202e5b48753a977fdde8",
      "src/components/AdventureWindow.vue": "eb6167f033c2c871d0719fb3742319df591feace02bffabe8af5a4802ebfc087",
      "src/components/CharacterSheet.vue": "0905f39da0b3ba52ed2c8c4c852ce08bc96a5e80d925cb64bb1f3dcb5b0d0dbd",
      "src/components/IdentityWindow.vue": "982afc32143581311c9a014236e3e2a75e1a40b8f04f8fe97796c542966f7f06",
      "src/components/InventoryWindow.vue": "12794d34b5d7df1902804f36698c26d58f0c46e3ec8f8bcd4519b075d2ad4609",
      "src/components/LifeNewsWindow.vue": "f59e6aef06e4f610b702f09ac45ed64295a4fbeece8bfe9a424e0b2d7975438b",
      "src/components/NpcWindow.vue": "0e930a8dfeec0f4db6cdad0adace75825baa8cc40e09307e1e55c7085cde4cd7",
      "src/components/PixelMeter.vue": "77b69a1b161f6ad7e29a346665a69645a3d8589281e8bc32832f149e41d81ca9",
      "src/components/PixelWindow.vue": "15397996c0984586bd95e6383c647fba88dbb77ec0a9f01e78dc723821e61da4",
      "src/components/PlaceWindow.vue": "39ad0ac71e13dc67b07e65f15ecbcb38fb7cd18d0e3d8f5140eb97a943d21ce6",
      "src/components/PropertyWindow.vue": "9bd6f8d2a5b00435b6e86c149bf6a7d4bf5343ed2be26e2416772a3aaf0c27d1",
      "src/components/StatusNotice.vue": "6c722ade5aa61f45e5fb2c77c8a8dc15e701173484f3871f7365d7cf9500f6a9",
      "src/components/WorldMap.vue": "37de32ea49da36d4e74c9ced377adbe280fa45cb60fdf69d8a5c39a260719a5f",
      "src/components/WorldRecords.vue": "424365a02880ce6767ffc9e9769e5a0f61905c0fc046753d8fc80f5bfadaaed8",
      "src/data/config.ts": "c81505557ccadf66b8046b1f1976c90bb63165804502dce770c468deb9cb6984",
      "src/data/crafting.ts": "a6946d02a5783c52e672bc25abc33202830f98983488e7f0df2ee1984d7c86f9",
      "src/data/identity.ts": "0acc09bbd1f9d9c4e057b2bdca01fa202730e868325cb873286c5c31a809dae0",
      "src/data/lifeRules.ts": "07b9ab1836c6d96077a4a6aaedd7f5d7abec6f1b5132bc5203da1d1e9291e1b3",
      "src/data/livingEvents.ts": "768aaee2a9d1e8b9919163059d36a494f5071bf7a0568bfe7b0c80f735d03bc1",
      "src/data/npcLife.ts": "5089f01033570e33528b63538a06a3f0645735b8c8c884d8f2c54a900a937b4f",
      "src/data/ownership.ts": "32b4133d753764952905da43276cd1cd56ea26f32e44b4b540225dc8f59140f2",
      "src/data/rewards.ts": "f2d60b4eb0c7d3349e242b6c2a81853e92cf5b74e25e1be071cf839fd6c98cd5",
      "src/domain/crisis.ts": "03ef61f00c08ea84cdd6126d64009e3032fb38a5662db8a736519045f00ad14c",
      "src/domain/life.ts": "db2eff0c1eb6d3ae310f39d8df5a6bf40b125193741a25b9bbe652c4640de72a",
      "src/domain/reward.ts": "fb7463d0327e73097979d5ccd6823b10b0f0d9d14280974215ba6459eb899c0a",
      "src/domain/types.ts": "c90703ac043a4e3310ed695155a0dba02763d56fb06b0f3bd6833cfe32f34564",
      "src/engine/actions.test.ts": "813166423bd0b55fd0172eedb1bcf766028a1045588807473c2205f6cec47fa5",
      "src/engine/actions.ts": "2470daad996be973e130a31fb76fc9ef14ca089a15c2269e797f1598f1df05f7",
      "src/engine/calendar.ts": "e587ce1d1e149fea987f5a3ab6013872528d5d74beafcb0f40d2fe476abf5524",
      "src/engine/civilDefense.test.ts": "c05afe2ab42f334f3284f3b7830ea073db96707995b2336e2b30855d0c84e125",
      "src/engine/civilDefense.ts": "9a6988658e62df485f85f69d0c1f0a0626078eeec43f0934ad2298e6cdcfe77d",
      "src/engine/combatStats.test.ts": "896b7517b4a2bcb4671b4d17188f0823edfe290e3826fc21f3bc94fe0f062bea",
      "src/engine/combatStats.ts": "d7235e4c59edc77aec368f940e8825712672cc3fcd49e83c7c901c5f049db34f",
      "src/engine/crafting.test.ts": "3a7ebc2ff5340947c3fc8608d49bd72d16cbc4e5399e910c5e3597c474fd2bca",
      "src/engine/crafting.ts": "04ed1724b723b78221ee31811b46171bb9e8d2fbb029a777dda5a12449378a88",
      "src/engine/crisisAdventure.test.ts": "56078d5785fef942872e0b4532ebfc6046c34e49f53abde0a7e2606afdc213e3",
      "src/engine/crisisContributions.test.ts": "2f88fab54f5ceca44570195901077f3f41a421b4c9ff3657b90ddcfe31ca02ce",
      "src/engine/crisisContributions.ts": "9354b3ddb288d2cfc5cad639b16bdb1b68c5eaca782101040ee3c9bbe49e1cd6",
      "src/engine/crisisResolution.test.ts": "8d289cce7b38e55494b3198c3da986a36d14d7c776f32aac776179c5a8685bb8",
      "src/engine/events.ts": "e2b781ad3f99cfc2b20f58ce561b2bf9c489c417512f4c7b209e02e3d5d2a1b1",
      "src/engine/gameLoop.test.ts": "96c76b875cedace6ab191a95e0b01285a024723691c1ebaca3ae76407492258d",
      "src/engine/gameLoop.ts": "016305d39fe6746347f783723e0f6e6d53f387766d3ca899816d618e9ab2d941",
      "src/engine/gearStats.ts": "66fa786c0c3e81cc317033181a0f11d9ef987c15f943e0960ec20a668eff0702",
      "src/engine/identity.test.ts": "5dc96ec9abf767c0e9202429cabebedefeb3bc0237ebe519c4d9feeccda2a07f",
      "src/engine/identity.ts": "2d7596a712c16940a590bdf47edd288fc965f429304889e0be3b09969d61119e",
      "src/engine/itemGeneration.test.ts": "2b09ecb49724820a5187a26099f654a00b0457a0d0f8e50609562ff26f5d39e2",
      "src/engine/itemGeneration.ts": "87be6646c4aa67a8d6443586373e848d0d8ffabad72b9752825224cb170fff71",
      "src/engine/lifeIntegration.test.ts": "c9e702a8819e0d372aff7411f45a85ebc1e829dfc6f1e753b728863a21f56a16",
      "src/engine/lifeState.ts": "bd7697bcb564061cd00ff7fc14373625c30d2a7de06473b8f97bffb4c61b3c58",
      "src/engine/livingEvents.test.ts": "239b9276d488b5c6e54f5a71b3ef7c727f3d600f9d04f9689a8efa207dd1157a",
      "src/engine/livingEvents.ts": "5a1754700e98080bbdd8e50f6896900377c16c1cacbb21da5c3c8a9162fa4ab7",
      "src/engine/lod.ts": "325c339270bc38b55bf9e5185f9f502e3934a1055ece7f1b67fb448743fe5df4",
      "src/engine/npcLife.test.ts": "8bbe40ae3b0a87926c7d65a53d079931b59bdd26ac8489148518c188a466a9dc",
      "src/engine/npcLife.ts": "7f2fe08b29c5ee145a06c3623b19b663fcd7251bdfa5c3a7bfe19bc393bf5c28",
      "src/engine/ownership.test.ts": "b339812b317032d3cf497e53c139c6397cc829ad5f5d50859897306acb2de725",
      "src/engine/ownership.ts": "50b5bef7df35778c95ddbf0dd0951a22f46517842a224bee1552cd2dd18ff6db",
      "src/engine/random.ts": "b0844202733996c5dd2f123a32ad800c433b22c02ddf0e744c163e880b612734",
      "src/engine/regionalCrisis.test.ts": "2eef285818c781d60dda7120bf6f3cd89c65084c1ac4345674010976830912f4",
      "src/engine/regionalCrisis.ts": "3fe8139a9677ae925c1f8ee63c5763b12fd03036d2cf651893a09874e3783bf3",
      "src/engine/regionalCrisisRecognition.ts": "b6c33d892cbb421b89d84620219bad60c7fe15fa883852bf6dbd0a44658004c0",
      "src/engine/rewardActions.test.ts": "0b8972f23231416b0cff9d4f8af8d8cc4c79804bdb1a971c437e0581ca5a7c7f",
      "src/engine/rewardActions.ts": "799acb63db633179829613db2dc4ca6066226846ec0c6c0c885c7b6c13ce717d",
      "src/engine/rewardState.ts": "2bc667870966beec916017a865f8e8cbf7b9893b31fe33823fec98305df5d901",
      "src/engine/simulation.test.ts": "a0808a2c3a02ea77382e0c29cd931e175f71e3201fc0827ae177c2af320d3b4e",
      "src/engine/simulation.ts": "c0c83c8f9e6de55e09ea78fa1489015c6bcf35c066a06aa1f95daecd600ac907",
      "src/engine/wolfFamily.test.ts": "9d1aa4f13c4582c317dd4e91b6a3cf32db1ea33e8adeef4a54097ecf4355716f",
      "src/engine/wolfFamily.ts": "1c1c18f12926a13f804ae215e60349e0c69e2dcb0e5c8d26518b11eeb7197ed7",
      "src/main.ts": "d40986b5fc51412d180baf7fd19e010611819486787be3a901e22315f3ae34a4",
      "src/presentation/craftingProjection.test.ts": "9e267bcd768b9ee7238ff6c6c7e669df5b7fa987fd872c7bf2848aee5d1090ce",
      "src/presentation/craftingProjection.ts": "26e70a094527b49ed17cf4e8a802d8e32f145789b13cb78d5b1825d70ce80dbf",
      "src/presentation/crisisProjection.test.ts": "5e0988814fda47f84e244671d10ef15ea3ea94594df2e813682dbdc1b959fa6c",
      "src/presentation/crisisProjection.ts": "0b221c5ff24b5f8b2cabd3fd45dc212194fe74c0932925f6c59f3ffc9f076c3b",
      "src/presentation/icons.ts": "765708954fb2796d5a31715a4f66e9036672417b61aad5e80ccdddaf2231a135",
      "src/presentation/lifeProjection.test.ts": "fa6c4282aedc420b300baf2d283bf11222b3cd806a4e4b7dbf8c77269a95292a",
      "src/presentation/lifeProjection.ts": "07c2f4a68e2ce095c8eb352db85a22d0481e9cf6131c1440da950f765b0e24f4",
      "src/presentation/rewardProjection.test.ts": "cb54650c0885c3c1c245a9eb7d599fa63589f7543fb1c7514fd570d6e1244d86",
      "src/presentation/rewardProjection.ts": "969498139ed5fa7b221378d939032d7948904c242ea3d3691657728293603d92",
      "src/presentation/worldProjection.test.ts": "ac09f1dd5fd910f21f54f2475de22aaab72c8ba5be3b974d90913cde7910bad4",
      "src/presentation/worldProjection.ts": "06d76b4946a11de5ef28d3fa4a6966a0a2a0e0859c43370009b4ad30d2dcc73b",
      "src/presentation/worldUI.test.ts": "2f3df8b838778eabfb17e3364c37905b3a2ab043ebba3ad1500c911cce7e4e6e",
      "src/presentation/worldUI.ts": "a0abdb1cc227cf4d60e7bb3c1531fc555dff800d462b74be312f67c562e6c91e",
      "src/services/playJournal.test.ts": "90fa0dbf1b5a928728e4100eb4b5e5b2f7eb1f3944b1a559455713e8b155610a",
      "src/services/playJournal.ts": "92d55ee79abe39e0e0c83fd2cc54243559517f787cfe23262486810f45163940",
      "src/services/rewardSave.test.ts": "a27b2e1566755e16eabb9ced931a2c38898bfca10f3812e9be485e156603c3aa",
      "src/services/rewardValidation.ts": "3b229fe371f38df3cb6ab75dabf90973b94c1249b9d557ed747d736851f25ba1",
      "src/services/saveService.test.ts": "f1d85b9ad0a24e1c662864219da4cce053d38337b9afc2298a7a4cee0a4d27c8",
      "src/services/saveService.ts": "5d8ce05621c8be0dba81ec594d61de23bc40826faa7acf0a7c260876f9251bf1",
      "src/services/saveWriter.ts": "0703016eb96d12bb843f0b04b6e21b6568bf7f9b44defc59e340896c675ff43b",
      "src/stores/gameStore.test.ts": "a182469258b05a83d305dac07c2450847436a19cc7528362a149d8b07df0064f",
      "src/stores/gameStore.ts": "b5d18a378cf4b05d05a37a2825e7eff045fd1ef68ac0714076b8f7c049bf5ac2",
      "src/style.scss": "3d4a0eca9794501b3da62630d98a25298b7e0a9cf71bae57ce6c8d77ae4f8c2e"
    },
    "inputSha256Before": {
      "package.json": "e44cbba601836e8b2adc8e872caba3ce665c6b21873aeee153fc729099625f80",
      "package-lock.json": "cd8379969a4ee99f80434dce4c7afff4fcf52290aa9d40ba4668c5165dbdc53d",
      "docs/specs/V2X-PHASE6-REGIONAL-CRISIS.md": "4e7d8533181a43f66c2d51dce056407a38be34797900ed875898e4470adde640",
      "tickets/20261008-v2x-06j-qa-delivery.md": "62ca67f6a2679949beecc0982f0c4d2e940a34de07966018571ef577b530cd20",
      "docs/specs/V2X-REWARD-RETENTION.md": "0ee5012f9c0f3ac176deb23ee69586105644f24425a59143662e1a7a9e4face5",
      "tsconfig.json": "2f45629d03f844524c3b19b580db910c7c120e4e0d06b00eae6f73e829d968b0",
      "vite.config.ts": "f5e64ccf326c3dd505ea11a18e691d1bc5b698d9bd130b234a788fc3c9017366",
      "index.html": "bfa28297eece5f57e38878097b4db8b481d5fcee44442da76244e0bb3dffb794"
    },
    "inputSha256After": {
      "package.json": "e44cbba601836e8b2adc8e872caba3ce665c6b21873aeee153fc729099625f80",
      "package-lock.json": "cd8379969a4ee99f80434dce4c7afff4fcf52290aa9d40ba4668c5165dbdc53d",
      "docs/specs/V2X-PHASE6-REGIONAL-CRISIS.md": "4e7d8533181a43f66c2d51dce056407a38be34797900ed875898e4470adde640",
      "docs/specs/V2X-REWARD-RETENTION.md": "0ee5012f9c0f3ac176deb23ee69586105644f24425a59143662e1a7a9e4face5",
      "tickets/20261008-v2x-06j-qa-delivery.md": "62ca67f6a2679949beecc0982f0c4d2e940a34de07966018571ef577b530cd20",
      "tsconfig.json": "2f45629d03f844524c3b19b580db910c7c120e4e0d06b00eae6f73e829d968b0",
      "vite.config.ts": "f5e64ccf326c3dd505ea11a18e691d1bc5b698d9bd130b234a788fc3c9017366",
      "index.html": "bfa28297eece5f57e38878097b4db8b481d5fcee44442da76244e0bb3dffb794"
    },
    "buildInputsStableDuringRun": true,
    "testResults": {
      "testFilesPassed": 28,
      "testFilesFailed": 0,
      "testsExecuted": 531,
      "passed": 531,
      "failed": 0,
      "skipped": 0,
      "todo": 0,
      "summary": "Vitest emitted only 28 passed files / 531 passed tests; no failed, skipped, or todo line."
    },
    "typecheck": "passed (vue-tsc --noEmit, exit inferred from sequential build command success)",
    "productionBuild": "passed",
    "viteVersion": "7.3.6",
    "vitestVersion": "4.1.11",
    "runtime": {
      "node": "v24.19.0",
      "npm": "11.9.0",
      "python": "3.12.14",
      "os": "Linux-6.18.44-x86_64-with-glibc2.41",
      "kernel": "6.18.44",
      "machine": "x86_64",
      "chromiumPath": "/usr/bin/chromium",
      "chromiumVersion": "Chromium 151.0.7922.173 built on Debian GNU/Linux 13 (trixie)"
    },
    "distFileCount": 3,
    "distSha256": {
      "dist/assets/index-C5oR9znA.js": "b3ad26fd438aaffec0176bfa43faf3f253f66dd00eec98ad119cf0527ee99b9f",
      "dist/assets/index-DmiWzmoy.css": "b76cc82a4d2fccd3ef0737700963ccae4aba6a3fedda8c26cc82eb30e7f86870",
      "dist/index.html": "2e91f5d3576d38eb50b492546391a6a3f0ed513afd93e2c6f79e2971290e6875"
    },
    "previousDistSha256": {
      "dist/assets/index-C5oR9znA.js": "b3ad26fd438aaffec0176bfa43faf3f253f66dd00eec98ad119cf0527ee99b9f",
      "dist/assets/index-DmiWzmoy.css": "b76cc82a4d2fccd3ef0737700963ccae4aba6a3fedda8c26cc82eb30e7f86870",
      "dist/index.html": "2e91f5d3576d38eb50b492546391a6a3f0ed513afd93e2c6f79e2971290e6875"
    },
    "previousDistContentMatchesNewBuild": true,
    "browserHelpersSha256": {
      "reports/v2/20261008-regional-crisis/phase-06/g_browser_launcher.py": "d86346e692e5e0fa9a8b0693b0c8720b52cd327d0ee28bc7c6bffe5c2dbedbf6",
      "reports/v2/20261008-regional-crisis/phase-06/g_browser_runner.py": "5fae51d280a025a2b9a41ed399746bd148cb2fbcf02b34ff97797136953648ab",
      "reports/v2/20261008-regional-crisis/phase-06/g_browser_support.py": "cd3b8440eddeabc3b4acfdae39770761c5b31c2040ee9665b65df6d4514a222f",
      "reports/v2/20261008-regional-crisis/phase-06/g_browser_fixture_generator.py": "bf9953732cca76f7e9c9f39c5f83554f186d55f92b59b4f142d85694a658d255",
      "reports/v2/20261008-regional-crisis/phase-06/phase06_i_reaggregate.py": "54dc9df81908504e4438f4e96f1beedfcfcc975dca724f89f8a77941e5026d78",
      "scripts/recorded_reports.py": "bc09dc981267e9cdfaf63103b260c052417b2ff675e551cd2677986f9231962b"
    },
    "stdoutSha256": "1202bdfc363ace86e4b85f6c93b30a71cc7596db3246cc3c3a9f3aa3f593a8db",
    "stderrSha256": "e3b0c44298fc1c149afbf4c8996fb92427ae41e4649b934ca495991b7852b855",
    "exitEvidencePath": "reports/v2/20261008-regional-crisis/phase-06/j-regression-run/j-regression-exit.txt",
    "stdoutEvidencePath": "reports/v2/20261008-regional-crisis/phase-06/j-regression-run/j-regression-stdout.txt",
    "stderrEvidencePath": "reports/v2/20261008-regional-crisis/phase-06/j-regression-run/j-regression-stderr.txt",
    "gitStatusPorcelainAfter": "?? reports/v2/20261008-regional-crisis/phase-06/j-regression-run/\n?? reports/v2/20261008-regional-crisis/phase-06/j_browser_launcher.py\n?? reports/v2/20261008-regional-crisis/phase-06/j_browser_runner.py\n?? reports/v2/20261008-regional-crisis/phase-06/j_browser_support.py",
    "inputHashMethodNote": "These extra baseline inputs are reconstructed from HEAD because pre-run git status was empty; their current working-tree hashes match HEAD after the run."
  },
  "buildStatusPath": "/workspace/plw-rpg/reports/v2/20261008-regional-crisis/phase-06/j-build-status.json",
  "url": "http://127.0.0.1:43575",
  "startUTC": "2026-10-08T01:12:47.758124+00:00",
  "lanes": {
    "NORMAL_FRESH": {
      "status": "IN_PROGRESS",
      "stateInjected": false,
      "debugTimeOrStateInjection": false,
      "startClockText": "第 1 年 春 1 日\n08:00"
    }
  },
  "pageErrors": [],
  "consoleErrors": [],
  "requestFailures": [],
  "httpFailures": [],
  "screenshots": [
    {
      "path": "normal-phase-dormant-01.png",
      "sha256": "2e6527828fbb118bc2e01d3f25df2e8d73762e3708c4cdf8e7e34ad7f8c87ebd"
    },
    {
      "path": "normal-phase-warning-281.png",
      "sha256": "f6ab668e835f121da57fe94bbca9cffdd5a886bbe3db13e6099988cdf50d664b"
    },
    {
      "path": "normal-phase-preparation-283.png",
      "sha256": "75f22b0b7b4dda7afda17b1c4a04afa6c9cb107825b27450c6eae54c42f43f3c"
    },
    {
      "path": "normal-phase-active-288.png",
      "sha256": "f73055d7e521c6f108bcfe8ff3ec695408673a899fcf42b318d497f719ec2eac"
    },
    {
      "path": "failure.png",
      "sha256": "f0b31953a1f9e329f96eb76a5a2c99358950335619b79ce2022a617f7d3637e5"
    }
  ],
  "humanValidation": {
    "status": "DEFERRED / NOT APPLICABLE AT THIS STAGE"
  },
  "limitations": [
    "Runner-driven browser QA is not human product validation.",
    "Controlled UI fixtures are separate from normal fresh-save play.",
    "Human Safari and physical phones are excluded."
  ],
  "servedAssets": {
    "index": {
      "status": 200,
      "bytes": 448,
      "sha256": "2e91f5d3576d38eb50b492546391a6a3f0ed513afd93e2c6f79e2971290e6875"
    },
    "assets": [
      {
        "path": "assets/index-C5oR9znA.js",
        "status": 200,
        "bytes": 336845,
        "sha256": "b3ad26fd438aaffec0176bfa43faf3f253f66dd00eec98ad119cf0527ee99b9f"
      },
      {
        "path": "assets/index-DmiWzmoy.css",
        "status": 200,
        "bytes": 30795,
        "sha256": "b76cc82a4d2fccd3ef0737700963ccae4aba6a3fedda8c26cc82eb30e7f86870"
      }
    ]
  },
  "profilingCapabilities": {
    "Performance.enable": true
  },
  "normalRunStartedMonotonic": 57980.88675119,
  "normalStartUTC": "2026-10-08T01:12:49.068932+00:00",
  "nextCheckpointMonotonic": 58467.44107078,
  "agentChoiceCount": 307,
  "lastAgentChoice": {
    "turn": 307,
    "choice": "combat_defend",
    "reason": "戰鬥畫面顯示生命 2 偏低且沒有可用藥水，先防禦降低承受傷害。",
    "observedCrisisPhase": "active"
  },
  "normalPhaseTrace": [
    {
      "atUTC": "2026-10-08T01:12:50.101788+00:00",
      "elapsedNormalSeconds": 1.03,
      "phase": "dormant",
      "worldTime": 509,
      "outcome": null,
      "resolutionSummary": null,
      "crisisEvents": [],
      "normalFresh": true,
      "controlledFixture": false,
      "capture": "post-visible-policy-turn",
      "phaseTransition": true,
      "policyTurn": 1,
      "policyChoice": "visible_speed_x20"
    },
    {
      "atUTC": "2026-10-08T01:12:51.725562+00:00",
      "elapsedNormalSeconds": 2.66,
      "phase": "dormant",
      "worldTime": 1949,
      "outcome": null,
      "resolutionSummary": null,
      "crisisEvents": [],
      "normalFresh": true,
      "controlledFixture": false,
      "capture": "post-visible-policy-turn",
      "phaseTransition": false,
      "policyTurn": 2,
      "policyChoice": "inspect_local_news"
    },
    {
      "atUTC": "2026-10-08T01:12:53.113607+00:00",
      "elapsedNormalSeconds": 4.04,
      "phase": "dormant",
      "worldTime": 3389,
      "outcome": null,
      "resolutionSummary": null,
      "crisisEvents": [],
      "normalFresh": true,
      "controlledFixture": false,
      "capture": "post-visible-policy-turn",
      "phaseTransition": false,
      "policyTurn": 3,
      "policyChoice": "wait_one_day"
    },
    {
      "atUTC": "2026-10-08T01:12:54.441598+00:00",
      "elapsedNormalSeconds": 5.37,
      "phase": "dormant",
      "worldTime": 3394,
      "outcome": null,
      "resolutionSummary": null,
      "crisisEvents": [],
      "normalFresh": true,
      "controlledFixture": false,
      "capture": "post-visible-policy-turn",
      "phaseTransition": false,
      "policyTurn": 4,
      "policyChoice": "move_toward_north_forest"
    },
    {
      "atUTC": "2026-10-08T01:12:55.830841+00:00",
      "elapsedNormalSeconds": 6.76,
      "phase": "dormant",
      "worldTime": 4834,
      "outcome": null,
      "resolutionSummary": null,
      "crisisEvents": [],
      "normalFresh": true,
      "controlledFixture": false,
      "capture": "post-visible-policy-turn",
      "phaseTransition": false,
      "policyTurn": 5,
      "policyChoice": "wait_one_day"
    },
    {
      "atUTC": "2026-10-08T01:12:57.191127+00:00",
      "elapsedNormalSeconds": 8.12,
      "phase": "dormant",
      "worldTime": 6274,
      "outcome": null,
      "resolutionSummary": null,
      "crisisEvents": [],
      "normalFresh": true,
      "controlledFixture": false,
      "capture": "post-visible-policy-turn",
      "phaseTransition": false,
      "policyTurn": 6,
      "policyChoice": "wait_one_day"
    },
    {
      "atUTC": "2026-10-08T01:12:58.730597+00:00",
      "elapsedNormalSeconds": 9.66,
      "phase": "dormant",
      "worldTime": 7714,
      "outcome": null,
      "resolutionSummary": null,
      "crisisEvents": [],
      "normalFresh": true,
      "controlledFixture": false,
      "capture": "post-visible-policy-turn",
      "phaseTransition": false,
      "policyTurn": 7,
      "policyChoice": "inspect_local_news"
    },
    {
      "atUTC": "2026-10-08T01:13:00.064153+00:00",
      "elapsedNormalSeconds": 11.0,
      "phase": "dormant",
      "worldTime": 7719,
      "outcome": null,
      "resolutionSummary": null,
      "crisisEvents": [],
      "normalFresh": true,
      "controlledFixture": false,
      "capture": "post-visible-policy-turn",
      "phaseTransition": false,
      "policyTurn": 8,
      "policyChoice": "move_toward_north_forest"
    },
    {
      "atUTC": "2026-10-08T01:13:01.445234+00:00",
      "elapsedNormalSeconds": 12.38,
      "phase": "dormant",
      "worldTime": 9159,
      "outcome": null,
      "resolutionSummary": null,
      "crisisEvents": [],
      "normalFresh": true,
      "controlledFixture": false,
      "capture": "post-visible-policy-turn",
      "phaseTransition": false,
      "policyTurn": 9,
      "policyChoice": "wait_one_day"
    },
    {
      "atUTC": "2026-10-08T01:13:02.854812+00:00",
      "elapsedNormalSeconds": 13.79,
      "phase": "dormant",
      "worldTime": 10599,
      "outcome": null,
      "resolutionSummary": null,
      "crisisEvents": [],
      "normalFresh": true,
      "controlledFixture": false,
      "capture": "post-visible-policy-turn",
      "phaseTransition": false,
      "policyTurn": 10,
      "policyChoice": "wait_one_day"
    },
    {
      "atUTC": "2026-10-08T01:13:04.224903+00:00",
      "elapsedNormalSeconds": 15.16,
      "phase": "dormant",
      "worldTime": 12039,
      "outcome": null,
      "resolutionSummary": null,
      "crisisEvents": [],
      "normalFresh": true,
      "controlledFixture": false,
      "capture": "post-visible-policy-turn",
      "phaseTransition": false,
      "policyTurn": 11,
      "policyChoice": "wait_one_day"
    },
    {
      "atUTC": "2026-10-08T01:13:05.774414+00:00",
      "elapsedNormalSeconds": 16.71,
      "phase": "dormant",
      "worldTime": 13479,
      "outcome": null,
      "resolutionSummary": null,
      "crisisEvents": [],
      "normalFresh": true,
      "controlledFixture": false,
      "capture": "post-visible-policy-turn",
      "phaseTransition": false,
      "policyTurn": 12,
      "policyChoice": "inspect_local_news"
    },
    {
      "atUTC": "2026-10-08T01:13:07.129562+00:00",
      "elapsedNormalSeconds": 18.06,
      "phase": "dormant",
      "worldTime": 14919,
      "outcome": null,
      "resolutionSummary": null,
      "crisisEvents": [],
      "normalFresh": true,
      "controlledFixture": false,
      "capture": "post-visible-policy-turn",
      "phaseTransition": false,
      "policyTurn": 13,
      "policyChoice": "wait_one_day"
    },
    {
      "atUTC": "2026-10-08T01:13:08.559925+00:00",
      "elapsedNormalSeconds": 19.49,
      "phase": "dormant",
      "worldTime": 16359,
      "outcome": null,
      "resolutionSummary": null,
      "crisisEvents": [],
      "normalFresh": true,
      "controlledFixture": false,
      "capture": "post-visible-policy-turn",
      "phaseTransition": false,
      "policyTurn": 14,
      "policyChoice": "wait_one_day"
    },
    {
      "atUTC": "2026-10-08T01:13:09.992390+00:00",
      "elapsedNormalSeconds": 20.92,
      "phase": "dormant",
      "worldTime": 17799,
      "outcome": null,
      "resolutionSummary": null,
      "crisisEvents": [],
      "normalFresh": true,
      "controlledFixture": false,
      "capture": "post-visible-policy-turn",
      "phaseTransition": false,
      "policyTurn": 15,
      "policyChoice": "wait_one_day"
    },
    {
      "atUTC": "2026-10-08T01:13:11.423370+00:00",
      "elapsedNormalSeconds": 22.35,
      "phase": "dormant",
      "worldTime": 17804,
      "outcome": null,
      "resolutionSummary": null,
      "crisisEvents": [],
      "normalFresh": true,
      "controlledFixture": false,
      "capture": "post-visible-policy-turn",
      "phaseTransition": false,
      "policyTurn": 16,
      "policyChoice": "move_toward_north_forest"
    },
    {
      "atUTC": "2026-10-08T01:13:12.888368+00:00",
      "elapsedNormalSeconds": 23.82,
      "phase": "dormant",
      "worldTime": 19244,
      "outcome": null,
      "resolutionSummary": null,
      "crisisEvents": [],
      "normalFresh": true,
      "controlledFixture": false,
      "capture": "post-visible-policy-turn",
      "phaseTransition": false,
      "policyTurn": 17,
      "policyChoice": "inspect_local_news"
    },
    {
      "atUTC": "2026-10-08T01:13:14.297228+00:00",
      "elapsedNormalSeconds": 25.23,
      "phase": "dormant",
      "worldTime": 20684,
      "outcome": null,
      "resolutionSummary": null,
      "crisisEvents": [],
      "normalFresh": true,
      "controlledFixture": false,
      "capture": "post-visible-policy-turn",
      "phaseTransition": false,
      "policyTurn": 18,
      "policyChoice": "wait_one_day"
    },
    {
      "atUTC": "2026-10-08T01:13:15.668636+00:00",
      "elapsedNormalSeconds": 26.6,
      "phase": "dormant",
      "worldTime": 22124,
      "outcome": null,
      "resolutionSummary": null,
      "crisisEvents": [],
      "normalFresh": true,
      "controlledFixture": false,
      "capture": "post-visible-policy-turn",
      "phaseTransition": false,
      "policyTurn": 19,
      "policyChoice": "wait_one_day"
    },
    {
      "atUTC": "2026-10-08T01:13:17.057181+00:00",
      "elapsedNormalSeconds": 27.99,
      "phase": "dormant",
      "worldTime": 22129,
      "outcome": null,
      "resolutionSummary": null,
      "crisisEvents": [],
      "normalFresh": true,
      "controlledFixture": false,
      "capture": "post-visible-policy-turn",
      "phaseTransition": false,
      "policyTurn": 20,
      "policyChoice": "move_toward_north_forest"
    },
    {
      "atUTC": "2026-10-08T01:13:18.442424+00:00",
      "elapsedNormalSeconds": 29.37,
      "phase": "dormant",
      "worldTime": 23569,
      "outcome": null,
      "resolutionSummary": null,
      "crisisEvents": [],
      "normalFresh": true,
      "controlledFixture": false,
      "capture": "post-visible-policy-turn",
      "phaseTransition": false,
      "policyTurn": 21,
      "policyChoice": "wait_one_day"
    },
    {
      "atUTC": "2026-10-08T01:13:19.915183+00:00",
      "elapsedNormalSeconds": 30.85,
      "phase": "dormant",
      "worldTime": 25009,
      "outcome": null,
      "resolutionSummary": null,
      "crisisEvents": [],
      "normalFresh": true,
      "controlledFixture": false,
      "capture": "post-visible-policy-turn",
      "phaseTransition": false,
      "policyTurn": 22,
      "policyChoice": "inspect_local_news"
    },
    {
      "atUTC": "2026-10-08T01:13:21.971995+00:00",
      "elapsedNormalSeconds": 32.9,
      "phase": "dormant",
      "worldTime": 25038,
      "outcome": null,
      "resolutionSummary": null,
      "crisisEvents": [],
      "normalFresh": true,
      "controlledFixture": false,
      "capture": "post-visible-policy-turn",
      "phaseTransition": false,
      "policyTurn": 23,
      "policyChoice": "visible_speed_x20"
    },
    {
      "atUTC": "2026-10-08T01:13:23.279563+00:00",
      "elapsedNormalSeconds": 34.21,
      "phase": "dormant",
      "worldTime": 25043,
      "outcome": null,
      "resolutionSummary": null,
      "crisisEvents": [],
      "normalFresh": true,
      "controlledFixture": false,
      "capture": "post-visible-policy-turn",
      "phaseTransition": false,
      "policyTurn": 24,
      "policyChoice": "move_toward_north_forest"
    },
    {
      "atUTC": "2026-10-08T01:13:24.671653+00:00",
      "elapsedNormalSeconds": 35.6,
      "phase": "dormant",
      "worldTime": 26483,
      "outcome": null,
      "resolutionSummary": null,
      "crisisEvents": [],
      "normalFresh": true,
      "controlledFixture": false,
      "capture": "post-visible-policy-turn",
      "phaseTransition": false,
      "policyTurn": 25,
      "policyChoice": "wait_one_day"
    },
    {
      "atUTC": "2026-10-08T01:13:26.028416+00:00",
      "elapsedNormalSeconds": 36.96,
      "phase": "dormant",
      "worldTime": 27923,
      "outcome": null,
      "resolutionSummary": null,
      "crisisEvents": [],
      "normalFresh": true,
      "controlledFixture": false,
      "capture": "post-visible-policy-turn",
      "phaseTransition": false,
      "policyTurn": 26,
      "policyChoice": "wait_one_day"
    },
    {
      "atUTC": "2026-10-08T01:13:27.560690+00:00",
      "elapsedNormalSeconds": 38.49,
      "phase": "dormant",
      "worldTime": 29363,
      "outcome": null,
      "resolutionSummary": null,
      "crisisEvents": [],
      "normalFresh": true,
      "controlledFixture": false,
      "capture": "post-visible-policy-turn",
      "phaseTransition": false,
      "policyTurn": 27,
      "policyChoice": "inspect_local_news"
    },
    {
      "atUTC": "2026-10-08T01:13:28.905127+00:00",
      "elapsedNormalSeconds": 39.84,
      "phase": "dormant",
      "worldTime": 29368,
      "outcome": null,
      "resolutionSummary": null,
      "crisisEvents": [],
      "normalFresh": true,
      "controlledFixture": false,
      "capture": "post-visible-policy-turn",
      "phaseTransition": false,
      "policyTurn": 28,
      "policyChoice": "move_toward_north_forest"
    },
    {
      "atUTC": "2026-10-08T01:13:30.260207+00:00",
      "elapsedNormalSeconds": 41.19,
      "phase": "dormant",
      "worldTime": 30808,
      "outcome": null,
      "resolutionSummary": null,
      "crisisEvents": [],
      "normalFresh": true,
      "controlledFixture": false,
      "capture": "post-visible-policy-turn",
      "phaseTransition": false,
      "policyTurn": 29,
      "policyChoice": "wait_one_day"
    },
    {
      "atUTC": "2026-10-08T01:13:31.615996+00:00",
      "elapsedNormalSeconds": 42.55,
      "phase": "dormant",
      "worldTime": 32248,
      "outcome": null,
      "resolutionSummary": null,
      "crisisEvents": [],
      "normalFresh": true,
      "controlledFixture": false,
      "capture": "post-visible-policy-turn",
      "phaseTransition": false,
      "policyTurn": 30,
      "policyChoice": "wait_one_day"
    },
    {
      "atUTC": "2026-10-08T01:13:32.977091+00:00",
      "elapsedNormalSeconds": 43.91,
      "phase": "dormant",
      "worldTime": 33688,
      "outcome": null,
      "resolutionSummary": null,
      "crisisEvents": [],
      "normalFresh": true,
      "controlledFixture": false,
      "capture": "post-visible-policy-turn",
      "phaseTransition": false,
      "policyTurn": 31,
      "policyChoice": "wait_one_day"
    },
    {
      "atUTC": "2026-10-08T01:13:34.481277+00:00",
      "elapsedNormalSeconds": 45.41,
      "phase": "dormant",
      "worldTime": 35128,
      "outcome": null,
      "resolutionSummary": null,
      "crisisEvents": [],
      "normalFresh": true,
      "controlledFixture": false,
      "capture": "post-visible-policy-turn",
      "phaseTransition": false,
      "policyTurn": 32,
      "policyChoice": "inspect_local_news"
    },
    {
      "atUTC": "2026-10-08T01:13:35.830975+00:00",
      "elapsedNormalSeconds": 46.76,
      "phase": "dormant",
      "worldTime": 36568,
      "outcome": null,
      "resolutionSummary": null,
      "crisisEvents": [],
      "normalFresh": true,
      "controlledFixture": false,
      "capture": "post-visible-policy-turn",
      "phaseTransition": false,
      "policyTurn": 33,
      "policyChoice": "wait_one_day"
    },
    {
      "atUTC": "2026-10-08T01:13:37.863276+00:00",
      "elapsedNormalSeconds": 48.79,
      "phase": "dormant",
      "worldTime": 36598,
      "outcome": null,
      "resolutionSummary": null,
      "crisisEvents": [],
      "normalFresh": true,
      "controlledFixture": false,
      "capture": "post-visible-policy-turn",
      "phaseTransition": false,
      "policyTurn": 34,
      "policyChoice": "visible_speed_x20"
    },
    {
      "atUTC": "2026-10-08T01:13:39.170291+00:00",
      "elapsedNormalSeconds": 50.1,
      "phase": "dormant",
      "worldTime": 38038,
      "outcome": null,
      "resolutionSummary": null,
      "crisisEvents": [],
      "normalFresh": true,
      "controlledFixture": false,
      "capture": "post-visible-policy-turn",
      "phaseTransition": false,
      "policyTurn": 35,
      "policyChoice": "wait_one_day"
    },
    {
      "atUTC": "2026-10-08T01:13:40.600624+00:00",
      "elapsedNormalSeconds": 51.53,
      "phase": "dormant",
      "worldTime": 38043,
      "outcome": null,
      "resolutionSummary": null,
      "crisisEvents": [],
      "normalFresh": true,
      "controlledFixture": false,
      "capture": "post-visible-policy-turn",
      "phaseTransition": false,
      "policyTurn": 36,
      "policyChoice": "move_toward_north_forest"
    },
    {
      "atUTC": "2026-10-08T01:13:42.070501+00:00",
      "elapsedNormalSeconds": 53.0,
      "phase": "dormant",
      "worldTime": 39483,
      "outcome": null,
      "resolutionSummary": null,
      "crisisEvents": [],
      "normalFresh": true,
      "controlledFixture": false,
      "capture": "post-visible-policy-turn",
      "phaseTransition": false,
      "policyTurn": 37,
      "policyChoice": "inspect_local_news"
    },
    {
      "atUTC": "2026-10-08T01:13:43.405198+00:00",
      "elapsedNormalSeconds": 54.34,
      "phase": "dormant",
      "worldTime": 40923,
      "outcome": null,
      "resolutionSummary": null,
      "crisisEvents": [],
      "normalFresh": true,
      "controlledFixture": false,
      "capture": "post-visible-policy-turn",
      "phaseTransition": false,
      "policyTurn": 38,
      "policyChoice": "wait_one_day"
    },
    {
      "atUTC": "2026-10-08T01:13:44.811894+00:00",
      "elapsedNormalSeconds": 55.74,
      "phase": "dormant",
      "worldTime": 42363,
      "outcome": null,
      "resolutionSummary": null,
      "crisisEvents": [],
      "normalFresh": true,
      "controlledFixture": false,
      "capture": "post-visible-policy-turn",
      "phaseTransition": false,
      "policyTurn": 39,
      "policyChoice": "wait_one_day"
    },
    {
      "atUTC": "2026-10-08T01:13:46.138802+00:00",
      "elapsedNormalSeconds": 57.07,
      "phase": "dormant",
      "worldTime": 42368,
      "outcome": null,
      "resolutionSummary": null,
      "crisisEvents": [],
      "normalFresh": true,
      "controlledFixture": false,
      "capture": "post-visible-policy-turn",
      "phaseTransition": false,
      "policyTurn": 40,
      "policyChoice": "move_toward_north_forest"
    },
    {
      "atUTC": "2026-10-08T01:13:47.552407+00:00",
      "elapsedNormalSeconds": 58.48,
      "phase": "dormant",
      "worldTime": 43808,
      "outcome": null,
      "resolutionSummary": null,
      "crisisEvents": [],
      "normalFresh": true,
      "controlledFixture": false,
      "capture": "post-visible-policy-turn",
      "phaseTransition": false,
      "policyTurn": 41,
      "policyChoice": "wait_one_day"
    },
    {
      "atUTC": "2026-10-08T01:13:48.980635+00:00",
      "elapsedNormalSeconds": 59.91,
      "phase": "dormant",
      "worldTime": 45248,
      "outcome": null,
      "resolutionSummary": null,
      "crisisEvents": [],
      "normalFresh": true,
      "controlledFixture": false,
      "capture": "post-visible-policy-turn",
      "phaseTransition": false,
      "policyTurn": 42,
      "policyChoice": "inspect_local_news"
    },
    {
      "atUTC": "2026-10-08T01:13:50.511706+00:00",
      "elapsedNormalSeconds": 61.44,
      "phase": "dormant",
      "worldTime": 46688,
      "outcome": null,
      "resolutionSummary": null,
      "crisisEvents": [],
      "normalFresh": true,
      "controlledFixture": false,
      "capture": "post-visible-policy-turn",
      "phaseTransition": false,
      "policyTurn": 43,
      "policyChoice": "wait_one_day"
    },
    {
      "atUTC": "2026-10-08T01:13:51.903850+00:00",
      "elapsedNormalSeconds": 62.83,
      "phase": "dormant",
      "worldTime": 46693,
      "outcome": null,
      "resolutionSummary": null,
      "crisisEvents": [],
      "normalFresh": true,
      "controlledFixture": false,
      "capture": "post-visible-policy-turn",
      "phaseTransition": false,
      "policyTurn": 44,
      "policyChoice": "move_toward_north_forest"
    },
    {
      "atUTC": "2026-10-08T01:13:53.898598+00:00",
      "elapsedNormalSeconds": 64.83,
      "phase": "dormant",
      "worldTime": 46723,
      "outcome": null,
      "resolutionSummary": null,
      "crisisEvents": [],
      "normalFresh": true,
      "controlledFixture": false,
      "capture": "post-visible-policy-turn",
      "phaseTransition": false,
      "policyTurn": 45,
      "policyChoice": "visible_speed_x20"
    },
    {
      "atUTC": "2026-10-08T01:13:55.270745+00:00",
      "elapsedNormalSeconds": 66.2,
      "phase": "dormant",
      "worldTime": 48163,
      "outcome": null,
      "resolutionSummary": null,
      "crisisEvents": [],
      "normalFresh": true,
      "controlledFixture": false,
      "capture": "post-visible-policy-turn",
      "phaseTransition": false,
      "policyTurn": 46,
      "policyChoice": "wait_one_day"
    },
    {
      "atUTC": "2026-10-08T01:13:56.735534+00:00",
      "elapsedNormalSeconds": 67.67,
      "phase": "dormant",
      "worldTime": 49603,
      "outcome": null,
      "resolutionSummary": null,
      "crisisEvents": [],
      "normalFresh": true,
      "controlledFixture": false,
      "capture": "post-visible-policy-turn",
      "phaseTransition": false,
      "policyTurn": 47,
      "policyChoice": "inspect_local_news"
    },
    {
      "atUTC": "2026-10-08T01:13:58.131767+00:00",
      "elapsedNormalSeconds": 69.06,
      "phase": "dormant",
      "worldTime": 49608,
      "outcome": null,
      "resolutionSummary": null,
      "crisisEvents": [],
      "normalFresh": true,
      "controlledFixture": false,
      "capture": "post-visible-policy-turn",
      "phaseTransition": false,
      "policyTurn": 48,
      "policyChoice": "move_toward_north_forest"
    },
    {
      "atUTC": "2026-10-08T01:13:59.496417+00:00",
      "elapsedNormalSeconds": 70.43,
      "phase": "dormant",
      "worldTime": 51048,
      "outcome": null,
      "resolutionSummary": null,
      "crisisEvents": [],
      "normalFresh": true,
      "controlledFixture": false,
      "capture": "post-visible-policy-turn",
      "phaseTransition": false,
      "policyTurn": 49,
      "policyChoice": "wait_one_day"
    },
    {
      "atUTC": "2026-10-08T01:14:00.920336+00:00",
      "elapsedNormalSeconds": 71.85,
      "phase": "dormant",
      "worldTime": 52488,
      "outcome": null,
      "resolutionSummary": null,
      "crisisEvents": [],
      "normalFresh": true,
      "controlledFixture": false,
      "capture": "post-visible-policy-turn",
      "phaseTransition": false,
      "policyTurn": 50,
      "policyChoice": "wait_one_day"
    },
    {
      "atUTC": "2026-10-08T01:14:02.298390+00:00",
      "elapsedNormalSeconds": 73.23,
      "phase": "dormant",
      "worldTime": 53928,
      "outcome": null,
      "resolutionSummary": null,
      "crisisEvents": [],
      "normalFresh": true,
      "controlledFixture": false,
      "capture": "post-visible-policy-turn",
      "phaseTransition": false,
      "policyTurn": 51,
      "policyChoice": "wait_one_day"
    },
    {
      "atUTC": "2026-10-08T01:14:03.758807+00:00",
      "elapsedNormalSeconds": 74.69,
      "phase": "dormant",
      "worldTime": 55368,
      "outcome": null,
      "resolutionSummary": null,
      "crisisEvents": [],
      "normalFresh": true,
      "controlledFixture": false,
      "capture": "post-visible-policy-turn",
      "phaseTransition": false,
      "policyTurn": 52,
      "policyChoice": "inspect_local_news"
    },
    {
      "atUTC": "2026-10-08T01:14:05.175870+00:00",
      "elapsedNormalSeconds": 76.11,
      "phase": "dormant",
      "worldTime": 56808,
      "outcome": null,
      "resolutionSummary": null,
      "crisisEvents": [],
      "normalFresh": true,
      "controlledFixture": false,
      "capture": "post-visible-policy-turn",
      "phaseTransition": false,
      "policyTurn": 53,
      "policyChoice": "wait_one_day"
    },
    {
      "atUTC": "2026-10-08T01:14:06.568091+00:00",
      "elapsedNormalSeconds": 77.5,
      "phase": "dormant",
      "worldTime": 58248,
      "outcome": null,
      "resolutionSummary": null,
      "crisisEvents": [],
      "normalFresh": true,
      "controlledFixture": false,
      "capture": "post-visible-policy-turn",
      "phaseTransition": false,
      "policyTurn": 54,
      "policyChoice": "wait_one_day"
    },
    {
      "atUTC": "2026-10-08T01:14:08.135170+00:00",
      "elapsedNormalSeconds": 79.07,
      "phase": "dormant",
      "worldTime": 59688,
      "outcome": null,
      "resolutionSummary": null,
      "crisisEvents": [],
      "normalFresh": true,
      "controlledFixture": false,
      "capture": "post-visible-policy-turn",
      "phaseTransition": false,
      "policyTurn": 55,
      "policyChoice": "wait_one_day"
    },
    {
      "atUTC": "2026-10-08T01:14:09.574548+00:00",
      "elapsedNormalSeconds": 80.51,
      "phase": "dormant",
      "worldTime": 59693,
      "outcome": null,
      "resolutionSummary": null,
      "crisisEvents": [],
      "normalFresh": true,
      "controlledFixture": false,
      "capture": "post-visible-policy-turn",
      "phaseTransition": false,
      "policyTurn": 56,
      "policyChoice": "move_toward_north_forest"
    },
    {
      "atUTC": "2026-10-08T01:14:11.085005+00:00",
      "elapsedNormalSeconds": 82.02,
      "phase": "dormant",
      "worldTime": 61133,
      "outcome": null,
      "resolutionSummary": null,
      "crisisEvents": [],
      "normalFresh": true,
      "controlledFixture": false,
      "capture": "post-visible-policy-turn",
      "phaseTransition": false,
      "policyTurn": 57,
      "policyChoice": "inspect_local_news"
    },
    {
      "atUTC": "2026-10-08T01:14:12.510224+00:00",
      "elapsedNormalSeconds": 83.44,
      "phase": "dormant",
      "worldTime": 62573,
      "outcome": null,
      "resolutionSummary": null,
      "crisisEvents": [],
      "normalFresh": true,
      "controlledFixture": false,
      "capture": "post-visible-policy-turn",
      "phaseTransition": false,
      "policyTurn": 58,
      "policyChoice": "wait_one_day"
    },
    {
      "atUTC": "2026-10-08T01:14:13.929760+00:00",
      "elapsedNormalSeconds": 84.86,
      "phase": "dormant",
      "worldTime": 64013,
      "outcome": null,
      "resolutionSummary": null,
      "crisisEvents": [],
      "normalFresh": true,
      "controlledFixture": false,
      "capture": "post-visible-policy-turn",
      "phaseTransition": false,
      "policyTurn": 59,
      "policyChoice": "wait_one_day"
    },
    {
      "atUTC": "2026-10-08T01:14:15.351837+00:00",
      "elapsedNormalSeconds": 86.28,
      "phase": "dormant",
      "worldTime": 64018,
      "outcome": null,
      "resolutionSummary": null,
      "crisisEvents": [],
      "normalFresh": true,
      "controlledFixture": false,
      "capture": "post-visible-policy-turn",
      "phaseTransition": false,
      "policyTurn": 60,
      "policyChoice": "move_toward_north_forest"
    },
    {
      "atUTC": "2026-10-08T01:14:16.761449+00:00",
      "elapsedNormalSeconds": 87.69,
      "phase": "dormant",
      "worldTime": 65458,
      "outcome": null,
      "resolutionSummary": null,
      "crisisEvents": [],
      "normalFresh": true,
      "controlledFixture": false,
      "capture": "post-visible-policy-turn",
      "phaseTransition": false,
      "policyTurn": 61,
      "policyChoice": "wait_one_day"
    },
    {
      "atUTC": "2026-10-08T01:14:18.247926+00:00",
      "elapsedNormalSeconds": 89.18,
      "phase": "dormant",
      "worldTime": 66898,
      "outcome": null,
      "resolutionSummary": null,
      "crisisEvents": [],
      "normalFresh": true,
      "controlledFixture": false,
      "capture": "post-visible-policy-turn",
      "phaseTransition": false,
      "policyTurn": 62,
      "policyChoice": "inspect_local_news"
    },
    {
      "atUTC": "2026-10-08T01:14:19.671029+00:00",
      "elapsedNormalSeconds": 90.6,
      "phase": "dormant",
      "worldTime": 68338,
      "outcome": null,
      "resolutionSummary": null,
      "crisisEvents": [],
      "normalFresh": true,
      "controlledFixture": false,
      "capture": "post-visible-policy-turn",
      "phaseTransition": false,
      "policyTurn": 63,
      "policyChoice": "wait_one_day"
    },
    {
      "atUTC": "2026-10-08T01:14:21.071494+00:00",
      "elapsedNormalSeconds": 92.0,
      "phase": "dormant",
      "worldTime": 68343,
      "outcome": null,
      "resolutionSummary": null,
      "crisisEvents": [],
      "normalFresh": true,
      "controlledFixture": false,
      "capture": "post-visible-policy-turn",
      "phaseTransition": false,
      "policyTurn": 64,
      "policyChoice": "move_toward_north_forest"
    },
    {
      "atUTC": "2026-10-08T01:14:22.483885+00:00",
      "elapsedNormalSeconds": 93.41,
      "phase": "dormant",
      "worldTime": 69783,
      "outcome": null,
      "resolutionSummary": null,
      "crisisEvents": [],
      "normalFresh": true,
      "controlledFixture": false,
      "capture": "post-visible-policy-turn",
      "phaseTransition": false,
      "policyTurn": 65,
      "policyChoice": "wait_one_day"
    },
    {
      "atUTC": "2026-10-08T01:14:23.934582+00:00",
      "elapsedNormalSeconds": 94.87,
      "phase": "dormant",
      "worldTime": 71223,
      "outcome": null,
      "resolutionSummary": null,
      "crisisEvents": [],
      "normalFresh": true,
      "controlledFixture": false,
      "capture": "post-visible-policy-turn",
      "phaseTransition": false,
      "policyTurn": 66,
      "policyChoice": "wait_one_day"
    },
    {
      "atUTC": "2026-10-08T01:14:25.450115+00:00",
      "elapsedNormalSeconds": 96.38,
      "phase": "dormant",
      "worldTime": 72663,
      "outcome": null,
      "resolutionSummary": null,
      "crisisEvents": [],
      "normalFresh": true,
      "controlledFixture": false,
      "capture": "post-visible-policy-turn",
      "phaseTransition": false,
      "policyTurn": 67,
      "policyChoice": "inspect_local_news"
    },
    {
      "atUTC": "2026-10-08T01:14:26.878783+00:00",
      "elapsedNormalSeconds": 97.81,
      "phase": "dormant",
      "worldTime": 72668,
      "outcome": null,
      "resolutionSummary": null,
      "crisisEvents": [],
      "normalFresh": true,
      "controlledFixture": false,
      "capture": "post-visible-policy-turn",
      "phaseTransition": false,
      "policyTurn": 68,
      "policyChoice": "move_toward_north_forest"
    },
    {
      "atUTC": "2026-10-08T01:14:28.235137+00:00",
      "elapsedNormalSeconds": 99.17,
      "phase": "dormant",
      "worldTime": 74108,
      "outcome": null,
      "resolutionSummary": null,
      "crisisEvents": [],
      "normalFresh": true,
      "controlledFixture": false,
      "capture": "post-visible-policy-turn",
      "phaseTransition": false,
      "policyTurn": 69,
      "policyChoice": "wait_one_day"
    },
    {
      "atUTC": "2026-10-08T01:14:29.689595+00:00",
      "elapsedNormalSeconds": 100.62,
      "phase": "dormant",
      "worldTime": 75548,
      "outcome": null,
      "resolutionSummary": null,
      "crisisEvents": [],
      "normalFresh": true,
      "controlledFixture": false,
      "capture": "post-visible-policy-turn",
      "phaseTransition": false,
      "policyTurn": 70,
      "policyChoice": "wait_one_day"
    },
    {
      "atUTC": "2026-10-08T01:14:31.130500+00:00",
      "elapsedNormalSeconds": 102.06,
      "phase": "dormant",
      "worldTime": 76988,
      "outcome": null,
      "resolutionSummary": null,
      "crisisEvents": [],
      "normalFresh": true,
      "controlledFixture": false,
      "capture": "post-visible-policy-turn",
      "phaseTransition": false,
      "policyTurn": 71,
      "policyChoice": "wait_one_day"
    },
    {
      "atUTC": "2026-10-08T01:14:32.659194+00:00",
      "elapsedNormalSeconds": 103.59,
      "phase": "dormant",
      "worldTime": 78428,
      "outcome": null,
      "resolutionSummary": null,
      "crisisEvents": [],
      "normalFresh": true,
      "controlledFixture": false,
      "capture": "post-visible-policy-turn",
      "phaseTransition": false,
      "policyTurn": 72,
      "policyChoice": "inspect_local_news"
    },
    {
      "atUTC": "2026-10-08T01:14:34.096094+00:00",
      "elapsedNormalSeconds": 105.03,
      "phase": "dormant",
      "worldTime": 79868,
      "outcome": null,
      "resolutionSummary": null,
      "crisisEvents": [],
      "normalFresh": true,
      "controlledFixture": false,
      "capture": "post-visible-policy-turn",
      "phaseTransition": false,
      "policyTurn": 73,
      "policyChoice": "wait_one_day"
    },
    {
      "atUTC": "2026-10-08T01:14:35.491920+00:00",
      "elapsedNormalSeconds": 106.42,
      "phase": "dormant",
      "worldTime": 81308,
      "outcome": null,
      "resolutionSummary": null,
      "crisisEvents": [],
      "normalFresh": true,
      "controlledFixture": false,
      "capture": "post-visible-policy-turn",
      "phaseTransition": false,
      "policyTurn": 74,
      "policyChoice": "wait_one_day"
    },
    {
      "atUTC": "2026-10-08T01:14:36.954922+00:00",
      "elapsedNormalSeconds": 107.89,
      "phase": "dormant",
      "worldTime": 82748,
      "outcome": null,
      "resolutionSummary": null,
      "crisisEvents": [],
      "normalFresh": true,
      "controlledFixture": false,
      "capture": "post-visible-policy-turn",
      "phaseTransition": false,
      "policyTurn": 75,
      "policyChoice": "wait_one_day"
    },
    {
      "atUTC": "2026-10-08T01:14:38.385559+00:00",
      "elapsedNormalSeconds": 109.32,
      "phase": "dormant",
      "worldTime": 82753,
      "outcome": null,
      "resolutionSummary": null,
      "crisisEvents": [],
      "normalFresh": true,
      "controlledFixture": false,
      "capture": "post-visible-policy-turn",
      "phaseTransition": false,
      "policyTurn": 76,
      "policyChoice": "move_toward_north_forest"
    },
    {
      "atUTC": "2026-10-08T01:14:39.857718+00:00",
      "elapsedNormalSeconds": 110.79,
      "phase": "dormant",
      "worldTime": 84193,
      "outcome": null,
      "resolutionSummary": null,
      "crisisEvents": [],
      "normalFresh": true,
      "controlledFixture": false,
      "capture": "post-visible-policy-turn",
      "phaseTransition": false,
      "policyTurn": 77,
      "policyChoice": "inspect_local_news"
    },
    {
      "atUTC": "2026-10-08T01:14:41.943366+00:00",
      "elapsedNormalSeconds": 112.87,
      "phase": "dormant",
      "worldTime": 84222,
      "outcome": null,
      "resolutionSummary": null,
      "crisisEvents": [],
      "normalFresh": true,
      "controlledFixture": false,
      "capture": "post-visible-policy-turn",
      "phaseTransition": false,
      "policyTurn": 78,
      "policyChoice": "visible_speed_x20"
    },
    {
      "atUTC": "2026-10-08T01:14:43.303815+00:00",
      "elapsedNormalSeconds": 114.23,
      "phase": "dormant",
      "worldTime": 85662,
      "outcome": null,
      "resolutionSummary": null,
      "crisisEvents": [],
      "normalFresh": true,
      "controlledFixture": false,
      "capture": "post-visible-policy-turn",
      "phaseTransition": false,
      "policyTurn": 79,
      "policyChoice": "wait_one_day"
    },
    {
      "atUTC": "2026-10-08T01:14:44.733795+00:00",
      "elapsedNormalSeconds": 115.66,
      "phase": "dormant",
      "worldTime": 85667,
      "outcome": null,
      "resolutionSummary": null,
      "crisisEvents": [],
      "normalFresh": true,
      "controlledFixture": false,
      "capture": "post-visible-policy-turn",
      "phaseTransition": false,
      "policyTurn": 80,
      "policyChoice": "move_toward_north_forest"
    },
    {
      "atUTC": "2026-10-08T01:14:46.079697+00:00",
      "elapsedNormalSeconds": 117.01,
      "phase": "dormant",
      "worldTime": 87107,
      "outcome": null,
      "resolutionSummary": null,
      "crisisEvents": [],
      "normalFresh": true,
      "controlledFixture": false,
      "capture": "post-visible-policy-turn",
      "phaseTransition": false,
      "policyTurn": 81,
      "policyChoice": "wait_one_day"
    },
    {
      "atUTC": "2026-10-08T01:14:47.530203+00:00",
      "elapsedNormalSeconds": 118.46,
      "phase": "dormant",
      "worldTime": 88547,
      "outcome": null,
      "resolutionSummary": null,
      "crisisEvents": [],
      "normalFresh": true,
      "controlledFixture": false,
      "capture": "post-visible-policy-turn",
      "phaseTransition": false,
      "policyTurn": 82,
      "policyChoice": "inspect_local_news"
    },
    {
      "atUTC": "2026-10-08T01:14:48.982798+00:00",
      "elapsedNormalSeconds": 119.91,
      "phase": "dormant",
      "worldTime": 89987,
      "outcome": null,
      "resolutionSummary": null,
      "crisisEvents": [],
      "normalFresh": true,
      "controlledFixture": false,
      "capture": "post-visible-policy-turn",
      "phaseTransition": false,
      "policyTurn": 83,
      "policyChoice": "wait_one_day"
    },
    {
      "atUTC": "2026-10-08T01:14:50.425673+00:00",
      "elapsedNormalSeconds": 121.36,
      "phase": "dormant",
      "worldTime": 89992,
      "outcome": null,
      "resolutionSummary": null,
      "crisisEvents": [],
      "normalFresh": true,
      "controlledFixture": false,
      "capture": "post-visible-policy-turn",
      "phaseTransition": false,
      "policyTurn": 84,
      "policyChoice": "move_toward_north_forest"
    },
    {
      "atUTC": "2026-10-08T01:14:51.814799+00:00",
      "elapsedNormalSeconds": 122.75,
      "phase": "dormant",
      "worldTime": 91432,
      "outcome": null,
      "resolutionSummary": null,
      "crisisEvents": [],
      "normalFresh": true,
      "controlledFixture": false,
      "capture": "post-visible-policy-turn",
      "phaseTransition": false,
      "policyTurn": 85,
      "policyChoice": "wait_one_day"
    },
    {
      "atUTC": "2026-10-08T01:14:53.291445+00:00",
      "elapsedNormalSeconds": 124.22,
      "phase": "dormant",
      "worldTime": 92872,
      "outcome": null,
      "resolutionSummary": null,
      "crisisEvents": [],
      "normalFresh": true,
      "controlledFixture": false,
      "capture": "post-visible-policy-turn",
      "phaseTransition": false,
      "policyTurn": 86,
      "policyChoice": "wait_one_day"
    },
    {
      "atUTC": "2026-10-08T01:14:54.795133+00:00",
      "elapsedNormalSeconds": 125.73,
      "phase": "dormant",
      "worldTime": 94312,
      "outcome": null,
      "resolutionSummary": null,
      "crisisEvents": [],
      "normalFresh": true,
      "controlledFixture": false,
      "capture": "post-visible-policy-turn",
      "phaseTransition": false,
      "policyTurn": 87,
      "policyChoice": "inspect_local_news"
    },
    {
      "atUTC": "2026-10-08T01:14:56.271724+00:00",
      "elapsedNormalSeconds": 127.2,
      "phase": "dormant",
      "worldTime": 94317,
      "outcome": null,
      "resolutionSummary": null,
      "crisisEvents": [],
      "normalFresh": true,
      "controlledFixture": false,
      "capture": "post-visible-policy-turn",
      "phaseTransition": false,
      "policyTurn": 88,
      "policyChoice": "move_toward_north_forest"
    },
    {
      "atUTC": "2026-10-08T01:14:58.300454+00:00",
      "elapsedNormalSeconds": 129.23,
      "phase": "dormant",
      "worldTime": 94347,
      "outcome": null,
      "resolutionSummary": null,
      "crisisEvents": [],
      "normalFresh": true,
      "controlledFixture": false,
      "capture": "post-visible-policy-turn",
      "phaseTransition": false,
      "policyTurn": 89,
      "policyChoice": "visible_speed_x20"
    },
    {
      "atUTC": "2026-10-08T01:14:59.662280+00:00",
      "elapsedNormalSeconds": 130.59,
      "phase": "dormant",
      "worldTime": 95787,
      "outcome": null,
      "resolutionSummary": null,
      "crisisEvents": [],
      "normalFresh": true,
      "controlledFixture": false,
      "capture": "post-visible-policy-turn",
      "phaseTransition": false,
      "policyTurn": 90,
      "policyChoice": "wait_one_day"
    },
    {
      "atUTC": "2026-10-08T01:15:01.091869+00:00",
      "elapsedNormalSeconds": 132.02,
      "phase": "dormant",
      "worldTime": 97227,
      "outcome": null,
      "resolutionSummary": null,
      "crisisEvents": [],
      "normalFresh": true,
      "controlledFixture": false,
      "capture": "post-visible-policy-turn",
      "phaseTransition": false,
      "policyTurn": 91,
      "policyChoice": "wait_one_day"
    },
    {
      "atUTC": "2026-10-08T01:15:02.646691+00:00",
      "elapsedNormalSeconds": 133.58,
      "phase": "dormant",
      "worldTime": 98667,
      "outcome": null,
      "resolutionSummary": null,
      "crisisEvents": [],
      "normalFresh": true,
      "controlledFixture": false,
      "capture": "post-visible-policy-turn",
      "phaseTransition": false,
      "policyTurn": 92,
      "policyChoice": "inspect_local_news"
    },
    {
      "atUTC": "2026-10-08T01:15:04.072254+00:00",
      "elapsedNormalSeconds": 135.0,
      "phase": "dormant",
      "worldTime": 100107,
      "outcome": null,
      "resolutionSummary": null,
      "crisisEvents": [],
      "normalFresh": true,
      "controlledFixture": false,
      "capture": "post-visible-policy-turn",
      "phaseTransition": false,
      "policyTurn": 93,
      "policyChoice": "wait_one_day"
    },
    {
      "atUTC": "2026-10-08T01:15:05.514404+00:00",
      "elapsedNormalSeconds": 136.45,
      "phase": "dormant",
      "worldTime": 101547,
      "outcome": null,
      "resolutionSummary": null,
      "crisisEvents": [],
      "normalFresh": true,
      "controlledFixture": false,
      "capture": "post-visible-policy-turn",
      "phaseTransition": false,
      "policyTurn": 94,
      "policyChoice": "wait_one_day"
    },
    {
      "atUTC": "2026-10-08T01:15:06.918908+00:00",
      "elapsedNormalSeconds": 137.85,
      "phase": "dormant",
      "worldTime": 102987,
      "outcome": null,
      "resolutionSummary": null,
      "crisisEvents": [],
      "normalFresh": true,
      "controlledFixture": false,
      "capture": "post-visible-policy-turn",
      "phaseTransition": false,
      "policyTurn": 95,
      "policyChoice": "wait_one_day"
    },
    {
      "atUTC": "2026-10-08T01:15:08.315657+00:00",
      "elapsedNormalSeconds": 139.25,
      "phase": "dormant",
      "worldTime": 102992,
      "outcome": null,
      "resolutionSummary": null,
      "crisisEvents": [],
      "normalFresh": true,
      "controlledFixture": false,
      "capture": "post-visible-policy-turn",
      "phaseTransition": false,
      "policyTurn": 96,
      "policyChoice": "move_toward_north_forest"
    },
    {
      "atUTC": "2026-10-08T01:15:09.802381+00:00",
      "elapsedNormalSeconds": 140.73,
      "phase": "dormant",
      "worldTime": 104432,
      "outcome": null,
      "resolutionSummary": null,
      "crisisEvents": [],
      "normalFresh": true,
      "controlledFixture": false,
      "capture": "post-visible-policy-turn",
      "phaseTransition": false,
      "policyTurn": 97,
      "policyChoice": "inspect_local_news"
    },
    {
      "atUTC": "2026-10-08T01:15:11.206342+00:00",
      "elapsedNormalSeconds": 142.14,
      "phase": "dormant",
      "worldTime": 105872,
      "outcome": null,
      "resolutionSummary": null,
      "crisisEvents": [],
      "normalFresh": true,
      "controlledFixture": false,
      "capture": "post-visible-policy-turn",
      "phaseTransition": false,
      "policyTurn": 98,
      "policyChoice": "wait_one_day"
    },
    {
      "atUTC": "2026-10-08T01:15:12.612870+00:00",
      "elapsedNormalSeconds": 143.54,
      "phase": "dormant",
      "worldTime": 107312,
      "outcome": null,
      "resolutionSummary": null,
      "crisisEvents": [],
      "normalFresh": true,
      "controlledFixture": false,
      "capture": "post-visible-policy-turn",
      "phaseTransition": false,
      "policyTurn": 99,
      "policyChoice": "wait_one_day"
    },
    {
      "atUTC": "2026-10-08T01:15:14.001423+00:00",
      "elapsedNormalSeconds": 144.93,
      "phase": "dormant",
      "worldTime": 107317,
      "outcome": null,
      "resolutionSummary": null,
      "crisisEvents": [],
      "normalFresh": true,
      "controlledFixture": false,
      "capture": "post-visible-policy-turn",
      "phaseTransition": false,
      "policyTurn": 100,
      "policyChoice": "move_toward_north_forest"
    },
    {
      "atUTC": "2026-10-08T01:15:15.370645+00:00",
      "elapsedNormalSeconds": 146.3,
      "phase": "dormant",
      "worldTime": 108757,
      "outcome": null,
      "resolutionSummary": null,
      "crisisEvents": [],
      "normalFresh": true,
      "controlledFixture": false,
      "capture": "post-visible-policy-turn",
      "phaseTransition": false,
      "policyTurn": 101,
      "policyChoice": "wait_one_day"
    },
    {
      "atUTC": "2026-10-08T01:15:16.889491+00:00",
      "elapsedNormalSeconds": 147.82,
      "phase": "dormant",
      "worldTime": 110197,
      "outcome": null,
      "resolutionSummary": null,
      "crisisEvents": [],
      "normalFresh": true,
      "controlledFixture": false,
      "capture": "post-visible-policy-turn",
      "phaseTransition": false,
      "policyTurn": 102,
      "policyChoice": "inspect_local_news"
    },
    {
      "atUTC": "2026-10-08T01:15:18.276173+00:00",
      "elapsedNormalSeconds": 149.21,
      "phase": "dormant",
      "worldTime": 111637,
      "outcome": null,
      "resolutionSummary": null,
      "crisisEvents": [],
      "normalFresh": true,
      "controlledFixture": false,
      "capture": "post-visible-policy-turn",
      "phaseTransition": false,
      "policyTurn": 103,
      "policyChoice": "wait_one_day"
    },
    {
      "atUTC": "2026-10-08T01:15:19.677340+00:00",
      "elapsedNormalSeconds": 150.61,
      "phase": "dormant",
      "worldTime": 111642,
      "outcome": null,
      "resolutionSummary": null,
      "crisisEvents": [],
      "normalFresh": true,
      "controlledFixture": false,
      "capture": "post-visible-policy-turn",
      "phaseTransition": false,
      "policyTurn": 104,
      "policyChoice": "move_toward_north_forest"
    },
    {
      "atUTC": "2026-10-08T01:15:21.067975+00:00",
      "elapsedNormalSeconds": 152.0,
      "phase": "dormant",
      "worldTime": 113082,
      "outcome": null,
      "resolutionSummary": null,
      "crisisEvents": [],
      "normalFresh": true,
      "controlledFixture": false,
      "capture": "post-visible-policy-turn",
      "phaseTransition": false,
      "policyTurn": 105,
      "policyChoice": "wait_one_day"
    },
    {
      "atUTC": "2026-10-08T01:15:22.417890+00:00",
      "elapsedNormalSeconds": 153.35,
      "phase": "dormant",
      "worldTime": 114522,
      "outcome": null,
      "resolutionSummary": null,
      "crisisEvents": [],
      "normalFresh": true,
      "controlledFixture": false,
      "capture": "post-visible-policy-turn",
      "phaseTransition": false,
      "policyTurn": 106,
      "policyChoice": "wait_one_day"
    },
    {
      "atUTC": "2026-10-08T01:15:23.920680+00:00",
      "elapsedNormalSeconds": 154.85,
      "phase": "dormant",
      "worldTime": 115962,
      "outcome": null,
      "resolutionSummary": null,
      "crisisEvents": [],
      "normalFresh": true,
      "controlledFixture": false,
      "capture": "post-visible-policy-turn",
      "phaseTransition": false,
      "policyTurn": 107,
      "policyChoice": "inspect_local_news"
    },
    {
      "atUTC": "2026-10-08T01:15:25.379859+00:00",
      "elapsedNormalSeconds": 156.31,
      "phase": "dormant",
      "worldTime": 115967,
      "outcome": null,
      "resolutionSummary": null,
      "crisisEvents": [],
      "normalFresh": true,
      "controlledFixture": false,
      "capture": "post-visible-policy-turn",
      "phaseTransition": false,
      "policyTurn": 108,
      "policyChoice": "move_toward_north_forest"
    },
    {
      "atUTC": "2026-10-08T01:15:26.700654+00:00",
      "elapsedNormalSeconds": 157.63,
      "phase": "dormant",
      "worldTime": 117407,
      "outcome": null,
      "resolutionSummary": null,
      "crisisEvents": [],
      "normalFresh": true,
      "controlledFixture": false,
      "capture": "post-visible-policy-turn",
      "phaseTransition": false,
      "policyTurn": 109,
      "policyChoice": "wait_one_day"
    },
    {
      "atUTC": "2026-10-08T01:15:28.107490+00:00",
      "elapsedNormalSeconds": 159.04,
      "phase": "dormant",
      "worldTime": 118847,
      "outcome": null,
      "resolutionSummary": null,
      "crisisEvents": [],
      "normalFresh": true,
      "controlledFixture": false,
      "capture": "post-visible-policy-turn",
      "phaseTransition": false,
      "policyTurn": 110,
      "policyChoice": "wait_one_day"
    },
    {
      "atUTC": "2026-10-08T01:15:30.135428+00:00",
      "elapsedNormalSeconds": 161.07,
      "phase": "dormant",
      "worldTime": 118876,
      "outcome": null,
      "resolutionSummary": null,
      "crisisEvents": [],
      "normalFresh": true,
      "controlledFixture": false,
      "capture": "post-visible-policy-turn",
      "phaseTransition": false,
      "policyTurn": 111,
      "policyChoice": "visible_speed_x20"
    },
    {
      "atUTC": "2026-10-08T01:15:31.476891+00:00",
      "elapsedNormalSeconds": 162.41,
      "phase": "dormant",
      "worldTime": 118876,
      "outcome": null,
      "resolutionSummary": null,
      "crisisEvents": [],
      "normalFresh": true,
      "controlledFixture": false,
      "capture": "post-visible-policy-turn",
      "phaseTransition": false,
      "policyTurn": 112,
      "policyChoice": "fulfill_visible_resident_request"
    },
    {
      "atUTC": "2026-10-08T01:15:32.852818+00:00",
      "elapsedNormalSeconds": 163.78,
      "phase": "dormant",
      "worldTime": 120316,
      "outcome": null,
      "resolutionSummary": null,
      "crisisEvents": [],
      "normalFresh": true,
      "controlledFixture": false,
      "capture": "post-visible-policy-turn",
      "phaseTransition": false,
      "policyTurn": 113,
      "policyChoice": "wait_one_day"
    },
    {
      "atUTC": "2026-10-08T01:15:34.207875+00:00",
      "elapsedNormalSeconds": 165.14,
      "phase": "dormant",
      "worldTime": 121756,
      "outcome": null,
      "resolutionSummary": null,
      "crisisEvents": [],
      "normalFresh": true,
      "controlledFixture": false,
      "capture": "post-visible-policy-turn",
      "phaseTransition": false,
      "policyTurn": 114,
      "policyChoice": "wait_one_day"
    },
    {
      "atUTC": "2026-10-08T01:15:35.611509+00:00",
      "elapsedNormalSeconds": 166.54,
      "phase": "dormant",
      "worldTime": 123196,
      "outcome": null,
      "resolutionSummary": null,
      "crisisEvents": [],
      "normalFresh": true,
      "controlledFixture": false,
      "capture": "post-visible-policy-turn",
      "phaseTransition": false,
      "policyTurn": 115,
      "policyChoice": "wait_one_day"
    },
    {
      "atUTC": "2026-10-08T01:15:37.020590+00:00",
      "elapsedNormalSeconds": 167.95,
      "phase": "dormant",
      "worldTime": 123201,
      "outcome": null,
      "resolutionSummary": null,
      "crisisEvents": [],
      "normalFresh": true,
      "controlledFixture": false,
      "capture": "post-visible-policy-turn",
      "phaseTransition": false,
      "policyTurn": 116,
      "policyChoice": "move_toward_north_forest"
    },
    {
      "atUTC": "2026-10-08T01:15:38.459917+00:00",
      "elapsedNormalSeconds": 169.39,
      "phase": "dormant",
      "worldTime": 124641,
      "outcome": null,
      "resolutionSummary": null,
      "crisisEvents": [],
      "normalFresh": true,
      "controlledFixture": false,
      "capture": "post-visible-policy-turn",
      "phaseTransition": false,
      "policyTurn": 117,
      "policyChoice": "inspect_local_news"
    },
    {
      "atUTC": "2026-10-08T01:15:39.875587+00:00",
      "elapsedNormalSeconds": 170.81,
      "phase": "dormant",
      "worldTime": 126081,
      "outcome": null,
      "resolutionSummary": null,
      "crisisEvents": [],
      "normalFresh": true,
      "controlledFixture": false,
      "capture": "post-visible-policy-turn",
      "phaseTransition": false,
      "policyTurn": 118,
      "policyChoice": "wait_one_day"
    },
    {
      "atUTC": "2026-10-08T01:15:41.302386+00:00",
      "elapsedNormalSeconds": 172.23,
      "phase": "dormant",
      "worldTime": 127521,
      "outcome": null,
      "resolutionSummary": null,
      "crisisEvents": [],
      "normalFresh": true,
      "controlledFixture": false,
      "capture": "post-visible-policy-turn",
      "phaseTransition": false,
      "policyTurn": 119,
      "policyChoice": "wait_one_day"
    },
    {
      "atUTC": "2026-10-08T01:15:42.642696+00:00",
      "elapsedNormalSeconds": 173.57,
      "phase": "dormant",
      "worldTime": 127526,
      "outcome": null,
      "resolutionSummary": null,
      "crisisEvents": [],
      "normalFresh": true,
      "controlledFixture": false,
      "capture": "post-visible-policy-turn",
      "phaseTransition": false,
      "policyTurn": 120,
      "policyChoice": "move_toward_north_forest"
    },
    {
      "atUTC": "2026-10-08T01:15:44.083485+00:00",
      "elapsedNormalSeconds": 175.01,
      "phase": "dormant",
      "worldTime": 128966,
      "outcome": null,
      "resolutionSummary": null,
      "crisisEvents": [],
      "normalFresh": true,
      "controlledFixture": false,
      "capture": "post-visible-policy-turn",
      "phaseTransition": false,
      "policyTurn": 121,
      "policyChoice": "wait_one_day"
    },
    {
      "atUTC": "2026-10-08T01:15:45.689747+00:00",
      "elapsedNormalSeconds": 176.62,
      "phase": "dormant",
      "worldTime": 130406,
      "outcome": null,
      "resolutionSummary": null,
      "crisisEvents": [],
      "normalFresh": true,
      "controlledFixture": false,
      "capture": "post-visible-policy-turn",
      "phaseTransition": false,
      "policyTurn": 122,
      "policyChoice": "inspect_local_news"
    },
    {
      "atUTC": "2026-10-08T01:15:47.133211+00:00",
      "elapsedNormalSeconds": 178.06,
      "phase": "dormant",
      "worldTime": 131846,
      "outcome": null,
      "resolutionSummary": null,
      "crisisEvents": [],
      "normalFresh": true,
      "controlledFixture": false,
      "capture": "post-visible-policy-turn",
      "phaseTransition": false,
      "policyTurn": 123,
      "policyChoice": "wait_one_day"
    },
    {
      "atUTC": "2026-10-08T01:15:48.597273+00:00",
      "elapsedNormalSeconds": 179.53,
      "phase": "dormant",
      "worldTime": 131851,
      "outcome": null,
      "resolutionSummary": null,
      "crisisEvents": [],
      "normalFresh": true,
      "controlledFixture": false,
      "capture": "post-visible-policy-turn",
      "phaseTransition": false,
      "policyTurn": 124,
      "policyChoice": "move_toward_north_forest"
    },
    {
      "atUTC": "2026-10-08T01:15:50.231394+00:00",
      "elapsedNormalSeconds": 181.16,
      "phase": "dormant",
      "worldTime": 133291,
      "outcome": null,
      "resolutionSummary": null,
      "crisisEvents": [],
      "normalFresh": true,
      "controlledFixture": false,
      "capture": "post-visible-policy-turn",
      "phaseTransition": false,
      "policyTurn": 125,
      "policyChoice": "wait_one_day"
    },
    {
      "atUTC": "2026-10-08T01:15:51.639846+00:00",
      "elapsedNormalSeconds": 182.57,
      "phase": "dormant",
      "worldTime": 134731,
      "outcome": null,
      "resolutionSummary": null,
      "crisisEvents": [],
      "normalFresh": true,
      "controlledFixture": false,
      "capture": "post-visible-policy-turn",
      "phaseTransition": false,
      "policyTurn": 126,
      "policyChoice": "wait_one_day"
    },
    {
      "atUTC": "2026-10-08T01:15:53.233508+00:00",
      "elapsedNormalSeconds": 184.16,
      "phase": "dormant",
      "worldTime": 136171,
      "outcome": null,
      "resolutionSummary": null,
      "crisisEvents": [],
      "normalFresh": true,
      "controlledFixture": false,
      "capture": "post-visible-policy-turn",
      "phaseTransition": false,
      "policyTurn": 127,
      "policyChoice": "inspect_local_news"
    },
    {
      "atUTC": "2026-10-08T01:15:54.761597+00:00",
      "elapsedNormalSeconds": 185.69,
      "phase": "dormant",
      "worldTime": 136176,
      "outcome": null,
      "resolutionSummary": null,
      "crisisEvents": [],
      "normalFresh": true,
      "controlledFixture": false,
      "capture": "post-visible-policy-turn",
      "phaseTransition": false,
      "policyTurn": 128,
      "policyChoice": "move_toward_north_forest"
    },
    {
      "atUTC": "2026-10-08T01:15:56.154615+00:00",
      "elapsedNormalSeconds": 187.09,
      "phase": "dormant",
      "worldTime": 137616,
      "outcome": null,
      "resolutionSummary": null,
      "crisisEvents": [],
      "normalFresh": true,
      "controlledFixture": false,
      "capture": "post-visible-policy-turn",
      "phaseTransition": false,
      "policyTurn": 129,
      "policyChoice": "wait_one_day"
    },
    {
      "atUTC": "2026-10-08T01:15:57.604405+00:00",
      "elapsedNormalSeconds": 188.54,
      "phase": "dormant",
      "worldTime": 139056,
      "outcome": null,
      "resolutionSummary": null,
      "crisisEvents": [],
      "normalFresh": true,
      "controlledFixture": false,
      "capture": "post-visible-policy-turn",
      "phaseTransition": false,
      "policyTurn": 130,
      "policyChoice": "wait_one_day"
    },
    {
      "atUTC": "2026-10-08T01:15:59.032561+00:00",
      "elapsedNormalSeconds": 189.96,
      "phase": "dormant",
      "worldTime": 140496,
      "outcome": null,
      "resolutionSummary": null,
      "crisisEvents": [],
      "normalFresh": true,
      "controlledFixture": false,
      "capture": "post-visible-policy-turn",
      "phaseTransition": false,
      "policyTurn": 131,
      "policyChoice": "wait_one_day"
    },
    {
      "atUTC": "2026-10-08T01:16:00.527160+00:00",
      "elapsedNormalSeconds": 191.46,
      "phase": "dormant",
      "worldTime": 141936,
      "outcome": null,
      "resolutionSummary": null,
      "crisisEvents": [],
      "normalFresh": true,
      "controlledFixture": false,
      "capture": "post-visible-policy-turn",
      "phaseTransition": false,
      "policyTurn": 132,
      "policyChoice": "inspect_local_news"
    },
    {
      "atUTC": "2026-10-08T01:16:02.611622+00:00",
      "elapsedNormalSeconds": 193.54,
      "phase": "dormant",
      "worldTime": 141966,
      "outcome": null,
      "resolutionSummary": null,
      "crisisEvents": [],
      "normalFresh": true,
      "controlledFixture": false,
      "capture": "post-visible-policy-turn",
      "phaseTransition": false,
      "policyTurn": 133,
      "policyChoice": "visible_speed_x20"
    },
    {
      "atUTC": "2026-10-08T01:16:03.960077+00:00",
      "elapsedNormalSeconds": 194.89,
      "phase": "dormant",
      "worldTime": 143406,
      "outcome": null,
      "resolutionSummary": null,
      "crisisEvents": [],
      "normalFresh": true,
      "controlledFixture": false,
      "capture": "post-visible-policy-turn",
      "phaseTransition": false,
      "policyTurn": 134,
      "policyChoice": "wait_one_day"
    },
    {
      "atUTC": "2026-10-08T01:16:05.390296+00:00",
      "elapsedNormalSeconds": 196.32,
      "phase": "dormant",
      "worldTime": 144846,
      "outcome": null,
      "resolutionSummary": null,
      "crisisEvents": [],
      "normalFresh": true,
      "controlledFixture": false,
      "capture": "post-visible-policy-turn",
      "phaseTransition": false,
      "policyTurn": 135,
      "policyChoice": "wait_one_day"
    },
    {
      "atUTC": "2026-10-08T01:16:06.802714+00:00",
      "elapsedNormalSeconds": 197.73,
      "phase": "dormant",
      "worldTime": 144851,
      "outcome": null,
      "resolutionSummary": null,
      "crisisEvents": [],
      "normalFresh": true,
      "controlledFixture": false,
      "capture": "post-visible-policy-turn",
      "phaseTransition": false,
      "policyTurn": 136,
      "policyChoice": "move_toward_north_forest"
    },
    {
      "atUTC": "2026-10-08T01:16:08.308984+00:00",
      "elapsedNormalSeconds": 199.24,
      "phase": "dormant",
      "worldTime": 146291,
      "outcome": null,
      "resolutionSummary": null,
      "crisisEvents": [],
      "normalFresh": true,
      "controlledFixture": false,
      "capture": "post-visible-policy-turn",
      "phaseTransition": false,
      "policyTurn": 137,
      "policyChoice": "inspect_local_news"
    },
    {
      "atUTC": "2026-10-08T01:16:09.656131+00:00",
      "elapsedNormalSeconds": 200.59,
      "phase": "dormant",
      "worldTime": 147731,
      "outcome": null,
      "resolutionSummary": null,
      "crisisEvents": [],
      "normalFresh": true,
      "controlledFixture": false,
      "capture": "post-visible-policy-turn",
      "phaseTransition": false,
      "policyTurn": 138,
      "policyChoice": "wait_one_day"
    },
    {
      "atUTC": "2026-10-08T01:16:11.085353+00:00",
      "elapsedNormalSeconds": 202.02,
      "phase": "dormant",
      "worldTime": 149171,
      "outcome": null,
      "resolutionSummary": null,
      "crisisEvents": [],
      "normalFresh": true,
      "controlledFixture": false,
      "capture": "post-visible-policy-turn",
      "phaseTransition": false,
      "policyTurn": 139,
      "policyChoice": "wait_one_day"
    },
    {
      "atUTC": "2026-10-08T01:16:12.482774+00:00",
      "elapsedNormalSeconds": 203.41,
      "phase": "dormant",
      "worldTime": 149176,
      "outcome": null,
      "resolutionSummary": null,
      "crisisEvents": [],
      "normalFresh": true,
      "controlledFixture": false,
      "capture": "post-visible-policy-turn",
      "phaseTransition": false,
      "policyTurn": 140,
      "policyChoice": "move_toward_north_forest"
    },
    {
      "atUTC": "2026-10-08T01:16:13.863220+00:00",
      "elapsedNormalSeconds": 204.79,
      "phase": "dormant",
      "worldTime": 150616,
      "outcome": null,
      "resolutionSummary": null,
      "crisisEvents": [],
      "normalFresh": true,
      "controlledFixture": false,
      "capture": "post-visible-policy-turn",
      "phaseTransition": false,
      "policyTurn": 141,
      "policyChoice": "wait_one_day"
    },
    {
      "atUTC": "2026-10-08T01:16:15.449860+00:00",
      "elapsedNormalSeconds": 206.38,
      "phase": "dormant",
      "worldTime": 152056,
      "outcome": null,
      "resolutionSummary": null,
      "crisisEvents": [],
      "normalFresh": true,
      "controlledFixture": false,
      "capture": "post-visible-policy-turn",
      "phaseTransition": false,
      "policyTurn": 142,
      "policyChoice": "inspect_local_news"
    },
    {
      "atUTC": "2026-10-08T01:16:16.838042+00:00",
      "elapsedNormalSeconds": 207.77,
      "phase": "dormant",
      "worldTime": 153496,
      "outcome": null,
      "resolutionSummary": null,
      "crisisEvents": [],
      "normalFresh": true,
      "controlledFixture": false,
      "capture": "post-visible-policy-turn",
      "phaseTransition": false,
      "policyTurn": 143,
      "policyChoice": "wait_one_day"
    },
    {
      "atUTC": "2026-10-08T01:16:18.321728+00:00",
      "elapsedNormalSeconds": 209.25,
      "phase": "dormant",
      "worldTime": 153501,
      "outcome": null,
      "resolutionSummary": null,
      "crisisEvents": [],
      "normalFresh": true,
      "controlledFixture": false,
      "capture": "post-visible-policy-turn",
      "phaseTransition": false,
      "policyTurn": 144,
      "policyChoice": "move_toward_north_forest"
    },
    {
      "atUTC": "2026-10-08T01:16:19.742353+00:00",
      "elapsedNormalSeconds": 210.67,
      "phase": "dormant",
      "worldTime": 154941,
      "outcome": null,
      "resolutionSummary": null,
      "crisisEvents": [],
      "normalFresh": true,
      "controlledFixture": false,
      "capture": "post-visible-policy-turn",
      "phaseTransition": false,
      "policyTurn": 145,
      "policyChoice": "wait_one_day"
    },
    {
      "atUTC": "2026-10-08T01:16:21.224952+00:00",
      "elapsedNormalSeconds": 212.16,
      "phase": "dormant",
      "worldTime": 156381,
      "outcome": null,
      "resolutionSummary": null,
      "crisisEvents": [],
      "normalFresh": true,
      "controlledFixture": false,
      "capture": "post-visible-policy-turn",
      "phaseTransition": false,
      "policyTurn": 146,
      "policyChoice": "wait_one_day"
    },
    {
      "atUTC": "2026-10-08T01:16:22.752351+00:00",
      "elapsedNormalSeconds": 213.68,
      "phase": "dormant",
      "worldTime": 157821,
      "outcome": null,
      "resolutionSummary": null,
      "crisisEvents": [],
      "normalFresh": true,
      "controlledFixture": false,
      "capture": "post-visible-policy-turn",
      "phaseTransition": false,
      "policyTurn": 147,
      "policyChoice": "inspect_local_news"
    },
    {
      "atUTC": "2026-10-08T01:16:24.202246+00:00",
      "elapsedNormalSeconds": 215.13,
      "phase": "dormant",
      "worldTime": 157826,
      "outcome": null,
      "resolutionSummary": null,
      "crisisEvents": [],
      "normalFresh": true,
      "controlledFixture": false,
      "capture": "post-visible-policy-turn",
      "phaseTransition": false,
      "policyTurn": 148,
      "policyChoice": "move_toward_north_forest"
    },
    {
      "atUTC": "2026-10-08T01:16:25.624201+00:00",
      "elapsedNormalSeconds": 216.56,
      "phase": "dormant",
      "worldTime": 159266,
      "outcome": null,
      "resolutionSummary": null,
      "crisisEvents": [],
      "normalFresh": true,
      "controlledFixture": false,
      "capture": "post-visible-policy-turn",
      "phaseTransition": false,
      "policyTurn": 149,
      "policyChoice": "wait_one_day"
    },
    {
      "atUTC": "2026-10-08T01:16:27.021453+00:00",
      "elapsedNormalSeconds": 217.95,
      "phase": "dormant",
      "worldTime": 160706,
      "outcome": null,
      "resolutionSummary": null,
      "crisisEvents": [],
      "normalFresh": true,
      "controlledFixture": false,
      "capture": "post-visible-policy-turn",
      "phaseTransition": false,
      "policyTurn": 150,
      "policyChoice": "wait_one_day"
    },
    {
      "atUTC": "2026-10-08T01:16:28.450554+00:00",
      "elapsedNormalSeconds": 219.38,
      "phase": "dormant",
      "worldTime": 162146,
      "outcome": null,
      "resolutionSummary": null,
      "crisisEvents": [],
      "normalFresh": true,
      "controlledFixture": false,
      "capture": "post-visible-policy-turn",
      "phaseTransition": false,
      "policyTurn": 151,
      "policyChoice": "wait_one_day"
    },
    {
      "atUTC": "2026-10-08T01:16:29.989109+00:00",
      "elapsedNormalSeconds": 220.92,
      "phase": "dormant",
      "worldTime": 163586,
      "outcome": null,
      "resolutionSummary": null,
      "crisisEvents": [],
      "normalFresh": true,
      "controlledFixture": false,
      "capture": "post-visible-policy-turn",
      "phaseTransition": false,
      "policyTurn": 152,
      "policyChoice": "inspect_local_news"
    },
    {
      "atUTC": "2026-10-08T01:16:31.386221+00:00",
      "elapsedNormalSeconds": 222.32,
      "phase": "dormant",
      "worldTime": 165026,
      "outcome": null,
      "resolutionSummary": null,
      "crisisEvents": [],
      "normalFresh": true,
      "controlledFixture": false,
      "capture": "post-visible-policy-turn",
      "phaseTransition": false,
      "policyTurn": 153,
      "policyChoice": "wait_one_day"
    },
    {
      "atUTC": "2026-10-08T01:16:32.871370+00:00",
      "elapsedNormalSeconds": 223.8,
      "phase": "dormant",
      "worldTime": 166466,
      "outcome": null,
      "resolutionSummary": null,
      "crisisEvents": [],
      "normalFresh": true,
      "controlledFixture": false,
      "capture": "post-visible-policy-turn",
      "phaseTransition": false,
      "policyTurn": 154,
      "policyChoice": "wait_one_day"
    },
    {
      "atUTC": "2026-10-08T01:16:34.970228+00:00",
      "elapsedNormalSeconds": 225.9,
      "phase": "dormant",
      "worldTime": 166496,
      "outcome": null,
      "resolutionSummary": null,
      "crisisEvents": [],
      "normalFresh": true,
      "controlledFixture": false,
      "capture": "post-visible-policy-turn",
      "phaseTransition": false,
      "policyTurn": 155,
      "policyChoice": "visible_speed_x20"
    },
    {
      "atUTC": "2026-10-08T01:16:36.328793+00:00",
      "elapsedNormalSeconds": 227.26,
      "phase": "dormant",
      "worldTime": 166501,
      "outcome": null,
      "resolutionSummary": null,
      "crisisEvents": [],
      "normalFresh": true,
      "controlledFixture": false,
      "capture": "post-visible-policy-turn",
      "phaseTransition": false,
      "policyTurn": 156,
      "policyChoice": "move_toward_north_forest"
    },
    {
      "atUTC": "2026-10-08T01:16:37.910963+00:00",
      "elapsedNormalSeconds": 228.84,
      "phase": "dormant",
      "worldTime": 167941,
      "outcome": null,
      "resolutionSummary": null,
      "crisisEvents": [],
      "normalFresh": true,
      "controlledFixture": false,
      "capture": "post-visible-policy-turn",
      "phaseTransition": false,
      "policyTurn": 157,
      "policyChoice": "inspect_local_news"
    },
    {
      "atUTC": "2026-10-08T01:16:39.401897+00:00",
      "elapsedNormalSeconds": 230.33,
      "phase": "dormant",
      "worldTime": 169381,
      "outcome": null,
      "resolutionSummary": null,
      "crisisEvents": [],
      "normalFresh": true,
      "controlledFixture": false,
      "capture": "post-visible-policy-turn",
      "phaseTransition": false,
      "policyTurn": 158,
      "policyChoice": "wait_one_day"
    },
    {
      "atUTC": "2026-10-08T01:16:40.833792+00:00",
      "elapsedNormalSeconds": 231.76,
      "phase": "dormant",
      "worldTime": 170821,
      "outcome": null,
      "resolutionSummary": null,
      "crisisEvents": [],
      "normalFresh": true,
      "controlledFixture": false,
      "capture": "post-visible-policy-turn",
      "phaseTransition": false,
      "policyTurn": 159,
      "policyChoice": "wait_one_day"
    },
    {
      "atUTC": "2026-10-08T01:16:42.296732+00:00",
      "elapsedNormalSeconds": 233.23,
      "phase": "dormant",
      "worldTime": 170826,
      "outcome": null,
      "resolutionSummary": null,
      "crisisEvents": [],
      "normalFresh": true,
      "controlledFixture": false,
      "capture": "post-visible-policy-turn",
      "phaseTransition": false,
      "policyTurn": 160,
      "policyChoice": "move_toward_north_forest"
    },
    {
      "atUTC": "2026-10-08T01:16:43.737133+00:00",
      "elapsedNormalSeconds": 234.67,
      "phase": "dormant",
      "worldTime": 172266,
      "outcome": null,
      "resolutionSummary": null,
      "crisisEvents": [],
      "normalFresh": true,
      "controlledFixture": false,
      "capture": "post-visible-policy-turn",
      "phaseTransition": false,
      "policyTurn": 161,
      "policyChoice": "wait_one_day"
    },
    {
      "atUTC": "2026-10-08T01:16:45.353493+00:00",
      "elapsedNormalSeconds": 236.28,
      "phase": "dormant",
      "worldTime": 173706,
      "outcome": null,
      "resolutionSummary": null,
      "crisisEvents": [],
      "normalFresh": true,
      "controlledFixture": false,
      "capture": "post-visible-policy-turn",
      "phaseTransition": false,
      "policyTurn": 162,
      "policyChoice": "inspect_local_news"
    },
    {
      "atUTC": "2026-10-08T01:16:46.788877+00:00",
      "elapsedNormalSeconds": 237.72,
      "phase": "dormant",
      "worldTime": 175146,
      "outcome": null,
      "resolutionSummary": null,
      "crisisEvents": [],
      "normalFresh": true,
      "controlledFixture": false,
      "capture": "post-visible-policy-turn",
      "phaseTransition": false,
      "policyTurn": 163,
      "policyChoice": "wait_one_day"
    },
    {
      "atUTC": "2026-10-08T01:16:48.245080+00:00",
      "elapsedNormalSeconds": 239.18,
      "phase": "dormant",
      "worldTime": 175151,
      "outcome": null,
      "resolutionSummary": null,
      "crisisEvents": [],
      "normalFresh": true,
      "controlledFixture": false,
      "capture": "post-visible-policy-turn",
      "phaseTransition": false,
      "policyTurn": 164,
      "policyChoice": "move_toward_north_forest"
    },
    {
      "atUTC": "2026-10-08T01:16:49.721481+00:00",
      "elapsedNormalSeconds": 240.65,
      "phase": "dormant",
      "worldTime": 176591,
      "outcome": null,
      "resolutionSummary": null,
      "crisisEvents": [],
      "normalFresh": true,
      "controlledFixture": false,
      "capture": "post-visible-policy-turn",
      "phaseTransition": false,
      "policyTurn": 165,
      "policyChoice": "wait_one_day"
    },
    {
      "atUTC": "2026-10-08T01:16:51.798353+00:00",
      "elapsedNormalSeconds": 242.73,
      "phase": "dormant",
      "worldTime": 176621,
      "outcome": null,
      "resolutionSummary": null,
      "crisisEvents": [],
      "normalFresh": true,
      "controlledFixture": false,
      "capture": "post-visible-policy-turn",
      "phaseTransition": false,
      "policyTurn": 166,
      "policyChoice": "visible_speed_x20"
    },
    {
      "atUTC": "2026-10-08T01:16:53.372192+00:00",
      "elapsedNormalSeconds": 244.3,
      "phase": "dormant",
      "worldTime": 178061,
      "outcome": null,
      "resolutionSummary": null,
      "crisisEvents": [],
      "normalFresh": true,
      "controlledFixture": false,
      "capture": "post-visible-policy-turn",
      "phaseTransition": false,
      "policyTurn": 167,
      "policyChoice": "inspect_local_news"
    },
    {
      "atUTC": "2026-10-08T01:16:54.862936+00:00",
      "elapsedNormalSeconds": 245.79,
      "phase": "dormant",
      "worldTime": 178066,
      "outcome": null,
      "resolutionSummary": null,
      "crisisEvents": [],
      "normalFresh": true,
      "controlledFixture": false,
      "capture": "post-visible-policy-turn",
      "phaseTransition": false,
      "policyTurn": 168,
      "policyChoice": "move_toward_north_forest"
    },
    {
      "atUTC": "2026-10-08T01:16:56.293064+00:00",
      "elapsedNormalSeconds": 247.22,
      "phase": "dormant",
      "worldTime": 179506,
      "outcome": null,
      "resolutionSummary": null,
      "crisisEvents": [],
      "normalFresh": true,
      "controlledFixture": false,
      "capture": "post-visible-policy-turn",
      "phaseTransition": false,
      "policyTurn": 169,
      "policyChoice": "wait_one_day"
    },
    {
      "atUTC": "2026-10-08T01:16:57.702612+00:00",
      "elapsedNormalSeconds": 248.63,
      "phase": "dormant",
      "worldTime": 180946,
      "outcome": null,
      "resolutionSummary": null,
      "crisisEvents": [],
      "normalFresh": true,
      "controlledFixture": false,
      "capture": "post-visible-policy-turn",
      "phaseTransition": false,
      "policyTurn": 170,
      "policyChoice": "wait_one_day"
    },
    {
      "atUTC": "2026-10-08T01:16:59.216643+00:00",
      "elapsedNormalSeconds": 250.15,
      "phase": "dormant",
      "worldTime": 182386,
      "outcome": null,
      "resolutionSummary": null,
      "crisisEvents": [],
      "normalFresh": true,
      "controlledFixture": false,
      "capture": "post-visible-policy-turn",
      "phaseTransition": false,
      "policyTurn": 171,
      "policyChoice": "wait_one_day"
    },
    {
      "atUTC": "2026-10-08T01:17:00.864225+00:00",
      "elapsedNormalSeconds": 251.8,
      "phase": "dormant",
      "worldTime": 183826,
      "outcome": null,
      "resolutionSummary": null,
      "crisisEvents": [],
      "normalFresh": true,
      "controlledFixture": false,
      "capture": "post-visible-policy-turn",
      "phaseTransition": false,
      "policyTurn": 172,
      "policyChoice": "inspect_local_news"
    },
    {
      "atUTC": "2026-10-08T01:17:02.369064+00:00",
      "elapsedNormalSeconds": 253.3,
      "phase": "dormant",
      "worldTime": 185266,
      "outcome": null,
      "resolutionSummary": null,
      "crisisEvents": [],
      "normalFresh": true,
      "controlledFixture": false,
      "capture": "post-visible-policy-turn",
      "phaseTransition": false,
      "policyTurn": 173,
      "policyChoice": "wait_one_day"
    },
    {
      "atUTC": "2026-10-08T01:17:03.801526+00:00",
      "elapsedNormalSeconds": 254.73,
      "phase": "dormant",
      "worldTime": 186706,
      "outcome": null,
      "resolutionSummary": null,
      "crisisEvents": [],
      "normalFresh": true,
      "controlledFixture": false,
      "capture": "post-visible-policy-turn",
      "phaseTransition": false,
      "policyTurn": 174,
      "policyChoice": "wait_one_day"
    },
    {
      "atUTC": "2026-10-08T01:17:05.325820+00:00",
      "elapsedNormalSeconds": 256.26,
      "phase": "dormant",
      "worldTime": 188146,
      "outcome": null,
      "resolutionSummary": null,
      "crisisEvents": [],
      "normalFresh": true,
      "controlledFixture": false,
      "capture": "post-visible-policy-turn",
      "phaseTransition": false,
      "policyTurn": 175,
      "policyChoice": "wait_one_day"
    },
    {
      "atUTC": "2026-10-08T01:17:06.799870+00:00",
      "elapsedNormalSeconds": 257.73,
      "phase": "dormant",
      "worldTime": 188151,
      "outcome": null,
      "resolutionSummary": null,
      "crisisEvents": [],
      "normalFresh": true,
      "controlledFixture": false,
      "capture": "post-visible-policy-turn",
      "phaseTransition": false,
      "policyTurn": 176,
      "policyChoice": "move_toward_north_forest"
    },
    {
      "atUTC": "2026-10-08T01:17:08.380494+00:00",
      "elapsedNormalSeconds": 259.31,
      "phase": "dormant",
      "worldTime": 189591,
      "outcome": null,
      "resolutionSummary": null,
      "crisisEvents": [],
      "normalFresh": true,
      "controlledFixture": false,
      "capture": "post-visible-policy-turn",
      "phaseTransition": false,
      "policyTurn": 177,
      "policyChoice": "inspect_local_news"
    },
    {
      "atUTC": "2026-10-08T01:17:09.823570+00:00",
      "elapsedNormalSeconds": 260.75,
      "phase": "dormant",
      "worldTime": 191031,
      "outcome": null,
      "resolutionSummary": null,
      "crisisEvents": [],
      "normalFresh": true,
      "controlledFixture": false,
      "capture": "post-visible-policy-turn",
      "phaseTransition": false,
      "policyTurn": 178,
      "policyChoice": "wait_one_day"
    },
    {
      "atUTC": "2026-10-08T01:17:11.296681+00:00",
      "elapsedNormalSeconds": 262.23,
      "phase": "dormant",
      "worldTime": 192471,
      "outcome": null,
      "resolutionSummary": null,
      "crisisEvents": [],
      "normalFresh": true,
      "controlledFixture": false,
      "capture": "post-visible-policy-turn",
      "phaseTransition": false,
      "policyTurn": 179,
      "policyChoice": "wait_one_day"
    },
    {
      "atUTC": "2026-10-08T01:17:12.745574+00:00",
      "elapsedNormalSeconds": 263.68,
      "phase": "dormant",
      "worldTime": 192476,
      "outcome": null,
      "resolutionSummary": null,
      "crisisEvents": [],
      "normalFresh": true,
      "controlledFixture": false,
      "capture": "post-visible-policy-turn",
      "phaseTransition": false,
      "policyTurn": 180,
      "policyChoice": "move_toward_north_forest"
    },
    {
      "atUTC": "2026-10-08T01:17:14.214744+00:00",
      "elapsedNormalSeconds": 265.15,
      "phase": "dormant",
      "worldTime": 193916,
      "outcome": null,
      "resolutionSummary": null,
      "crisisEvents": [],
      "normalFresh": true,
      "controlledFixture": false,
      "capture": "post-visible-policy-turn",
      "phaseTransition": false,
      "policyTurn": 181,
      "policyChoice": "wait_one_day"
    },
    {
      "atUTC": "2026-10-08T01:17:15.751644+00:00",
      "elapsedNormalSeconds": 266.68,
      "phase": "dormant",
      "worldTime": 195356,
      "outcome": null,
      "resolutionSummary": null,
      "crisisEvents": [],
      "normalFresh": true,
      "controlledFixture": false,
      "capture": "post-visible-policy-turn",
      "phaseTransition": false,
      "policyTurn": 182,
      "policyChoice": "inspect_local_news"
    },
    {
      "atUTC": "2026-10-08T01:17:17.235861+00:00",
      "elapsedNormalSeconds": 268.17,
      "phase": "dormant",
      "worldTime": 196796,
      "outcome": null,
      "resolutionSummary": null,
      "crisisEvents": [],
      "normalFresh": true,
      "controlledFixture": false,
      "capture": "post-visible-policy-turn",
      "phaseTransition": false,
      "policyTurn": 183,
      "policyChoice": "wait_one_day"
    },
    {
      "atUTC": "2026-10-08T01:17:18.700848+00:00",
      "elapsedNormalSeconds": 269.63,
      "phase": "dormant",
      "worldTime": 196801,
      "outcome": null,
      "resolutionSummary": null,
      "crisisEvents": [],
      "normalFresh": true,
      "controlledFixture": false,
      "capture": "post-visible-policy-turn",
      "phaseTransition": false,
      "policyTurn": 184,
      "policyChoice": "move_toward_north_forest"
    },
    {
      "atUTC": "2026-10-08T01:17:20.194562+00:00",
      "elapsedNormalSeconds": 271.13,
      "phase": "dormant",
      "worldTime": 198241,
      "outcome": null,
      "resolutionSummary": null,
      "crisisEvents": [],
      "normalFresh": true,
      "controlledFixture": false,
      "capture": "post-visible-policy-turn",
      "phaseTransition": false,
      "policyTurn": 185,
      "policyChoice": "wait_one_day"
    },
    {
      "atUTC": "2026-10-08T01:17:21.652873+00:00",
      "elapsedNormalSeconds": 272.58,
      "phase": "dormant",
      "worldTime": 199681,
      "outcome": null,
      "resolutionSummary": null,
      "crisisEvents": [],
      "normalFresh": true,
      "controlledFixture": false,
      "capture": "post-visible-policy-turn",
      "phaseTransition": false,
      "policyTurn": 186,
      "policyChoice": "wait_one_day"
    },
    {
      "atUTC": "2026-10-08T01:17:23.277524+00:00",
      "elapsedNormalSeconds": 274.21,
      "phase": "dormant",
      "worldTime": 201121,
      "outcome": null,
      "resolutionSummary": null,
      "crisisEvents": [],
      "normalFresh": true,
      "controlledFixture": false,
      "capture": "post-visible-policy-turn",
      "phaseTransition": false,
      "policyTurn": 187,
      "policyChoice": "inspect_local_news"
    },
    {
      "atUTC": "2026-10-08T01:17:24.739790+00:00",
      "elapsedNormalSeconds": 275.67,
      "phase": "dormant",
      "worldTime": 201126,
      "outcome": null,
      "resolutionSummary": null,
      "crisisEvents": [],
      "normalFresh": true,
      "controlledFixture": false,
      "capture": "post-visible-policy-turn",
      "phaseTransition": false,
      "policyTurn": 188,
      "policyChoice": "move_toward_north_forest"
    },
    {
      "atUTC": "2026-10-08T01:17:26.222359+00:00",
      "elapsedNormalSeconds": 277.15,
      "phase": "dormant",
      "worldTime": 202566,
      "outcome": null,
      "resolutionSummary": null,
      "crisisEvents": [],
      "normalFresh": true,
      "controlledFixture": false,
      "capture": "post-visible-policy-turn",
      "phaseTransition": false,
      "policyTurn": 189,
      "policyChoice": "wait_one_day"
    },
    {
      "atUTC": "2026-10-08T01:17:27.654812+00:00",
      "elapsedNormalSeconds": 278.59,
      "phase": "dormant",
      "worldTime": 204006,
      "outcome": null,
      "resolutionSummary": null,
      "crisisEvents": [],
      "normalFresh": true,
      "controlledFixture": false,
      "capture": "post-visible-policy-turn",
      "phaseTransition": false,
      "policyTurn": 190,
      "policyChoice": "wait_one_day"
    },
    {
      "atUTC": "2026-10-08T01:17:29.116271+00:00",
      "elapsedNormalSeconds": 280.05,
      "phase": "dormant",
      "worldTime": 205446,
      "outcome": null,
      "resolutionSummary": null,
      "crisisEvents": [],
      "normalFresh": true,
      "controlledFixture": false,
      "capture": "post-visible-policy-turn",
      "phaseTransition": false,
      "policyTurn": 191,
      "policyChoice": "wait_one_day"
    },
    {
      "atUTC": "2026-10-08T01:17:30.692644+00:00",
      "elapsedNormalSeconds": 281.62,
      "phase": "dormant",
      "worldTime": 206886,
      "outcome": null,
      "resolutionSummary": null,
      "crisisEvents": [],
      "normalFresh": true,
      "controlledFixture": false,
      "capture": "post-visible-policy-turn",
      "phaseTransition": false,
      "policyTurn": 192,
      "policyChoice": "inspect_local_news"
    },
    {
      "atUTC": "2026-10-08T01:17:32.126201+00:00",
      "elapsedNormalSeconds": 283.06,
      "phase": "dormant",
      "worldTime": 208326,
      "outcome": null,
      "resolutionSummary": null,
      "crisisEvents": [],
      "normalFresh": true,
      "controlledFixture": false,
      "capture": "post-visible-policy-turn",
      "phaseTransition": false,
      "policyTurn": 193,
      "policyChoice": "wait_one_day"
    },
    {
      "atUTC": "2026-10-08T01:17:33.675387+00:00",
      "elapsedNormalSeconds": 284.61,
      "phase": "dormant",
      "worldTime": 209766,
      "outcome": null,
      "resolutionSummary": null,
      "crisisEvents": [],
      "normalFresh": true,
      "controlledFixture": false,
      "capture": "post-visible-policy-turn",
      "phaseTransition": false,
      "policyTurn": 194,
      "policyChoice": "wait_one_day"
    },
    {
      "atUTC": "2026-10-08T01:17:35.196265+00:00",
      "elapsedNormalSeconds": 286.13,
      "phase": "dormant",
      "worldTime": 211206,
      "outcome": null,
      "resolutionSummary": null,
      "crisisEvents": [],
      "normalFresh": true,
      "controlledFixture": false,
      "capture": "post-visible-policy-turn",
      "phaseTransition": false,
      "policyTurn": 195,
      "policyChoice": "wait_one_day"
    },
    {
      "atUTC": "2026-10-08T01:17:36.784592+00:00",
      "elapsedNormalSeconds": 287.72,
      "phase": "dormant",
      "worldTime": 211211,
      "outcome": null,
      "resolutionSummary": null,
      "crisisEvents": [],
      "normalFresh": true,
      "controlledFixture": false,
      "capture": "post-visible-policy-turn",
      "phaseTransition": false,
      "policyTurn": 196,
      "policyChoice": "move_toward_north_forest"
    },
    {
      "atUTC": "2026-10-08T01:17:38.320776+00:00",
      "elapsedNormalSeconds": 289.25,
      "phase": "dormant",
      "worldTime": 212651,
      "outcome": null,
      "resolutionSummary": null,
      "crisisEvents": [],
      "normalFresh": true,
      "controlledFixture": false,
      "capture": "post-visible-policy-turn",
      "phaseTransition": false,
      "policyTurn": 197,
      "policyChoice": "inspect_local_news"
    },
    {
      "atUTC": "2026-10-08T01:17:39.723046+00:00",
      "elapsedNormalSeconds": 290.65,
      "phase": "dormant",
      "worldTime": 214091,
      "outcome": null,
      "resolutionSummary": null,
      "crisisEvents": [],
      "normalFresh": true,
      "controlledFixture": false,
      "capture": "post-visible-policy-turn",
      "phaseTransition": false,
      "policyTurn": 198,
      "policyChoice": "wait_one_day"
    },
    {
      "atUTC": "2026-10-08T01:17:41.885407+00:00",
      "elapsedNormalSeconds": 292.82,
      "phase": "dormant",
      "worldTime": 214121,
      "outcome": null,
      "resolutionSummary": null,
      "crisisEvents": [],
      "normalFresh": true,
      "controlledFixture": false,
      "capture": "post-visible-policy-turn",
      "phaseTransition": false,
      "policyTurn": 199,
      "policyChoice": "visible_speed_x20"
    },
    {
      "atUTC": "2026-10-08T01:17:43.312716+00:00",
      "elapsedNormalSeconds": 294.24,
      "phase": "dormant",
      "worldTime": 214126,
      "outcome": null,
      "resolutionSummary": null,
      "crisisEvents": [],
      "normalFresh": true,
      "controlledFixture": false,
      "capture": "post-visible-policy-turn",
      "phaseTransition": false,
      "policyTurn": 200,
      "policyChoice": "move_toward_north_forest"
    },
    {
      "atUTC": "2026-10-08T01:17:44.783495+00:00",
      "elapsedNormalSeconds": 295.71,
      "phase": "dormant",
      "worldTime": 215566,
      "outcome": null,
      "resolutionSummary": null,
      "crisisEvents": [],
      "normalFresh": true,
      "controlledFixture": false,
      "capture": "post-visible-policy-turn",
      "phaseTransition": false,
      "policyTurn": 201,
      "policyChoice": "wait_one_day"
    },
    {
      "atUTC": "2026-10-08T01:17:46.315297+00:00",
      "elapsedNormalSeconds": 297.25,
      "phase": "dormant",
      "worldTime": 217006,
      "outcome": null,
      "resolutionSummary": null,
      "crisisEvents": [],
      "normalFresh": true,
      "controlledFixture": false,
      "capture": "post-visible-policy-turn",
      "phaseTransition": false,
      "policyTurn": 202,
      "policyChoice": "inspect_local_news"
    },
    {
      "atUTC": "2026-10-08T01:17:47.803568+00:00",
      "elapsedNormalSeconds": 298.73,
      "phase": "dormant",
      "worldTime": 218446,
      "outcome": null,
      "resolutionSummary": null,
      "crisisEvents": [],
      "normalFresh": true,
      "controlledFixture": false,
      "capture": "post-visible-policy-turn",
      "phaseTransition": false,
      "policyTurn": 203,
      "policyChoice": "wait_one_day"
    },
    {
      "atUTC": "2026-10-08T01:17:49.301967+00:00",
      "elapsedNormalSeconds": 300.23,
      "phase": "dormant",
      "worldTime": 218451,
      "outcome": null,
      "resolutionSummary": null,
      "crisisEvents": [],
      "normalFresh": true,
      "controlledFixture": false,
      "capture": "post-visible-policy-turn",
      "phaseTransition": false,
      "policyTurn": 204,
      "policyChoice": "move_toward_north_forest"
    },
    {
      "atUTC": "2026-10-08T01:17:51.134356+00:00",
      "elapsedNormalSeconds": 302.07,
      "phase": "dormant",
      "worldTime": 219894,
      "outcome": null,
      "resolutionSummary": null,
      "crisisEvents": [],
      "normalFresh": true,
      "controlledFixture": false,
      "capture": "post-visible-policy-turn",
      "phaseTransition": false,
      "policyTurn": 205,
      "policyChoice": "wait_one_day"
    },
    {
      "atUTC": "2026-10-08T01:17:52.603630+00:00",
      "elapsedNormalSeconds": 303.53,
      "phase": "dormant",
      "worldTime": 221336,
      "outcome": null,
      "resolutionSummary": null,
      "crisisEvents": [],
      "normalFresh": true,
      "controlledFixture": false,
      "capture": "post-visible-policy-turn",
      "phaseTransition": false,
      "policyTurn": 206,
      "policyChoice": "wait_one_day"
    },
    {
      "atUTC": "2026-10-08T01:17:54.116510+00:00",
      "elapsedNormalSeconds": 305.05,
      "phase": "dormant",
      "worldTime": 221340,
      "outcome": null,
      "resolutionSummary": null,
      "crisisEvents": [],
      "normalFresh": true,
      "controlledFixture": false,
      "capture": "post-visible-policy-turn",
      "phaseTransition": false,
      "policyTurn": 207,
      "policyChoice": "fulfill_visible_resident_request"
    },
    {
      "atUTC": "2026-10-08T01:17:55.607429+00:00",
      "elapsedNormalSeconds": 306.54,
      "phase": "dormant",
      "worldTime": 221347,
      "outcome": null,
      "resolutionSummary": null,
      "crisisEvents": [],
      "normalFresh": true,
      "controlledFixture": false,
      "capture": "post-visible-policy-turn",
      "phaseTransition": false,
      "policyTurn": 208,
      "policyChoice": "move_toward_north_forest"
    },
    {
      "atUTC": "2026-10-08T01:17:57.120641+00:00",
      "elapsedNormalSeconds": 308.05,
      "phase": "dormant",
      "worldTime": 222790,
      "outcome": null,
      "resolutionSummary": null,
      "crisisEvents": [],
      "normalFresh": true,
      "controlledFixture": false,
      "capture": "post-visible-policy-turn",
      "phaseTransition": false,
      "policyTurn": 209,
      "policyChoice": "wait_one_day"
    },
    {
      "atUTC": "2026-10-08T01:17:59.226812+00:00",
      "elapsedNormalSeconds": 310.16,
      "phase": "dormant",
      "worldTime": 222823,
      "outcome": null,
      "resolutionSummary": null,
      "crisisEvents": [],
      "normalFresh": true,
      "controlledFixture": false,
      "capture": "post-visible-policy-turn",
      "phaseTransition": false,
      "policyTurn": 210,
      "policyChoice": "visible_speed_x20"
    },
    {
      "atUTC": "2026-10-08T01:18:00.638229+00:00",
      "elapsedNormalSeconds": 311.57,
      "phase": "dormant",
      "worldTime": 224263,
      "outcome": null,
      "resolutionSummary": null,
      "crisisEvents": [],
      "normalFresh": true,
      "controlledFixture": false,
      "capture": "post-visible-policy-turn",
      "phaseTransition": false,
      "policyTurn": 211,
      "policyChoice": "wait_one_day"
    },
    {
      "atUTC": "2026-10-08T01:18:02.128450+00:00",
      "elapsedNormalSeconds": 313.06,
      "phase": "dormant",
      "worldTime": 224263,
      "outcome": null,
      "resolutionSummary": null,
      "crisisEvents": [],
      "normalFresh": true,
      "controlledFixture": false,
      "capture": "post-visible-policy-turn",
      "phaseTransition": false,
      "policyTurn": 212,
      "policyChoice": "fulfill_visible_resident_request"
    },
    {
      "atUTC": "2026-10-08T01:18:03.567540+00:00",
      "elapsedNormalSeconds": 314.5,
      "phase": "dormant",
      "worldTime": 225703,
      "outcome": null,
      "resolutionSummary": null,
      "crisisEvents": [],
      "normalFresh": true,
      "controlledFixture": false,
      "capture": "post-visible-policy-turn",
      "phaseTransition": false,
      "policyTurn": 213,
      "policyChoice": "wait_one_day"
    },
    {
      "atUTC": "2026-10-08T01:18:05.055435+00:00",
      "elapsedNormalSeconds": 315.99,
      "phase": "dormant",
      "worldTime": 227143,
      "outcome": null,
      "resolutionSummary": null,
      "crisisEvents": [],
      "normalFresh": true,
      "controlledFixture": false,
      "capture": "post-visible-policy-turn",
      "phaseTransition": false,
      "policyTurn": 214,
      "policyChoice": "wait_one_day"
    },
    {
      "atUTC": "2026-10-08T01:18:06.463364+00:00",
      "elapsedNormalSeconds": 317.39,
      "phase": "dormant",
      "worldTime": 228583,
      "outcome": null,
      "resolutionSummary": null,
      "crisisEvents": [],
      "normalFresh": true,
      "controlledFixture": false,
      "capture": "post-visible-policy-turn",
      "phaseTransition": false,
      "policyTurn": 215,
      "policyChoice": "wait_one_day"
    },
    {
      "atUTC": "2026-10-08T01:18:07.959824+00:00",
      "elapsedNormalSeconds": 318.89,
      "phase": "dormant",
      "worldTime": 228588,
      "outcome": null,
      "resolutionSummary": null,
      "crisisEvents": [],
      "normalFresh": true,
      "controlledFixture": false,
      "capture": "post-visible-policy-turn",
      "phaseTransition": false,
      "policyTurn": 216,
      "policyChoice": "move_toward_north_forest"
    },
    {
      "atUTC": "2026-10-08T01:18:09.554957+00:00",
      "elapsedNormalSeconds": 320.49,
      "phase": "dormant",
      "worldTime": 230028,
      "outcome": null,
      "resolutionSummary": null,
      "crisisEvents": [],
      "normalFresh": true,
      "controlledFixture": false,
      "capture": "post-visible-policy-turn",
      "phaseTransition": false,
      "policyTurn": 217,
      "policyChoice": "inspect_local_news"
    },
    {
      "atUTC": "2026-10-08T01:18:11.098608+00:00",
      "elapsedNormalSeconds": 322.03,
      "phase": "dormant",
      "worldTime": 231468,
      "outcome": null,
      "resolutionSummary": null,
      "crisisEvents": [],
      "normalFresh": true,
      "controlledFixture": false,
      "capture": "post-visible-policy-turn",
      "phaseTransition": false,
      "policyTurn": 218,
      "policyChoice": "wait_one_day"
    },
    {
      "atUTC": "2026-10-08T01:18:12.522151+00:00",
      "elapsedNormalSeconds": 323.45,
      "phase": "dormant",
      "worldTime": 232908,
      "outcome": null,
      "resolutionSummary": null,
      "crisisEvents": [],
      "normalFresh": true,
      "controlledFixture": false,
      "capture": "post-visible-policy-turn",
      "phaseTransition": false,
      "policyTurn": 219,
      "policyChoice": "wait_one_day"
    },
    {
      "atUTC": "2026-10-08T01:18:13.972715+00:00",
      "elapsedNormalSeconds": 324.9,
      "phase": "dormant",
      "worldTime": 232913,
      "outcome": null,
      "resolutionSummary": null,
      "crisisEvents": [],
      "normalFresh": true,
      "controlledFixture": false,
      "capture": "post-visible-policy-turn",
      "phaseTransition": false,
      "policyTurn": 220,
      "policyChoice": "move_toward_north_forest"
    },
    {
      "atUTC": "2026-10-08T01:18:16.077916+00:00",
      "elapsedNormalSeconds": 327.01,
      "phase": "dormant",
      "worldTime": 232943,
      "outcome": null,
      "resolutionSummary": null,
      "crisisEvents": [],
      "normalFresh": true,
      "controlledFixture": false,
      "capture": "post-visible-policy-turn",
      "phaseTransition": false,
      "policyTurn": 221,
      "policyChoice": "visible_speed_x20"
    },
    {
      "atUTC": "2026-10-08T01:18:17.624219+00:00",
      "elapsedNormalSeconds": 328.56,
      "phase": "dormant",
      "worldTime": 234383,
      "outcome": null,
      "resolutionSummary": null,
      "crisisEvents": [],
      "normalFresh": true,
      "controlledFixture": false,
      "capture": "post-visible-policy-turn",
      "phaseTransition": false,
      "policyTurn": 222,
      "policyChoice": "inspect_local_news"
    },
    {
      "atUTC": "2026-10-08T01:18:19.068365+00:00",
      "elapsedNormalSeconds": 330.0,
      "phase": "dormant",
      "worldTime": 235823,
      "outcome": null,
      "resolutionSummary": null,
      "crisisEvents": [],
      "normalFresh": true,
      "controlledFixture": false,
      "capture": "post-visible-policy-turn",
      "phaseTransition": false,
      "policyTurn": 223,
      "policyChoice": "wait_one_day"
    },
    {
      "atUTC": "2026-10-08T01:18:20.567832+00:00",
      "elapsedNormalSeconds": 331.5,
      "phase": "dormant",
      "worldTime": 235828,
      "outcome": null,
      "resolutionSummary": null,
      "crisisEvents": [],
      "normalFresh": true,
      "controlledFixture": false,
      "capture": "post-visible-policy-turn",
      "phaseTransition": false,
      "policyTurn": 224,
      "policyChoice": "move_toward_north_forest"
    },
    {
      "atUTC": "2026-10-08T01:18:21.971074+00:00",
      "elapsedNormalSeconds": 332.9,
      "phase": "dormant",
      "worldTime": 237268,
      "outcome": null,
      "resolutionSummary": null,
      "crisisEvents": [],
      "normalFresh": true,
      "controlledFixture": false,
      "capture": "post-visible-policy-turn",
      "phaseTransition": false,
      "policyTurn": 225,
      "policyChoice": "wait_one_day"
    },
    {
      "atUTC": "2026-10-08T01:18:23.489739+00:00",
      "elapsedNormalSeconds": 334.42,
      "phase": "dormant",
      "worldTime": 238708,
      "outcome": null,
      "resolutionSummary": null,
      "crisisEvents": [],
      "normalFresh": true,
      "controlledFixture": false,
      "capture": "post-visible-policy-turn",
      "phaseTransition": false,
      "policyTurn": 226,
      "policyChoice": "wait_one_day"
    },
    {
      "atUTC": "2026-10-08T01:18:25.198562+00:00",
      "elapsedNormalSeconds": 336.13,
      "phase": "dormant",
      "worldTime": 240148,
      "outcome": null,
      "resolutionSummary": null,
      "crisisEvents": [],
      "normalFresh": true,
      "controlledFixture": false,
      "capture": "post-visible-policy-turn",
      "phaseTransition": false,
      "policyTurn": 227,
      "policyChoice": "inspect_local_news"
    },
    {
      "atUTC": "2026-10-08T01:18:26.745097+00:00",
      "elapsedNormalSeconds": 337.68,
      "phase": "dormant",
      "worldTime": 240153,
      "outcome": null,
      "resolutionSummary": null,
      "crisisEvents": [],
      "normalFresh": true,
      "controlledFixture": false,
      "capture": "post-visible-policy-turn",
      "phaseTransition": false,
      "policyTurn": 228,
      "policyChoice": "move_toward_north_forest"
    },
    {
      "atUTC": "2026-10-08T01:18:28.290703+00:00",
      "elapsedNormalSeconds": 339.22,
      "phase": "dormant",
      "worldTime": 241593,
      "outcome": null,
      "resolutionSummary": null,
      "crisisEvents": [],
      "normalFresh": true,
      "controlledFixture": false,
      "capture": "post-visible-policy-turn",
      "phaseTransition": false,
      "policyTurn": 229,
      "policyChoice": "wait_one_day"
    },
    {
      "atUTC": "2026-10-08T01:18:29.719603+00:00",
      "elapsedNormalSeconds": 340.65,
      "phase": "dormant",
      "worldTime": 243033,
      "outcome": null,
      "resolutionSummary": null,
      "crisisEvents": [],
      "normalFresh": true,
      "controlledFixture": false,
      "capture": "post-visible-policy-turn",
      "phaseTransition": false,
      "policyTurn": 230,
      "policyChoice": "wait_one_day"
    },
    {
      "atUTC": "2026-10-08T01:18:31.175081+00:00",
      "elapsedNormalSeconds": 342.11,
      "phase": "dormant",
      "worldTime": 244473,
      "outcome": null,
      "resolutionSummary": null,
      "crisisEvents": [],
      "normalFresh": true,
      "controlledFixture": false,
      "capture": "post-visible-policy-turn",
      "phaseTransition": false,
      "policyTurn": 231,
      "policyChoice": "wait_one_day"
    },
    {
      "atUTC": "2026-10-08T01:18:32.858940+00:00",
      "elapsedNormalSeconds": 343.79,
      "phase": "dormant",
      "worldTime": 245913,
      "outcome": null,
      "resolutionSummary": null,
      "crisisEvents": [],
      "normalFresh": true,
      "controlledFixture": false,
      "capture": "post-visible-policy-turn",
      "phaseTransition": false,
      "policyTurn": 232,
      "policyChoice": "inspect_local_news"
    },
    {
      "atUTC": "2026-10-08T01:18:34.352790+00:00",
      "elapsedNormalSeconds": 345.28,
      "phase": "dormant",
      "worldTime": 247353,
      "outcome": null,
      "resolutionSummary": null,
      "crisisEvents": [],
      "normalFresh": true,
      "controlledFixture": false,
      "capture": "post-visible-policy-turn",
      "phaseTransition": false,
      "policyTurn": 233,
      "policyChoice": "wait_one_day"
    },
    {
      "atUTC": "2026-10-08T01:18:35.773346+00:00",
      "elapsedNormalSeconds": 346.7,
      "phase": "dormant",
      "worldTime": 248793,
      "outcome": null,
      "resolutionSummary": null,
      "crisisEvents": [],
      "normalFresh": true,
      "controlledFixture": false,
      "capture": "post-visible-policy-turn",
      "phaseTransition": false,
      "policyTurn": 234,
      "policyChoice": "wait_one_day"
    },
    {
      "atUTC": "2026-10-08T01:18:37.241474+00:00",
      "elapsedNormalSeconds": 348.17,
      "phase": "dormant",
      "worldTime": 250233,
      "outcome": null,
      "resolutionSummary": null,
      "crisisEvents": [],
      "normalFresh": true,
      "controlledFixture": false,
      "capture": "post-visible-policy-turn",
      "phaseTransition": false,
      "policyTurn": 235,
      "policyChoice": "wait_one_day"
    },
    {
      "atUTC": "2026-10-08T01:18:38.699169+00:00",
      "elapsedNormalSeconds": 349.63,
      "phase": "dormant",
      "worldTime": 250238,
      "outcome": null,
      "resolutionSummary": null,
      "crisisEvents": [],
      "normalFresh": true,
      "controlledFixture": false,
      "capture": "post-visible-policy-turn",
      "phaseTransition": false,
      "policyTurn": 236,
      "policyChoice": "move_toward_north_forest"
    },
    {
      "atUTC": "2026-10-08T01:18:40.318376+00:00",
      "elapsedNormalSeconds": 351.25,
      "phase": "dormant",
      "worldTime": 251678,
      "outcome": null,
      "resolutionSummary": null,
      "crisisEvents": [],
      "normalFresh": true,
      "controlledFixture": false,
      "capture": "post-visible-policy-turn",
      "phaseTransition": false,
      "policyTurn": 237,
      "policyChoice": "inspect_local_news"
    },
    {
      "atUTC": "2026-10-08T01:18:41.716877+00:00",
      "elapsedNormalSeconds": 352.65,
      "phase": "dormant",
      "worldTime": 253118,
      "outcome": null,
      "resolutionSummary": null,
      "crisisEvents": [],
      "normalFresh": true,
      "controlledFixture": false,
      "capture": "post-visible-policy-turn",
      "phaseTransition": false,
      "policyTurn": 238,
      "policyChoice": "wait_one_day"
    },
    {
      "atUTC": "2026-10-08T01:18:43.172708+00:00",
      "elapsedNormalSeconds": 354.1,
      "phase": "dormant",
      "worldTime": 254558,
      "outcome": null,
      "resolutionSummary": null,
      "crisisEvents": [],
      "normalFresh": true,
      "controlledFixture": false,
      "capture": "post-visible-policy-turn",
      "phaseTransition": false,
      "policyTurn": 239,
      "policyChoice": "wait_one_day"
    },
    {
      "atUTC": "2026-10-08T01:18:44.679765+00:00",
      "elapsedNormalSeconds": 355.61,
      "phase": "dormant",
      "worldTime": 254563,
      "outcome": null,
      "resolutionSummary": null,
      "crisisEvents": [],
      "normalFresh": true,
      "controlledFixture": false,
      "capture": "post-visible-policy-turn",
      "phaseTransition": false,
      "policyTurn": 240,
      "policyChoice": "move_toward_north_forest"
    },
    {
      "atUTC": "2026-10-08T01:18:46.142852+00:00",
      "elapsedNormalSeconds": 357.07,
      "phase": "dormant",
      "worldTime": 256003,
      "outcome": null,
      "resolutionSummary": null,
      "crisisEvents": [],
      "normalFresh": true,
      "controlledFixture": false,
      "capture": "post-visible-policy-turn",
      "phaseTransition": false,
      "policyTurn": 241,
      "policyChoice": "wait_one_day"
    },
    {
      "atUTC": "2026-10-08T01:18:47.788319+00:00",
      "elapsedNormalSeconds": 358.72,
      "phase": "dormant",
      "worldTime": 257443,
      "outcome": null,
      "resolutionSummary": null,
      "crisisEvents": [],
      "normalFresh": true,
      "controlledFixture": false,
      "capture": "post-visible-policy-turn",
      "phaseTransition": false,
      "policyTurn": 242,
      "policyChoice": "inspect_local_news"
    },
    {
      "atUTC": "2026-10-08T01:18:49.859788+00:00",
      "elapsedNormalSeconds": 360.79,
      "phase": "dormant",
      "worldTime": 257473,
      "outcome": null,
      "resolutionSummary": null,
      "crisisEvents": [],
      "normalFresh": true,
      "controlledFixture": false,
      "capture": "post-visible-policy-turn",
      "phaseTransition": false,
      "policyTurn": 243,
      "policyChoice": "visible_speed_x20"
    },
    {
      "atUTC": "2026-10-08T01:18:51.412128+00:00",
      "elapsedNormalSeconds": 362.34,
      "phase": "dormant",
      "worldTime": 257478,
      "outcome": null,
      "resolutionSummary": null,
      "crisisEvents": [],
      "normalFresh": true,
      "controlledFixture": false,
      "capture": "post-visible-policy-turn",
      "phaseTransition": false,
      "policyTurn": 244,
      "policyChoice": "move_toward_north_forest"
    },
    {
      "atUTC": "2026-10-08T01:18:52.906750+00:00",
      "elapsedNormalSeconds": 363.84,
      "phase": "dormant",
      "worldTime": 258918,
      "outcome": null,
      "resolutionSummary": null,
      "crisisEvents": [],
      "normalFresh": true,
      "controlledFixture": false,
      "capture": "post-visible-policy-turn",
      "phaseTransition": false,
      "policyTurn": 245,
      "policyChoice": "wait_one_day"
    },
    {
      "atUTC": "2026-10-08T01:18:54.429315+00:00",
      "elapsedNormalSeconds": 365.36,
      "phase": "dormant",
      "worldTime": 260358,
      "outcome": null,
      "resolutionSummary": null,
      "crisisEvents": [],
      "normalFresh": true,
      "controlledFixture": false,
      "capture": "post-visible-policy-turn",
      "phaseTransition": false,
      "policyTurn": 246,
      "policyChoice": "wait_one_day"
    },
    {
      "atUTC": "2026-10-08T01:18:56.075070+00:00",
      "elapsedNormalSeconds": 367.01,
      "phase": "dormant",
      "worldTime": 261798,
      "outcome": null,
      "resolutionSummary": null,
      "crisisEvents": [],
      "normalFresh": true,
      "controlledFixture": false,
      "capture": "post-visible-policy-turn",
      "phaseTransition": false,
      "policyTurn": 247,
      "policyChoice": "inspect_local_news"
    },
    {
      "atUTC": "2026-10-08T01:18:57.607803+00:00",
      "elapsedNormalSeconds": 368.54,
      "phase": "dormant",
      "worldTime": 261803,
      "outcome": null,
      "resolutionSummary": null,
      "crisisEvents": [],
      "normalFresh": true,
      "controlledFixture": false,
      "capture": "post-visible-policy-turn",
      "phaseTransition": false,
      "policyTurn": 248,
      "policyChoice": "move_toward_north_forest"
    },
    {
      "atUTC": "2026-10-08T01:18:59.173062+00:00",
      "elapsedNormalSeconds": 370.1,
      "phase": "dormant",
      "worldTime": 263243,
      "outcome": null,
      "resolutionSummary": null,
      "crisisEvents": [],
      "normalFresh": true,
      "controlledFixture": false,
      "capture": "post-visible-policy-turn",
      "phaseTransition": false,
      "policyTurn": 249,
      "policyChoice": "wait_one_day"
    },
    {
      "atUTC": "2026-10-08T01:19:00.688739+00:00",
      "elapsedNormalSeconds": 371.62,
      "phase": "dormant",
      "worldTime": 264683,
      "outcome": null,
      "resolutionSummary": null,
      "crisisEvents": [],
      "normalFresh": true,
      "controlledFixture": false,
      "capture": "post-visible-policy-turn",
      "phaseTransition": false,
      "policyTurn": 250,
      "policyChoice": "wait_one_day"
    },
    {
      "atUTC": "2026-10-08T01:19:02.320496+00:00",
      "elapsedNormalSeconds": 373.25,
      "phase": "dormant",
      "worldTime": 266123,
      "outcome": null,
      "resolutionSummary": null,
      "crisisEvents": [],
      "normalFresh": true,
      "controlledFixture": false,
      "capture": "post-visible-policy-turn",
      "phaseTransition": false,
      "policyTurn": 251,
      "policyChoice": "wait_one_day"
    },
    {
      "atUTC": "2026-10-08T01:19:03.984954+00:00",
      "elapsedNormalSeconds": 374.92,
      "phase": "dormant",
      "worldTime": 267563,
      "outcome": null,
      "resolutionSummary": null,
      "crisisEvents": [],
      "normalFresh": true,
      "controlledFixture": false,
      "capture": "post-visible-policy-turn",
      "phaseTransition": false,
      "policyTurn": 252,
      "policyChoice": "inspect_local_news"
    },
    {
      "atUTC": "2026-10-08T01:19:05.611822+00:00",
      "elapsedNormalSeconds": 376.54,
      "phase": "dormant",
      "worldTime": 269003,
      "outcome": null,
      "resolutionSummary": null,
      "crisisEvents": [],
      "normalFresh": true,
      "controlledFixture": false,
      "capture": "post-visible-policy-turn",
      "phaseTransition": false,
      "policyTurn": 253,
      "policyChoice": "wait_one_day"
    },
    {
      "atUTC": "2026-10-08T01:19:07.769074+00:00",
      "elapsedNormalSeconds": 378.7,
      "phase": "dormant",
      "worldTime": 269032,
      "outcome": null,
      "resolutionSummary": null,
      "crisisEvents": [],
      "normalFresh": true,
      "controlledFixture": false,
      "capture": "post-visible-policy-turn",
      "phaseTransition": false,
      "policyTurn": 254,
      "policyChoice": "visible_speed_x20"
    },
    {
      "atUTC": "2026-10-08T01:19:09.294398+00:00",
      "elapsedNormalSeconds": 380.23,
      "phase": "dormant",
      "worldTime": 270472,
      "outcome": null,
      "resolutionSummary": null,
      "crisisEvents": [],
      "normalFresh": true,
      "controlledFixture": false,
      "capture": "post-visible-policy-turn",
      "phaseTransition": false,
      "policyTurn": 255,
      "policyChoice": "wait_one_day"
    },
    {
      "atUTC": "2026-10-08T01:19:10.936311+00:00",
      "elapsedNormalSeconds": 381.87,
      "phase": "dormant",
      "worldTime": 270477,
      "outcome": null,
      "resolutionSummary": null,
      "crisisEvents": [],
      "normalFresh": true,
      "controlledFixture": false,
      "capture": "post-visible-policy-turn",
      "phaseTransition": false,
      "policyTurn": 256,
      "policyChoice": "move_toward_north_forest"
    },
    {
      "atUTC": "2026-10-08T01:19:12.593702+00:00",
      "elapsedNormalSeconds": 383.52,
      "phase": "dormant",
      "worldTime": 271917,
      "outcome": null,
      "resolutionSummary": null,
      "crisisEvents": [],
      "normalFresh": true,
      "controlledFixture": false,
      "capture": "post-visible-policy-turn",
      "phaseTransition": false,
      "policyTurn": 257,
      "policyChoice": "inspect_local_news"
    },
    {
      "atUTC": "2026-10-08T01:19:14.161390+00:00",
      "elapsedNormalSeconds": 385.09,
      "phase": "dormant",
      "worldTime": 273357,
      "outcome": null,
      "resolutionSummary": null,
      "crisisEvents": [],
      "normalFresh": true,
      "controlledFixture": false,
      "capture": "post-visible-policy-turn",
      "phaseTransition": false,
      "policyTurn": 258,
      "policyChoice": "wait_one_day"
    },
    {
      "atUTC": "2026-10-08T01:19:15.661280+00:00",
      "elapsedNormalSeconds": 386.59,
      "phase": "dormant",
      "worldTime": 274797,
      "outcome": null,
      "resolutionSummary": null,
      "crisisEvents": [],
      "normalFresh": true,
      "controlledFixture": false,
      "capture": "post-visible-policy-turn",
      "phaseTransition": false,
      "policyTurn": 259,
      "policyChoice": "wait_one_day"
    },
    {
      "atUTC": "2026-10-08T01:19:17.222045+00:00",
      "elapsedNormalSeconds": 388.15,
      "phase": "dormant",
      "worldTime": 274802,
      "outcome": null,
      "resolutionSummary": null,
      "crisisEvents": [],
      "normalFresh": true,
      "controlledFixture": false,
      "capture": "post-visible-policy-turn",
      "phaseTransition": false,
      "policyTurn": 260,
      "policyChoice": "move_toward_north_forest"
    },
    {
      "atUTC": "2026-10-08T01:19:18.773164+00:00",
      "elapsedNormalSeconds": 389.7,
      "phase": "dormant",
      "worldTime": 276242,
      "outcome": null,
      "resolutionSummary": null,
      "crisisEvents": [],
      "normalFresh": true,
      "controlledFixture": false,
      "capture": "post-visible-policy-turn",
      "phaseTransition": false,
      "policyTurn": 261,
      "policyChoice": "wait_one_day"
    },
    {
      "atUTC": "2026-10-08T01:19:20.605689+00:00",
      "elapsedNormalSeconds": 391.54,
      "phase": "dormant",
      "worldTime": 277682,
      "outcome": null,
      "resolutionSummary": null,
      "crisisEvents": [],
      "normalFresh": true,
      "controlledFixture": false,
      "capture": "post-visible-policy-turn",
      "phaseTransition": false,
      "policyTurn": 262,
      "policyChoice": "inspect_local_news"
    },
    {
      "atUTC": "2026-10-08T01:19:22.108815+00:00",
      "elapsedNormalSeconds": 393.04,
      "phase": "dormant",
      "worldTime": 279122,
      "outcome": null,
      "resolutionSummary": null,
      "crisisEvents": [],
      "normalFresh": true,
      "controlledFixture": false,
      "capture": "post-visible-policy-turn",
      "phaseTransition": false,
      "policyTurn": 263,
      "policyChoice": "wait_one_day"
    },
    {
      "atUTC": "2026-10-08T01:19:23.599583+00:00",
      "elapsedNormalSeconds": 394.53,
      "phase": "dormant",
      "worldTime": 279127,
      "outcome": null,
      "resolutionSummary": null,
      "crisisEvents": [],
      "normalFresh": true,
      "controlledFixture": false,
      "capture": "post-visible-policy-turn",
      "phaseTransition": false,
      "policyTurn": 264,
      "policyChoice": "move_toward_north_forest"
    },
    {
      "atUTC": "2026-10-08T01:19:25.696126+00:00",
      "elapsedNormalSeconds": 396.63,
      "phase": "dormant",
      "worldTime": 279156,
      "outcome": null,
      "resolutionSummary": null,
      "crisisEvents": [],
      "normalFresh": true,
      "controlledFixture": false,
      "capture": "post-visible-policy-turn",
      "phaseTransition": false,
      "policyTurn": 265,
      "policyChoice": "visible_speed_x20"
    },
    {
      "atUTC": "2026-10-08T01:19:27.224581+00:00",
      "elapsedNormalSeconds": 398.16,
      "phase": "dormant",
      "worldTime": 280596,
      "outcome": null,
      "resolutionSummary": null,
      "crisisEvents": [],
      "normalFresh": true,
      "controlledFixture": false,
      "capture": "post-visible-policy-turn",
      "phaseTransition": false,
      "policyTurn": 266,
      "policyChoice": "wait_one_day"
    },
    {
      "atUTC": "2026-10-08T01:19:28.865487+00:00",
      "elapsedNormalSeconds": 399.8,
      "phase": "dormant",
      "worldTime": 282036,
      "outcome": null,
      "resolutionSummary": null,
      "crisisEvents": [],
      "normalFresh": true,
      "controlledFixture": false,
      "capture": "post-visible-policy-turn",
      "phaseTransition": false,
      "policyTurn": 267,
      "policyChoice": "inspect_local_news"
    },
    {
      "atUTC": "2026-10-08T01:19:30.358826+00:00",
      "elapsedNormalSeconds": 401.29,
      "phase": "dormant",
      "worldTime": 282041,
      "outcome": null,
      "resolutionSummary": null,
      "crisisEvents": [],
      "normalFresh": true,
      "controlledFixture": false,
      "capture": "post-visible-policy-turn",
      "phaseTransition": false,
      "policyTurn": 268,
      "policyChoice": "move_toward_north_forest"
    },
    {
      "atUTC": "2026-10-08T01:19:31.827384+00:00",
      "elapsedNormalSeconds": 402.76,
      "phase": "dormant",
      "worldTime": 283481,
      "outcome": null,
      "resolutionSummary": null,
      "crisisEvents": [],
      "normalFresh": true,
      "controlledFixture": false,
      "capture": "post-visible-policy-turn",
      "phaseTransition": false,
      "policyTurn": 269,
      "policyChoice": "wait_one_day"
    },
    {
      "atUTC": "2026-10-08T01:19:33.331690+00:00",
      "elapsedNormalSeconds": 404.26,
      "phase": "dormant",
      "worldTime": 284921,
      "outcome": null,
      "resolutionSummary": null,
      "crisisEvents": [],
      "normalFresh": true,
      "controlledFixture": false,
      "capture": "post-visible-policy-turn",
      "phaseTransition": false,
      "policyTurn": 270,
      "policyChoice": "wait_one_day"
    },
    {
      "atUTC": "2026-10-08T01:19:34.851608+00:00",
      "elapsedNormalSeconds": 405.78,
      "phase": "dormant",
      "worldTime": 286361,
      "outcome": null,
      "resolutionSummary": null,
      "crisisEvents": [],
      "normalFresh": true,
      "controlledFixture": false,
      "capture": "post-visible-policy-turn",
      "phaseTransition": false,
      "policyTurn": 271,
      "policyChoice": "wait_one_day"
    },
    {
      "atUTC": "2026-10-08T01:19:36.537980+00:00",
      "elapsedNormalSeconds": 407.47,
      "phase": "dormant",
      "worldTime": 287801,
      "outcome": null,
      "resolutionSummary": null,
      "crisisEvents": [],
      "normalFresh": true,
      "controlledFixture": false,
      "capture": "post-visible-policy-turn",
      "phaseTransition": false,
      "policyTurn": 272,
      "policyChoice": "inspect_local_news"
    },
    {
      "atUTC": "2026-10-08T01:19:38.053673+00:00",
      "elapsedNormalSeconds": 408.98,
      "phase": "dormant",
      "worldTime": 289241,
      "outcome": null,
      "resolutionSummary": null,
      "crisisEvents": [],
      "normalFresh": true,
      "controlledFixture": false,
      "capture": "post-visible-policy-turn",
      "phaseTransition": false,
      "policyTurn": 273,
      "policyChoice": "wait_one_day"
    },
    {
      "atUTC": "2026-10-08T01:19:39.583328+00:00",
      "elapsedNormalSeconds": 410.51,
      "phase": "dormant",
      "worldTime": 290681,
      "outcome": null,
      "resolutionSummary": null,
      "crisisEvents": [],
      "normalFresh": true,
      "controlledFixture": false,
      "capture": "post-visible-policy-turn",
      "phaseTransition": false,
      "policyTurn": 274,
      "policyChoice": "wait_one_day"
    },
    {
      "atUTC": "2026-10-08T01:19:41.140907+00:00",
      "elapsedNormalSeconds": 412.07,
      "phase": "dormant",
      "worldTime": 292121,
      "outcome": null,
      "resolutionSummary": null,
      "crisisEvents": [],
      "normalFresh": true,
      "controlledFixture": false,
      "capture": "post-visible-policy-turn",
      "phaseTransition": false,
      "policyTurn": 275,
      "policyChoice": "wait_one_day"
    },
    {
      "atUTC": "2026-10-08T01:19:42.677937+00:00",
      "elapsedNormalSeconds": 413.61,
      "phase": "dormant",
      "worldTime": 292126,
      "outcome": null,
      "resolutionSummary": null,
      "crisisEvents": [],
      "normalFresh": true,
      "controlledFixture": false,
      "capture": "post-visible-policy-turn",
      "phaseTransition": false,
      "policyTurn": 276,
      "policyChoice": "move_toward_north_forest"
    },
    {
      "atUTC": "2026-10-08T01:19:44.234259+00:00",
      "elapsedNormalSeconds": 415.17,
      "phase": "dormant",
      "worldTime": 293566,
      "outcome": null,
      "resolutionSummary": null,
      "crisisEvents": [],
      "normalFresh": true,
      "controlledFixture": false,
      "capture": "post-visible-policy-turn",
      "phaseTransition": false,
      "policyTurn": 277,
      "policyChoice": "inspect_local_news"
    },
    {
      "atUTC": "2026-10-08T01:19:45.739358+00:00",
      "elapsedNormalSeconds": 416.67,
      "phase": "dormant",
      "worldTime": 295006,
      "outcome": null,
      "resolutionSummary": null,
      "crisisEvents": [],
      "normalFresh": true,
      "controlledFixture": false,
      "capture": "post-visible-policy-turn",
      "phaseTransition": false,
      "policyTurn": 278,
      "policyChoice": "wait_one_day"
    },
    {
      "atUTC": "2026-10-08T01:19:47.251520+00:00",
      "elapsedNormalSeconds": 418.18,
      "phase": "dormant",
      "worldTime": 296446,
      "outcome": null,
      "resolutionSummary": null,
      "crisisEvents": [],
      "normalFresh": true,
      "controlledFixture": false,
      "capture": "post-visible-policy-turn",
      "phaseTransition": false,
      "policyTurn": 279,
      "policyChoice": "wait_one_day"
    },
    {
      "atUTC": "2026-10-08T01:19:48.812499+00:00",
      "elapsedNormalSeconds": 419.74,
      "phase": "dormant",
      "worldTime": 296451,
      "outcome": null,
      "resolutionSummary": null,
      "crisisEvents": [],
      "normalFresh": true,
      "controlledFixture": false,
      "capture": "post-visible-policy-turn",
      "phaseTransition": false,
      "policyTurn": 280,
      "policyChoice": "move_toward_north_forest"
    },
    {
      "atUTC": "2026-10-08T01:19:50.366919+00:00",
      "elapsedNormalSeconds": 421.3,
      "phase": "warning",
      "worldTime": 297891,
      "outcome": null,
      "resolutionSummary": null,
      "crisisEvents": [
        {
          "id": 56,
          "at": 296640,
          "type": "regional-crisis.warning",
          "category": "monster",
          "message": "北方哥布林活動升高，橡谷居民開始為可能的危機做準備。",
          "tier": "major"
        }
      ],
      "normalFresh": true,
      "controlledFixture": false,
      "capture": "post-visible-policy-turn",
      "phaseTransition": true,
      "policyTurn": 281,
      "policyChoice": "wait_one_day"
    },
    {
      "atUTC": "2026-10-08T01:19:52.200571+00:00",
      "elapsedNormalSeconds": 423.13,
      "phase": "warning",
      "worldTime": 299331,
      "outcome": null,
      "resolutionSummary": null,
      "crisisEvents": [
        {
          "id": 56,
          "at": 296640,
          "type": "regional-crisis.warning",
          "category": "monster",
          "message": "北方哥布林活動升高，橡谷居民開始為可能的危機做準備。",
          "tier": "major"
        }
      ],
      "normalFresh": true,
      "controlledFixture": false,
      "capture": "post-visible-policy-turn",
      "phaseTransition": false,
      "policyTurn": 282,
      "policyChoice": "inspect_preparation"
    },
    {
      "atUTC": "2026-10-08T01:19:53.829909+00:00",
      "elapsedNormalSeconds": 424.76,
      "phase": "preparation",
      "worldTime": 300771,
      "outcome": null,
      "resolutionSummary": null,
      "crisisEvents": [
        {
          "id": 56,
          "at": 296640,
          "type": "regional-crisis.warning",
          "category": "monster",
          "message": "北方哥布林活動升高，橡谷居民開始為可能的危機做準備。",
          "tier": "major"
        }
      ],
      "normalFresh": true,
      "controlledFixture": false,
      "capture": "post-visible-policy-turn",
      "phaseTransition": true,
      "policyTurn": 283,
      "policyChoice": "inspect_preparation"
    },
    {
      "atUTC": "2026-10-08T01:19:55.621325+00:00",
      "elapsedNormalSeconds": 426.55,
      "phase": "preparation",
      "worldTime": 302211,
      "outcome": null,
      "resolutionSummary": null,
      "crisisEvents": [
        {
          "id": 56,
          "at": 296640,
          "type": "regional-crisis.warning",
          "category": "monster",
          "message": "北方哥布林活動升高，橡谷居民開始為可能的危機做準備。",
          "tier": "major"
        }
      ],
      "normalFresh": true,
      "controlledFixture": false,
      "capture": "post-visible-policy-turn",
      "phaseTransition": false,
      "policyTurn": 284,
      "policyChoice": "inspect_preparation"
    },
    {
      "atUTC": "2026-10-08T01:19:57.368923+00:00",
      "elapsedNormalSeconds": 428.3,
      "phase": "preparation",
      "worldTime": 303651,
      "outcome": null,
      "resolutionSummary": null,
      "crisisEvents": [
        {
          "id": 56,
          "at": 296640,
          "type": "regional-crisis.warning",
          "category": "monster",
          "message": "北方哥布林活動升高，橡谷居民開始為可能的危機做準備。",
          "tier": "major"
        }
      ],
      "normalFresh": true,
      "controlledFixture": false,
      "capture": "post-visible-policy-turn",
      "phaseTransition": false,
      "policyTurn": 285,
      "policyChoice": "inspect_preparation"
    },
    {
      "atUTC": "2026-10-08T01:19:59.049336+00:00",
      "elapsedNormalSeconds": 429.98,
      "phase": "preparation",
      "worldTime": 305091,
      "outcome": null,
      "resolutionSummary": null,
      "crisisEvents": [
        {
          "id": 56,
          "at": 296640,
          "type": "regional-crisis.warning",
          "category": "monster",
          "message": "北方哥布林活動升高，橡谷居民開始為可能的危機做準備。",
          "tier": "major"
        }
      ],
      "normalFresh": true,
      "controlledFixture": false,
      "capture": "post-visible-policy-turn",
      "phaseTransition": false,
      "policyTurn": 286,
      "policyChoice": "inspect_preparation"
    },
    {
      "atUTC": "2026-10-08T01:20:00.762275+00:00",
      "elapsedNormalSeconds": 431.69,
      "phase": "preparation",
      "worldTime": 306531,
      "outcome": null,
      "resolutionSummary": null,
      "crisisEvents": [
        {
          "id": 56,
          "at": 296640,
          "type": "regional-crisis.warning",
          "category": "monster",
          "message": "北方哥布林活動升高，橡谷居民開始為可能的危機做準備。",
          "tier": "major"
        }
      ],
      "normalFresh": true,
      "controlledFixture": false,
      "capture": "post-visible-policy-turn",
      "phaseTransition": false,
      "policyTurn": 287,
      "policyChoice": "inspect_preparation"
    },
    {
      "atUTC": "2026-10-08T01:20:02.381946+00:00",
      "elapsedNormalSeconds": 433.31,
      "phase": "active",
      "worldTime": 307971,
      "outcome": null,
      "resolutionSummary": null,
      "crisisEvents": [
        {
          "id": 56,
          "at": 296640,
          "type": "regional-crisis.warning",
          "category": "monster",
          "message": "北方哥布林活動升高，橡谷居民開始為可能的危機做準備。",
          "tier": "major"
        }
      ],
      "normalFresh": true,
      "controlledFixture": false,
      "capture": "post-visible-policy-turn",
      "phaseTransition": true,
      "policyTurn": 288,
      "policyChoice": "inspect_preparation"
    },
    {
      "atUTC": "2026-10-08T01:20:03.968681+00:00",
      "elapsedNormalSeconds": 434.9,
      "phase": "active",
      "worldTime": 307971,
      "outcome": null,
      "resolutionSummary": null,
      "crisisEvents": [
        {
          "id": 56,
          "at": 296640,
          "type": "regional-crisis.warning",
          "category": "monster",
          "message": "北方哥布林活動升高，橡谷居民開始為可能的危機做準備。",
          "tier": "major"
        }
      ],
      "normalFresh": true,
      "controlledFixture": false,
      "capture": "post-visible-policy-turn",
      "phaseTransition": false,
      "policyTurn": 289,
      "policyChoice": "start_visible_goblin_camp_raid"
    },
    {
      "atUTC": "2026-10-08T01:20:19.269621+00:00",
      "elapsedNormalSeconds": 450.2,
      "phase": "active",
      "worldTime": 307982,
      "outcome": null,
      "resolutionSummary": null,
      "crisisEvents": [
        {
          "id": 56,
          "at": 296640,
          "type": "regional-crisis.warning",
          "category": "monster",
          "message": "北方哥布林活動升高，橡谷居民開始為可能的危機做準備。",
          "tier": "major"
        },
        {
          "id": 66,
          "at": 307981,
          "type": "regional-crisis.contribution.major",
          "category": "settlement",
          "message": "奧登（alden）成功擊退危機營地的哥布林。",
          "tier": "major"
        }
      ],
      "normalFresh": true,
      "controlledFixture": false,
      "capture": "post-visible-policy-turn",
      "phaseTransition": false,
      "policyTurn": 300,
      "policyChoice": "combat_attack"
    },
    {
      "atUTC": "2026-10-08T01:20:20.732372+00:00",
      "elapsedNormalSeconds": 451.66,
      "phase": "active",
      "worldTime": 307982,
      "outcome": null,
      "resolutionSummary": null,
      "crisisEvents": [
        {
          "id": 56,
          "at": 296640,
          "type": "regional-crisis.warning",
          "category": "monster",
          "message": "北方哥布林活動升高，橡谷居民開始為可能的危機做準備。",
          "tier": "major"
        },
        {
          "id": 66,
          "at": 307981,
          "type": "regional-crisis.contribution.major",
          "category": "settlement",
          "message": "奧登（alden）成功擊退危機營地的哥布林。",
          "tier": "major"
        }
      ],
      "normalFresh": true,
      "controlledFixture": false,
      "capture": "post-visible-policy-turn",
      "phaseTransition": false,
      "policyTurn": 301,
      "policyChoice": "challenge_visible_goblin_chief"
    },
    {
      "atUTC": "2026-10-08T01:20:29.259392+00:00",
      "elapsedNormalSeconds": 460.19,
      "phase": "active",
      "worldTime": 307988,
      "outcome": null,
      "resolutionSummary": null,
      "crisisEvents": [
        {
          "id": 56,
          "at": 296640,
          "type": "regional-crisis.warning",
          "category": "monster",
          "message": "北方哥布林活動升高，橡谷居民開始為可能的危機做準備。",
          "tier": "major"
        },
        {
          "id": 66,
          "at": 307981,
          "type": "regional-crisis.contribution.major",
          "category": "settlement",
          "message": "奧登（alden）成功擊退危機營地的哥布林。",
          "tier": "major"
        }
      ],
      "normalFresh": true,
      "controlledFixture": false,
      "capture": "post-visible-policy-turn",
      "phaseTransition": false,
      "policyTurn": 307,
      "policyChoice": "combat_defend"
    }
  ],
  "normalLastObservedPhase": "active",
  "saveLatencySamples": {
    "writes": [
      {
        "elapsedMs": 0.7999999970197678,
        "bytes": 121670,
        "at": 1791422269572
      },
      {
        "elapsedMs": 0.6000000014901161,
        "bytes": 121897,
        "at": 1791422270031
      },
      {
        "elapsedMs": 0.20000000298023224,
        "bytes": 121670,
        "at": 1791422270039
      },
      {
        "elapsedMs": 0.30000000447034836,
        "bytes": 121897,
        "at": 1791422270530
      },
      {
        "elapsedMs": 0.29999999701976776,
        "bytes": 121670,
        "at": 1791422270540
      },
      {
        "elapsedMs": 0.5999999940395355,
        "bytes": 121903,
        "at": 1791422271011
      },
      {
        "elapsedMs": 0.29999999701976776,
        "bytes": 121676,
        "at": 1791422271025
      },
      {
        "elapsedMs": 0.19999999552965164,
        "bytes": 121903,
        "at": 1791422271028
      },
      {
        "elapsedMs": 0.3999999985098839,
        "bytes": 121676,
        "at": 1791422271066
      },
      {
        "elapsedMs": 0.19999999552965164,
        "bytes": 121903,
        "at": 1791422271529
      },
      {
        "elapsedMs": 0.29999999701976776,
        "bytes": 121676,
        "at": 1791422271540
      },
      {
        "elapsedMs": 0.3999999985098839,
        "bytes": 121903,
        "at": 1791422272029
      },
      {
        "elapsedMs": 0.4000000059604645,
        "bytes": 121676,
        "at": 1791422272036
      },
      {
        "elapsedMs": 0.3999999985098839,
        "bytes": 122456,
        "at": 1791422272510
      },
      {
        "elapsedMs": 0.4000000059604645,
        "bytes": 122684,
        "at": 1791422272547
      },
      {
        "elapsedMs": 0.20000000298023224,
        "bytes": 122307,
        "at": 1791422272556
      },
      {
        "elapsedMs": 0.19999999552965164,
        "bytes": 122080,
        "at": 1791422272560
      },
      {
        "elapsedMs": 0.3999999985098839,
        "bytes": 122307,
        "at": 1791422273029
      },
      {
        "elapsedMs": 0.3999999985098839,
        "bytes": 122080,
        "at": 1791422273037
      },
      {
        "elapsedMs": 0.20000000298023224,
        "bytes": 122307,
        "at": 1791422273529
      },
      {
        "elapsedMs": 0.3999999985098839,
        "bytes": 122080,
        "at": 1791422273539
      },
      {
        "elapsedMs": 0.6999999955296516,
        "bytes": 122383,
        "at": 1791422274030
      },
      {
        "elapsedMs": 0.3999999985098839,
        "bytes": 122156,
        "at": 1791422274072
      },
      {
        "elapsedMs": 0.20000000298023224,
        "bytes": 122383,
        "at": 1791422274529
      },
      {
        "elapsedMs": 0.3999999985098839,
        "bytes": 122156,
        "at": 1791422274538
      },
      {
        "elapsedMs": 0.5,
        "bytes": 122383,
        "at": 1791422275029
      },
      {
        "elapsedMs": 0.10000000149011612,
        "bytes": 122156,
        "at": 1791422275035
      },
      {
        "elapsedMs": 0.5,
        "bytes": 122370,
        "at": 1791422275276
      },
      {
        "elapsedMs": 0.5,
        "bytes": 122156,
        "at": 1791422275292
      },
      {
        "elapsedMs": 0.5,
        "bytes": 122383,
        "at": 1791422275547
      },
      {
        "elapsedMs": 0.5,
        "bytes": 122156,
        "at": 1791422275564
      },
      {
        "elapsedMs": 0.5,
        "bytes": 122393,
        "at": 1791422276029
      },
      {
        "elapsedMs": 0.29999999701976776,
        "bytes": 122166,
        "at": 1791422276039
      },
      {
        "elapsedMs": 0.30000000447034836,
        "bytes": 122393,
        "at": 1791422276529
      },
      {
        "elapsedMs": 0.19999999552965164,
        "bytes": 122166,
        "at": 1791422276543
      },
      {
        "elapsedMs": 1.3999999985098839,
        "bytes": 122410,
        "at": 1791422277027
      },
      {
        "elapsedMs": 2.399999998509884,
        "bytes": 122638,
        "at": 1791422277067
      },
      {
        "elapsedMs": 1.8999999985098839,
        "bytes": 122410,
        "at": 1791422277082
      },
      {
        "elapsedMs": 0.20000000298023224,
        "bytes": 122183,
        "at": 1791422277084
      },
      {
        "elapsedMs": 0.20000000298023224,
        "bytes": 122410,
        "at": 1791422277529
      },
      {
        "elapsedMs": 0.20000000298023224,
        "bytes": 122183,
        "at": 1791422277534
      },
      {
        "elapsedMs": 0.5,
        "bytes": 122410,
        "at": 1791422278029
      },
      {
        "elapsedMs": 0.19999999552965164,
        "bytes": 122183,
        "at": 1791422278037
      },
      {
        "elapsedMs": 0.6000000014901161,
        "bytes": 122183,
        "at": 1791422278276
      },
      {
        "elapsedMs": 0.30000000447034836,
        "bytes": 122410,
        "at": 1791422278329
      },
      {
        "elapsedMs": 0.20000000298023224,
        "bytes": 122183,
        "at": 1791422278335
      },
      {
        "elapsedMs": 0.19999999552965164,
        "bytes": 122410,
        "at": 1791422278429
      },
      {
        "elapsedMs": 0.10000000149011612,
        "bytes": 122183,
        "at": 1791422278437
      },
      {
        "elapsedMs": 0.20000000298023224,
        "bytes": 122415,
        "at": 1791422278529
      },
      {
        "elapsedMs": 0.10000000149011612,
        "bytes": 122188,
        "at": 1791422278541
      },
      {
        "elapsedMs": 0.20000000298023224,
        "bytes": 122415,
        "at": 1791422278629
      },
      {
        "elapsedMs": 0.3999999985098839,
        "bytes": 122188,
        "at": 1791422278640
      },
      {
        "elapsedMs": 0.20000000298023224,
        "bytes": 122416,
        "at": 1791422278729
      },
      {
        "elapsedMs": 0.20000000298023224,
        "bytes": 122189,
        "at": 1791422278737
      },
      {
        "elapsedMs": 0.4000000059604645,
        "bytes": 122416,
        "at": 1791422278829
      },
      {
        "elapsedMs": 0.19999999552965164,
        "bytes": 122189,
        "at": 1791422278839
      },
      {
        "elapsedMs": 0.30000000447034836,
        "bytes": 122416,
        "at": 1791422278932
      },
      {
        "elapsedMs": 0.10000000149011612,
        "bytes": 122189,
        "at": 1791422278948
      },
      {
        "elapsedMs": 0.19999999552965164,
        "bytes": 122416,
        "at": 1791422279015
      },
      {
        "elapsedMs": 0.10000000149011612,
        "bytes": 122416,
        "at": 1791422279017
      },
      {
        "elapsedMs": 0.10000000149011612,
        "bytes": 122189,
        "at": 1791422279027
      },
      {
        "elapsedMs": 0.5,
        "bytes": 122469,
        "at": 1791422280558
      },
      {
        "elapsedMs": 0.3999999985098839,
        "bytes": 122242,
        "at": 1791422280593
      },
      {
        "elapsedMs": 0.5999999940395355,
        "bytes": 122467,
        "at": 1791422283490
      },
      {
        "elapsedMs": 0.8000000044703484,
        "bytes": 122240,
        "at": 1791422283524
      },
      {
        "elapsedMs": 0.6000000014901161,
        "bytes": 122456,
        "at": 1791422284925
      },
      {
        "elapsedMs": 0.30000000447034836,
        "bytes": 122229,
        "at": 1791422284960
      },
      {
        "elapsedMs": 0.5,
        "bytes": 122900,
        "at": 1791422286374
      },
      {
        "elapsedMs": 0.3999999985098839,
        "bytes": 122515,
        "at": 1791422286406
      },
      {
        "elapsedMs": 0.6000000014901161,
        "bytes": 122739,
        "at": 1791422287694
      },
      {
        "elapsedMs": 0.19999999552965164,
        "bytes": 122525,
        "at": 1791422287706
      },
      {
        "elapsedMs": 0.3999999985098839,
        "bytes": 122525,
        "at": 1791422289029
      },
      {
        "elapsedMs": 0.5,
        "bytes": 122751,
        "at": 1791422289474
      },
      {
        "elapsedMs": 0.6000000014901161,
        "bytes": 122524,
        "at": 1791422289506
      },
      {
        "elapsedMs": 0.29999999701976776,
        "bytes": 123842,
        "at": 1791422291010
      },
      {
        "elapsedMs": 0.6000000014901161,
        "bytes": 123296,
        "at": 1791422291053
      },
      {
        "elapsedMs": 0.3999999985098839,
        "bytes": 123990,
        "at": 1791422292441
      },
      {
        "elapsedMs": 0.3999999985098839,
        "bytes": 123611,
        "at": 1791422292474
      },
      {
        "elapsedMs": 0.6000000014901161,
        "bytes": 123825,
        "at": 1791422293724
      },
      {
        "elapsedMs": 0.19999999552965164,
        "bytes": 123611,
        "at": 1791422293740
      },
      {
        "elapsedMs": 0.3999999985098839,
        "bytes": 123611,
        "at": 1791422295155
      },
      {
        "elapsedMs": 0.29999999701976776,
        "bytes": 123838,
        "at": 1791422295230
      },
      {
        "elapsedMs": 0.29999999701976776,
        "bytes": 123611,
        "at": 1791422295238
      },
      {
        "elapsedMs": 0.29999999701976776,
        "bytes": 123838,
        "at": 1791422295329
      },
      {
        "elapsedMs": 0.29999999701976776,
        "bytes": 123611,
        "at": 1791422295338
      },
      {
        "elapsedMs": 0.20000000298023224,
        "bytes": 123899,
        "at": 1791422295429
      },
      {
        "elapsedMs": 0.10000000149011612,
        "bytes": 123672,
        "at": 1791422295437
      },
      {
        "elapsedMs": 0.20000000298023224,
        "bytes": 123899,
        "at": 1791422295529
      },
      {
        "elapsedMs": 0.10000000149011612,
        "bytes": 123672,
        "at": 1791422295534
      },
      {
        "elapsedMs": 0.20000000298023224,
        "bytes": 123899,
        "at": 1791422295629
      },
      {
        "elapsedMs": 0.20000000298023224,
        "bytes": 123672,
        "at": 1791422295635
      },
      {
        "elapsedMs": 0.20000000298023224,
        "bytes": 123899,
        "at": 1791422295728
      },
      {
        "elapsedMs": 0.3999999985098839,
        "bytes": 123672,
        "at": 1791422295736
      },
      {
        "elapsedMs": 0.3999999985098839,
        "bytes": 123899,
        "at": 1791422295829
      },
      {
        "elapsedMs": 0.30000000447034836,
        "bytes": 123672,
        "at": 1791422295836
      },
      {
        "elapsedMs": 0.3999999985098839,
        "bytes": 123899,
        "at": 1791422295907
      },
      {
        "elapsedMs": 0.09999999403953552,
        "bytes": 123899,
        "at": 1791422295908
      },
      {
        "elapsedMs": 0.6000000014901161,
        "bytes": 123672,
        "at": 1791422295948
      },
      {
        "elapsedMs": 0.5,
        "bytes": 123899,
        "at": 1791422297541
      },
      {
        "elapsedMs": 0.3999999985098839,
        "bytes": 123672,
        "at": 1791422297581
      },
      {
        "elapsedMs": 0.4000000059604645,
        "bytes": 124326,
        "at": 1791422298941
      },
      {
        "elapsedMs": 0.29999999701976776,
        "bytes": 123961,
        "at": 1791422298973
      },
      {
        "elapsedMs": 0.5,
        "bytes": 124175,
        "at": 1791422300226
      },
      {
        "elapsedMs": 0.3999999985098839,
        "bytes": 123961,
        "at": 1791422300267
      },
      {
        "elapsedMs": 0.6000000014901161,
        "bytes": 124186,
        "at": 1791422301890
      },
      {
        "elapsedMs": 0.29999999701976776,
        "bytes": 123959,
        "at": 1791422301925
      },
      {
        "elapsedMs": 0.3999999985098839,
        "bytes": 126075,
        "at": 1791422303409
      },
      {
        "elapsedMs": 0.3999999985098839,
        "bytes": 125718,
        "at": 1791422303444
      },
      {
        "elapsedMs": 0.7000000029802322,
        "bytes": 125950,
        "at": 1791422305092
      },
      {
        "elapsedMs": 0.3999999985098839,
        "bytes": 125723,
        "at": 1791422305139
      },
      {
        "elapsedMs": 0.5,
        "bytes": 125723,
        "at": 1791422305930
      },
      {
        "elapsedMs": 0.6999999955296516,
        "bytes": 125937,
        "at": 1791422306377
      },
      {
        "elapsedMs": 0.20000000298023224,
        "bytes": 125723,
        "at": 1791422306391
      },
      {
        "elapsedMs": 0.6000000014901161,
        "bytes": 125938,
        "at": 1791422308147
      },
      {
        "elapsedMs": 0.3999999985098839,
        "bytes": 125711,
        "at": 1791422308155
      },
      {
        "elapsedMs": 0.3999999985098839,
        "bytes": 125928,
        "at": 1791422309640
      },
      {
        "elapsedMs": 0.5,
        "bytes": 125701,
        "at": 1791422309676
      },
      {
        "elapsedMs": 0.5,
        "bytes": 125927,
        "at": 1791422311092
      },
      {
        "elapsedMs": 0.5,
        "bytes": 125700,
        "at": 1791422311131
      },
      {
        "elapsedMs": 0.5,
        "bytes": 125947,
        "at": 1791422312774
      },
      {
        "elapsedMs": 0.6000000014901161,
        "bytes": 125720,
        "at": 1791422312810
      },
      {
        "elapsedMs": 0.3999999985098839,
        "bytes": 125949,
        "at": 1791422314206
      },
      {
        "elapsedMs": 0.3999999985098839,
        "bytes": 125722,
        "at": 1791422314244
      },
      {
        "elapsedMs": 0.6000000014901161,
        "bytes": 125958,
        "at": 1791422315692
      },
      {
        "elapsedMs": 0.3999999985098839,
        "bytes": 125731,
        "at": 1791422315724
      },
      {
        "elapsedMs": 0.5,
        "bytes": 125731,
        "at": 1791422316029
      },
      {
        "elapsedMs": 0.5,
        "bytes": 125956,
        "at": 1791422317156
      },
      {
        "elapsedMs": 0.3999999985098839,
        "bytes": 125729,
        "at": 1791422317186
      },
      {
        "elapsedMs": 0.5,
        "bytes": 125943,
        "at": 1791422318389
      },
      {
        "elapsedMs": 0.30000000447034836,
        "bytes": 125729,
        "at": 1791422318428
      },
      {
        "elapsedMs": 0.7000000029802322,
        "bytes": 126411,
        "at": 1791422320196
      },
      {
        "elapsedMs": 0.10000000149011612,
        "bytes": 126029,
        "at": 1791422320208
      },
      {
        "elapsedMs": 0.5,
        "bytes": 126254,
        "at": 1791422321624
      },
      {
        "elapsedMs": 0.3999999985098839,
        "bytes": 126027,
        "at": 1791422321668
      },
      {
        "elapsedMs": 0.29999999701976776,
        "bytes": 126745,
        "at": 1791422323093
      },
      {
        "elapsedMs": 0.4000000059604645,
        "bytes": 126354,
        "at": 1791422323129
      },
      {
        "elapsedMs": 0.5,
        "bytes": 126568,
        "at": 1791422324347
      },
      {
        "elapsedMs": 0.20000000298023224,
        "bytes": 126354,
        "at": 1791422324355
      },
      {
        "elapsedMs": 0.5,
        "bytes": 126354,
        "at": 1791422326029
      },
      {
        "elapsedMs": 0.20000000298023224,
        "bytes": 126582,
        "at": 1791422326057
      },
      {
        "elapsedMs": 0.5,
        "bytes": 126355,
        "at": 1791422326093
      },
      {
        "elapsedMs": 0.3999999985098839,
        "bytes": 126567,
        "at": 1791422327640
      },
      {
        "elapsedMs": 0.6999999955296516,
        "bytes": 126340,
        "at": 1791422327679
      },
      {
        "elapsedMs": 0.6000000014901161,
        "bytes": 126340,
        "at": 1791422328925
      },
      {
        "elapsedMs": 0.30000000447034836,
        "bytes": 126567,
        "at": 1791422329029
      },
      {
        "elapsedMs": 0.20000000298023224,
        "bytes": 126340,
        "at": 1791422329035
      },
      {
        "elapsedMs": 0.29999999701976776,
        "bytes": 126567,
        "at": 1791422329129
      },
      {
        "elapsedMs": 0.20000000298023224,
        "bytes": 126340,
        "at": 1791422329135
      },
      {
        "elapsedMs": 0.3999999985098839,
        "bytes": 126567,
        "at": 1791422329229
      },
      {
        "elapsedMs": 0.20000000298023224,
        "bytes": 126340,
        "at": 1791422329235
      },
      {
        "elapsedMs": 0.29999999701976776,
        "bytes": 126567,
        "at": 1791422329329
      },
      {
        "elapsedMs": 0.20000000298023224,
        "bytes": 126340,
        "at": 1791422329335
      },
      {
        "elapsedMs": 0.29999999701976776,
        "bytes": 126567,
        "at": 1791422329429
      },
      {
        "elapsedMs": 0.10000000149011612,
        "bytes": 126340,
        "at": 1791422329434
      },
      {
        "elapsedMs": 0.19999999552965164,
        "bytes": 126567,
        "at": 1791422329529
      },
      {
        "elapsedMs": 0.10000000149011612,
        "bytes": 126340,
        "at": 1791422329534
      },
      {
        "elapsedMs": 0.7999999970197678,
        "bytes": 126567,
        "at": 1791422329629
      },
      {
        "elapsedMs": 0.4000000059604645,
        "bytes": 126340,
        "at": 1791422329642
      },
      {
        "elapsedMs": 0.10000000149011612,
        "bytes": 126567,
        "at": 1791422329675
      },
      {
        "elapsedMs": 0.10000000149011612,
        "bytes": 126567,
        "at": 1791422329677
      },
      {
        "elapsedMs": 0.20000000298023224,
        "bytes": 126340,
        "at": 1791422329686
      },
      {
        "elapsedMs": 0.5,
        "bytes": 126554,
        "at": 1791422331057
      },
      {
        "elapsedMs": 0.4000000059604645,
        "bytes": 126340,
        "at": 1791422331072
      },
      {
        "elapsedMs": 0.30000000447034836,
        "bytes": 126552,
        "at": 1791422332808
      },
      {
        "elapsedMs": 0.5,
        "bytes": 126325,
        "at": 1791422332848
      },
      {
        "elapsedMs": 0.6999999955296516,
        "bytes": 130234,
        "at": 1791422334324
      },
      {
        "elapsedMs": 0.3999999985098839,
        "bytes": 129770,
        "at": 1791422334376
      },
      {
        "elapsedMs": 0.6000000014901161,
        "bytes": 130010,
        "at": 1791422335891
      },
      {
        "elapsedMs": 0.20000000298023224,
        "bytes": 129783,
        "at": 1791422335906
      },
      {
        "elapsedMs": 0.5,
        "bytes": 129997,
        "at": 1791422337240
      },
      {
        "elapsedMs": 0.6000000014901161,
        "bytes": 129783,
        "at": 1791422337286
      },
      {
        "elapsedMs": 0.6999999955296516,
        "bytes": 130009,
        "at": 1791422338942
      },
      {
        "elapsedMs": 0.20000000298023224,
        "bytes": 129782,
        "at": 1791422338955
      },
      {
        "elapsedMs": 0.3999999985098839,
        "bytes": 129782,
        "at": 1791422339730
      },
      {
        "elapsedMs": 0.5,
        "bytes": 130010,
        "at": 1791422340565
      },
      {
        "elapsedMs": 0.4000000059604645,
        "bytes": 129783,
        "at": 1791422340576
      },
      {
        "elapsedMs": 0.5,
        "bytes": 130024,
        "at": 1791422342208
      },
      {
        "elapsedMs": 0.5,
        "bytes": 129797,
        "at": 1791422342259
      },
      {
        "elapsedMs": 0.6999999955296516,
        "bytes": 130033,
        "at": 1791422343879
      },
      {
        "elapsedMs": 0.10000000149011612,
        "bytes": 129806,
        "at": 1791422343890
      },
      {
        "elapsedMs": 0.3999999985098839,
        "bytes": 130035,
        "at": 1791422345446
      },
      {
        "elapsedMs": 0.19999999552965164,
        "bytes": 129808,
        "at": 1791422345458
      },
      {
        "elapsedMs": 0.3999999985098839,
        "bytes": 129808,
        "at": 1791422346777
      },
      {
        "elapsedMs": 0.30000000447034836,
        "bytes": 130035,
        "at": 1791422346829
      },
      {
        "elapsedMs": 0.7999999970197678,
        "bytes": 129808,
        "at": 1791422346837
      },
      {
        "elapsedMs": 0.5999999940395355,
        "bytes": 130035,
        "at": 1791422346930
      },
      {
        "elapsedMs": 0.30000000447034836,
        "bytes": 129808,
        "at": 1791422346939
      },
      {
        "elapsedMs": 0.20000000298023224,
        "bytes": 130035,
        "at": 1791422347029
      },
      {
        "elapsedMs": 0.20000000298023224,
        "bytes": 129808,
        "at": 1791422347034
      },
      {
        "elapsedMs": 0.4000000059604645,
        "bytes": 130035,
        "at": 1791422347129
      },
      {
        "elapsedMs": 0.20000000298023224,
        "bytes": 129808,
        "at": 1791422347136
      },
      {
        "elapsedMs": 0.29999999701976776,
        "bytes": 130035,
        "at": 1791422347229
      },
      {
        "elapsedMs": 0.20000000298023224,
        "bytes": 129808,
        "at": 1791422347238
      },
      {
        "elapsedMs": 0.19999999552965164,
        "bytes": 130035,
        "at": 1791422347329
      },
      {
        "elapsedMs": 0.19999999552965164,
        "bytes": 129808,
        "at": 1791422347337
      },
      {
        "elapsedMs": 0.30000000447034836,
        "bytes": 130035,
        "at": 1791422347429
      },
      {
        "elapsedMs": 0.20000000298023224,
        "bytes": 129808,
        "at": 1791422347435
      },
      {
        "elapsedMs": 0.5,
        "bytes": 130035,
        "at": 1791422347507
      },
      {
        "elapsedMs": 0.20000000298023224,
        "bytes": 130035,
        "at": 1791422347510
      },
      {
        "elapsedMs": 0.30000000447034836,
        "bytes": 129808,
        "at": 1791422347519
      },
      {
        "elapsedMs": 0.5,
        "bytes": 130035,
        "at": 1791422349195
      },
      {
        "elapsedMs": 0.10000000149011612,
        "bytes": 129808,
        "at": 1791422349206
      },
      {
        "elapsedMs": 0.6999999955296516,
        "bytes": 130022,
        "at": 1791422350514
      },
      {
        "elapsedMs": 0.20000000298023224,
        "bytes": 129808,
        "at": 1791422350528
      },
      {
        "elapsedMs": 0.8999999985098839,
        "bytes": 130035,
        "at": 1791422352493
      },
      {
        "elapsedMs": 0.30000000447034836,
        "bytes": 129808,
        "at": 1791422352503
      },
      {
        "elapsedMs": 0.5,
        "bytes": 130454,
        "at": 1791422353973
      },
      {
        "elapsedMs": 2.0999999940395355,
        "bytes": 130084,
        "at": 1791422354017
      },
      {
        "elapsedMs": 0.7000000029802322,
        "bytes": 130308,
        "at": 1791422355542
      },
      {
        "elapsedMs": 0.4000000059604645,
        "bytes": 130081,
        "at": 1791422355583
      },
      {
        "elapsedMs": 0.5,
        "bytes": 130295,
        "at": 1791422356893
      },
      {
        "elapsedMs": 0.30000000447034836,
        "bytes": 130081,
        "at": 1791422356903
      },
      {
        "elapsedMs": 0.6000000014901161,
        "bytes": 130081,
        "at": 1791422357530
      },
      {
        "elapsedMs": 0.3999999985098839,
        "bytes": 130310,
        "at": 1791422358627
      },
      {
        "elapsedMs": 0.19999999552965164,
        "bytes": 130083,
        "at": 1791422358645
      },
      {
        "elapsedMs": 0.5,
        "bytes": 130323,
        "at": 1791422360510
      },
      {
        "elapsedMs": 0.20000000298023224,
        "bytes": 130096,
        "at": 1791422360516
      },
      {
        "elapsedMs": 0.6000000014901161,
        "bytes": 130322,
        "at": 1791422361958
      },
      {
        "elapsedMs": 0.3999999985098839,
        "bytes": 130095,
        "at": 1791422362001
      },
      {
        "elapsedMs": 0.6000000014901161,
        "bytes": 130309,
        "at": 1791422363276
      },
      {
        "elapsedMs": 0.20000000298023224,
        "bytes": 130095,
        "at": 1791422363294
      },
      {
        "elapsedMs": 0.3999999985098839,
        "bytes": 130095,
        "at": 1791422364737
      },
      {
        "elapsedMs": 0.29999999701976776,
        "bytes": 130322,
        "at": 1791422364829
      },
      {
        "elapsedMs": 0.29999999701976776,
        "bytes": 130095,
        "at": 1791422364835
      },
      {
        "elapsedMs": 0.3999999985098839,
        "bytes": 130322,
        "at": 1791422364930
      },
      {
        "elapsedMs": 0.3999999985098839,
        "bytes": 130095,
        "at": 1791422364936
      },
      {
        "elapsedMs": 0.19999999552965164,
        "bytes": 130322,
        "at": 1791422365029
      },
      {
        "elapsedMs": 0.20000000298023224,
        "bytes": 130095,
        "at": 1791422365035
      },
      {
        "elapsedMs": 0.29999999701976776,
        "bytes": 130322,
        "at": 1791422365129
      },
      {
        "elapsedMs": 0.29999999701976776,
        "bytes": 130095,
        "at": 1791422365134
      },
      {
        "elapsedMs": 2.2999999970197678,
        "bytes": 130322,
        "at": 1791422365231
      },
      {
        "elapsedMs": 0.20000000298023224,
        "bytes": 130095,
        "at": 1791422365236
      },
      {
        "elapsedMs": 0.19999999552965164,
        "bytes": 130322,
        "at": 1791422365329
      },
      {
        "elapsedMs": 0.20000000298023224,
        "bytes": 130095,
        "at": 1791422365335
      },
      {
        "elapsedMs": 0.30000000447034836,
        "bytes": 130322,
        "at": 1791422365429
      },
      {
        "elapsedMs": 0.5,
        "bytes": 130095,
        "at": 1791422365441
      },
      {
        "elapsedMs": 0.20000000298023224,
        "bytes": 130322,
        "at": 1791422365476
      },
      {
        "elapsedMs": 0.19999999552965164,
        "bytes": 130322,
        "at": 1791422365478
      },
      {
        "elapsedMs": 0.09999999403953552,
        "bytes": 130095,
        "at": 1791422365485
      },
      {
        "elapsedMs": 0.6000000014901161,
        "bytes": 130322,
        "at": 1791422367107
      },
      {
        "elapsedMs": 0.5,
        "bytes": 130095,
        "at": 1791422367145
      },
      {
        "elapsedMs": 0.5,
        "bytes": 132177,
        "at": 1791422368773
      },
      {
        "elapsedMs": 0.5,
        "bytes": 131820,
        "at": 1791422368815
      },
      {
        "elapsedMs": 0.7000000029802322,
        "bytes": 132034,
        "at": 1791422370041
      },
      {
        "elapsedMs": 0.7000000029802322,
        "bytes": 131820,
        "at": 1791422370081
      },
      {
        "elapsedMs": 0.5,
        "bytes": 132054,
        "at": 1791422371722
      },
      {
        "elapsedMs": 0.20000000298023224,
        "bytes": 131827,
        "at": 1791422371736
      },
      {
        "elapsedMs": 0.6000000014901161,
        "bytes": 132065,
        "at": 1791422373158
      },
      {
        "elapsedMs": 0.29999999701976776,
        "bytes": 131838,
        "at": 1791422373193
      },
      {
        "elapsedMs": 0.5,
        "bytes": 132066,
        "at": 1791422374740
      },
      {
        "elapsedMs": 0.6000000014901161,
        "bytes": 131839,
        "at": 1791422374789
      },
      {
        "elapsedMs": 0.5,
        "bytes": 131839,
        "at": 1791422375530
      },
      {
        "elapsedMs": 0.5999999940395355,
        "bytes": 132066,
        "at": 1791422376423
      },
      {
        "elapsedMs": 0.5,
        "bytes": 131839,
        "at": 1791422376476
      },
      {
        "elapsedMs": 0.5,
        "bytes": 132120,
        "at": 1791422377955
      },
      {
        "elapsedMs": 0.5,
        "bytes": 131893,
        "at": 1791422377995
      },
      {
        "elapsedMs": 0.6000000014901161,
        "bytes": 132120,
        "at": 1791422379472
      },
      {
        "elapsedMs": 0.7000000029802322,
        "bytes": 131893,
        "at": 1791422379521
      },
      {
        "elapsedMs": 0.5,
        "bytes": 132120,
        "at": 1791422380989
      },
      {
        "elapsedMs": 0.5,
        "bytes": 131893,
        "at": 1791422381031
      },
      {
        "elapsedMs": 0.5999999940395355,
        "bytes": 132107,
        "at": 1791422382305
      },
      {
        "elapsedMs": 0.29999999701976776,
        "bytes": 131893,
        "at": 1791422382346
      },
      {
        "elapsedMs": 0.3999999985098839,
        "bytes": 132120,
        "at": 1791422384122
      },
      {
        "elapsedMs": 0.5,
        "bytes": 131893,
        "at": 1791422384168
      },
      {
        "elapsedMs": 0.7000000029802322,
        "bytes": 131893,
        "at": 1791422385538
      },
      {
        "elapsedMs": 0.30000000447034836,
        "bytes": 132117,
        "at": 1791422385628
      },
      {
        "elapsedMs": 0.5,
        "bytes": 131890,
        "at": 1791422385640
      },
      {
        "elapsedMs": 0.5,
        "bytes": 132117,
        "at": 1791422387140
      },
      {
        "elapsedMs": 0.6000000014901161,
        "bytes": 131890,
        "at": 1791422387187
      },
      {
        "elapsedMs": 0.5,
        "bytes": 132104,
        "at": 1791422388423
      },
      {
        "elapsedMs": 0.5,
        "bytes": 131890,
        "at": 1791422388470
      },
      {
        "elapsedMs": 0.7999999970197678,
        "bytes": 133611,
        "at": 1791422390160
      },
      {
        "elapsedMs": 0.6000000014901161,
        "bytes": 133032,
        "at": 1791422390175
      },
      {
        "elapsedMs": 0.5999999940395355,
        "bytes": 132977,
        "at": 1791422392008
      },
      {
        "elapsedMs": 0.20000000298023224,
        "bytes": 132750,
        "at": 1791422392017
      },
      {
        "elapsedMs": 0.5,
        "bytes": 133268,
        "at": 1791422393707
      },
      {
        "elapsedMs": 0.20000000298023224,
        "bytes": 132898,
        "at": 1791422393721
      },
      {
        "elapsedMs": 0.7999999970197678,
        "bytes": 133127,
        "at": 1791422395522
      },
      {
        "elapsedMs": 0.6000000014901161,
        "bytes": 133127,
        "at": 1791422395563
      },
      {
        "elapsedMs": 0.20000000298023224,
        "bytes": 132900,
        "at": 1791422395567
      }
    ],
    "storageErrors": [],
    "unhandledRejections": []
  },
  "checkpoints": [
    {
      "atUTC": "2026-10-08T01:12:50.260144+00:00",
      "elapsedRealSeconds": 2.49,
      "reason": "agent-turn",
      "browser": {
        "utc": "2026-10-08T01:12:50.255Z",
        "url": "http://127.0.0.1:43575/",
        "viewport": {
          "width": 1280,
          "height": 900
        },
        "worldClock": "第 1 年 春 1 日\n08:29",
        "visibleText": "≈\n≈\n≈\n≈\n≈\n≈\n≈\n≈\n≈\n≈\n≈\n≈\n≈\n≈\n≈\n≈\n≈\n≈\n≈\n░\n░\n░\n░\n░\n≈\n♣\n🌲\n♣\n♣\n♣\n♣\n♣\n♣\n🌲\n♣\n♣\n♣\n│\n♣\n♣\n🌲\n♣\n▲\n░\n░\n░\n░\n░\n≈\n♣\n♣\n♣\n🌲\n♣\n♣\n♣\n♣\n♣\n♣\n🌲\n♣\n│\n♣\n♣\n♣\n♣\n▲\n░\n░\n░\n░\n░\n≈\n♣\n♣\n♣\n♣\n♣\n🌲\n♣\n🐺\n♣\n♣\n♣\n♣\n│\n♣\n♣\n♣\n♣\n▲\n░\n░\n░\n░\n░\n≈\n🌲\n♣\n♣\n♣\n🪓\n4\n♣\n♣\n🌲\n♣\n♣\n♣\n♣\n│\n♣\n🌲\n♣\n♣\n▲\n░\n░\n░\n░\n░\n≈\n♣\n♣\n🌲\n♣\n♣\n♣\n♣\n♣\n♣\n🌲\n♣\n♣\n│\n♣\n♣\n♣\n🌲\n▲\n⛏️\n4\n▲\n▲\n▲\n≈\n≈\n♣\n♣\n♣\n♣\n🌲\n♣\n♣\n🛡️\n4\n♣\n♣\n♣\n🌲\n│\n♣\n♣\n♣\n♣\n▲\n▲\n▲\n▲\n▲\n≈\n≈\n─\n─\n─\n─\n─\n─\n─\n─\n─\n─\n─\n─\n┼\n─\n─\n─\n─\n─\n─\n─\n─\n─\n≈\n≈\n·\n·\n·\n·\n·\n·\n·\n·\n·\n🏪\n雜貨店\n4\n·\n⚒️\n4\n│\n≋\n≋\n≋\n≋\n▲\n▲\n▲\n▲\n▲\n≈\n≈\n·\n·\n·\n🏠\n·\n·\n🙂\n家\n·\n·\n·\n·\n·\n│\n≋\n≋\n≋\n≋\n≋\n≋\n≋\n≋\n≋\n≈\n≈\n─\n─\n─\n─\n─\n─\n─\n─\n─\n─\n─\n─\n┼\n≋\n≋\n≋\n農田\n5\n≋\n≋\n≋\n≋\n≋\n≋\n≈\n≈\n·\n·\n·\n·\n·\n·\n🛏️\n旅店\n·\n·\n·\n⚔️\n4\n·\n│\n≋\n≋\n≋\n≋\n≋\n≋\n≋\n≋\n≋\n≈\n≈\n·\n·\n·\n·\n🏠\n·\n·\n·\n·\n·\n·\n·\n│\n≋\n≋\n≋\n≋\n≋\n≋\n≋\n≋\n≋\n≈\n≈\n·\n·\n·\n·\n·\n·\n·\n·\n·\n·\n·\n·\n│\n≋\n≋\n≋\n≋\n≋\n≋\n≋\n≋\n≋\n≈\n≈\n·\n·\n·\n·\n·\n·\n·\n·\n·\n·\n·\n·\n│\n≋\n≋\n≋\n≋\n≋\n≋\n≋\n≋\n≋\n≈\n≈\n≈\n≈\n≈\n≈\n≈\n≈\n≈\n≈\n≈\n≈\n≈\n≈\n≈\n≈\n≈\n≈\n≈\n≈\n≈\n≈\n≈\n≈\n≈\n北方森林\n橡谷 · 小聚落\n東方農田\n未知之地",
        "openDialogs": [],
        "localStorageBytes": 79961,
        "save": {
          "worldTime": 509,
          "historyCount": 1,
          "eventCount": 1,
          "journalPending": 0,
          "crisisPhase": "dormant",
          "crisisSequence": 0,
          "crisisOutcome": null,
          "crisisSummary": null,
          "crisisEvents": [],
          "storageKeyPresent": true
        },
        "indexedDB": [
          {
            "name": "oakvale-play-journal",
            "counts": {
              "records": 9
            }
          }
        ]
      },
      "cdp": {
        "Memory.getDOMCounters": {
          "documents": 2,
          "nodes": 2163,
          "jsEventListeners": 445
        },
        "Runtime.getHeapUsage": {
          "usedSize": 4245784,
          "totalSize": 14532608,
          "embedderHeapUsedSize": 6147080,
          "backingStorageSize": 2162469
        },
        "Performance.getMetrics": {
          "metrics": [
            {
              "name": "Timestamp",
              "value": 57982.069718
            },
            {
              "name": "AudioHandlers",
              "value": 0
            },
            {
              "name": "AudioWorkletProcessors",
              "value": 0
            },
            {
              "name": "Documents",
              "value": 2
            },
            {
              "name": "Frames",
              "value": 2
            },
            {
              "name": "JSEventListeners",
              "value": 445
            },
            {
              "name": "LayoutObjects",
              "value": 1339
            },
            {
              "name": "MediaKeySessions",
              "value": 0
            },
            {
              "name": "MediaKeys",
              "value": 0
            },
            {
              "name": "Nodes",
              "value": 2163
            },
            {
              "name": "Resources",
              "value": 2
            },
            {
              "name": "ContextLifecycleStateObservers",
              "value": 11
            },
            {
              "name": "V8PerContextDatas",
              "value": 2
            },
            {
              "name": "WorkerGlobalScopes",
              "value": 0
            },
            {
              "name": "UACSSResources",
              "value": 0
            },
            {
              "name": "RTCPeerConnections",
              "value": 0
            },
            {
              "name": "ResourceFetchers",
              "value": 2
            },
            {
              "name": "AdSubframes",
              "value": 0
            },
            {
              "name": "DetachedScriptStates",
              "value": 2
            },
            {
              "name": "ArrayBufferContents",
              "value": 0
            },
            {
              "name": "LayoutCount",
              "value": 18
            },
            {
              "name": "RecalcStyleCount",
              "value": 39
            },
            {
              "name": "LayoutDuration",
              "value": 0.192649
            },
            {
              "name": "RecalcStyleDuration",
              "value": 0.035705
            },
            {
              "name": "DevToolsCommandDuration",
              "value": 0.152556
            },
            {
              "name": "ScriptDuration",
              "value": 0.117535
            },
            {
              "name": "V8CompileDuration",
              "value": 0
            },
            {
              "name": "TaskDuration",
              "value": 0.700817
            },
            {
              "name": "TaskOtherDuration",
              "value": 0.202372
            },
            {
              "name": "ThreadTime",
              "value": 0.390108
            },
            {
              "name": "ProcessTime",
              "value": 0.59
            },
            {
              "name": "JSHeapUsedSize",
              "value": 4245784
            },
            {
              "name": "JSHeapTotalSize",
              "value": 14532608
            },
            {
              "name": "FirstMeaningfulPaint",
              "value": 57980.64499
            },
            {
              "name": "DomContentLoaded",
              "value": 57980.594302
            },
            {
              "name": "NavigationStart",
              "value": 57980.260867
            }
          ]
        }
      },
      "saveLatency": {
        "writes": [
          {
            "elapsedMs": 0.3999999985098839,
            "bytes": 80357,
            "at": 1791421968806
          },
          {
            "elapsedMs": 0.09999999403953552,
            "bytes": 79962,
            "at": 1791421968861
          },
          {
            "elapsedMs": 0.10000000149011612,
            "bytes": 79962,
            "at": 1791421968939
          },
          {
            "elapsedMs": 0.20000000298023224,
            "bytes": 79961,
            "at": 1791421968940
          },
          {
            "elapsedMs": 0.5,
            "bytes": 79961,
            "at": 1791421969045
          },
          {
            "elapsedMs": 0.7000000029802322,
            "bytes": 79961,
            "at": 1791421969221
          },
          {
            "elapsedMs": 0.30000000447034836,
            "bytes": 80182,
            "at": 1791421969274
          },
          {
            "elapsedMs": 0.5,
            "bytes": 79961,
            "at": 1791421969280
          },
          {
            "elapsedMs": 0.4000000059604645,
            "bytes": 80182,
            "at": 1791421969374
          },
          {
            "elapsedMs": 0.8999999985098839,
            "bytes": 79961,
            "at": 1791421969380
          },
          {
            "elapsedMs": 0.10000000149011612,
            "bytes": 80182,
            "at": 1791421969473
          },
          {
            "elapsedMs": 0.10000000149011612,
            "bytes": 79961,
            "at": 1791421969479
          },
          {
            "elapsedMs": 0.20000000298023224,
            "bytes": 80182,
            "at": 1791421969573
          },
          {
            "elapsedMs": 0.29999999701976776,
            "bytes": 79961,
            "at": 1791421969579
          },
          {
            "elapsedMs": 0.09999999403953552,
            "bytes": 80182,
            "at": 1791421969673
          },
          {
            "elapsedMs": 0.09999999403953552,
            "bytes": 79961,
            "at": 1791421969679
          },
          {
            "elapsedMs": 0.19999999552965164,
            "bytes": 80182,
            "at": 1791421969773
          },
          {
            "elapsedMs": 0.09999999403953552,
            "bytes": 79961,
            "at": 1791421969778
          },
          {
            "elapsedMs": 0,
            "bytes": 80182,
            "at": 1791421969873
          },
          {
            "elapsedMs": 0.19999999552965164,
            "bytes": 79961,
            "at": 1791421969879
          },
          {
            "elapsedMs": 0.10000000149011612,
            "bytes": 80182,
            "at": 1791421969956
          },
          {
            "elapsedMs": 0,
            "bytes": 80182,
            "at": 1791421969957
          },
          {
            "elapsedMs": 0.3999999985098839,
            "bytes": 79961,
            "at": 1791421969969
          }
        ],
        "storageErrors": [],
        "unhandledRejections": []
      },
      "pageErrors": 0,
      "consoleErrors": 0,
      "requestFailures": 0,
      "httpFailures": 0
    },
    {
      "atUTC": "2026-10-08T01:13:50.531780+00:00",
      "elapsedRealSeconds": 62.76,
      "reason": "agent-turn",
      "browser": {
        "utc": "2026-10-08T01:13:50.522Z",
        "url": "http://127.0.0.1:43575/",
        "viewport": {
          "width": 1280,
          "height": 900
        },
        "worldClock": "第 1 年 夏 3 日\n10:08",
        "visibleText": "≈\n≈\n≈\n≈\n≈\n≈\n≈\n≈\n≈\n≈\n≈\n≈\n≈\n≈\n≈\n≈\n≈\n≈\n≈\n░\n░\n░\n░\n░\n≈\n♣\n🌲\n♣\n♣\n♣\n♣\n♣\n♣\n🌲\n♣\n♣\n♣\n│\n♣\n♣\n🌲\n♣\n▲\n░\n░\n░\n░\n░\n≈\n♣\n♣\n♣\n🌲\n♣\n♣\n♣\n♣\n♣\n♣\n🌲\n♣\n│\n♣\n♣\n♣\n♣\n▲\n░\n░\n░\n░\n░\n≈\n♣\n♣\n♣\n♣\n♣\n🌲\n♣\n🐺\n♣\n♣\n♣\n♣\n│\n♣\n♣\n♣\n♣\n▲\n░\n░\n░\n░\n░\n≈\n🌲\n♣\n♣\n♣\n🪓\n5\n🙂\n♣\n🌲\n♣\n🐺\n♣\n♣\n│\n♣\n🌲\n♣\n♣\n▲\n░\n░\n░\n░\n░\n≈\n♣\n♣\n🌲\n♣\n♣\n♣\n♣\n♣\n♣\n🌲\n♣\n♣\n│\n♣\n♣\n♣\n🌲\n▲\n⛏️\n5\n▲\n▲\n▲\n≈\n≈\n♣\n♣\n♣\n♣\n🌲\n♣\n♣\n🛡️\n4\n♣\n♣\n♣\n🌲\n│\n♣\n♣\n♣\n♣\n▲\n▲\n▲\n▲\n▲\n≈\n≈\n─\n─\n─\n─\n─\n─\n─\n─\n─\n─\n─\n─\n┼\n─\n─\n─\n─\n─\n─\n─\n─\n─\n≈\n≈\n·\n·\n·\n·\n·\n·\n·\n·\n·\n🏪\n雜貨店\n3\n·\n⚒️\n4\n│\n≋\n≋\n≋\n≋\n▲\n▲\n▲\n▲\n▲\n≈\n≈\n·\n·\n·\n🏠\n·\n·\n🏠\n家\n·\n·\n·\n·\n·\n│\n≋\n≋\n≋\n≋\n≋\n≋\n≋\n≋\n≋\n≈\n≈\n─\n─\n─\n─\n─\n─\n─\n─\n─\n─\n─\n─\n┼\n≋\n≋\n≋\n農田\n5\n≋\n≋\n≋\n≋\n≋\n≋\n≈\n≈\n·\n·\n·\n·\n·\n👨‍🌾\n🛏️\n旅店\n🧺\n·\n·\n⚔️\n4\n·\n│\n≋\n≋\n≋\n≋\n≋\n≋\n≋\n≋\n≋\n≈\n≈\n·\n·\n·\n·\n🏠\n·\n·\n·\n·\n·\n·\n·\n│\n≋\n≋\n≋\n≋\n≋\n≋\n≋\n≋\n≋\n≈\n≈\n·\n·\n·\n·\n·\n·\n·\n·\n·\n·\n·\n·\n│\n≋\n≋\n≋\n≋\n≋\n≋\n≋\n≋\n≋\n≈\n≈\n·\n·\n·\n·\n·\n·\n·\n·\n·\n·\n·\n·\n│\n≋\n≋\n≋\n≋\n≋\n≋\n≋\n≋\n≋\n≈\n≈\n≈\n≈\n≈\n≈\n≈\n≈\n≈\n≈\n≈\n≈\n≈\n≈\n≈\n≈\n≈\n≈\n≈\n≈\n≈\n≈\n≈\n≈\n≈\n北方森林\n橡谷 · 小聚落\n東方農田\n未知之地",
        "openDialogs": [
          "┤ 旅人筆記 ├\n× Esc\n今天，想去哪裡？\n\n去東方農田種小麥，到森林伐木，或到礦場採石。素材可以賣給雜貨店。也可以走入迷霧山谷，探索廢棄礦坑。\n\n這裡沒有每日任務。居民、聚落與怪物會隨自己的時間繼續生活。\n\n讓時間往前走\n\n等待不會自動恢復生命與體力。田地會成熟、契約會到期，所有人也會衰老。\n\n等待 1 日\n度過一季\n度過一年\n同行者 · 0/2\n\n目前獨自旅行。村莊的酒館裡，或許有人願意同行。\n\n操作\n\nWASD／方向鍵移動 · Enter 互動 · Esc 選單\nC 角色 · I 物品 · L 日誌 · M 地圖\n\n開啟視窗後世界時間仍會前進，可隨時用視窗底部按鈕暫停。\n\n時間繼續前進。聚落與森林都有自己的生活。\n×\n第 1 年 夏 3 日 10:08 · 生命 100 · 體力 84 · 45 金\n繼續時間"
        ],
        "localStorageBytes": 88132,
        "save": {
          "worldTime": 46688,
          "historyCount": 4,
          "eventCount": 10,
          "journalPending": 0,
          "crisisPhase": "dormant",
          "crisisSequence": 0,
          "crisisOutcome": null,
          "crisisSummary": null,
          "crisisEvents": [],
          "storageKeyPresent": true
        },
        "indexedDB": [
          {
            "name": "oakvale-play-journal",
            "counts": {
              "records": 66
            }
          }
        ]
      },
      "cdp": {
        "Memory.getDOMCounters": {
          "documents": 2,
          "nodes": 2389,
          "jsEventListeners": 473
        },
        "Runtime.getHeapUsage": {
          "usedSize": 16786644,
          "totalSize": 40402944,
          "embedderHeapUsedSize": 6622680,
          "backingStorageSize": 678010
        },
        "Performance.getMetrics": {
          "metrics": [
            {
              "name": "Timestamp",
              "value": 58042.336463
            },
            {
              "name": "AudioHandlers",
              "value": 0
            },
            {
              "name": "AudioWorkletProcessors",
              "value": 0
            },
            {
              "name": "Documents",
              "value": 2
            },
            {
              "name": "Frames",
              "value": 1
            },
            {
              "name": "JSEventListeners",
              "value": 473
            },
            {
              "name": "LayoutObjects",
              "value": 1544
            },
            {
              "name": "MediaKeySessions",
              "value": 0
            },
            {
              "name": "MediaKeys",
              "value": 0
            },
            {
              "name": "Nodes",
              "value": 2389
            },
            {
              "name": "Resources",
              "value": 2
            },
            {
              "name": "ContextLifecycleStateObservers",
              "value": 9
            },
            {
              "name": "V8PerContextDatas",
              "value": 2
            },
            {
              "name": "WorkerGlobalScopes",
              "value": 0
            },
            {
              "name": "UACSSResources",
              "value": 0
            },
            {
              "name": "RTCPeerConnections",
              "value": 0
            },
            {
              "name": "ResourceFetchers",
              "value": 2
            },
            {
              "name": "AdSubframes",
              "value": 0
            },
            {
              "name": "DetachedScriptStates",
              "value": 0
            },
            {
              "name": "ArrayBufferContents",
              "value": 2
            },
            {
              "name": "LayoutCount",
              "value": 279
            },
            {
              "name": "RecalcStyleCount",
              "value": 906
            },
            {
              "name": "LayoutDuration",
              "value": 0.346888
            },
            {
              "name": "RecalcStyleDuration",
              "value": 0.57465
            },
            {
              "name": "DevToolsCommandDuration",
              "value": 3.846298
            },
            {
              "name": "ScriptDuration",
              "value": 0.403989
            },
            {
              "name": "V8CompileDuration",
              "value": 0
            },
            {
              "name": "TaskDuration",
              "value": 6.957488
            },
            {
              "name": "TaskOtherDuration",
              "value": 1.785663
            },
            {
              "name": "ThreadTime",
              "value": 6.366435
            },
            {
              "name": "ProcessTime",
              "value": 7.78
            },
            {
              "name": "JSHeapUsedSize",
              "value": 16786644
            },
            {
              "name": "JSHeapTotalSize",
              "value": 40402944
            },
            {
              "name": "FirstMeaningfulPaint",
              "value": 57980.64499
            },
            {
              "name": "DomContentLoaded",
              "value": 57980.594302
            },
            {
              "name": "NavigationStart",
              "value": 57980.260867
            }
          ]
        }
      },
      "saveLatency": {
        "writes": [
          {
            "elapsedMs": 0.3999999985098839,
            "bytes": 80357,
            "at": 1791421968806
          },
          {
            "elapsedMs": 0.09999999403953552,
            "bytes": 79962,
            "at": 1791421968861
          },
          {
            "elapsedMs": 0.10000000149011612,
            "bytes": 79962,
            "at": 1791421968939
          },
          {
            "elapsedMs": 0.20000000298023224,
            "bytes": 79961,
            "at": 1791421968940
          },
          {
            "elapsedMs": 0.5,
            "bytes": 79961,
            "at": 1791421969045
          },
          {
            "elapsedMs": 0.7000000029802322,
            "bytes": 79961,
            "at": 1791421969221
          },
          {
            "elapsedMs": 0.30000000447034836,
            "bytes": 80182,
            "at": 1791421969274
          },
          {
            "elapsedMs": 0.5,
            "bytes": 79961,
            "at": 1791421969280
          },
          {
            "elapsedMs": 0.4000000059604645,
            "bytes": 80182,
            "at": 1791421969374
          },
          {
            "elapsedMs": 0.8999999985098839,
            "bytes": 79961,
            "at": 1791421969380
          },
          {
            "elapsedMs": 0.10000000149011612,
            "bytes": 80182,
            "at": 1791421969473
          },
          {
            "elapsedMs": 0.10000000149011612,
            "bytes": 79961,
            "at": 1791421969479
          },
          {
            "elapsedMs": 0.20000000298023224,
            "bytes": 80182,
            "at": 1791421969573
          },
          {
            "elapsedMs": 0.29999999701976776,
            "bytes": 79961,
            "at": 1791421969579
          },
          {
            "elapsedMs": 0.09999999403953552,
            "bytes": 80182,
            "at": 1791421969673
          },
          {
            "elapsedMs": 0.09999999403953552,
            "bytes": 79961,
            "at": 1791421969679
          },
          {
            "elapsedMs": 0.19999999552965164,
            "bytes": 80182,
            "at": 1791421969773
          },
          {
            "elapsedMs": 0.09999999403953552,
            "bytes": 79961,
            "at": 1791421969778
          },
          {
            "elapsedMs": 0,
            "bytes": 80182,
            "at": 1791421969873
          },
          {
            "elapsedMs": 0.19999999552965164,
            "bytes": 79961,
            "at": 1791421969879
          },
          {
            "elapsedMs": 0.10000000149011612,
            "bytes": 80182,
            "at": 1791421969956
          },
          {
            "elapsedMs": 0,
            "bytes": 80182,
            "at": 1791421969957
          },
          {
            "elapsedMs": 0.3999999985098839,
            "bytes": 79961,
            "at": 1791421969969
          },
          {
            "elapsedMs": 0.3999999985098839,
            "bytes": 83757,
            "at": 1791421971660
          },
          {
            "elapsedMs": 0.19999999552965164,
            "bytes": 82810,
            "at": 1791421971670
          },
          {
            "elapsedMs": 0.3999999985098839,
            "bytes": 83032,
            "at": 1791421973005
          },
          {
            "elapsedMs": 0.20000000298023224,
            "bytes": 82809,
            "at": 1791421973017
          },
          {
            "elapsedMs": 0.29999999701976776,
            "bytes": 83020,
            "at": 1791421974259
          },
          {
            "elapsedMs": 0.5,
            "bytes": 82810,
            "at": 1791421974296
          },
          {
            "elapsedMs": 0.19999999552965164,
            "bytes": 83085,
            "at": 1791421975774
          },
          {
            "elapsedMs": 0.19999999552965164,
            "bytes": 82862,
            "at": 1791421975800
          },
          {
            "elapsedMs": 0.20000000298023224,
            "bytes": 83067,
            "at": 1791421977123
          },
          {
            "elapsedMs": 0.30000000447034836,
            "bytes": 82844,
            "at": 1791421977161
          },
          {
            "elapsedMs": 0.4000000059604645,
            "bytes": 83122,
            "at": 1791421978662
          },
          {
            "elapsedMs": 0.10000000149011612,
            "bytes": 82899,
            "at": 1791421978670
          },
          {
            "elapsedMs": 0.29999999701976776,
            "bytes": 83109,
            "at": 1791421979854
          },
          {
            "elapsedMs": 0.30000000447034836,
            "bytes": 82899,
            "at": 1791421979894
          },
          {
            "elapsedMs": 0.30000000447034836,
            "bytes": 82899,
            "at": 1791421979974
          },
          {
            "elapsedMs": 0.19999999552965164,
            "bytes": 83123,
            "at": 1791421981386
          },
          {
            "elapsedMs": 0.4000000059604645,
            "bytes": 82900,
            "at": 1791421981422
          },
          {
            "elapsedMs": 0.29999999701976776,
            "bytes": 83128,
            "at": 1791421982760
          },
          {
            "elapsedMs": 0.10000000149011612,
            "bytes": 82904,
            "at": 1791421982768
          },
          {
            "elapsedMs": 0.3999999985098839,
            "bytes": 83123,
            "at": 1791421984156
          },
          {
            "elapsedMs": 0.3999999985098839,
            "bytes": 82898,
            "at": 1791421984171
          },
          {
            "elapsedMs": 0.29999999701976776,
            "bytes": 83152,
            "at": 1791421985672
          },
          {
            "elapsedMs": 0.29999999701976776,
            "bytes": 82927,
            "at": 1791421985709
          },
          {
            "elapsedMs": 0.6000000014901161,
            "bytes": 83129,
            "at": 1791421987054
          },
          {
            "elapsedMs": 0.19999999552965164,
            "bytes": 82904,
            "at": 1791421987083
          },
          {
            "elapsedMs": 0.7999999970197678,
            "bytes": 83127,
            "at": 1791421988440
          },
          {
            "elapsedMs": 0.20000000298023224,
            "bytes": 82902,
            "at": 1791421988469
          },
          {
            "elapsedMs": 0.6000000014901161,
            "bytes": 83110,
            "at": 1791421989900
          },
          {
            "elapsedMs": 0.19999999552965164,
            "bytes": 82885,
            "at": 1791421989912
          },
          {
            "elapsedMs": 0.29999999701976776,
            "bytes": 82885,
            "at": 1791421989976
          },
          {
            "elapsedMs": 0.29999999701976776,
            "bytes": 83097,
            "at": 1791421991153
          },
          {
            "elapsedMs": 0.30000000447034836,
            "bytes": 82885,
            "at": 1791421991196
          },
          {
            "elapsedMs": 0.20000000298023224,
            "bytes": 83122,
            "at": 1791421992821
          },
          {
            "elapsedMs": 0.20000000298023224,
            "bytes": 82897,
            "at": 1791421992852
          },
          {
            "elapsedMs": 0.20000000298023224,
            "bytes": 83146,
            "at": 1791421994220
          },
          {
            "elapsedMs": 0.30000000447034836,
            "bytes": 82921,
            "at": 1791421994263
          },
          {
            "elapsedMs": 0.6000000014901161,
            "bytes": 85042,
            "at": 1791421995591
          },
          {
            "elapsedMs": 0.29999999701976776,
            "bytes": 84686,
            "at": 1791421995602
          },
          {
            "elapsedMs": 1.3000000044703484,
            "bytes": 84898,
            "at": 1791421996857
          },
          {
            "elapsedMs": 0.5,
            "bytes": 84686,
            "at": 1791421996872
          },
          {
            "elapsedMs": 0.3999999985098839,
            "bytes": 84914,
            "at": 1791421998321
          },
          {
            "elapsedMs": 0.6000000014901161,
            "bytes": 84689,
            "at": 1791421998352
          },
          {
            "elapsedMs": 0.5,
            "bytes": 84891,
            "at": 1791421999837
          },
          {
            "elapsedMs": 0.3999999985098839,
            "bytes": 84666,
            "at": 1791421999868
          },
          {
            "elapsedMs": 0.5,
            "bytes": 84666,
            "at": 1791422000074
          },
          {
            "elapsedMs": 0.6999999955296516,
            "bytes": 84666,
            "at": 1791422001039
          },
          {
            "elapsedMs": 0.8999999985098839,
            "bytes": 84891,
            "at": 1791422001074
          },
          {
            "elapsedMs": 0.3999999985098839,
            "bytes": 84666,
            "at": 1791422001081
          },
          {
            "elapsedMs": 0.19999999552965164,
            "bytes": 84891,
            "at": 1791422001174
          },
          {
            "elapsedMs": 0.3999999985098839,
            "bytes": 84666,
            "at": 1791422001180
          },
          {
            "elapsedMs": 0.20000000298023224,
            "bytes": 84891,
            "at": 1791422001274
          },
          {
            "elapsedMs": 0.20000000298023224,
            "bytes": 84666,
            "at": 1791422001280
          },
          {
            "elapsedMs": 0.30000000447034836,
            "bytes": 84891,
            "at": 1791422001374
          },
          {
            "elapsedMs": 0.19999999552965164,
            "bytes": 84666,
            "at": 1791422001380
          },
          {
            "elapsedMs": 0.19999999552965164,
            "bytes": 84891,
            "at": 1791422001474
          },
          {
            "elapsedMs": 0.10000000149011612,
            "bytes": 84666,
            "at": 1791422001479
          },
          {
            "elapsedMs": 0.29999999701976776,
            "bytes": 84891,
            "at": 1791422001574
          },
          {
            "elapsedMs": 0.3999999985098839,
            "bytes": 84666,
            "at": 1791422001580
          },
          {
            "elapsedMs": 0.20000000298023224,
            "bytes": 84891,
            "at": 1791422001674
          },
          {
            "elapsedMs": 0.29999999701976776,
            "bytes": 84666,
            "at": 1791422001680
          },
          {
            "elapsedMs": 0.09999999403953552,
            "bytes": 84891,
            "at": 1791422001768
          },
          {
            "elapsedMs": 0.10000000149011612,
            "bytes": 84891,
            "at": 1791422001769
          },
          {
            "elapsedMs": 0.5,
            "bytes": 84666,
            "at": 1791422001804
          },
          {
            "elapsedMs": 0.6000000014901161,
            "bytes": 84878,
            "at": 1791422003087
          },
          {
            "elapsedMs": 0.4000000059604645,
            "bytes": 84666,
            "at": 1791422003105
          },
          {
            "elapsedMs": 0.6000000014901161,
            "bytes": 84903,
            "at": 1791422004604
          },
          {
            "elapsedMs": 0.5,
            "bytes": 84678,
            "at": 1791422004637
          },
          {
            "elapsedMs": 0.3999999985098839,
            "bytes": 84904,
            "at": 1791422005953
          },
          {
            "elapsedMs": 0.6999999955296516,
            "bytes": 84679,
            "at": 1791422005996
          },
          {
            "elapsedMs": 0.6000000014901161,
            "bytes": 84921,
            "at": 1791422007494
          },
          {
            "elapsedMs": 0.29999999701976776,
            "bytes": 84696,
            "at": 1791422007507
          },
          {
            "elapsedMs": 0.5,
            "bytes": 84908,
            "at": 1791422008686
          },
          {
            "elapsedMs": 0.3999999985098839,
            "bytes": 84696,
            "at": 1791422008724
          },
          {
            "elapsedMs": 0.4000000059604645,
            "bytes": 84923,
            "at": 1791422010191
          },
          {
            "elapsedMs": 0.19999999552965164,
            "bytes": 84698,
            "at": 1791422010200
          },
          {
            "elapsedMs": 0.6000000014901161,
            "bytes": 84923,
            "at": 1791422011553
          },
          {
            "elapsedMs": 0.3999999985098839,
            "bytes": 84698,
            "at": 1791422011585
          },
          {
            "elapsedMs": 0.29999999701976776,
            "bytes": 84698,
            "at": 1791422011774
          },
          {
            "elapsedMs": 0.6000000014901161,
            "bytes": 84946,
            "at": 1791422012904
          },
          {
            "elapsedMs": 0.5,
            "bytes": 84721,
            "at": 1791422012934
          },
          {
            "elapsedMs": 0.4000000059604645,
            "bytes": 84934,
            "at": 1791422014404
          },
          {
            "elapsedMs": 0.30000000447034836,
            "bytes": 84709,
            "at": 1791422014437
          },
          {
            "elapsedMs": 0.6000000014901161,
            "bytes": 84946,
            "at": 1791422015768
          },
          {
            "elapsedMs": 0.5,
            "bytes": 84721,
            "at": 1791422015797
          },
          {
            "elapsedMs": 0.4000000059604645,
            "bytes": 84721,
            "at": 1791422016953
          },
          {
            "elapsedMs": 0.30000000447034836,
            "bytes": 84946,
            "at": 1791422016974
          },
          {
            "elapsedMs": 0.30000000447034836,
            "bytes": 84721,
            "at": 1791422016978
          },
          {
            "elapsedMs": 0.29999999701976776,
            "bytes": 84946,
            "at": 1791422017074
          },
          {
            "elapsedMs": 0.29999999701976776,
            "bytes": 84721,
            "at": 1791422017079
          },
          {
            "elapsedMs": 0.30000000447034836,
            "bytes": 84946,
            "at": 1791422017174
          },
          {
            "elapsedMs": 0.20000000298023224,
            "bytes": 84721,
            "at": 1791422017179
          },
          {
            "elapsedMs": 0.29999999701976776,
            "bytes": 84946,
            "at": 1791422017274
          },
          {
            "elapsedMs": 0.29999999701976776,
            "bytes": 84721,
            "at": 1791422017279
          },
          {
            "elapsedMs": 0.30000000447034836,
            "bytes": 84946,
            "at": 1791422017374
          },
          {
            "elapsedMs": 0.5,
            "bytes": 84721,
            "at": 1791422017380
          },
          {
            "elapsedMs": 0.30000000447034836,
            "bytes": 84946,
            "at": 1791422017474
          },
          {
            "elapsedMs": 0.5999999940395355,
            "bytes": 84721,
            "at": 1791422017479
          },
          {
            "elapsedMs": 0.30000000447034836,
            "bytes": 84946,
            "at": 1791422017574
          },
          {
            "elapsedMs": 0.30000000447034836,
            "bytes": 84721,
            "at": 1791422017579
          },
          {
            "elapsedMs": 0.30000000447034836,
            "bytes": 84946,
            "at": 1791422017674
          },
          {
            "elapsedMs": 0.30000000447034836,
            "bytes": 84721,
            "at": 1791422017680
          },
          {
            "elapsedMs": 0.3999999985098839,
            "bytes": 84946,
            "at": 1791422017687
          },
          {
            "elapsedMs": 0.29999999701976776,
            "bytes": 84946,
            "at": 1791422017689
          },
          {
            "elapsedMs": 0.6000000014901161,
            "bytes": 84721,
            "at": 1791422017699
          },
          {
            "elapsedMs": 0.6000000014901161,
            "bytes": 84947,
            "at": 1791422019101
          },
          {
            "elapsedMs": 0.3999999985098839,
            "bytes": 84722,
            "at": 1791422019128
          },
          {
            "elapsedMs": 0.7000000029802322,
            "bytes": 84934,
            "at": 1791422020339
          },
          {
            "elapsedMs": 0.6999999955296516,
            "bytes": 84722,
            "at": 1791422020351
          },
          {
            "elapsedMs": 0.5,
            "bytes": 84934,
            "at": 1791422021935
          },
          {
            "elapsedMs": 0.30000000447034836,
            "bytes": 84709,
            "at": 1791422021964
          },
          {
            "elapsedMs": 0.3999999985098839,
            "bytes": 84930,
            "at": 1791422023337
          },
          {
            "elapsedMs": 0.7000000029802322,
            "bytes": 84705,
            "at": 1791422023378
          },
          {
            "elapsedMs": 1.1000000014901161,
            "bytes": 84924,
            "at": 1791422024687
          },
          {
            "elapsedMs": 0.3999999985098839,
            "bytes": 84699,
            "at": 1791422024725
          },
          {
            "elapsedMs": 0.5,
            "bytes": 84911,
            "at": 1791422025938
          },
          {
            "elapsedMs": 0.29999999701976776,
            "bytes": 84699,
            "at": 1791422025969
          },
          {
            "elapsedMs": 0.5,
            "bytes": 88589,
            "at": 1791422027472
          },
          {
            "elapsedMs": 0.6000000014901161,
            "bytes": 88130,
            "at": 1791422027483
          },
          {
            "elapsedMs": 0.20000000298023224,
            "bytes": 88130,
            "at": 1791422027774
          },
          {
            "elapsedMs": 0.6000000014901161,
            "bytes": 88369,
            "at": 1791422028919
          },
          {
            "elapsedMs": 0.6000000014901161,
            "bytes": 88144,
            "at": 1791422028952
          },
          {
            "elapsedMs": 0.6000000014901161,
            "bytes": 88357,
            "at": 1791422030435
          },
          {
            "elapsedMs": 0.4000000059604645,
            "bytes": 88132,
            "at": 1791422030469
          }
        ],
        "storageErrors": [],
        "unhandledRejections": []
      },
      "pageErrors": 0,
      "consoleErrors": 0,
      "requestFailures": 0,
      "httpFailures": 0
    },
    {
      "atUTC": "2026-10-08T01:14:51.838070+00:00",
      "elapsedRealSeconds": 124.06,
      "reason": "agent-turn",
      "browser": {
        "utc": "2026-10-08T01:14:51.825Z",
        "url": "http://127.0.0.1:43575/",
        "viewport": {
          "width": 1280,
          "height": 900
        },
        "worldClock": "第 1 年 秋 4 日\n11:52",
        "visibleText": "≈\n≈\n≈\n≈\n≈\n≈\n≈\n≈\n≈\n≈\n≈\n≈\n≈\n≈\n≈\n≈\n≈\n≈\n≈\n░\n░\n░\n░\n░\n≈\n♣\n🌲\n♣\n♣\n♣\n♣\n♣\n♣\n🌲\n♣\n♣\n♣\n│\n♣\n♣\n🌲\n♣\n▲\n░\n░\n░\n░\n░\n≈\n♣\n♣\n♣\n🌲\n♣\n♣\n♣\n♣\n♣\n♣\n🌲\n🐺\n│\n♣\n♣\n♣\n♣\n▲\n░\n░\n░\n░\n░\n≈\n♣\n♣\n♣\n♣\n♣\n🌲\n♣\n🐺\n♣\n♣\n🏕️\n♣\n│\n♣\n♣\n♣\n♣\n▲\n░\n░\n░\n░\n░\n≈\n🌲\n♣\n♣\n♣\n🙂\n5\n♣\n♣\n🌲\n♣\n🐺\n♣\n♣\n│\n♣\n🌲\n♣\n♣\n▲\n░\n░\n░\n░\n░\n≈\n♣\n♣\n🌲\n♣\n♣\n♣\n♣\n♣\n♣\n🌲\n♣\n♣\n│\n♣\n♣\n♣\n🌲\n▲\n⛏️\n5\n▲\n▲\n▲\n≈\n≈\n♣\n♣\n♣\n♣\n🌲\n♣\n♣\n🛡️\n5\n♣\n♣\n♣\n🌲\n│\n♣\n♣\n♣\n♣\n▲\n▲\n▲\n▲\n▲\n≈\n≈\n─\n─\n─\n─\n─\n─\n─\n─\n─\n─\n─\n─\n┼\n─\n─\n─\n─\n─\n─\n─\n─\n─\n≈\n≈\n·\n·\n·\n·\n·\n·\n·\n·\n·\n🏪\n雜貨店\n4\n·\n⚒️\n4\n│\n≋\n≋\n≋\n≋\n▲\n▲\n▲\n▲\n▲\n≈\n≈\n·\n·\n·\n🏠\n·\n·\n🏠\n家\n·\n·\n·\n·\n·\n│\n≋\n≋\n≋\n≋\n≋\n≋\n≋\n≋\n≋\n≈\n≈\n─\n─\n─\n─\n─\n─\n─\n─\n─\n─\n─\n─\n┼\n≋\n≋\n≋\n農田\n5\n≋\n≋\n≋\n≋\n≋\n≋\n≈\n≈\n·\n·\n·\n·\n·\n👨‍🌾\n🛏️\n旅店\n🧺\n👨‍🌾\n·\n⚔️\n4\n·\n│\n≋\n≋\n≋\n≋\n≋\n≋\n≋\n≋\n≋\n≈\n≈\n·\n·\n·\n·\n🏠\n·\n·\n·\n·\n·\n·\n·\n│\n≋\n≋\n≋\n≋\n≋\n≋\n≋\n≋\n≋\n≈\n≈\n·\n·\n·\n·\n·\n·\n·\n·\n·\n·\n·\n·\n│\n≋\n≋\n≋\n≋\n≋\n≋\n≋\n≋\n≋\n≈\n≈\n·\n·\n·\n·\n·\n·\n·\n·\n·\n·\n·\n·\n│\n≋\n≋\n≋\n≋\n≋\n≋\n≋\n≋\n≋\n≈\n≈\n≈\n≈\n≈\n≈\n≈\n≈\n≈\n≈\n≈\n≈\n≈\n≈\n≈\n≈\n≈\n≈\n≈\n≈\n≈\n≈\n≈\n≈\n≈\n北方森林\n橡谷 · 小聚落\n東方農田\n未知之地",
        "openDialogs": [
          "┤ 旅人筆記 ├\n× Esc\n今天，想去哪裡？\n\n去東方農田種小麥，到森林伐木，或到礦場採石。素材可以賣給雜貨店。也可以走入迷霧山谷，探索廢棄礦坑。\n\n這裡沒有每日任務。居民、聚落與怪物會隨自己的時間繼續生活。\n\n讓時間往前走\n\n等待不會自動恢復生命與體力。田地會成熟、契約會到期，所有人也會衰老。\n\n等待 1 日\n度過一季\n度過一年\n同行者 · 0/2\n\n目前獨自旅行。村莊的酒館裡，或許有人願意同行。\n\n操作\n\nWASD／方向鍵移動 · Enter 互動 · Esc 選單\nC 角色 · I 物品 · L 日誌 · M 地圖\n\n開啟視窗後世界時間仍會前進，可隨時用視窗底部按鈕暫停。\n\n時間繼續前進。聚落與森林都有自己的生活。\n×\n第 1 年 秋 4 日 11:52 · 生命 100 · 體力 84 · 45 金\n繼續時間"
        ],
        "localStorageBytes": 93968,
        "save": {
          "worldTime": 91432,
          "historyCount": 9,
          "eventCount": 15,
          "journalPending": 0,
          "crisisPhase": "dormant",
          "crisisSequence": 0,
          "crisisOutcome": null,
          "crisisSummary": null,
          "crisisEvents": [],
          "storageKeyPresent": true
        },
        "indexedDB": [
          {
            "name": "oakvale-play-journal",
            "counts": {
              "records": 122
            }
          }
        ]
      },
      "cdp": {
        "Memory.getDOMCounters": {
          "documents": 2,
          "nodes": 2888,
          "jsEventListeners": 547
        },
        "Runtime.getHeapUsage": {
          "usedSize": 30568524,
          "totalSize": 70123520,
          "embedderHeapUsedSize": 10663352,
          "backingStorageSize": 1729096
        },
        "Performance.getMetrics": {
          "metrics": [
            {
              "name": "Timestamp",
              "value": 58103.640474
            },
            {
              "name": "AudioHandlers",
              "value": 0
            },
            {
              "name": "AudioWorkletProcessors",
              "value": 0
            },
            {
              "name": "Documents",
              "value": 2
            },
            {
              "name": "Frames",
              "value": 1
            },
            {
              "name": "JSEventListeners",
              "value": 547
            },
            {
              "name": "LayoutObjects",
              "value": 2002
            },
            {
              "name": "MediaKeySessions",
              "value": 0
            },
            {
              "name": "MediaKeys",
              "value": 0
            },
            {
              "name": "Nodes",
              "value": 2888
            },
            {
              "name": "Resources",
              "value": 2
            },
            {
              "name": "ContextLifecycleStateObservers",
              "value": 9
            },
            {
              "name": "V8PerContextDatas",
              "value": 2
            },
            {
              "name": "WorkerGlobalScopes",
              "value": 0
            },
            {
              "name": "UACSSResources",
              "value": 0
            },
            {
              "name": "RTCPeerConnections",
              "value": 0
            },
            {
              "name": "ResourceFetchers",
              "value": 2
            },
            {
              "name": "AdSubframes",
              "value": 0
            },
            {
              "name": "DetachedScriptStates",
              "value": 0
            },
            {
              "name": "ArrayBufferContents",
              "value": 9
            },
            {
              "name": "LayoutCount",
              "value": 532
            },
            {
              "name": "RecalcStyleCount",
              "value": 1741
            },
            {
              "name": "LayoutDuration",
              "value": 0.500043
            },
            {
              "name": "RecalcStyleDuration",
              "value": 1.114881
            },
            {
              "name": "DevToolsCommandDuration",
              "value": 7.600132
            },
            {
              "name": "ScriptDuration",
              "value": 0.696463
            },
            {
              "name": "V8CompileDuration",
              "value": 0
            },
            {
              "name": "TaskDuration",
              "value": 13.35372
            },
            {
              "name": "TaskOtherDuration",
              "value": 3.442201
            },
            {
              "name": "ThreadTime",
              "value": 12.515315
            },
            {
              "name": "ProcessTime",
              "value": 15.11
            },
            {
              "name": "JSHeapUsedSize",
              "value": 30568524
            },
            {
              "name": "JSHeapTotalSize",
              "value": 70123520
            },
            {
              "name": "FirstMeaningfulPaint",
              "value": 57980.64499
            },
            {
              "name": "DomContentLoaded",
              "value": 57980.594302
            },
            {
              "name": "NavigationStart",
              "value": 57980.260867
            }
          ]
        }
      },
      "saveLatency": {
        "writes": [
          {
            "elapsedMs": 0.3999999985098839,
            "bytes": 80357,
            "at": 1791421968806
          },
          {
            "elapsedMs": 0.09999999403953552,
            "bytes": 79962,
            "at": 1791421968861
          },
          {
            "elapsedMs": 0.10000000149011612,
            "bytes": 79962,
            "at": 1791421968939
          },
          {
            "elapsedMs": 0.20000000298023224,
            "bytes": 79961,
            "at": 1791421968940
          },
          {
            "elapsedMs": 0.5,
            "bytes": 79961,
            "at": 1791421969045
          },
          {
            "elapsedMs": 0.7000000029802322,
            "bytes": 79961,
            "at": 1791421969221
          },
          {
            "elapsedMs": 0.30000000447034836,
            "bytes": 80182,
            "at": 1791421969274
          },
          {
            "elapsedMs": 0.5,
            "bytes": 79961,
            "at": 1791421969280
          },
          {
            "elapsedMs": 0.4000000059604645,
            "bytes": 80182,
            "at": 1791421969374
          },
          {
            "elapsedMs": 0.8999999985098839,
            "bytes": 79961,
            "at": 1791421969380
          },
          {
            "elapsedMs": 0.10000000149011612,
            "bytes": 80182,
            "at": 1791421969473
          },
          {
            "elapsedMs": 0.10000000149011612,
            "bytes": 79961,
            "at": 1791421969479
          },
          {
            "elapsedMs": 0.20000000298023224,
            "bytes": 80182,
            "at": 1791421969573
          },
          {
            "elapsedMs": 0.29999999701976776,
            "bytes": 79961,
            "at": 1791421969579
          },
          {
            "elapsedMs": 0.09999999403953552,
            "bytes": 80182,
            "at": 1791421969673
          },
          {
            "elapsedMs": 0.09999999403953552,
            "bytes": 79961,
            "at": 1791421969679
          },
          {
            "elapsedMs": 0.19999999552965164,
            "bytes": 80182,
            "at": 1791421969773
          },
          {
            "elapsedMs": 0.09999999403953552,
            "bytes": 79961,
            "at": 1791421969778
          },
          {
            "elapsedMs": 0,
            "bytes": 80182,
            "at": 1791421969873
          },
          {
            "elapsedMs": 0.19999999552965164,
            "bytes": 79961,
            "at": 1791421969879
          },
          {
            "elapsedMs": 0.10000000149011612,
            "bytes": 80182,
            "at": 1791421969956
          },
          {
            "elapsedMs": 0,
            "bytes": 80182,
            "at": 1791421969957
          },
          {
            "elapsedMs": 0.3999999985098839,
            "bytes": 79961,
            "at": 1791421969969
          },
          {
            "elapsedMs": 0.3999999985098839,
            "bytes": 83757,
            "at": 1791421971660
          },
          {
            "elapsedMs": 0.19999999552965164,
            "bytes": 82810,
            "at": 1791421971670
          },
          {
            "elapsedMs": 0.3999999985098839,
            "bytes": 83032,
            "at": 1791421973005
          },
          {
            "elapsedMs": 0.20000000298023224,
            "bytes": 82809,
            "at": 1791421973017
          },
          {
            "elapsedMs": 0.29999999701976776,
            "bytes": 83020,
            "at": 1791421974259
          },
          {
            "elapsedMs": 0.5,
            "bytes": 82810,
            "at": 1791421974296
          },
          {
            "elapsedMs": 0.19999999552965164,
            "bytes": 83085,
            "at": 1791421975774
          },
          {
            "elapsedMs": 0.19999999552965164,
            "bytes": 82862,
            "at": 1791421975800
          },
          {
            "elapsedMs": 0.20000000298023224,
            "bytes": 83067,
            "at": 1791421977123
          },
          {
            "elapsedMs": 0.30000000447034836,
            "bytes": 82844,
            "at": 1791421977161
          },
          {
            "elapsedMs": 0.4000000059604645,
            "bytes": 83122,
            "at": 1791421978662
          },
          {
            "elapsedMs": 0.10000000149011612,
            "bytes": 82899,
            "at": 1791421978670
          },
          {
            "elapsedMs": 0.29999999701976776,
            "bytes": 83109,
            "at": 1791421979854
          },
          {
            "elapsedMs": 0.30000000447034836,
            "bytes": 82899,
            "at": 1791421979894
          },
          {
            "elapsedMs": 0.30000000447034836,
            "bytes": 82899,
            "at": 1791421979974
          },
          {
            "elapsedMs": 0.19999999552965164,
            "bytes": 83123,
            "at": 1791421981386
          },
          {
            "elapsedMs": 0.4000000059604645,
            "bytes": 82900,
            "at": 1791421981422
          },
          {
            "elapsedMs": 0.29999999701976776,
            "bytes": 83128,
            "at": 1791421982760
          },
          {
            "elapsedMs": 0.10000000149011612,
            "bytes": 82904,
            "at": 1791421982768
          },
          {
            "elapsedMs": 0.3999999985098839,
            "bytes": 83123,
            "at": 1791421984156
          },
          {
            "elapsedMs": 0.3999999985098839,
            "bytes": 82898,
            "at": 1791421984171
          },
          {
            "elapsedMs": 0.29999999701976776,
            "bytes": 83152,
            "at": 1791421985672
          },
          {
            "elapsedMs": 0.29999999701976776,
            "bytes": 82927,
            "at": 1791421985709
          },
          {
            "elapsedMs": 0.6000000014901161,
            "bytes": 83129,
            "at": 1791421987054
          },
          {
            "elapsedMs": 0.19999999552965164,
            "bytes": 82904,
            "at": 1791421987083
          },
          {
            "elapsedMs": 0.7999999970197678,
            "bytes": 83127,
            "at": 1791421988440
          },
          {
            "elapsedMs": 0.20000000298023224,
            "bytes": 82902,
            "at": 1791421988469
          },
          {
            "elapsedMs": 0.6000000014901161,
            "bytes": 83110,
            "at": 1791421989900
          },
          {
            "elapsedMs": 0.19999999552965164,
            "bytes": 82885,
            "at": 1791421989912
          },
          {
            "elapsedMs": 0.29999999701976776,
            "bytes": 82885,
            "at": 1791421989976
          },
          {
            "elapsedMs": 0.29999999701976776,
            "bytes": 83097,
            "at": 1791421991153
          },
          {
            "elapsedMs": 0.30000000447034836,
            "bytes": 82885,
            "at": 1791421991196
          },
          {
            "elapsedMs": 0.20000000298023224,
            "bytes": 83122,
            "at": 1791421992821
          },
          {
            "elapsedMs": 0.20000000298023224,
            "bytes": 82897,
            "at": 1791421992852
          },
          {
            "elapsedMs": 0.20000000298023224,
            "bytes": 83146,
            "at": 1791421994220
          },
          {
            "elapsedMs": 0.30000000447034836,
            "bytes": 82921,
            "at": 1791421994263
          },
          {
            "elapsedMs": 0.6000000014901161,
            "bytes": 85042,
            "at": 1791421995591
          },
          {
            "elapsedMs": 0.29999999701976776,
            "bytes": 84686,
            "at": 1791421995602
          },
          {
            "elapsedMs": 1.3000000044703484,
            "bytes": 84898,
            "at": 1791421996857
          },
          {
            "elapsedMs": 0.5,
            "bytes": 84686,
            "at": 1791421996872
          },
          {
            "elapsedMs": 0.3999999985098839,
            "bytes": 84914,
            "at": 1791421998321
          },
          {
            "elapsedMs": 0.6000000014901161,
            "bytes": 84689,
            "at": 1791421998352
          },
          {
            "elapsedMs": 0.5,
            "bytes": 84891,
            "at": 1791421999837
          },
          {
            "elapsedMs": 0.3999999985098839,
            "bytes": 84666,
            "at": 1791421999868
          },
          {
            "elapsedMs": 0.5,
            "bytes": 84666,
            "at": 1791422000074
          },
          {
            "elapsedMs": 0.6999999955296516,
            "bytes": 84666,
            "at": 1791422001039
          },
          {
            "elapsedMs": 0.8999999985098839,
            "bytes": 84891,
            "at": 1791422001074
          },
          {
            "elapsedMs": 0.3999999985098839,
            "bytes": 84666,
            "at": 1791422001081
          },
          {
            "elapsedMs": 0.19999999552965164,
            "bytes": 84891,
            "at": 1791422001174
          },
          {
            "elapsedMs": 0.3999999985098839,
            "bytes": 84666,
            "at": 1791422001180
          },
          {
            "elapsedMs": 0.20000000298023224,
            "bytes": 84891,
            "at": 1791422001274
          },
          {
            "elapsedMs": 0.20000000298023224,
            "bytes": 84666,
            "at": 1791422001280
          },
          {
            "elapsedMs": 0.30000000447034836,
            "bytes": 84891,
            "at": 1791422001374
          },
          {
            "elapsedMs": 0.19999999552965164,
            "bytes": 84666,
            "at": 1791422001380
          },
          {
            "elapsedMs": 0.19999999552965164,
            "bytes": 84891,
            "at": 1791422001474
          },
          {
            "elapsedMs": 0.10000000149011612,
            "bytes": 84666,
            "at": 1791422001479
          },
          {
            "elapsedMs": 0.29999999701976776,
            "bytes": 84891,
            "at": 1791422001574
          },
          {
            "elapsedMs": 0.3999999985098839,
            "bytes": 84666,
            "at": 1791422001580
          },
          {
            "elapsedMs": 0.20000000298023224,
            "bytes": 84891,
            "at": 1791422001674
          },
          {
            "elapsedMs": 0.29999999701976776,
            "bytes": 84666,
            "at": 1791422001680
          },
          {
            "elapsedMs": 0.09999999403953552,
            "bytes": 84891,
            "at": 1791422001768
          },
          {
            "elapsedMs": 0.10000000149011612,
            "bytes": 84891,
            "at": 1791422001769
          },
          {
            "elapsedMs": 0.5,
            "bytes": 84666,
            "at": 1791422001804
          },
          {
            "elapsedMs": 0.6000000014901161,
            "bytes": 84878,
            "at": 1791422003087
          },
          {
            "elapsedMs": 0.4000000059604645,
            "bytes": 84666,
            "at": 1791422003105
          },
          {
            "elapsedMs": 0.6000000014901161,
            "bytes": 84903,
            "at": 1791422004604
          },
          {
            "elapsedMs": 0.5,
            "bytes": 84678,
            "at": 1791422004637
          },
          {
            "elapsedMs": 0.3999999985098839,
            "bytes": 84904,
            "at": 1791422005953
          },
          {
            "elapsedMs": 0.6999999955296516,
            "bytes": 84679,
            "at": 1791422005996
          },
          {
            "elapsedMs": 0.6000000014901161,
            "bytes": 84921,
            "at": 1791422007494
          },
          {
            "elapsedMs": 0.29999999701976776,
            "bytes": 84696,
            "at": 1791422007507
          },
          {
            "elapsedMs": 0.5,
            "bytes": 84908,
            "at": 1791422008686
          },
          {
            "elapsedMs": 0.3999999985098839,
            "bytes": 84696,
            "at": 1791422008724
          },
          {
            "elapsedMs": 0.4000000059604645,
            "bytes": 84923,
            "at": 1791422010191
          },
          {
            "elapsedMs": 0.19999999552965164,
            "bytes": 84698,
            "at": 1791422010200
          },
          {
            "elapsedMs": 0.6000000014901161,
            "bytes": 84923,
            "at": 1791422011553
          },
          {
            "elapsedMs": 0.3999999985098839,
            "bytes": 84698,
            "at": 1791422011585
          },
          {
            "elapsedMs": 0.29999999701976776,
            "bytes": 84698,
            "at": 1791422011774
          },
          {
            "elapsedMs": 0.6000000014901161,
            "bytes": 84946,
            "at": 1791422012904
          },
          {
            "elapsedMs": 0.5,
            "bytes": 84721,
            "at": 1791422012934
          },
          {
            "elapsedMs": 0.4000000059604645,
            "bytes": 84934,
            "at": 1791422014404
          },
          {
            "elapsedMs": 0.30000000447034836,
            "bytes": 84709,
            "at": 1791422014437
          },
          {
            "elapsedMs": 0.6000000014901161,
            "bytes": 84946,
            "at": 1791422015768
          },
          {
            "elapsedMs": 0.5,
            "bytes": 84721,
            "at": 1791422015797
          },
          {
            "elapsedMs": 0.4000000059604645,
            "bytes": 84721,
            "at": 1791422016953
          },
          {
            "elapsedMs": 0.30000000447034836,
            "bytes": 84946,
            "at": 1791422016974
          },
          {
            "elapsedMs": 0.30000000447034836,
            "bytes": 84721,
            "at": 1791422016978
          },
          {
            "elapsedMs": 0.29999999701976776,
            "bytes": 84946,
            "at": 1791422017074
          },
          {
            "elapsedMs": 0.29999999701976776,
            "bytes": 84721,
            "at": 1791422017079
          },
          {
            "elapsedMs": 0.30000000447034836,
            "bytes": 84946,
            "at": 1791422017174
          },
          {
            "elapsedMs": 0.20000000298023224,
            "bytes": 84721,
            "at": 1791422017179
          },
          {
            "elapsedMs": 0.29999999701976776,
            "bytes": 84946,
            "at": 1791422017274
          },
          {
            "elapsedMs": 0.29999999701976776,
            "bytes": 84721,
            "at": 1791422017279
          },
          {
            "elapsedMs": 0.30000000447034836,
            "bytes": 84946,
            "at": 1791422017374
          },
          {
            "elapsedMs": 0.5,
            "bytes": 84721,
            "at": 1791422017380
          },
          {
            "elapsedMs": 0.30000000447034836,
            "bytes": 84946,
            "at": 1791422017474
          },
          {
            "elapsedMs": 0.5999999940395355,
            "bytes": 84721,
            "at": 1791422017479
          },
          {
            "elapsedMs": 0.30000000447034836,
            "bytes": 84946,
            "at": 1791422017574
          },
          {
            "elapsedMs": 0.30000000447034836,
            "bytes": 84721,
            "at": 1791422017579
          },
          {
            "elapsedMs": 0.30000000447034836,
            "bytes": 84946,
            "at": 1791422017674
          },
          {
            "elapsedMs": 0.30000000447034836,
            "bytes": 84721,
            "at": 1791422017680
          },
          {
            "elapsedMs": 0.3999999985098839,
            "bytes": 84946,
            "at": 1791422017687
          },
          {
            "elapsedMs": 0.29999999701976776,
            "bytes": 84946,
            "at": 1791422017689
          },
          {
            "elapsedMs": 0.6000000014901161,
            "bytes": 84721,
            "at": 1791422017699
          },
          {
            "elapsedMs": 0.6000000014901161,
            "bytes": 84947,
            "at": 1791422019101
          },
          {
            "elapsedMs": 0.3999999985098839,
            "bytes": 84722,
            "at": 1791422019128
          },
          {
            "elapsedMs": 0.7000000029802322,
            "bytes": 84934,
            "at": 1791422020339
          },
          {
            "elapsedMs": 0.6999999955296516,
            "bytes": 84722,
            "at": 1791422020351
          },
          {
            "elapsedMs": 0.5,
            "bytes": 84934,
            "at": 1791422021935
          },
          {
            "elapsedMs": 0.30000000447034836,
            "bytes": 84709,
            "at": 1791422021964
          },
          {
            "elapsedMs": 0.3999999985098839,
            "bytes": 84930,
            "at": 1791422023337
          },
          {
            "elapsedMs": 0.7000000029802322,
            "bytes": 84705,
            "at": 1791422023378
          },
          {
            "elapsedMs": 1.1000000014901161,
            "bytes": 84924,
            "at": 1791422024687
          },
          {
            "elapsedMs": 0.3999999985098839,
            "bytes": 84699,
            "at": 1791422024725
          },
          {
            "elapsedMs": 0.5,
            "bytes": 84911,
            "at": 1791422025938
          },
          {
            "elapsedMs": 0.29999999701976776,
            "bytes": 84699,
            "at": 1791422025969
          },
          {
            "elapsedMs": 0.5,
            "bytes": 88589,
            "at": 1791422027472
          },
          {
            "elapsedMs": 0.6000000014901161,
            "bytes": 88130,
            "at": 1791422027483
          },
          {
            "elapsedMs": 0.20000000298023224,
            "bytes": 88130,
            "at": 1791422027774
          },
          {
            "elapsedMs": 0.6000000014901161,
            "bytes": 88369,
            "at": 1791422028919
          },
          {
            "elapsedMs": 0.6000000014901161,
            "bytes": 88144,
            "at": 1791422028952
          },
          {
            "elapsedMs": 0.6000000014901161,
            "bytes": 88357,
            "at": 1791422030435
          },
          {
            "elapsedMs": 0.4000000059604645,
            "bytes": 88132,
            "at": 1791422030469
          },
          {
            "elapsedMs": 0.29999999701976776,
            "bytes": 88344,
            "at": 1791422031667
          },
          {
            "elapsedMs": 0.3999999985098839,
            "bytes": 88132,
            "at": 1791422031697
          },
          {
            "elapsedMs": 0.5,
            "bytes": 88132,
            "at": 1791422033002
          },
          {
            "elapsedMs": 0.3999999985098839,
            "bytes": 88357,
            "at": 1791422033074
          },
          {
            "elapsedMs": 0.3999999985098839,
            "bytes": 88132,
            "at": 1791422033079
          },
          {
            "elapsedMs": 11.5,
            "bytes": 88357,
            "at": 1791422033185
          },
          {
            "elapsedMs": 0.4000000059604645,
            "bytes": 88132,
            "at": 1791422033191
          },
          {
            "elapsedMs": 0.3999999985098839,
            "bytes": 88357,
            "at": 1791422033274
          },
          {
            "elapsedMs": 0.29999999701976776,
            "bytes": 88132,
            "at": 1791422033280
          },
          {
            "elapsedMs": 0.6000000014901161,
            "bytes": 88357,
            "at": 1791422033374
          },
          {
            "elapsedMs": 0.3999999985098839,
            "bytes": 88132,
            "at": 1791422033381
          },
          {
            "elapsedMs": 0.3999999985098839,
            "bytes": 88357,
            "at": 1791422033474
          },
          {
            "elapsedMs": 0.3999999985098839,
            "bytes": 88132,
            "at": 1791422033480
          },
          {
            "elapsedMs": 0.6000000014901161,
            "bytes": 88357,
            "at": 1791422033574
          },
          {
            "elapsedMs": 0.30000000447034836,
            "bytes": 88132,
            "at": 1791422033580
          },
          {
            "elapsedMs": 1.1000000014901161,
            "bytes": 88357,
            "at": 1791422033677
          },
          {
            "elapsedMs": 0.3999999985098839,
            "bytes": 88132,
            "at": 1791422033683
          },
          {
            "elapsedMs": 0.29999999701976776,
            "bytes": 88357,
            "at": 1791422033752
          },
          {
            "elapsedMs": 0.30000000447034836,
            "bytes": 88357,
            "at": 1791422033754
          },
          {
            "elapsedMs": 0.3999999985098839,
            "bytes": 88132,
            "at": 1791422033766
          },
          {
            "elapsedMs": 0.5,
            "bytes": 88360,
            "at": 1791422035202
          },
          {
            "elapsedMs": 0.5,
            "bytes": 88135,
            "at": 1791422035240
          },
          {
            "elapsedMs": 0.6999999955296516,
            "bytes": 88347,
            "at": 1791422036670
          },
          {
            "elapsedMs": 0.3999999985098839,
            "bytes": 88122,
            "at": 1791422036700
          },
          {
            "elapsedMs": 0.6999999955296516,
            "bytes": 88334,
            "at": 1791422037918
          },
          {
            "elapsedMs": 0.8000000044703484,
            "bytes": 88122,
            "at": 1791422037960
          },
          {
            "elapsedMs": 1,
            "bytes": 88389,
            "at": 1791422039387
          },
          {
            "elapsedMs": 0.5,
            "bytes": 88164,
            "at": 1791422039416
          },
          {
            "elapsedMs": 0.6999999955296516,
            "bytes": 88870,
            "at": 1791422040852
          },
          {
            "elapsedMs": 5.299999997019768,
            "bytes": 88484,
            "at": 1791422040896
          },
          {
            "elapsedMs": 0.3999999985098839,
            "bytes": 88724,
            "at": 1791422042236
          },
          {
            "elapsedMs": 0.3999999985098839,
            "bytes": 88499,
            "at": 1791422042266
          },
          {
            "elapsedMs": 0.5,
            "bytes": 88736,
            "at": 1791422043685
          },
          {
            "elapsedMs": 0.3999999985098839,
            "bytes": 88511,
            "at": 1791422043728
          },
          {
            "elapsedMs": 0.5999999940395355,
            "bytes": 88511,
            "at": 1791422043774
          },
          {
            "elapsedMs": 0.5,
            "bytes": 88736,
            "at": 1791422045117
          },
          {
            "elapsedMs": 0.3999999985098839,
            "bytes": 88511,
            "at": 1791422045148
          },
          {
            "elapsedMs": 3.2000000029802322,
            "bytes": 88735,
            "at": 1791422046488
          },
          {
            "elapsedMs": 0.6000000014901161,
            "bytes": 88510,
            "at": 1791422046498
          },
          {
            "elapsedMs": 1.8000000044703484,
            "bytes": 88734,
            "at": 1791422048011
          },
          {
            "elapsedMs": 0.5,
            "bytes": 88509,
            "at": 1791422048029
          },
          {
            "elapsedMs": 0.5,
            "bytes": 88721,
            "at": 1791422049301
          },
          {
            "elapsedMs": 0.3999999985098839,
            "bytes": 88509,
            "at": 1791422049336
          },
          {
            "elapsedMs": 0.6000000014901161,
            "bytes": 88735,
            "at": 1791422051020
          },
          {
            "elapsedMs": 0.3999999985098839,
            "bytes": 88510,
            "at": 1791422051049
          },
          {
            "elapsedMs": 0.5,
            "bytes": 88735,
            "at": 1791422052439
          },
          {
            "elapsedMs": 0.5,
            "bytes": 88510,
            "at": 1791422052476
          },
          {
            "elapsedMs": 0.5,
            "bytes": 88510,
            "at": 1791422053775
          },
          {
            "elapsedMs": 0.3999999985098839,
            "bytes": 88719,
            "at": 1791422053847
          },
          {
            "elapsedMs": 0.6000000014901161,
            "bytes": 88494,
            "at": 1791422053857
          },
          {
            "elapsedMs": 0.5,
            "bytes": 88706,
            "at": 1791422055075
          },
          {
            "elapsedMs": 0.7000000029802322,
            "bytes": 88494,
            "at": 1791422055089
          },
          {
            "elapsedMs": 0.4000000059604645,
            "bytes": 90591,
            "at": 1791422056618
          },
          {
            "elapsedMs": 0.3999999985098839,
            "bytes": 90237,
            "at": 1791422056656
          },
          {
            "elapsedMs": 0.5,
            "bytes": 90470,
            "at": 1791422058185
          },
          {
            "elapsedMs": 0.5,
            "bytes": 90245,
            "at": 1791422058216
          },
          {
            "elapsedMs": 0.3999999985098839,
            "bytes": 90485,
            "at": 1791422059601
          },
          {
            "elapsedMs": 0.3999999985098839,
            "bytes": 90260,
            "at": 1791422059634
          },
          {
            "elapsedMs": 0.5,
            "bytes": 90472,
            "at": 1791422060838
          },
          {
            "elapsedMs": 0.20000000298023224,
            "bytes": 90260,
            "at": 1791422060852
          },
          {
            "elapsedMs": 0.3999999985098839,
            "bytes": 90483,
            "at": 1791422062404
          },
          {
            "elapsedMs": 0.19999999552965164,
            "bytes": 90258,
            "at": 1791422062413
          },
          {
            "elapsedMs": 1.2999999970197678,
            "bytes": 90485,
            "at": 1791422063803
          },
          {
            "elapsedMs": 0.3999999985098839,
            "bytes": 90260,
            "at": 1791422063834
          },
          {
            "elapsedMs": 0.19999999552965164,
            "bytes": 90260,
            "at": 1791422063875
          },
          {
            "elapsedMs": 0.6000000014901161,
            "bytes": 90516,
            "at": 1791422065369
          },
          {
            "elapsedMs": 0.4000000059604645,
            "bytes": 90291,
            "at": 1791422065405
          },
          {
            "elapsedMs": 1,
            "bytes": 90503,
            "at": 1791422066585
          },
          {
            "elapsedMs": 0.8000000044703484,
            "bytes": 90291,
            "at": 1791422066626
          },
          {
            "elapsedMs": 0.7000000029802322,
            "bytes": 90514,
            "at": 1791422068169
          },
          {
            "elapsedMs": 0.5,
            "bytes": 90289,
            "at": 1791422068200
          },
          {
            "elapsedMs": 0.5,
            "bytes": 90503,
            "at": 1791422069617
          },
          {
            "elapsedMs": 0.6999999955296516,
            "bytes": 90278,
            "at": 1791422069654
          },
          {
            "elapsedMs": 0.7000000029802322,
            "bytes": 90501,
            "at": 1791422071001
          },
          {
            "elapsedMs": 0.3999999985098839,
            "bytes": 90276,
            "at": 1791422071039
          },
          {
            "elapsedMs": 0.5,
            "bytes": 90504,
            "at": 1791422072584
          },
          {
            "elapsedMs": 0.5,
            "bytes": 90279,
            "at": 1791422072615
          },
          {
            "elapsedMs": 0.29999999701976776,
            "bytes": 90279,
            "at": 1791422073981
          },
          {
            "elapsedMs": 0.5,
            "bytes": 90516,
            "at": 1791422074016
          },
          {
            "elapsedMs": 0.5,
            "bytes": 90291,
            "at": 1791422074051
          },
          {
            "elapsedMs": 0.6000000014901161,
            "bytes": 90512,
            "at": 1791422075418
          },
          {
            "elapsedMs": 0.30000000447034836,
            "bytes": 90287,
            "at": 1791422075455
          },
          {
            "elapsedMs": 0.3999999985098839,
            "bytes": 90500,
            "at": 1791422076851
          },
          {
            "elapsedMs": 0.3999999985098839,
            "bytes": 90275,
            "at": 1791422076884
          },
          {
            "elapsedMs": 0.5,
            "bytes": 90487,
            "at": 1791422078089
          },
          {
            "elapsedMs": 0.20000000298023224,
            "bytes": 90275,
            "at": 1791422078098
          },
          {
            "elapsedMs": 1.2000000029802322,
            "bytes": 90952,
            "at": 1791422079785
          },
          {
            "elapsedMs": 0.5,
            "bytes": 90576,
            "at": 1791422079822
          },
          {
            "elapsedMs": 0.8999999985098839,
            "bytes": 90576,
            "at": 1791422081018
          },
          {
            "elapsedMs": 0.20000000298023224,
            "bytes": 90801,
            "at": 1791422081074
          },
          {
            "elapsedMs": 0.19999999552965164,
            "bytes": 90576,
            "at": 1791422081080
          },
          {
            "elapsedMs": 0.10000000149011612,
            "bytes": 90801,
            "at": 1791422081174
          },
          {
            "elapsedMs": 0.20000000298023224,
            "bytes": 90576,
            "at": 1791422081179
          },
          {
            "elapsedMs": 0.20000000298023224,
            "bytes": 90801,
            "at": 1791422081274
          },
          {
            "elapsedMs": 0.09999999403953552,
            "bytes": 90576,
            "at": 1791422081279
          },
          {
            "elapsedMs": 0.10000000149011612,
            "bytes": 90801,
            "at": 1791422081374
          },
          {
            "elapsedMs": 0,
            "bytes": 90576,
            "at": 1791422081379
          },
          {
            "elapsedMs": 0.29999999701976776,
            "bytes": 90801,
            "at": 1791422081474
          },
          {
            "elapsedMs": 0.5,
            "bytes": 90576,
            "at": 1791422081481
          },
          {
            "elapsedMs": 0.10000000149011612,
            "bytes": 90801,
            "at": 1791422081573
          },
          {
            "elapsedMs": 0.10000000149011612,
            "bytes": 90576,
            "at": 1791422081580
          },
          {
            "elapsedMs": 0.20000000298023224,
            "bytes": 90801,
            "at": 1791422081674
          },
          {
            "elapsedMs": 0.10000000149011612,
            "bytes": 90576,
            "at": 1791422081678
          },
          {
            "elapsedMs": 0.10000000149011612,
            "bytes": 90801,
            "at": 1791422081749
          },
          {
            "elapsedMs": 0.10000000149011612,
            "bytes": 90801,
            "at": 1791422081750
          },
          {
            "elapsedMs": 0.3999999985098839,
            "bytes": 90576,
            "at": 1791422081785
          },
          {
            "elapsedMs": 0.29999999701976776,
            "bytes": 90802,
            "at": 1791422083233
          },
          {
            "elapsedMs": 0.3999999985098839,
            "bytes": 90577,
            "at": 1791422083265
          },
          {
            "elapsedMs": 0.3999999985098839,
            "bytes": 90789,
            "at": 1791422084500
          },
          {
            "elapsedMs": 0.30000000447034836,
            "bytes": 90577,
            "at": 1791422084535
          },
          {
            "elapsedMs": 0.3999999985098839,
            "bytes": 94438,
            "at": 1791422085983
          },
          {
            "elapsedMs": 0.6000000014901161,
            "bytes": 93978,
            "at": 1791422086022
          },
          {
            "elapsedMs": 0.6000000014901161,
            "bytes": 94218,
            "at": 1791422087466
          },
          {
            "elapsedMs": 0.20000000298023224,
            "bytes": 93993,
            "at": 1791422087496
          },
          {
            "elapsedMs": 0.4000000059604645,
            "bytes": 94215,
            "at": 1791422088904
          },
          {
            "elapsedMs": 0.10000000149011612,
            "bytes": 93990,
            "at": 1791422088914
          },
          {
            "elapsedMs": 0.5,
            "bytes": 94202,
            "at": 1791422090123
          },
          {
            "elapsedMs": 0.20000000298023224,
            "bytes": 93990,
            "at": 1791422090132
          },
          {
            "elapsedMs": 0.5999999940395355,
            "bytes": 94193,
            "at": 1791422091735
          },
          {
            "elapsedMs": 0.5,
            "bytes": 93968,
            "at": 1791422091771
          },
          {
            "elapsedMs": 0.3999999985098839,
            "bytes": 93968,
            "at": 1791422091774
          }
        ],
        "storageErrors": [],
        "unhandledRejections": []
      },
      "pageErrors": 0,
      "consoleErrors": 0,
      "requestFailures": 0,
      "httpFailures": 0
    },
    {
      "atUTC": "2026-10-08T01:15:53.271261+00:00",
      "elapsedRealSeconds": 185.48,
      "reason": "agent-turn",
      "browser": {
        "utc": "2026-10-08T01:15:53.250Z",
        "url": "http://127.0.0.1:43575/",
        "viewport": {
          "width": 1280,
          "height": 900
        },
        "worldClock": "第 1 年 冬 5 日\n13:31",
        "visibleText": "≈\n≈\n≈\n≈\n≈\n≈\n≈\n≈\n≈\n≈\n≈\n≈\n≈\n≈\n≈\n≈\n≈\n≈\n≈\n░\n░\n░\n░\n░\n≈\n♣\n🌲\n♣\n♣\n♣\n♣\n♣\n♣\n🌲\n♣\n♣\n♣\n│\n♣\n♣\n🌲\n♣\n▲\n░\n░\n░\n░\n░\n≈\n♣\n♣\n♣\n🌲\n♣\n♣\n♣\n♣\n♣\n♣\n🌲\n🐺\n│\n♣\n♣\n♣\n♣\n▲\n░\n░\n░\n░\n░\n≈\n♣\n♣\n♣\n♣\n♣\n🌲\n♣\n🐺\n♣\n♣\n🏕️\n♣\n│\n♣\n♣\n♣\n♣\n▲\n░\n░\n░\n░\n░\n≈\n🌲\n♣\n♣\n♣\n🙂\n5\n♣\n♣\n🌲\n♣\n🐺\n♣\n♣\n│\n♣\n🌲\n♣\n♣\n▲\n░\n░\n░\n░\n░\n≈\n♣\n♣\n🌲\n♣\n♣\n♣\n🐺\n♣\n♣\n🌲\n♣\n♣\n│\n♣\n♣\n♣\n🌲\n▲\n⛏️\n6\n▲\n▲\n▲\n≈\n≈\n♣\n♣\n♣\n♣\n🌲\n♣\n♣\n🛡️\n5\n♣\n♣\n♣\n🌲\n│\n♣\n♣\n♣\n♣\n▲\n▲\n▲\n▲\n▲\n≈\n≈\n─\n─\n─\n─\n─\n─\n─\n─\n─\n─\n─\n─\n┼\n─\n─\n─\n─\n─\n─\n─\n─\n─\n≈\n≈\n·\n·\n·\n·\n·\n·\n·\n·\n·\n🏪\n雜貨店\n4\n·\n⚒️\n鐵匠鋪\n4\n│\n≋\n≋\n≋\n≋\n▲\n▲\n▲\n▲\n▲\n≈\n≈\n·\n·\n·\n🏠\n·\n·\n🏠\n家\n·\n·\n·\n·\n·\n│\n≋\n≋\n≋\n≋\n≋\n≋\n≋\n≋\n≋\n≈\n≈\n─\n─\n─\n─\n─\n─\n─\n─\n─\n─\n─\n─\n┼\n≋\n≋\n≋\n農田\n6\n≋\n≋\n≋\n≋\n≋\n≋\n≈\n≈\n·\n·\n🏠\n·\n·\n👨‍🌾\n🛏️\n旅店\n🧺\n2\n👨‍🌾\n·\n🍺\n酒館\n4\n·\n│\n≋\n≋\n≋\n≋\n≋\n≋\n≋\n≋\n≋\n≈\n≈\n·\n·\n·\n·\n🏠\n·\n·\n·\n🏠\n·\n·\n·\n│\n≋\n≋\n≋\n≋\n≋\n≋\n≋\n≋\n≋\n≈\n≈\n·\n·\n·\n🏠\n·\n·\n·\n·\n·\n🏠\n·\n·\n│\n≋\n≋\n≋\n≋\n≋\n≋\n≋\n≋\n≋\n≈\n≈\n·\n·\n·\n·\n·\n·\n·\n·\n·\n·\n·\n·\n│\n≋\n≋\n≋\n≋\n≋\n≋\n≋\n≋\n≋\n≈\n≈\n≈\n≈\n≈\n≈\n≈\n≈\n≈\n≈\n≈\n≈\n≈\n≈\n≈\n≈\n≈\n≈\n≈\n≈\n≈\n≈\n≈\n≈\n≈\n北方森林\n橡谷 · 村莊\n東方農田\n未知之地",
        "openDialogs": [
          "┤ 旅人筆記 ├\n× Esc\n今天，想去哪裡？\n\n去東方農田種小麥，到森林伐木，或到礦場採石。素材可以賣給雜貨店。也可以走入迷霧山谷，探索廢棄礦坑。\n\n這裡沒有每日任務。居民、聚落與怪物會隨自己的時間繼續生活。\n\n讓時間往前走\n\n等待不會自動恢復生命與體力。田地會成熟、契約會到期，所有人也會衰老。\n\n等待 1 日\n度過一季\n度過一年\n同行者 · 0/2\n\n目前獨自旅行。村莊的酒館裡，或許有人願意同行。\n\n操作\n\nWASD／方向鍵移動 · Enter 互動 · Esc 選單\nC 角色 · I 物品 · L 日誌 · M 地圖\n\n開啟視窗後世界時間仍會前進，可隨時用視窗底部按鈕暫停。\n\n時間繼續前進。聚落與森林都有自己的生活。\n×\n第 1 年 冬 5 日 13:31 · 生命 100 · 體力 84 · 45 金\n繼續時間"
        ],
        "localStorageBytes": 101693,
        "save": {
          "worldTime": 136171,
          "historyCount": 15,
          "eventCount": 25,
          "journalPending": 0,
          "crisisPhase": "dormant",
          "crisisSequence": 0,
          "crisisOutcome": null,
          "crisisSummary": null,
          "crisisEvents": [],
          "storageKeyPresent": true
        },
        "indexedDB": [
          {
            "name": "oakvale-play-journal",
            "counts": {
              "records": 178
            }
          }
        ]
      },
      "cdp": {
        "Memory.getDOMCounters": {
          "documents": 2,
          "nodes": 2842,
          "jsEventListeners": 536
        },
        "Runtime.getHeapUsage": {
          "usedSize": 25200140,
          "totalSize": 68042752,
          "embedderHeapUsedSize": 9775344,
          "backingStorageSize": 1635874
        },
        "Performance.getMetrics": {
          "metrics": [
            {
              "name": "Timestamp",
              "value": 58165.064368
            },
            {
              "name": "AudioHandlers",
              "value": 0
            },
            {
              "name": "AudioWorkletProcessors",
              "value": 0
            },
            {
              "name": "Documents",
              "value": 2
            },
            {
              "name": "Frames",
              "value": 1
            },
            {
              "name": "JSEventListeners",
              "value": 536
            },
            {
              "name": "LayoutObjects",
              "value": 1969
            },
            {
              "name": "MediaKeySessions",
              "value": 0
            },
            {
              "name": "MediaKeys",
              "value": 0
            },
            {
              "name": "Nodes",
              "value": 2842
            },
            {
              "name": "Resources",
              "value": 2
            },
            {
              "name": "ContextLifecycleStateObservers",
              "value": 9
            },
            {
              "name": "V8PerContextDatas",
              "value": 2
            },
            {
              "name": "WorkerGlobalScopes",
              "value": 0
            },
            {
              "name": "UACSSResources",
              "value": 0
            },
            {
              "name": "RTCPeerConnections",
              "value": 0
            },
            {
              "name": "ResourceFetchers",
              "value": 2
            },
            {
              "name": "AdSubframes",
              "value": 0
            },
            {
              "name": "DetachedScriptStates",
              "value": 0
            },
            {
              "name": "ArrayBufferContents",
              "value": 7
            },
            {
              "name": "LayoutCount",
              "value": 791
            },
            {
              "name": "RecalcStyleCount",
              "value": 2592
            },
            {
              "name": "LayoutDuration",
              "value": 0.657141
            },
            {
              "name": "RecalcStyleDuration",
              "value": 1.614185
            },
            {
              "name": "DevToolsCommandDuration",
              "value": 11.38654
            },
            {
              "name": "ScriptDuration",
              "value": 0.968996
            },
            {
              "name": "V8CompileDuration",
              "value": 0
            },
            {
              "name": "TaskDuration",
              "value": 19.640433
            },
            {
              "name": "TaskOtherDuration",
              "value": 5.013571
            },
            {
              "name": "ThreadTime",
              "value": 18.644778
            },
            {
              "name": "ProcessTime",
              "value": 22.34
            },
            {
              "name": "JSHeapUsedSize",
              "value": 25200140
            },
            {
              "name": "JSHeapTotalSize",
              "value": 68042752
            },
            {
              "name": "FirstMeaningfulPaint",
              "value": 57980.64499
            },
            {
              "name": "DomContentLoaded",
              "value": 57980.594302
            },
            {
              "name": "NavigationStart",
              "value": 57980.260867
            }
          ]
        }
      },
      "saveLatency": {
        "writes": [
          {
            "elapsedMs": 0.3999999985098839,
            "bytes": 80357,
            "at": 1791421968806
          },
          {
            "elapsedMs": 0.09999999403953552,
            "bytes": 79962,
            "at": 1791421968861
          },
          {
            "elapsedMs": 0.10000000149011612,
            "bytes": 79962,
            "at": 1791421968939
          },
          {
            "elapsedMs": 0.20000000298023224,
            "bytes": 79961,
            "at": 1791421968940
          },
          {
            "elapsedMs": 0.5,
            "bytes": 79961,
            "at": 1791421969045
          },
          {
            "elapsedMs": 0.7000000029802322,
            "bytes": 79961,
            "at": 1791421969221
          },
          {
            "elapsedMs": 0.30000000447034836,
            "bytes": 80182,
            "at": 1791421969274
          },
          {
            "elapsedMs": 0.5,
            "bytes": 79961,
            "at": 1791421969280
          },
          {
            "elapsedMs": 0.4000000059604645,
            "bytes": 80182,
            "at": 1791421969374
          },
          {
            "elapsedMs": 0.8999999985098839,
            "bytes": 79961,
            "at": 1791421969380
          },
          {
            "elapsedMs": 0.10000000149011612,
            "bytes": 80182,
            "at": 1791421969473
          },
          {
            "elapsedMs": 0.10000000149011612,
            "bytes": 79961,
            "at": 1791421969479
          },
          {
            "elapsedMs": 0.20000000298023224,
            "bytes": 80182,
            "at": 1791421969573
          },
          {
            "elapsedMs": 0.29999999701976776,
            "bytes": 79961,
            "at": 1791421969579
          },
          {
            "elapsedMs": 0.09999999403953552,
            "bytes": 80182,
            "at": 1791421969673
          },
          {
            "elapsedMs": 0.09999999403953552,
            "bytes": 79961,
            "at": 1791421969679
          },
          {
            "elapsedMs": 0.19999999552965164,
            "bytes": 80182,
            "at": 1791421969773
          },
          {
            "elapsedMs": 0.09999999403953552,
            "bytes": 79961,
            "at": 1791421969778
          },
          {
            "elapsedMs": 0,
            "bytes": 80182,
            "at": 1791421969873
          },
          {
            "elapsedMs": 0.19999999552965164,
            "bytes": 79961,
            "at": 1791421969879
          },
          {
            "elapsedMs": 0.10000000149011612,
            "bytes": 80182,
            "at": 1791421969956
          },
          {
            "elapsedMs": 0,
            "bytes": 80182,
            "at": 1791421969957
          },
          {
            "elapsedMs": 0.3999999985098839,
            "bytes": 79961,
            "at": 1791421969969
          },
          {
            "elapsedMs": 0.3999999985098839,
            "bytes": 83757,
            "at": 1791421971660
          },
          {
            "elapsedMs": 0.19999999552965164,
            "bytes": 82810,
            "at": 1791421971670
          },
          {
            "elapsedMs": 0.3999999985098839,
            "bytes": 83032,
            "at": 1791421973005
          },
          {
            "elapsedMs": 0.20000000298023224,
            "bytes": 82809,
            "at": 1791421973017
          },
          {
            "elapsedMs": 0.29999999701976776,
            "bytes": 83020,
            "at": 1791421974259
          },
          {
            "elapsedMs": 0.5,
            "bytes": 82810,
            "at": 1791421974296
          },
          {
            "elapsedMs": 0.19999999552965164,
            "bytes": 83085,
            "at": 1791421975774
          },
          {
            "elapsedMs": 0.19999999552965164,
            "bytes": 82862,
            "at": 1791421975800
          },
          {
            "elapsedMs": 0.20000000298023224,
            "bytes": 83067,
            "at": 1791421977123
          },
          {
            "elapsedMs": 0.30000000447034836,
            "bytes": 82844,
            "at": 1791421977161
          },
          {
            "elapsedMs": 0.4000000059604645,
            "bytes": 83122,
            "at": 1791421978662
          },
          {
            "elapsedMs": 0.10000000149011612,
            "bytes": 82899,
            "at": 1791421978670
          },
          {
            "elapsedMs": 0.29999999701976776,
            "bytes": 83109,
            "at": 1791421979854
          },
          {
            "elapsedMs": 0.30000000447034836,
            "bytes": 82899,
            "at": 1791421979894
          },
          {
            "elapsedMs": 0.30000000447034836,
            "bytes": 82899,
            "at": 1791421979974
          },
          {
            "elapsedMs": 0.19999999552965164,
            "bytes": 83123,
            "at": 1791421981386
          },
          {
            "elapsedMs": 0.4000000059604645,
            "bytes": 82900,
            "at": 1791421981422
          },
          {
            "elapsedMs": 0.29999999701976776,
            "bytes": 83128,
            "at": 1791421982760
          },
          {
            "elapsedMs": 0.10000000149011612,
            "bytes": 82904,
            "at": 1791421982768
          },
          {
            "elapsedMs": 0.3999999985098839,
            "bytes": 83123,
            "at": 1791421984156
          },
          {
            "elapsedMs": 0.3999999985098839,
            "bytes": 82898,
            "at": 1791421984171
          },
          {
            "elapsedMs": 0.29999999701976776,
            "bytes": 83152,
            "at": 1791421985672
          },
          {
            "elapsedMs": 0.29999999701976776,
            "bytes": 82927,
            "at": 1791421985709
          },
          {
            "elapsedMs": 0.6000000014901161,
            "bytes": 83129,
            "at": 1791421987054
          },
          {
            "elapsedMs": 0.19999999552965164,
            "bytes": 82904,
            "at": 1791421987083
          },
          {
            "elapsedMs": 0.7999999970197678,
            "bytes": 83127,
            "at": 1791421988440
          },
          {
            "elapsedMs": 0.20000000298023224,
            "bytes": 82902,
            "at": 1791421988469
          },
          {
            "elapsedMs": 0.6000000014901161,
            "bytes": 83110,
            "at": 1791421989900
          },
          {
            "elapsedMs": 0.19999999552965164,
            "bytes": 82885,
            "at": 1791421989912
          },
          {
            "elapsedMs": 0.29999999701976776,
            "bytes": 82885,
            "at": 1791421989976
          },
          {
            "elapsedMs": 0.29999999701976776,
            "bytes": 83097,
            "at": 1791421991153
          },
          {
            "elapsedMs": 0.30000000447034836,
            "bytes": 82885,
            "at": 1791421991196
          },
          {
            "elapsedMs": 0.20000000298023224,
            "bytes": 83122,
            "at": 1791421992821
          },
          {
            "elapsedMs": 0.20000000298023224,
            "bytes": 82897,
            "at": 1791421992852
          },
          {
            "elapsedMs": 0.20000000298023224,
            "bytes": 83146,
            "at": 1791421994220
          },
          {
            "elapsedMs": 0.30000000447034836,
            "bytes": 82921,
            "at": 1791421994263
          },
          {
            "elapsedMs": 0.6000000014901161,
            "bytes": 85042,
            "at": 1791421995591
          },
          {
            "elapsedMs": 0.29999999701976776,
            "bytes": 84686,
            "at": 1791421995602
          },
          {
            "elapsedMs": 1.3000000044703484,
            "bytes": 84898,
            "at": 1791421996857
          },
          {
            "elapsedMs": 0.5,
            "bytes": 84686,
            "at": 1791421996872
          },
          {
            "elapsedMs": 0.3999999985098839,
            "bytes": 84914,
            "at": 1791421998321
          },
          {
            "elapsedMs": 0.6000000014901161,
            "bytes": 84689,
            "at": 1791421998352
          },
          {
            "elapsedMs": 0.5,
            "bytes": 84891,
            "at": 1791421999837
          },
          {
            "elapsedMs": 0.3999999985098839,
            "bytes": 84666,
            "at": 1791421999868
          },
          {
            "elapsedMs": 0.5,
            "bytes": 84666,
            "at": 1791422000074
          },
          {
            "elapsedMs": 0.6999999955296516,
            "bytes": 84666,
            "at": 1791422001039
          },
          {
            "elapsedMs": 0.8999999985098839,
            "bytes": 84891,
            "at": 1791422001074
          },
          {
            "elapsedMs": 0.3999999985098839,
            "bytes": 84666,
            "at": 1791422001081
          },
          {
            "elapsedMs": 0.19999999552965164,
            "bytes": 84891,
            "at": 1791422001174
          },
          {
            "elapsedMs": 0.3999999985098839,
            "bytes": 84666,
            "at": 1791422001180
          },
          {
            "elapsedMs": 0.20000000298023224,
            "bytes": 84891,
            "at": 1791422001274
          },
          {
            "elapsedMs": 0.20000000298023224,
            "bytes": 84666,
            "at": 1791422001280
          },
          {
            "elapsedMs": 0.30000000447034836,
            "bytes": 84891,
            "at": 1791422001374
          },
          {
            "elapsedMs": 0.19999999552965164,
            "bytes": 84666,
            "at": 1791422001380
          },
          {
            "elapsedMs": 0.19999999552965164,
            "bytes": 84891,
            "at": 1791422001474
          },
          {
            "elapsedMs": 0.10000000149011612,
            "bytes": 84666,
            "at": 1791422001479
          },
          {
            "elapsedMs": 0.29999999701976776,
            "bytes": 84891,
            "at": 1791422001574
          },
          {
            "elapsedMs": 0.3999999985098839,
            "bytes": 84666,
            "at": 1791422001580
          },
          {
            "elapsedMs": 0.20000000298023224,
            "bytes": 84891,
            "at": 1791422001674
          },
          {
            "elapsedMs": 0.29999999701976776,
            "bytes": 84666,
            "at": 1791422001680
          },
          {
            "elapsedMs": 0.09999999403953552,
            "bytes": 84891,
            "at": 1791422001768
          },
          {
            "elapsedMs": 0.10000000149011612,
            "bytes": 84891,
            "at": 1791422001769
          },
          {
            "elapsedMs": 0.5,
            "bytes": 84666,
            "at": 1791422001804
          },
          {
            "elapsedMs": 0.6000000014901161,
            "bytes": 84878,
            "at": 1791422003087
          },
          {
            "elapsedMs": 0.4000000059604645,
            "bytes": 84666,
            "at": 1791422003105
          },
          {
            "elapsedMs": 0.6000000014901161,
            "bytes": 84903,
            "at": 1791422004604
          },
          {
            "elapsedMs": 0.5,
            "bytes": 84678,
            "at": 1791422004637
          },
          {
            "elapsedMs": 0.3999999985098839,
            "bytes": 84904,
            "at": 1791422005953
          },
          {
            "elapsedMs": 0.6999999955296516,
            "bytes": 84679,
            "at": 1791422005996
          },
          {
            "elapsedMs": 0.6000000014901161,
            "bytes": 84921,
            "at": 1791422007494
          },
          {
            "elapsedMs": 0.29999999701976776,
            "bytes": 84696,
            "at": 1791422007507
          },
          {
            "elapsedMs": 0.5,
            "bytes": 84908,
            "at": 1791422008686
          },
          {
            "elapsedMs": 0.3999999985098839,
            "bytes": 84696,
            "at": 1791422008724
          },
          {
            "elapsedMs": 0.4000000059604645,
            "bytes": 84923,
            "at": 1791422010191
          },
          {
            "elapsedMs": 0.19999999552965164,
            "bytes": 84698,
            "at": 1791422010200
          },
          {
            "elapsedMs": 0.6000000014901161,
            "bytes": 84923,
            "at": 1791422011553
          },
          {
            "elapsedMs": 0.3999999985098839,
            "bytes": 84698,
            "at": 1791422011585
          },
          {
            "elapsedMs": 0.29999999701976776,
            "bytes": 84698,
            "at": 1791422011774
          },
          {
            "elapsedMs": 0.6000000014901161,
            "bytes": 84946,
            "at": 1791422012904
          },
          {
            "elapsedMs": 0.5,
            "bytes": 84721,
            "at": 1791422012934
          },
          {
            "elapsedMs": 0.4000000059604645,
            "bytes": 84934,
            "at": 1791422014404
          },
          {
            "elapsedMs": 0.30000000447034836,
            "bytes": 84709,
            "at": 1791422014437
          },
          {
            "elapsedMs": 0.6000000014901161,
            "bytes": 84946,
            "at": 1791422015768
          },
          {
            "elapsedMs": 0.5,
            "bytes": 84721,
            "at": 1791422015797
          },
          {
            "elapsedMs": 0.4000000059604645,
            "bytes": 84721,
            "at": 1791422016953
          },
          {
            "elapsedMs": 0.30000000447034836,
            "bytes": 84946,
            "at": 1791422016974
          },
          {
            "elapsedMs": 0.30000000447034836,
            "bytes": 84721,
            "at": 1791422016978
          },
          {
            "elapsedMs": 0.29999999701976776,
            "bytes": 84946,
            "at": 1791422017074
          },
          {
            "elapsedMs": 0.29999999701976776,
            "bytes": 84721,
            "at": 1791422017079
          },
          {
            "elapsedMs": 0.30000000447034836,
            "bytes": 84946,
            "at": 1791422017174
          },
          {
            "elapsedMs": 0.20000000298023224,
            "bytes": 84721,
            "at": 1791422017179
          },
          {
            "elapsedMs": 0.29999999701976776,
            "bytes": 84946,
            "at": 1791422017274
          },
          {
            "elapsedMs": 0.29999999701976776,
            "bytes": 84721,
            "at": 1791422017279
          },
          {
            "elapsedMs": 0.30000000447034836,
            "bytes": 84946,
            "at": 1791422017374
          },
          {
            "elapsedMs": 0.5,
            "bytes": 84721,
            "at": 1791422017380
          },
          {
            "elapsedMs": 0.30000000447034836,
            "bytes": 84946,
            "at": 1791422017474
          },
          {
            "elapsedMs": 0.5999999940395355,
            "bytes": 84721,
            "at": 1791422017479
          },
          {
            "elapsedMs": 0.30000000447034836,
            "bytes": 84946,
            "at": 1791422017574
          },
          {
            "elapsedMs": 0.30000000447034836,
            "bytes": 84721,
            "at": 1791422017579
          },
          {
            "elapsedMs": 0.30000000447034836,
            "bytes": 84946,
            "at": 1791422017674
          },
          {
            "elapsedMs": 0.30000000447034836,
            "bytes": 84721,
            "at": 1791422017680
          },
          {
            "elapsedMs": 0.3999999985098839,
            "bytes": 84946,
            "at": 1791422017687
          },
          {
            "elapsedMs": 0.29999999701976776,
            "bytes": 84946,
            "at": 1791422017689
          },
          {
            "elapsedMs": 0.6000000014901161,
            "bytes": 84721,
            "at": 1791422017699
          },
          {
            "elapsedMs": 0.6000000014901161,
            "bytes": 84947,
            "at": 1791422019101
          },
          {
            "elapsedMs": 0.3999999985098839,
            "bytes": 84722,
            "at": 1791422019128
          },
          {
            "elapsedMs": 0.7000000029802322,
            "bytes": 84934,
            "at": 1791422020339
          },
          {
            "elapsedMs": 0.6999999955296516,
            "bytes": 84722,
            "at": 1791422020351
          },
          {
            "elapsedMs": 0.5,
            "bytes": 84934,
            "at": 1791422021935
          },
          {
            "elapsedMs": 0.30000000447034836,
            "bytes": 84709,
            "at": 1791422021964
          },
          {
            "elapsedMs": 0.3999999985098839,
            "bytes": 84930,
            "at": 1791422023337
          },
          {
            "elapsedMs": 0.7000000029802322,
            "bytes": 84705,
            "at": 1791422023378
          },
          {
            "elapsedMs": 1.1000000014901161,
            "bytes": 84924,
            "at": 1791422024687
          },
          {
            "elapsedMs": 0.3999999985098839,
            "bytes": 84699,
            "at": 1791422024725
          },
          {
            "elapsedMs": 0.5,
            "bytes": 84911,
            "at": 1791422025938
          },
          {
            "elapsedMs": 0.29999999701976776,
            "bytes": 84699,
            "at": 1791422025969
          },
          {
            "elapsedMs": 0.5,
            "bytes": 88589,
            "at": 1791422027472
          },
          {
            "elapsedMs": 0.6000000014901161,
            "bytes": 88130,
            "at": 1791422027483
          },
          {
            "elapsedMs": 0.20000000298023224,
            "bytes": 88130,
            "at": 1791422027774
          },
          {
            "elapsedMs": 0.6000000014901161,
            "bytes": 88369,
            "at": 1791422028919
          },
          {
            "elapsedMs": 0.6000000014901161,
            "bytes": 88144,
            "at": 1791422028952
          },
          {
            "elapsedMs": 0.6000000014901161,
            "bytes": 88357,
            "at": 1791422030435
          },
          {
            "elapsedMs": 0.4000000059604645,
            "bytes": 88132,
            "at": 1791422030469
          },
          {
            "elapsedMs": 0.29999999701976776,
            "bytes": 88344,
            "at": 1791422031667
          },
          {
            "elapsedMs": 0.3999999985098839,
            "bytes": 88132,
            "at": 1791422031697
          },
          {
            "elapsedMs": 0.5,
            "bytes": 88132,
            "at": 1791422033002
          },
          {
            "elapsedMs": 0.3999999985098839,
            "bytes": 88357,
            "at": 1791422033074
          },
          {
            "elapsedMs": 0.3999999985098839,
            "bytes": 88132,
            "at": 1791422033079
          },
          {
            "elapsedMs": 11.5,
            "bytes": 88357,
            "at": 1791422033185
          },
          {
            "elapsedMs": 0.4000000059604645,
            "bytes": 88132,
            "at": 1791422033191
          },
          {
            "elapsedMs": 0.3999999985098839,
            "bytes": 88357,
            "at": 1791422033274
          },
          {
            "elapsedMs": 0.29999999701976776,
            "bytes": 88132,
            "at": 1791422033280
          },
          {
            "elapsedMs": 0.6000000014901161,
            "bytes": 88357,
            "at": 1791422033374
          },
          {
            "elapsedMs": 0.3999999985098839,
            "bytes": 88132,
            "at": 1791422033381
          },
          {
            "elapsedMs": 0.3999999985098839,
            "bytes": 88357,
            "at": 1791422033474
          },
          {
            "elapsedMs": 0.3999999985098839,
            "bytes": 88132,
            "at": 1791422033480
          },
          {
            "elapsedMs": 0.6000000014901161,
            "bytes": 88357,
            "at": 1791422033574
          },
          {
            "elapsedMs": 0.30000000447034836,
            "bytes": 88132,
            "at": 1791422033580
          },
          {
            "elapsedMs": 1.1000000014901161,
            "bytes": 88357,
            "at": 1791422033677
          },
          {
            "elapsedMs": 0.3999999985098839,
            "bytes": 88132,
            "at": 1791422033683
          },
          {
            "elapsedMs": 0.29999999701976776,
            "bytes": 88357,
            "at": 1791422033752
          },
          {
            "elapsedMs": 0.30000000447034836,
            "bytes": 88357,
            "at": 1791422033754
          },
          {
            "elapsedMs": 0.3999999985098839,
            "bytes": 88132,
            "at": 1791422033766
          },
          {
            "elapsedMs": 0.5,
            "bytes": 88360,
            "at": 1791422035202
          },
          {
            "elapsedMs": 0.5,
            "bytes": 88135,
            "at": 1791422035240
          },
          {
            "elapsedMs": 0.6999999955296516,
            "bytes": 88347,
            "at": 1791422036670
          },
          {
            "elapsedMs": 0.3999999985098839,
            "bytes": 88122,
            "at": 1791422036700
          },
          {
            "elapsedMs": 0.6999999955296516,
            "bytes": 88334,
            "at": 1791422037918
          },
          {
            "elapsedMs": 0.8000000044703484,
            "bytes": 88122,
            "at": 1791422037960
          },
          {
            "elapsedMs": 1,
            "bytes": 88389,
            "at": 1791422039387
          },
          {
            "elapsedMs": 0.5,
            "bytes": 88164,
            "at": 1791422039416
          },
          {
            "elapsedMs": 0.6999999955296516,
            "bytes": 88870,
            "at": 1791422040852
          },
          {
            "elapsedMs": 5.299999997019768,
            "bytes": 88484,
            "at": 1791422040896
          },
          {
            "elapsedMs": 0.3999999985098839,
            "bytes": 88724,
            "at": 1791422042236
          },
          {
            "elapsedMs": 0.3999999985098839,
            "bytes": 88499,
            "at": 1791422042266
          },
          {
            "elapsedMs": 0.5,
            "bytes": 88736,
            "at": 1791422043685
          },
          {
            "elapsedMs": 0.3999999985098839,
            "bytes": 88511,
            "at": 1791422043728
          },
          {
            "elapsedMs": 0.5999999940395355,
            "bytes": 88511,
            "at": 1791422043774
          },
          {
            "elapsedMs": 0.5,
            "bytes": 88736,
            "at": 1791422045117
          },
          {
            "elapsedMs": 0.3999999985098839,
            "bytes": 88511,
            "at": 1791422045148
          },
          {
            "elapsedMs": 3.2000000029802322,
            "bytes": 88735,
            "at": 1791422046488
          },
          {
            "elapsedMs": 0.6000000014901161,
            "bytes": 88510,
            "at": 1791422046498
          },
          {
            "elapsedMs": 1.8000000044703484,
            "bytes": 88734,
            "at": 1791422048011
          },
          {
            "elapsedMs": 0.5,
            "bytes": 88509,
            "at": 1791422048029
          },
          {
            "elapsedMs": 0.5,
            "bytes": 88721,
            "at": 1791422049301
          },
          {
            "elapsedMs": 0.3999999985098839,
            "bytes": 88509,
            "at": 1791422049336
          },
          {
            "elapsedMs": 0.6000000014901161,
            "bytes": 88735,
            "at": 1791422051020
          },
          {
            "elapsedMs": 0.3999999985098839,
            "bytes": 88510,
            "at": 1791422051049
          },
          {
            "elapsedMs": 0.5,
            "bytes": 88735,
            "at": 1791422052439
          },
          {
            "elapsedMs": 0.5,
            "bytes": 88510,
            "at": 1791422052476
          },
          {
            "elapsedMs": 0.5,
            "bytes": 88510,
            "at": 1791422053775
          },
          {
            "elapsedMs": 0.3999999985098839,
            "bytes": 88719,
            "at": 1791422053847
          },
          {
            "elapsedMs": 0.6000000014901161,
            "bytes": 88494,
            "at": 1791422053857
          },
          {
            "elapsedMs": 0.5,
            "bytes": 88706,
            "at": 1791422055075
          },
          {
            "elapsedMs": 0.7000000029802322,
            "bytes": 88494,
            "at": 1791422055089
          },
          {
            "elapsedMs": 0.4000000059604645,
            "bytes": 90591,
            "at": 1791422056618
          },
          {
            "elapsedMs": 0.3999999985098839,
            "bytes": 90237,
            "at": 1791422056656
          },
          {
            "elapsedMs": 0.5,
            "bytes": 90470,
            "at": 1791422058185
          },
          {
            "elapsedMs": 0.5,
            "bytes": 90245,
            "at": 1791422058216
          },
          {
            "elapsedMs": 0.3999999985098839,
            "bytes": 90485,
            "at": 1791422059601
          },
          {
            "elapsedMs": 0.3999999985098839,
            "bytes": 90260,
            "at": 1791422059634
          },
          {
            "elapsedMs": 0.5,
            "bytes": 90472,
            "at": 1791422060838
          },
          {
            "elapsedMs": 0.20000000298023224,
            "bytes": 90260,
            "at": 1791422060852
          },
          {
            "elapsedMs": 0.3999999985098839,
            "bytes": 90483,
            "at": 1791422062404
          },
          {
            "elapsedMs": 0.19999999552965164,
            "bytes": 90258,
            "at": 1791422062413
          },
          {
            "elapsedMs": 1.2999999970197678,
            "bytes": 90485,
            "at": 1791422063803
          },
          {
            "elapsedMs": 0.3999999985098839,
            "bytes": 90260,
            "at": 1791422063834
          },
          {
            "elapsedMs": 0.19999999552965164,
            "bytes": 90260,
            "at": 1791422063875
          },
          {
            "elapsedMs": 0.6000000014901161,
            "bytes": 90516,
            "at": 1791422065369
          },
          {
            "elapsedMs": 0.4000000059604645,
            "bytes": 90291,
            "at": 1791422065405
          },
          {
            "elapsedMs": 1,
            "bytes": 90503,
            "at": 1791422066585
          },
          {
            "elapsedMs": 0.8000000044703484,
            "bytes": 90291,
            "at": 1791422066626
          },
          {
            "elapsedMs": 0.7000000029802322,
            "bytes": 90514,
            "at": 1791422068169
          },
          {
            "elapsedMs": 0.5,
            "bytes": 90289,
            "at": 1791422068200
          },
          {
            "elapsedMs": 0.5,
            "bytes": 90503,
            "at": 1791422069617
          },
          {
            "elapsedMs": 0.6999999955296516,
            "bytes": 90278,
            "at": 1791422069654
          },
          {
            "elapsedMs": 0.7000000029802322,
            "bytes": 90501,
            "at": 1791422071001
          },
          {
            "elapsedMs": 0.3999999985098839,
            "bytes": 90276,
            "at": 1791422071039
          },
          {
            "elapsedMs": 0.5,
            "bytes": 90504,
            "at": 1791422072584
          },
          {
            "elapsedMs": 0.5,
            "bytes": 90279,
            "at": 1791422072615
          },
          {
            "elapsedMs": 0.29999999701976776,
            "bytes": 90279,
            "at": 1791422073981
          },
          {
            "elapsedMs": 0.5,
            "bytes": 90516,
            "at": 1791422074016
          },
          {
            "elapsedMs": 0.5,
            "bytes": 90291,
            "at": 1791422074051
          },
          {
            "elapsedMs": 0.6000000014901161,
            "bytes": 90512,
            "at": 1791422075418
          },
          {
            "elapsedMs": 0.30000000447034836,
            "bytes": 90287,
            "at": 1791422075455
          },
          {
            "elapsedMs": 0.3999999985098839,
            "bytes": 90500,
            "at": 1791422076851
          },
          {
            "elapsedMs": 0.3999999985098839,
            "bytes": 90275,
            "at": 1791422076884
          },
          {
            "elapsedMs": 0.5,
            "bytes": 90487,
            "at": 1791422078089
          },
          {
            "elapsedMs": 0.20000000298023224,
            "bytes": 90275,
            "at": 1791422078098
          },
          {
            "elapsedMs": 1.2000000029802322,
            "bytes": 90952,
            "at": 1791422079785
          },
          {
            "elapsedMs": 0.5,
            "bytes": 90576,
            "at": 1791422079822
          },
          {
            "elapsedMs": 0.8999999985098839,
            "bytes": 90576,
            "at": 1791422081018
          },
          {
            "elapsedMs": 0.20000000298023224,
            "bytes": 90801,
            "at": 1791422081074
          },
          {
            "elapsedMs": 0.19999999552965164,
            "bytes": 90576,
            "at": 1791422081080
          },
          {
            "elapsedMs": 0.10000000149011612,
            "bytes": 90801,
            "at": 1791422081174
          },
          {
            "elapsedMs": 0.20000000298023224,
            "bytes": 90576,
            "at": 1791422081179
          },
          {
            "elapsedMs": 0.20000000298023224,
            "bytes": 90801,
            "at": 1791422081274
          },
          {
            "elapsedMs": 0.09999999403953552,
            "bytes": 90576,
            "at": 1791422081279
          },
          {
            "elapsedMs": 0.10000000149011612,
            "bytes": 90801,
            "at": 1791422081374
          },
          {
            "elapsedMs": 0,
            "bytes": 90576,
            "at": 1791422081379
          },
          {
            "elapsedMs": 0.29999999701976776,
            "bytes": 90801,
            "at": 1791422081474
          },
          {
            "elapsedMs": 0.5,
            "bytes": 90576,
            "at": 1791422081481
          },
          {
            "elapsedMs": 0.10000000149011612,
            "bytes": 90801,
            "at": 1791422081573
          },
          {
            "elapsedMs": 0.10000000149011612,
            "bytes": 90576,
            "at": 1791422081580
          },
          {
            "elapsedMs": 0.20000000298023224,
            "bytes": 90801,
            "at": 1791422081674
          },
          {
            "elapsedMs": 0.10000000149011612,
            "bytes": 90576,
            "at": 1791422081678
          },
          {
            "elapsedMs": 0.10000000149011612,
            "bytes": 90801,
            "at": 1791422081749
          },
          {
            "elapsedMs": 0.10000000149011612,
            "bytes": 90801,
            "at": 1791422081750
          },
          {
            "elapsedMs": 0.3999999985098839,
            "bytes": 90576,
            "at": 1791422081785
          },
          {
            "elapsedMs": 0.29999999701976776,
            "bytes": 90802,
            "at": 1791422083233
          },
          {
            "elapsedMs": 0.3999999985098839,
            "bytes": 90577,
            "at": 1791422083265
          },
          {
            "elapsedMs": 0.3999999985098839,
            "bytes": 90789,
            "at": 1791422084500
          },
          {
            "elapsedMs": 0.30000000447034836,
            "bytes": 90577,
            "at": 1791422084535
          },
          {
            "elapsedMs": 0.3999999985098839,
            "bytes": 94438,
            "at": 1791422085983
          },
          {
            "elapsedMs": 0.6000000014901161,
            "bytes": 93978,
            "at": 1791422086022
          },
          {
            "elapsedMs": 0.6000000014901161,
            "bytes": 94218,
            "at": 1791422087466
          },
          {
            "elapsedMs": 0.20000000298023224,
            "bytes": 93993,
            "at": 1791422087496
          },
          {
            "elapsedMs": 0.4000000059604645,
            "bytes": 94215,
            "at": 1791422088904
          },
          {
            "elapsedMs": 0.10000000149011612,
            "bytes": 93990,
            "at": 1791422088914
          },
          {
            "elapsedMs": 0.5,
            "bytes": 94202,
            "at": 1791422090123
          },
          {
            "elapsedMs": 0.20000000298023224,
            "bytes": 93990,
            "at": 1791422090132
          },
          {
            "elapsedMs": 0.5999999940395355,
            "bytes": 94193,
            "at": 1791422091735
          },
          {
            "elapsedMs": 0.5,
            "bytes": 93968,
            "at": 1791422091771
          },
          {
            "elapsedMs": 0.3999999985098839,
            "bytes": 93968,
            "at": 1791422091774
          },
          {
            "elapsedMs": 0.6999999955296516,
            "bytes": 94191,
            "at": 1791422093202
          },
          {
            "elapsedMs": 0.5,
            "bytes": 93966,
            "at": 1791422093238
          },
          {
            "elapsedMs": 0.3999999985098839,
            "bytes": 94223,
            "at": 1791422094717
          },
          {
            "elapsedMs": 0.3999999985098839,
            "bytes": 93998,
            "at": 1791422094751
          },
          {
            "elapsedMs": 0.29999999701976776,
            "bytes": 94210,
            "at": 1791422095999
          },
          {
            "elapsedMs": 0.29999999701976776,
            "bytes": 93998,
            "at": 1791422096039
          },
          {
            "elapsedMs": 0.29999999701976776,
            "bytes": 93998,
            "at": 1791422097364
          },
          {
            "elapsedMs": 0.20000000298023224,
            "bytes": 94223,
            "at": 1791422097377
          },
          {
            "elapsedMs": 0.20000000298023224,
            "bytes": 93998,
            "at": 1791422097381
          },
          {
            "elapsedMs": 0.19999999552965164,
            "bytes": 94319,
            "at": 1791422097474
          },
          {
            "elapsedMs": 1.3999999985098839,
            "bytes": 94094,
            "at": 1791422097485
          },
          {
            "elapsedMs": 1.3999999985098839,
            "bytes": 94319,
            "at": 1791422097575
          },
          {
            "elapsedMs": 0.10000000149011612,
            "bytes": 94094,
            "at": 1791422097581
          },
          {
            "elapsedMs": 0.20000000298023224,
            "bytes": 94319,
            "at": 1791422097675
          },
          {
            "elapsedMs": 0.20000000298023224,
            "bytes": 94094,
            "at": 1791422097680
          },
          {
            "elapsedMs": 0.20000000298023224,
            "bytes": 94319,
            "at": 1791422097774
          },
          {
            "elapsedMs": 0.10000000149011612,
            "bytes": 94094,
            "at": 1791422097780
          },
          {
            "elapsedMs": 0.4000000059604645,
            "bytes": 94319,
            "at": 1791422097874
          },
          {
            "elapsedMs": 0.20000000298023224,
            "bytes": 94094,
            "at": 1791422097880
          },
          {
            "elapsedMs": 0.20000000298023224,
            "bytes": 94319,
            "at": 1791422097974
          },
          {
            "elapsedMs": 0.10000000149011612,
            "bytes": 94094,
            "at": 1791422097979
          },
          {
            "elapsedMs": 0.19999999552965164,
            "bytes": 94319,
            "at": 1791422098074
          },
          {
            "elapsedMs": 0.20000000298023224,
            "bytes": 94094,
            "at": 1791422098097
          },
          {
            "elapsedMs": 0.10000000149011612,
            "bytes": 94319,
            "at": 1791422098114
          },
          {
            "elapsedMs": 0.09999999403953552,
            "bytes": 94319,
            "at": 1791422098116
          },
          {
            "elapsedMs": 0.5,
            "bytes": 94094,
            "at": 1791422098151
          },
          {
            "elapsedMs": 0.5,
            "bytes": 94320,
            "at": 1791422099584
          },
          {
            "elapsedMs": 1.6000000014901161,
            "bytes": 94095,
            "at": 1791422099627
          },
          {
            "elapsedMs": 0.5,
            "bytes": 94323,
            "at": 1791422101002
          },
          {
            "elapsedMs": 0.10000000149011612,
            "bytes": 94098,
            "at": 1791422101014
          },
          {
            "elapsedMs": 0.3999999985098839,
            "bytes": 94324,
            "at": 1791422102503
          },
          {
            "elapsedMs": 0.3999999985098839,
            "bytes": 94099,
            "at": 1791422102532
          },
          {
            "elapsedMs": 0.5999999940395355,
            "bytes": 94813,
            "at": 1791422103982
          },
          {
            "elapsedMs": 0.30000000447034836,
            "bytes": 94433,
            "at": 1791422104024
          },
          {
            "elapsedMs": 0.29999999701976776,
            "bytes": 94659,
            "at": 1791422105432
          },
          {
            "elapsedMs": 0.29999999701976776,
            "bytes": 94432,
            "at": 1791422105464
          },
          {
            "elapsedMs": 0.4000000059604645,
            "bytes": 94659,
            "at": 1791422106819
          },
          {
            "elapsedMs": 0.5,
            "bytes": 94432,
            "at": 1791422106860
          },
          {
            "elapsedMs": 0.5,
            "bytes": 94647,
            "at": 1791422108083
          },
          {
            "elapsedMs": 0.5,
            "bytes": 94433,
            "at": 1791422108120
          },
          {
            "elapsedMs": 0.6000000014901161,
            "bytes": 94433,
            "at": 1791422108193
          },
          {
            "elapsedMs": 0.3999999985098839,
            "bytes": 94662,
            "at": 1791422109731
          },
          {
            "elapsedMs": 0.6000000014901161,
            "bytes": 94435,
            "at": 1791422109768
          },
          {
            "elapsedMs": 1.3999999985098839,
            "bytes": 94652,
            "at": 1791422111135
          },
          {
            "elapsedMs": 0.6000000014901161,
            "bytes": 94425,
            "at": 1791422111170
          },
          {
            "elapsedMs": 0.3999999985098839,
            "bytes": 94653,
            "at": 1791422112549
          },
          {
            "elapsedMs": 0.5,
            "bytes": 94426,
            "at": 1791422112579
          },
          {
            "elapsedMs": 0.3999999985098839,
            "bytes": 94640,
            "at": 1791422113730
          },
          {
            "elapsedMs": 0.4000000059604645,
            "bytes": 94426,
            "at": 1791422113763
          },
          {
            "elapsedMs": 0.29999999701976776,
            "bytes": 96533,
            "at": 1791422115293
          },
          {
            "elapsedMs": 0.20000000298023224,
            "bytes": 96176,
            "at": 1791422115304
          },
          {
            "elapsedMs": 0.4000000059604645,
            "bytes": 97448,
            "at": 1791422116817
          },
          {
            "elapsedMs": 0.3999999985098839,
            "bytes": 96921,
            "at": 1791422116845
          },
          {
            "elapsedMs": 0.4000000059604645,
            "bytes": 97138,
            "at": 1791422118203
          },
          {
            "elapsedMs": 0.09999999403953552,
            "bytes": 96911,
            "at": 1791422118210
          },
          {
            "elapsedMs": 0.3999999985098839,
            "bytes": 96911,
            "at": 1791422118274
          },
          {
            "elapsedMs": 0.4000000059604645,
            "bytes": 97125,
            "at": 1791422119453
          },
          {
            "elapsedMs": 0.29999999701976776,
            "bytes": 96911,
            "at": 1791422119466
          },
          {
            "elapsedMs": 0.3999999985098839,
            "bytes": 97592,
            "at": 1791422120997
          },
          {
            "elapsedMs": 0.3999999985098839,
            "bytes": 97204,
            "at": 1791422121028
          },
          {
            "elapsedMs": 0.29999999701976776,
            "bytes": 97428,
            "at": 1791422122349
          },
          {
            "elapsedMs": 0.3999999985098839,
            "bytes": 97201,
            "at": 1791422122388
          },
          {
            "elapsedMs": 0.30000000447034836,
            "bytes": 97972,
            "at": 1791422123848
          },
          {
            "elapsedMs": 0.4000000059604645,
            "bytes": 97596,
            "at": 1791422123879
          },
          {
            "elapsedMs": 0.6999999955296516,
            "bytes": 97810,
            "at": 1791422125080
          },
          {
            "elapsedMs": 0.3999999985098839,
            "bytes": 97596,
            "at": 1791422125118
          },
          {
            "elapsedMs": 0.3999999985098839,
            "bytes": 97819,
            "at": 1791422126633
          },
          {
            "elapsedMs": 0.5,
            "bytes": 97592,
            "at": 1791422126670
          },
          {
            "elapsedMs": 0.5,
            "bytes": 97838,
            "at": 1791422128032
          },
          {
            "elapsedMs": 0.29999999701976776,
            "bytes": 97611,
            "at": 1791422128065
          },
          {
            "elapsedMs": 0.20000000298023224,
            "bytes": 97611,
            "at": 1791422128273
          },
          {
            "elapsedMs": 0.3999999985098839,
            "bytes": 97611,
            "at": 1791422129231
          },
          {
            "elapsedMs": 0.19999999552965164,
            "bytes": 97838,
            "at": 1791422129274
          },
          {
            "elapsedMs": 0.10000000149011612,
            "bytes": 97611,
            "at": 1791422129278
          },
          {
            "elapsedMs": 0.30000000447034836,
            "bytes": 97838,
            "at": 1791422129374
          },
          {
            "elapsedMs": 0.19999999552965164,
            "bytes": 97611,
            "at": 1791422129379
          },
          {
            "elapsedMs": 0.20000000298023224,
            "bytes": 97838,
            "at": 1791422129474
          },
          {
            "elapsedMs": 0.20000000298023224,
            "bytes": 97611,
            "at": 1791422129482
          },
          {
            "elapsedMs": 0.20000000298023224,
            "bytes": 97739,
            "at": 1791422129574
          },
          {
            "elapsedMs": 0.19999999552965164,
            "bytes": 97512,
            "at": 1791422129579
          },
          {
            "elapsedMs": 0.19999999552965164,
            "bytes": 97739,
            "at": 1791422129674
          },
          {
            "elapsedMs": 0.10000000149011612,
            "bytes": 97512,
            "at": 1791422129688
          },
          {
            "elapsedMs": 0.20000000298023224,
            "bytes": 97739,
            "at": 1791422129774
          },
          {
            "elapsedMs": 0.19999999552965164,
            "bytes": 97512,
            "at": 1791422129779
          },
          {
            "elapsedMs": 0.10000000149011612,
            "bytes": 97739,
            "at": 1791422129873
          },
          {
            "elapsedMs": 0.20000000298023224,
            "bytes": 97512,
            "at": 1791422129878
          },
          {
            "elapsedMs": 0.3999999985098839,
            "bytes": 97739,
            "at": 1791422129966
          },
          {
            "elapsedMs": 0.10000000149011612,
            "bytes": 97739,
            "at": 1791422129968
          },
          {
            "elapsedMs": 0.10000000149011612,
            "bytes": 97512,
            "at": 1791422129976
          },
          {
            "elapsedMs": 0.5,
            "bytes": 97739,
            "at": 1791422132781
          },
          {
            "elapsedMs": 0.5999999940395355,
            "bytes": 97512,
            "at": 1791422132816
          },
          {
            "elapsedMs": 0.3999999985098839,
            "bytes": 97732,
            "at": 1791422134135
          },
          {
            "elapsedMs": 0.3999999985098839,
            "bytes": 97505,
            "at": 1791422134163
          },
          {
            "elapsedMs": 0.3999999985098839,
            "bytes": 98189,
            "at": 1791422135531
          },
          {
            "elapsedMs": 0.5,
            "bytes": 97804,
            "at": 1791422135566
          },
          {
            "elapsedMs": 0.6000000014901161,
            "bytes": 98018,
            "at": 1791422136746
          },
          {
            "elapsedMs": 0.3999999985098839,
            "bytes": 97804,
            "at": 1791422136778
          },
          {
            "elapsedMs": 0.3999999985098839,
            "bytes": 98020,
            "at": 1791422138388
          },
          {
            "elapsedMs": 0.29999999701976776,
            "bytes": 97793,
            "at": 1791422138394
          },
          {
            "elapsedMs": 0.5,
            "bytes": 98628,
            "at": 1791422139782
          },
          {
            "elapsedMs": 0.29999999701976776,
            "bytes": 98245,
            "at": 1791422139820
          },
          {
            "elapsedMs": 0.10000000149011612,
            "bytes": 98245,
            "at": 1791422139974
          },
          {
            "elapsedMs": 0.7999999970197678,
            "bytes": 98488,
            "at": 1791422141166
          },
          {
            "elapsedMs": 0.5,
            "bytes": 98261,
            "at": 1791422141201
          },
          {
            "elapsedMs": 0.6000000014901161,
            "bytes": 98475,
            "at": 1791422142431
          },
          {
            "elapsedMs": 2.100000001490116,
            "bytes": 98261,
            "at": 1791422142465
          },
          {
            "elapsedMs": 0.3999999985098839,
            "bytes": 98490,
            "at": 1791422143986
          },
          {
            "elapsedMs": 0.10000000149011612,
            "bytes": 98263,
            "at": 1791422143996
          },
          {
            "elapsedMs": 0.5,
            "bytes": 102129,
            "at": 1791422145555
          },
          {
            "elapsedMs": 0.19999999552965164,
            "bytes": 101665,
            "at": 1791422145566
          },
          {
            "elapsedMs": 0.5,
            "bytes": 101903,
            "at": 1791422147052
          },
          {
            "elapsedMs": 0.3999999985098839,
            "bytes": 101676,
            "at": 1791422147059
          },
          {
            "elapsedMs": 0.30000000447034836,
            "bytes": 101890,
            "at": 1791422148298
          },
          {
            "elapsedMs": 0.19999999552965164,
            "bytes": 101676,
            "at": 1791422148307
          },
          {
            "elapsedMs": 2.2000000029802322,
            "bytes": 101676,
            "at": 1791422149976
          },
          {
            "elapsedMs": 0.19999999552965164,
            "bytes": 101896,
            "at": 1791422150029
          },
          {
            "elapsedMs": 0.5,
            "bytes": 101669,
            "at": 1791422150076
          },
          {
            "elapsedMs": 0.5,
            "bytes": 101921,
            "at": 1791422151547
          },
          {
            "elapsedMs": 0.3999999985098839,
            "bytes": 101694,
            "at": 1791422151580
          },
          {
            "elapsedMs": 0.4000000059604645,
            "bytes": 101920,
            "at": 1791422153136
          },
          {
            "elapsedMs": 0.09999999403953552,
            "bytes": 101693,
            "at": 1791422153143
          }
        ],
        "storageErrors": [],
        "unhandledRejections": []
      },
      "pageErrors": 0,
      "consoleErrors": 0,
      "requestFailures": 0,
      "httpFailures": 0
    },
    {
      "atUTC": "2026-10-08T01:16:53.400262+00:00",
      "elapsedRealSeconds": 245.62,
      "reason": "agent-turn",
      "browser": {
        "utc": "2026-10-08T01:16:53.381Z",
        "url": "http://127.0.0.1:43575/",
        "viewport": {
          "width": 1280,
          "height": 900
        },
        "worldClock": "第 2 年 春 4 日\n15:41",
        "visibleText": "≈\n≈\n≈\n≈\n≈\n≈\n≈\n≈\n≈\n≈\n≈\n≈\n≈\n≈\n≈\n≈\n≈\n≈\n≈\n░\n░\n░\n░\n░\n≈\n♣\n🌲\n♣\n♣\n♣\n♣\n♣\n♣\n🌲\n♣\n♣\n♣\n│\n♣\n♣\n🌲\n♣\n▲\n░\n░\n░\n░\n░\n≈\n♣\n♣\n♣\n🌲\n♣\n♣\n♣\n♣\n♣\n♣\n🌲\n🐺\n│\n♣\n♣\n♣\n♣\n▲\n░\n░\n░\n░\n░\n≈\n♣\n♣\n♣\n♣\n♣\n🌲\n♣\n🐺\n♣\n♣\n🏕️\n♣\n│\n♣\n♣\n♣\n♣\n▲\n░\n░\n░\n░\n░\n≈\n🌲\n♣\n♣\n♣\n🙂\n5\n♣\n♣\n🌲\n♣\n🐺\n♣\n♣\n│\n♣\n🌲\n♣\n♣\n▲\n░\n░\n░\n░\n░\n≈\n♣\n♣\n🌲\n♣\n♣\n♣\n🐺\n♣\n♣\n🌲\n♣\n♣\n│\n♣\n♣\n♣\n🌲\n▲\n⛏️\n5\n▲\n▲\n▲\n≈\n≈\n♣\n♣\n♣\n♣\n🌲\n♣\n♣\n🛡️\n5\n♣\n♣\n♣\n🌲\n│\n♣\n♣\n♣\n♣\n▲\n▲\n▲\n▲\n▲\n≈\n≈\n─\n─\n─\n─\n─\n─\n─\n─\n─\n─\n─\n─\n┼\n─\n─\n─\n─\n─\n─\n─\n─\n─\n≈\n≈\n·\n·\n·\n·\n·\n·\n·\n·\n·\n🏪\n雜貨店\n5\n·\n⚒️\n鐵匠鋪\n3\n│\n≋\n≋\n≋\n≋\n▲\n▲\n▲\n▲\n▲\n≈\n≈\n·\n·\n·\n🏠\n·\n·\n🏠\n家\n·\n·\n·\n·\n·\n│\n≋\n≋\n≋\n≋\n≋\n≋\n≋\n≋\n≋\n≈\n≈\n─\n─\n─\n─\n─\n─\n─\n─\n─\n─\n─\n─\n┼\n≋\n≋\n≋\n農田\n8\n≋\n≋\n≋\n≋\n≋\n≋\n≈\n≈\n·\n·\n🏠\n·\n·\n👨‍🌾\n🛏️\n旅店\n1\n🧺\n2\n👨‍🌾\n·\n🍺\n酒館\n5\n·\n│\n≋\n≋\n≋\n≋\n≋\n≋\n≋\n≋\n≋\n≈\n≈\n·\n·\n·\n·\n🏠\n·\n·\n·\n🏠\n·\n·\n·\n│\n≋\n≋\n≋\n≋\n≋\n≋\n≋\n≋\n≋\n≈\n≈\n·\n·\n·\n🏠\n·\n·\n·\n·\n·\n🏠\n·\n·\n│\n≋\n≋\n≋\n≋\n≋\n≋\n≋\n≋\n≋\n≈\n≈\n·\n·\n·\n·\n·\n·\n·\n·\n·\n·\n·\n·\n│\n≋\n≋\n≋\n≋\n≋\n≋\n≋\n≋\n≋\n≈\n≈\n≈\n≈\n≈\n≈\n≈\n≈\n≈\n≈\n≈\n≈\n≈\n≈\n≈\n≈\n≈\n≈\n≈\n≈\n≈\n≈\n≈\n≈\n≈\n北方森林\n橡谷 · 村莊\n東方農田\n未知之地",
        "openDialogs": [
          "┤ 旅人筆記 ├\n× Esc\n今天，想去哪裡？\n\n去東方農田種小麥，到森林伐木，或到礦場採石。素材可以賣給雜貨店。也可以走入迷霧山谷，探索廢棄礦坑。\n\n這裡沒有每日任務。居民、聚落與怪物會隨自己的時間繼續生活。\n\n讓時間往前走\n\n等待不會自動恢復生命與體力。田地會成熟、契約會到期，所有人也會衰老。\n\n等待 1 日\n度過一季\n度過一年\n同行者 · 0/2\n\n目前獨自旅行。村莊的酒館裡，或許有人願意同行。\n\n操作\n\nWASD／方向鍵移動 · Enter 互動 · Esc 選單\nC 角色 · I 物品 · L 日誌 · M 地圖\n\n開啟視窗後世界時間仍會前進，可隨時用視窗底部按鈕暫停。\n\n時間繼續前進。聚落與森林都有自己的生活。\n×\n第 2 年 春 4 日 15:41 · 生命 100 · 體力 84 · 45 金\n繼續時間"
        ],
        "localStorageBytes": 115508,
        "save": {
          "worldTime": 178061,
          "historyCount": 23,
          "eventCount": 36,
          "journalPending": 0,
          "crisisPhase": "dormant",
          "crisisSequence": 0,
          "crisisOutcome": null,
          "crisisSummary": null,
          "crisisEvents": [],
          "storageKeyPresent": true
        },
        "indexedDB": [
          {
            "name": "oakvale-play-journal",
            "counts": {
              "records": 239
            }
          }
        ]
      },
      "cdp": {
        "Memory.getDOMCounters": {
          "documents": 2,
          "nodes": 2510,
          "jsEventListeners": 502
        },
        "Runtime.getHeapUsage": {
          "usedSize": 35688564,
          "totalSize": 70414336,
          "embedderHeapUsedSize": 7664520,
          "backingStorageSize": 1881531
        },
        "Performance.getMetrics": {
          "metrics": [
            {
              "name": "Timestamp",
              "value": 58225.196408
            },
            {
              "name": "AudioHandlers",
              "value": 0
            },
            {
              "name": "AudioWorkletProcessors",
              "value": 0
            },
            {
              "name": "Documents",
              "value": 2
            },
            {
              "name": "Frames",
              "value": 1
            },
            {
              "name": "JSEventListeners",
              "value": 502
            },
            {
              "name": "LayoutObjects",
              "value": 1670
            },
            {
              "name": "MediaKeySessions",
              "value": 0
            },
            {
              "name": "MediaKeys",
              "value": 0
            },
            {
              "name": "Nodes",
              "value": 2510
            },
            {
              "name": "Resources",
              "value": 2
            },
            {
              "name": "ContextLifecycleStateObservers",
              "value": 9
            },
            {
              "name": "V8PerContextDatas",
              "value": 2
            },
            {
              "name": "WorkerGlobalScopes",
              "value": 0
            },
            {
              "name": "UACSSResources",
              "value": 0
            },
            {
              "name": "RTCPeerConnections",
              "value": 0
            },
            {
              "name": "ResourceFetchers",
              "value": 2
            },
            {
              "name": "AdSubframes",
              "value": 0
            },
            {
              "name": "DetachedScriptStates",
              "value": 0
            },
            {
              "name": "ArrayBufferContents",
              "value": 12
            },
            {
              "name": "LayoutCount",
              "value": 1040
            },
            {
              "name": "RecalcStyleCount",
              "value": 3402
            },
            {
              "name": "LayoutDuration",
              "value": 0.792665
            },
            {
              "name": "RecalcStyleDuration",
              "value": 2.079442
            },
            {
              "name": "DevToolsCommandDuration",
              "value": 15.18519
            },
            {
              "name": "ScriptDuration",
              "value": 1.249128
            },
            {
              "name": "V8CompileDuration",
              "value": 0
            },
            {
              "name": "TaskDuration",
              "value": 25.783022
            },
            {
              "name": "TaskOtherDuration",
              "value": 6.476597
            },
            {
              "name": "ThreadTime",
              "value": 24.614961
            },
            {
              "name": "ProcessTime",
              "value": 29.36
            },
            {
              "name": "JSHeapUsedSize",
              "value": 35688564
            },
            {
              "name": "JSHeapTotalSize",
              "value": 70414336
            },
            {
              "name": "FirstMeaningfulPaint",
              "value": 57980.64499
            },
            {
              "name": "DomContentLoaded",
              "value": 57980.594302
            },
            {
              "name": "NavigationStart",
              "value": 57980.260867
            }
          ]
        }
      },
      "saveLatency": {
        "writes": [
          {
            "elapsedMs": 0.3999999985098839,
            "bytes": 80357,
            "at": 1791421968806
          },
          {
            "elapsedMs": 0.09999999403953552,
            "bytes": 79962,
            "at": 1791421968861
          },
          {
            "elapsedMs": 0.10000000149011612,
            "bytes": 79962,
            "at": 1791421968939
          },
          {
            "elapsedMs": 0.20000000298023224,
            "bytes": 79961,
            "at": 1791421968940
          },
          {
            "elapsedMs": 0.5,
            "bytes": 79961,
            "at": 1791421969045
          },
          {
            "elapsedMs": 0.7000000029802322,
            "bytes": 79961,
            "at": 1791421969221
          },
          {
            "elapsedMs": 0.30000000447034836,
            "bytes": 80182,
            "at": 1791421969274
          },
          {
            "elapsedMs": 0.5,
            "bytes": 79961,
            "at": 1791421969280
          },
          {
            "elapsedMs": 0.4000000059604645,
            "bytes": 80182,
            "at": 1791421969374
          },
          {
            "elapsedMs": 0.8999999985098839,
            "bytes": 79961,
            "at": 1791421969380
          },
          {
            "elapsedMs": 0.10000000149011612,
            "bytes": 80182,
            "at": 1791421969473
          },
          {
            "elapsedMs": 0.10000000149011612,
            "bytes": 79961,
            "at": 1791421969479
          },
          {
            "elapsedMs": 0.20000000298023224,
            "bytes": 80182,
            "at": 1791421969573
          },
          {
            "elapsedMs": 0.29999999701976776,
            "bytes": 79961,
            "at": 1791421969579
          },
          {
            "elapsedMs": 0.09999999403953552,
            "bytes": 80182,
            "at": 1791421969673
          },
          {
            "elapsedMs": 0.09999999403953552,
            "bytes": 79961,
            "at": 1791421969679
          },
          {
            "elapsedMs": 0.19999999552965164,
            "bytes": 80182,
            "at": 1791421969773
          },
          {
            "elapsedMs": 0.09999999403953552,
            "bytes": 79961,
            "at": 1791421969778
          },
          {
            "elapsedMs": 0,
            "bytes": 80182,
            "at": 1791421969873
          },
          {
            "elapsedMs": 0.19999999552965164,
            "bytes": 79961,
            "at": 1791421969879
          },
          {
            "elapsedMs": 0.10000000149011612,
            "bytes": 80182,
            "at": 1791421969956
          },
          {
            "elapsedMs": 0,
            "bytes": 80182,
            "at": 1791421969957
          },
          {
            "elapsedMs": 0.3999999985098839,
            "bytes": 79961,
            "at": 1791421969969
          },
          {
            "elapsedMs": 0.3999999985098839,
            "bytes": 83757,
            "at": 1791421971660
          },
          {
            "elapsedMs": 0.19999999552965164,
            "bytes": 82810,
            "at": 1791421971670
          },
          {
            "elapsedMs": 0.3999999985098839,
            "bytes": 83032,
            "at": 1791421973005
          },
          {
            "elapsedMs": 0.20000000298023224,
            "bytes": 82809,
            "at": 1791421973017
          },
          {
            "elapsedMs": 0.29999999701976776,
            "bytes": 83020,
            "at": 1791421974259
          },
          {
            "elapsedMs": 0.5,
            "bytes": 82810,
            "at": 1791421974296
          },
          {
            "elapsedMs": 0.19999999552965164,
            "bytes": 83085,
            "at": 1791421975774
          },
          {
            "elapsedMs": 0.19999999552965164,
            "bytes": 82862,
            "at": 1791421975800
          },
          {
            "elapsedMs": 0.20000000298023224,
            "bytes": 83067,
            "at": 1791421977123
          },
          {
            "elapsedMs": 0.30000000447034836,
            "bytes": 82844,
            "at": 1791421977161
          },
          {
            "elapsedMs": 0.4000000059604645,
            "bytes": 83122,
            "at": 1791421978662
          },
          {
            "elapsedMs": 0.10000000149011612,
            "bytes": 82899,
            "at": 1791421978670
          },
          {
            "elapsedMs": 0.29999999701976776,
            "bytes": 83109,
            "at": 1791421979854
          },
          {
            "elapsedMs": 0.30000000447034836,
            "bytes": 82899,
            "at": 1791421979894
          },
          {
            "elapsedMs": 0.30000000447034836,
            "bytes": 82899,
            "at": 1791421979974
          },
          {
            "elapsedMs": 0.19999999552965164,
            "bytes": 83123,
            "at": 1791421981386
          },
          {
            "elapsedMs": 0.4000000059604645,
            "bytes": 82900,
            "at": 1791421981422
          },
          {
            "elapsedMs": 0.29999999701976776,
            "bytes": 83128,
            "at": 1791421982760
          },
          {
            "elapsedMs": 0.10000000149011612,
            "bytes": 82904,
            "at": 1791421982768
          },
          {
            "elapsedMs": 0.3999999985098839,
            "bytes": 83123,
            "at": 1791421984156
          },
          {
            "elapsedMs": 0.3999999985098839,
            "bytes": 82898,
            "at": 1791421984171
          },
          {
            "elapsedMs": 0.29999999701976776,
            "bytes": 83152,
            "at": 1791421985672
          },
          {
            "elapsedMs": 0.29999999701976776,
            "bytes": 82927,
            "at": 1791421985709
          },
          {
            "elapsedMs": 0.6000000014901161,
            "bytes": 83129,
            "at": 1791421987054
          },
          {
            "elapsedMs": 0.19999999552965164,
            "bytes": 82904,
            "at": 1791421987083
          },
          {
            "elapsedMs": 0.7999999970197678,
            "bytes": 83127,
            "at": 1791421988440
          },
          {
            "elapsedMs": 0.20000000298023224,
            "bytes": 82902,
            "at": 1791421988469
          },
          {
            "elapsedMs": 0.6000000014901161,
            "bytes": 83110,
            "at": 1791421989900
          },
          {
            "elapsedMs": 0.19999999552965164,
            "bytes": 82885,
            "at": 1791421989912
          },
          {
            "elapsedMs": 0.29999999701976776,
            "bytes": 82885,
            "at": 1791421989976
          },
          {
            "elapsedMs": 0.29999999701976776,
            "bytes": 83097,
            "at": 1791421991153
          },
          {
            "elapsedMs": 0.30000000447034836,
            "bytes": 82885,
            "at": 1791421991196
          },
          {
            "elapsedMs": 0.20000000298023224,
            "bytes": 83122,
            "at": 1791421992821
          },
          {
            "elapsedMs": 0.20000000298023224,
            "bytes": 82897,
            "at": 1791421992852
          },
          {
            "elapsedMs": 0.20000000298023224,
            "bytes": 83146,
            "at": 1791421994220
          },
          {
            "elapsedMs": 0.30000000447034836,
            "bytes": 82921,
            "at": 1791421994263
          },
          {
            "elapsedMs": 0.6000000014901161,
            "bytes": 85042,
            "at": 1791421995591
          },
          {
            "elapsedMs": 0.29999999701976776,
            "bytes": 84686,
            "at": 1791421995602
          },
          {
            "elapsedMs": 1.3000000044703484,
            "bytes": 84898,
            "at": 1791421996857
          },
          {
            "elapsedMs": 0.5,
            "bytes": 84686,
            "at": 1791421996872
          },
          {
            "elapsedMs": 0.3999999985098839,
            "bytes": 84914,
            "at": 1791421998321
          },
          {
            "elapsedMs": 0.6000000014901161,
            "bytes": 84689,
            "at": 1791421998352
          },
          {
            "elapsedMs": 0.5,
            "bytes": 84891,
            "at": 1791421999837
          },
          {
            "elapsedMs": 0.3999999985098839,
            "bytes": 84666,
            "at": 1791421999868
          },
          {
            "elapsedMs": 0.5,
            "bytes": 84666,
            "at": 1791422000074
          },
          {
            "elapsedMs": 0.6999999955296516,
            "bytes": 84666,
            "at": 1791422001039
          },
          {
            "elapsedMs": 0.8999999985098839,
            "bytes": 84891,
            "at": 1791422001074
          },
          {
            "elapsedMs": 0.3999999985098839,
            "bytes": 84666,
            "at": 1791422001081
          },
          {
            "elapsedMs": 0.19999999552965164,
            "bytes": 84891,
            "at": 1791422001174
          },
          {
            "elapsedMs": 0.3999999985098839,
            "bytes": 84666,
            "at": 1791422001180
          },
          {
            "elapsedMs": 0.20000000298023224,
            "bytes": 84891,
            "at": 1791422001274
          },
          {
            "elapsedMs": 0.20000000298023224,
            "bytes": 84666,
            "at": 1791422001280
          },
          {
            "elapsedMs": 0.30000000447034836,
            "bytes": 84891,
            "at": 1791422001374
          },
          {
            "elapsedMs": 0.19999999552965164,
            "bytes": 84666,
            "at": 1791422001380
          },
          {
            "elapsedMs": 0.19999999552965164,
            "bytes": 84891,
            "at": 1791422001474
          },
          {
            "elapsedMs": 0.10000000149011612,
            "bytes": 84666,
            "at": 1791422001479
          },
          {
            "elapsedMs": 0.29999999701976776,
            "bytes": 84891,
            "at": 1791422001574
          },
          {
            "elapsedMs": 0.3999999985098839,
            "bytes": 84666,
            "at": 1791422001580
          },
          {
            "elapsedMs": 0.20000000298023224,
            "bytes": 84891,
            "at": 1791422001674
          },
          {
            "elapsedMs": 0.29999999701976776,
            "bytes": 84666,
            "at": 1791422001680
          },
          {
            "elapsedMs": 0.09999999403953552,
            "bytes": 84891,
            "at": 1791422001768
          },
          {
            "elapsedMs": 0.10000000149011612,
            "bytes": 84891,
            "at": 1791422001769
          },
          {
            "elapsedMs": 0.5,
            "bytes": 84666,
            "at": 1791422001804
          },
          {
            "elapsedMs": 0.6000000014901161,
            "bytes": 84878,
            "at": 1791422003087
          },
          {
            "elapsedMs": 0.4000000059604645,
            "bytes": 84666,
            "at": 1791422003105
          },
          {
            "elapsedMs": 0.6000000014901161,
            "bytes": 84903,
            "at": 1791422004604
          },
          {
            "elapsedMs": 0.5,
            "bytes": 84678,
            "at": 1791422004637
          },
          {
            "elapsedMs": 0.3999999985098839,
            "bytes": 84904,
            "at": 1791422005953
          },
          {
            "elapsedMs": 0.6999999955296516,
            "bytes": 84679,
            "at": 1791422005996
          },
          {
            "elapsedMs": 0.6000000014901161,
            "bytes": 84921,
            "at": 1791422007494
          },
          {
            "elapsedMs": 0.29999999701976776,
            "bytes": 84696,
            "at": 1791422007507
          },
          {
            "elapsedMs": 0.5,
            "bytes": 84908,
            "at": 1791422008686
          },
          {
            "elapsedMs": 0.3999999985098839,
            "bytes": 84696,
            "at": 1791422008724
          },
          {
            "elapsedMs": 0.4000000059604645,
            "bytes": 84923,
            "at": 1791422010191
          },
          {
            "elapsedMs": 0.19999999552965164,
            "bytes": 84698,
            "at": 1791422010200
          },
          {
            "elapsedMs": 0.6000000014901161,
            "bytes": 84923,
            "at": 1791422011553
          },
          {
            "elapsedMs": 0.3999999985098839,
            "bytes": 84698,
            "at": 1791422011585
          },
          {
            "elapsedMs": 0.29999999701976776,
            "bytes": 84698,
            "at": 1791422011774
          },
          {
            "elapsedMs": 0.6000000014901161,
            "bytes": 84946,
            "at": 1791422012904
          },
          {
            "elapsedMs": 0.5,
            "bytes": 84721,
            "at": 1791422012934
          },
          {
            "elapsedMs": 0.4000000059604645,
            "bytes": 84934,
            "at": 1791422014404
          },
          {
            "elapsedMs": 0.30000000447034836,
            "bytes": 84709,
            "at": 1791422014437
          },
          {
            "elapsedMs": 0.6000000014901161,
            "bytes": 84946,
            "at": 1791422015768
          },
          {
            "elapsedMs": 0.5,
            "bytes": 84721,
            "at": 1791422015797
          },
          {
            "elapsedMs": 0.4000000059604645,
            "bytes": 84721,
            "at": 1791422016953
          },
          {
            "elapsedMs": 0.30000000447034836,
            "bytes": 84946,
            "at": 1791422016974
          },
          {
            "elapsedMs": 0.30000000447034836,
            "bytes": 84721,
            "at": 1791422016978
          },
          {
            "elapsedMs": 0.29999999701976776,
            "bytes": 84946,
            "at": 1791422017074
          },
          {
            "elapsedMs": 0.29999999701976776,
            "bytes": 84721,
            "at": 1791422017079
          },
          {
            "elapsedMs": 0.30000000447034836,
            "bytes": 84946,
            "at": 1791422017174
          },
          {
            "elapsedMs": 0.20000000298023224,
            "bytes": 84721,
            "at": 1791422017179
          },
          {
            "elapsedMs": 0.29999999701976776,
            "bytes": 84946,
            "at": 1791422017274
          },
          {
            "elapsedMs": 0.29999999701976776,
            "bytes": 84721,
            "at": 1791422017279
          },
          {
            "elapsedMs": 0.30000000447034836,
            "bytes": 84946,
            "at": 1791422017374
          },
          {
            "elapsedMs": 0.5,
            "bytes": 84721,
            "at": 1791422017380
          },
          {
            "elapsedMs": 0.30000000447034836,
            "bytes": 84946,
            "at": 1791422017474
          },
          {
            "elapsedMs": 0.5999999940395355,
            "bytes": 84721,
            "at": 1791422017479
          },
          {
            "elapsedMs": 0.30000000447034836,
            "bytes": 84946,
            "at": 1791422017574
          },
          {
            "elapsedMs": 0.30000000447034836,
            "bytes": 84721,
            "at": 1791422017579
          },
          {
            "elapsedMs": 0.30000000447034836,
            "bytes": 84946,
            "at": 1791422017674
          },
          {
            "elapsedMs": 0.30000000447034836,
            "bytes": 84721,
            "at": 1791422017680
          },
          {
            "elapsedMs": 0.3999999985098839,
            "bytes": 84946,
            "at": 1791422017687
          },
          {
            "elapsedMs": 0.29999999701976776,
            "bytes": 84946,
            "at": 1791422017689
          },
          {
            "elapsedMs": 0.6000000014901161,
            "bytes": 84721,
            "at": 1791422017699
          },
          {
            "elapsedMs": 0.6000000014901161,
            "bytes": 84947,
            "at": 1791422019101
          },
          {
            "elapsedMs": 0.3999999985098839,
            "bytes": 84722,
            "at": 1791422019128
          },
          {
            "elapsedMs": 0.7000000029802322,
            "bytes": 84934,
            "at": 1791422020339
          },
          {
            "elapsedMs": 0.6999999955296516,
            "bytes": 84722,
            "at": 1791422020351
          },
          {
            "elapsedMs": 0.5,
            "bytes": 84934,
            "at": 1791422021935
          },
          {
            "elapsedMs": 0.30000000447034836,
            "bytes": 84709,
            "at": 1791422021964
          },
          {
            "elapsedMs": 0.3999999985098839,
            "bytes": 84930,
            "at": 1791422023337
          },
          {
            "elapsedMs": 0.7000000029802322,
            "bytes": 84705,
            "at": 1791422023378
          },
          {
            "elapsedMs": 1.1000000014901161,
            "bytes": 84924,
            "at": 1791422024687
          },
          {
            "elapsedMs": 0.3999999985098839,
            "bytes": 84699,
            "at": 1791422024725
          },
          {
            "elapsedMs": 0.5,
            "bytes": 84911,
            "at": 1791422025938
          },
          {
            "elapsedMs": 0.29999999701976776,
            "bytes": 84699,
            "at": 1791422025969
          },
          {
            "elapsedMs": 0.5,
            "bytes": 88589,
            "at": 1791422027472
          },
          {
            "elapsedMs": 0.6000000014901161,
            "bytes": 88130,
            "at": 1791422027483
          },
          {
            "elapsedMs": 0.20000000298023224,
            "bytes": 88130,
            "at": 1791422027774
          },
          {
            "elapsedMs": 0.6000000014901161,
            "bytes": 88369,
            "at": 1791422028919
          },
          {
            "elapsedMs": 0.6000000014901161,
            "bytes": 88144,
            "at": 1791422028952
          },
          {
            "elapsedMs": 0.6000000014901161,
            "bytes": 88357,
            "at": 1791422030435
          },
          {
            "elapsedMs": 0.4000000059604645,
            "bytes": 88132,
            "at": 1791422030469
          },
          {
            "elapsedMs": 0.29999999701976776,
            "bytes": 88344,
            "at": 1791422031667
          },
          {
            "elapsedMs": 0.3999999985098839,
            "bytes": 88132,
            "at": 1791422031697
          },
          {
            "elapsedMs": 0.5,
            "bytes": 88132,
            "at": 1791422033002
          },
          {
            "elapsedMs": 0.3999999985098839,
            "bytes": 88357,
            "at": 1791422033074
          },
          {
            "elapsedMs": 0.3999999985098839,
            "bytes": 88132,
            "at": 1791422033079
          },
          {
            "elapsedMs": 11.5,
            "bytes": 88357,
            "at": 1791422033185
          },
          {
            "elapsedMs": 0.4000000059604645,
            "bytes": 88132,
            "at": 1791422033191
          },
          {
            "elapsedMs": 0.3999999985098839,
            "bytes": 88357,
            "at": 1791422033274
          },
          {
            "elapsedMs": 0.29999999701976776,
            "bytes": 88132,
            "at": 1791422033280
          },
          {
            "elapsedMs": 0.6000000014901161,
            "bytes": 88357,
            "at": 1791422033374
          },
          {
            "elapsedMs": 0.3999999985098839,
            "bytes": 88132,
            "at": 1791422033381
          },
          {
            "elapsedMs": 0.3999999985098839,
            "bytes": 88357,
            "at": 1791422033474
          },
          {
            "elapsedMs": 0.3999999985098839,
            "bytes": 88132,
            "at": 1791422033480
          },
          {
            "elapsedMs": 0.6000000014901161,
            "bytes": 88357,
            "at": 1791422033574
          },
          {
            "elapsedMs": 0.30000000447034836,
            "bytes": 88132,
            "at": 1791422033580
          },
          {
            "elapsedMs": 1.1000000014901161,
            "bytes": 88357,
            "at": 1791422033677
          },
          {
            "elapsedMs": 0.3999999985098839,
            "bytes": 88132,
            "at": 1791422033683
          },
          {
            "elapsedMs": 0.29999999701976776,
            "bytes": 88357,
            "at": 1791422033752
          },
          {
            "elapsedMs": 0.30000000447034836,
            "bytes": 88357,
            "at": 1791422033754
          },
          {
            "elapsedMs": 0.3999999985098839,
            "bytes": 88132,
            "at": 1791422033766
          },
          {
            "elapsedMs": 0.5,
            "bytes": 88360,
            "at": 1791422035202
          },
          {
            "elapsedMs": 0.5,
            "bytes": 88135,
            "at": 1791422035240
          },
          {
            "elapsedMs": 0.6999999955296516,
            "bytes": 88347,
            "at": 1791422036670
          },
          {
            "elapsedMs": 0.3999999985098839,
            "bytes": 88122,
            "at": 1791422036700
          },
          {
            "elapsedMs": 0.6999999955296516,
            "bytes": 88334,
            "at": 1791422037918
          },
          {
            "elapsedMs": 0.8000000044703484,
            "bytes": 88122,
            "at": 1791422037960
          },
          {
            "elapsedMs": 1,
            "bytes": 88389,
            "at": 1791422039387
          },
          {
            "elapsedMs": 0.5,
            "bytes": 88164,
            "at": 1791422039416
          },
          {
            "elapsedMs": 0.6999999955296516,
            "bytes": 88870,
            "at": 1791422040852
          },
          {
            "elapsedMs": 5.299999997019768,
            "bytes": 88484,
            "at": 1791422040896
          },
          {
            "elapsedMs": 0.3999999985098839,
            "bytes": 88724,
            "at": 1791422042236
          },
          {
            "elapsedMs": 0.3999999985098839,
            "bytes": 88499,
            "at": 1791422042266
          },
          {
            "elapsedMs": 0.5,
            "bytes": 88736,
            "at": 1791422043685
          },
          {
            "elapsedMs": 0.3999999985098839,
            "bytes": 88511,
            "at": 1791422043728
          },
          {
            "elapsedMs": 0.5999999940395355,
            "bytes": 88511,
            "at": 1791422043774
          },
          {
            "elapsedMs": 0.5,
            "bytes": 88736,
            "at": 1791422045117
          },
          {
            "elapsedMs": 0.3999999985098839,
            "bytes": 88511,
            "at": 1791422045148
          },
          {
            "elapsedMs": 3.2000000029802322,
            "bytes": 88735,
            "at": 1791422046488
          },
          {
            "elapsedMs": 0.6000000014901161,
            "bytes": 88510,
            "at": 1791422046498
          },
          {
            "elapsedMs": 1.8000000044703484,
            "bytes": 88734,
            "at": 1791422048011
          },
          {
            "elapsedMs": 0.5,
            "bytes": 88509,
            "at": 1791422048029
          },
          {
            "elapsedMs": 0.5,
            "bytes": 88721,
            "at": 1791422049301
          },
          {
            "elapsedMs": 0.3999999985098839,
            "bytes": 88509,
            "at": 1791422049336
          },
          {
            "elapsedMs": 0.6000000014901161,
            "bytes": 88735,
            "at": 1791422051020
          },
          {
            "elapsedMs": 0.3999999985098839,
            "bytes": 88510,
            "at": 1791422051049
          },
          {
            "elapsedMs": 0.5,
            "bytes": 88735,
            "at": 1791422052439
          },
          {
            "elapsedMs": 0.5,
            "bytes": 88510,
            "at": 1791422052476
          },
          {
            "elapsedMs": 0.5,
            "bytes": 88510,
            "at": 1791422053775
          },
          {
            "elapsedMs": 0.3999999985098839,
            "bytes": 88719,
            "at": 1791422053847
          },
          {
            "elapsedMs": 0.6000000014901161,
            "bytes": 88494,
            "at": 1791422053857
          },
          {
            "elapsedMs": 0.5,
            "bytes": 88706,
            "at": 1791422055075
          },
          {
            "elapsedMs": 0.7000000029802322,
            "bytes": 88494,
            "at": 1791422055089
          },
          {
            "elapsedMs": 0.4000000059604645,
            "bytes": 90591,
            "at": 1791422056618
          },
          {
            "elapsedMs": 0.3999999985098839,
            "bytes": 90237,
            "at": 1791422056656
          },
          {
            "elapsedMs": 0.5,
            "bytes": 90470,
            "at": 1791422058185
          },
          {
            "elapsedMs": 0.5,
            "bytes": 90245,
            "at": 1791422058216
          },
          {
            "elapsedMs": 0.3999999985098839,
            "bytes": 90485,
            "at": 1791422059601
          },
          {
            "elapsedMs": 0.3999999985098839,
            "bytes": 90260,
            "at": 1791422059634
          },
          {
            "elapsedMs": 0.5,
            "bytes": 90472,
            "at": 1791422060838
          },
          {
            "elapsedMs": 0.20000000298023224,
            "bytes": 90260,
            "at": 1791422060852
          },
          {
            "elapsedMs": 0.3999999985098839,
            "bytes": 90483,
            "at": 1791422062404
          },
          {
            "elapsedMs": 0.19999999552965164,
            "bytes": 90258,
            "at": 1791422062413
          },
          {
            "elapsedMs": 1.2999999970197678,
            "bytes": 90485,
            "at": 1791422063803
          },
          {
            "elapsedMs": 0.3999999985098839,
            "bytes": 90260,
            "at": 1791422063834
          },
          {
            "elapsedMs": 0.19999999552965164,
            "bytes": 90260,
            "at": 1791422063875
          },
          {
            "elapsedMs": 0.6000000014901161,
            "bytes": 90516,
            "at": 1791422065369
          },
          {
            "elapsedMs": 0.4000000059604645,
            "bytes": 90291,
            "at": 1791422065405
          },
          {
            "elapsedMs": 1,
            "bytes": 90503,
            "at": 1791422066585
          },
          {
            "elapsedMs": 0.8000000044703484,
            "bytes": 90291,
            "at": 1791422066626
          },
          {
            "elapsedMs": 0.7000000029802322,
            "bytes": 90514,
            "at": 1791422068169
          },
          {
            "elapsedMs": 0.5,
            "bytes": 90289,
            "at": 1791422068200
          },
          {
            "elapsedMs": 0.5,
            "bytes": 90503,
            "at": 1791422069617
          },
          {
            "elapsedMs": 0.6999999955296516,
            "bytes": 90278,
            "at": 1791422069654
          },
          {
            "elapsedMs": 0.7000000029802322,
            "bytes": 90501,
            "at": 1791422071001
          },
          {
            "elapsedMs": 0.3999999985098839,
            "bytes": 90276,
            "at": 1791422071039
          },
          {
            "elapsedMs": 0.5,
            "bytes": 90504,
            "at": 1791422072584
          },
          {
            "elapsedMs": 0.5,
            "bytes": 90279,
            "at": 1791422072615
          },
          {
            "elapsedMs": 0.29999999701976776,
            "bytes": 90279,
            "at": 1791422073981
          },
          {
            "elapsedMs": 0.5,
            "bytes": 90516,
            "at": 1791422074016
          },
          {
            "elapsedMs": 0.5,
            "bytes": 90291,
            "at": 1791422074051
          },
          {
            "elapsedMs": 0.6000000014901161,
            "bytes": 90512,
            "at": 1791422075418
          },
          {
            "elapsedMs": 0.30000000447034836,
            "bytes": 90287,
            "at": 1791422075455
          },
          {
            "elapsedMs": 0.3999999985098839,
            "bytes": 90500,
            "at": 1791422076851
          },
          {
            "elapsedMs": 0.3999999985098839,
            "bytes": 90275,
            "at": 1791422076884
          },
          {
            "elapsedMs": 0.5,
            "bytes": 90487,
            "at": 1791422078089
          },
          {
            "elapsedMs": 0.20000000298023224,
            "bytes": 90275,
            "at": 1791422078098
          },
          {
            "elapsedMs": 1.2000000029802322,
            "bytes": 90952,
            "at": 1791422079785
          },
          {
            "elapsedMs": 0.5,
            "bytes": 90576,
            "at": 1791422079822
          },
          {
            "elapsedMs": 0.8999999985098839,
            "bytes": 90576,
            "at": 1791422081018
          },
          {
            "elapsedMs": 0.20000000298023224,
            "bytes": 90801,
            "at": 1791422081074
          },
          {
            "elapsedMs": 0.19999999552965164,
            "bytes": 90576,
            "at": 1791422081080
          },
          {
            "elapsedMs": 0.10000000149011612,
            "bytes": 90801,
            "at": 1791422081174
          },
          {
            "elapsedMs": 0.20000000298023224,
            "bytes": 90576,
            "at": 1791422081179
          },
          {
            "elapsedMs": 0.20000000298023224,
            "bytes": 90801,
            "at": 1791422081274
          },
          {
            "elapsedMs": 0.09999999403953552,
            "bytes": 90576,
            "at": 1791422081279
          },
          {
            "elapsedMs": 0.10000000149011612,
            "bytes": 90801,
            "at": 1791422081374
          },
          {
            "elapsedMs": 0,
            "bytes": 90576,
            "at": 1791422081379
          },
          {
            "elapsedMs": 0.29999999701976776,
            "bytes": 90801,
            "at": 1791422081474
          },
          {
            "elapsedMs": 0.5,
            "bytes": 90576,
            "at": 1791422081481
          },
          {
            "elapsedMs": 0.10000000149011612,
            "bytes": 90801,
            "at": 1791422081573
          },
          {
            "elapsedMs": 0.10000000149011612,
            "bytes": 90576,
            "at": 1791422081580
          },
          {
            "elapsedMs": 0.20000000298023224,
            "bytes": 90801,
            "at": 1791422081674
          },
          {
            "elapsedMs": 0.10000000149011612,
            "bytes": 90576,
            "at": 1791422081678
          },
          {
            "elapsedMs": 0.10000000149011612,
            "bytes": 90801,
            "at": 1791422081749
          },
          {
            "elapsedMs": 0.10000000149011612,
            "bytes": 90801,
            "at": 1791422081750
          },
          {
            "elapsedMs": 0.3999999985098839,
            "bytes": 90576,
            "at": 1791422081785
          },
          {
            "elapsedMs": 0.29999999701976776,
            "bytes": 90802,
            "at": 1791422083233
          },
          {
            "elapsedMs": 0.3999999985098839,
            "bytes": 90577,
            "at": 1791422083265
          },
          {
            "elapsedMs": 0.3999999985098839,
            "bytes": 90789,
            "at": 1791422084500
          },
          {
            "elapsedMs": 0.30000000447034836,
            "bytes": 90577,
            "at": 1791422084535
          },
          {
            "elapsedMs": 0.3999999985098839,
            "bytes": 94438,
            "at": 1791422085983
          },
          {
            "elapsedMs": 0.6000000014901161,
            "bytes": 93978,
            "at": 1791422086022
          },
          {
            "elapsedMs": 0.6000000014901161,
            "bytes": 94218,
            "at": 1791422087466
          },
          {
            "elapsedMs": 0.20000000298023224,
            "bytes": 93993,
            "at": 1791422087496
          },
          {
            "elapsedMs": 0.4000000059604645,
            "bytes": 94215,
            "at": 1791422088904
          },
          {
            "elapsedMs": 0.10000000149011612,
            "bytes": 93990,
            "at": 1791422088914
          },
          {
            "elapsedMs": 0.5,
            "bytes": 94202,
            "at": 1791422090123
          },
          {
            "elapsedMs": 0.20000000298023224,
            "bytes": 93990,
            "at": 1791422090132
          },
          {
            "elapsedMs": 0.5999999940395355,
            "bytes": 94193,
            "at": 1791422091735
          },
          {
            "elapsedMs": 0.5,
            "bytes": 93968,
            "at": 1791422091771
          },
          {
            "elapsedMs": 0.3999999985098839,
            "bytes": 93968,
            "at": 1791422091774
          },
          {
            "elapsedMs": 0.6999999955296516,
            "bytes": 94191,
            "at": 1791422093202
          },
          {
            "elapsedMs": 0.5,
            "bytes": 93966,
            "at": 1791422093238
          },
          {
            "elapsedMs": 0.3999999985098839,
            "bytes": 94223,
            "at": 1791422094717
          },
          {
            "elapsedMs": 0.3999999985098839,
            "bytes": 93998,
            "at": 1791422094751
          },
          {
            "elapsedMs": 0.29999999701976776,
            "bytes": 94210,
            "at": 1791422095999
          },
          {
            "elapsedMs": 0.29999999701976776,
            "bytes": 93998,
            "at": 1791422096039
          },
          {
            "elapsedMs": 0.29999999701976776,
            "bytes": 93998,
            "at": 1791422097364
          },
          {
            "elapsedMs": 0.20000000298023224,
            "bytes": 94223,
            "at": 1791422097377
          },
          {
            "elapsedMs": 0.20000000298023224,
            "bytes": 93998,
            "at": 1791422097381
          },
          {
            "elapsedMs": 0.19999999552965164,
            "bytes": 94319,
            "at": 1791422097474
          },
          {
            "elapsedMs": 1.3999999985098839,
            "bytes": 94094,
            "at": 1791422097485
          },
          {
            "elapsedMs": 1.3999999985098839,
            "bytes": 94319,
            "at": 1791422097575
          },
          {
            "elapsedMs": 0.10000000149011612,
            "bytes": 94094,
            "at": 1791422097581
          },
          {
            "elapsedMs": 0.20000000298023224,
            "bytes": 94319,
            "at": 1791422097675
          },
          {
            "elapsedMs": 0.20000000298023224,
            "bytes": 94094,
            "at": 1791422097680
          },
          {
            "elapsedMs": 0.20000000298023224,
            "bytes": 94319,
            "at": 1791422097774
          },
          {
            "elapsedMs": 0.10000000149011612,
            "bytes": 94094,
            "at": 1791422097780
          },
          {
            "elapsedMs": 0.4000000059604645,
            "bytes": 94319,
            "at": 1791422097874
          },
          {
            "elapsedMs": 0.20000000298023224,
            "bytes": 94094,
            "at": 1791422097880
          },
          {
            "elapsedMs": 0.20000000298023224,
            "bytes": 94319,
            "at": 1791422097974
          },
          {
            "elapsedMs": 0.10000000149011612,
            "bytes": 94094,
            "at": 1791422097979
          },
          {
            "elapsedMs": 0.19999999552965164,
            "bytes": 94319,
            "at": 1791422098074
          },
          {
            "elapsedMs": 0.20000000298023224,
            "bytes": 94094,
            "at": 1791422098097
          },
          {
            "elapsedMs": 0.10000000149011612,
            "bytes": 94319,
            "at": 1791422098114
          },
          {
            "elapsedMs": 0.09999999403953552,
            "bytes": 94319,
            "at": 1791422098116
          },
          {
            "elapsedMs": 0.5,
            "bytes": 94094,
            "at": 1791422098151
          },
          {
            "elapsedMs": 0.5,
            "bytes": 94320,
            "at": 1791422099584
          },
          {
            "elapsedMs": 1.6000000014901161,
            "bytes": 94095,
            "at": 1791422099627
          },
          {
            "elapsedMs": 0.5,
            "bytes": 94323,
            "at": 1791422101002
          },
          {
            "elapsedMs": 0.10000000149011612,
            "bytes": 94098,
            "at": 1791422101014
          },
          {
            "elapsedMs": 0.3999999985098839,
            "bytes": 94324,
            "at": 1791422102503
          },
          {
            "elapsedMs": 0.3999999985098839,
            "bytes": 94099,
            "at": 1791422102532
          },
          {
            "elapsedMs": 0.5999999940395355,
            "bytes": 94813,
            "at": 1791422103982
          },
          {
            "elapsedMs": 0.30000000447034836,
            "bytes": 94433,
            "at": 1791422104024
          },
          {
            "elapsedMs": 0.29999999701976776,
            "bytes": 94659,
            "at": 1791422105432
          },
          {
            "elapsedMs": 0.29999999701976776,
            "bytes": 94432,
            "at": 1791422105464
          },
          {
            "elapsedMs": 0.4000000059604645,
            "bytes": 94659,
            "at": 1791422106819
          },
          {
            "elapsedMs": 0.5,
            "bytes": 94432,
            "at": 1791422106860
          },
          {
            "elapsedMs": 0.5,
            "bytes": 94647,
            "at": 1791422108083
          },
          {
            "elapsedMs": 0.5,
            "bytes": 94433,
            "at": 1791422108120
          },
          {
            "elapsedMs": 0.6000000014901161,
            "bytes": 94433,
            "at": 1791422108193
          },
          {
            "elapsedMs": 0.3999999985098839,
            "bytes": 94662,
            "at": 1791422109731
          },
          {
            "elapsedMs": 0.6000000014901161,
            "bytes": 94435,
            "at": 1791422109768
          },
          {
            "elapsedMs": 1.3999999985098839,
            "bytes": 94652,
            "at": 1791422111135
          },
          {
            "elapsedMs": 0.6000000014901161,
            "bytes": 94425,
            "at": 1791422111170
          },
          {
            "elapsedMs": 0.3999999985098839,
            "bytes": 94653,
            "at": 1791422112549
          },
          {
            "elapsedMs": 0.5,
            "bytes": 94426,
            "at": 1791422112579
          },
          {
            "elapsedMs": 0.3999999985098839,
            "bytes": 94640,
            "at": 1791422113730
          },
          {
            "elapsedMs": 0.4000000059604645,
            "bytes": 94426,
            "at": 1791422113763
          },
          {
            "elapsedMs": 0.29999999701976776,
            "bytes": 96533,
            "at": 1791422115293
          },
          {
            "elapsedMs": 0.20000000298023224,
            "bytes": 96176,
            "at": 1791422115304
          },
          {
            "elapsedMs": 0.4000000059604645,
            "bytes": 97448,
            "at": 1791422116817
          },
          {
            "elapsedMs": 0.3999999985098839,
            "bytes": 96921,
            "at": 1791422116845
          },
          {
            "elapsedMs": 0.4000000059604645,
            "bytes": 97138,
            "at": 1791422118203
          },
          {
            "elapsedMs": 0.09999999403953552,
            "bytes": 96911,
            "at": 1791422118210
          },
          {
            "elapsedMs": 0.3999999985098839,
            "bytes": 96911,
            "at": 1791422118274
          },
          {
            "elapsedMs": 0.4000000059604645,
            "bytes": 97125,
            "at": 1791422119453
          },
          {
            "elapsedMs": 0.29999999701976776,
            "bytes": 96911,
            "at": 1791422119466
          },
          {
            "elapsedMs": 0.3999999985098839,
            "bytes": 97592,
            "at": 1791422120997
          },
          {
            "elapsedMs": 0.3999999985098839,
            "bytes": 97204,
            "at": 1791422121028
          },
          {
            "elapsedMs": 0.29999999701976776,
            "bytes": 97428,
            "at": 1791422122349
          },
          {
            "elapsedMs": 0.3999999985098839,
            "bytes": 97201,
            "at": 1791422122388
          },
          {
            "elapsedMs": 0.30000000447034836,
            "bytes": 97972,
            "at": 1791422123848
          },
          {
            "elapsedMs": 0.4000000059604645,
            "bytes": 97596,
            "at": 1791422123879
          },
          {
            "elapsedMs": 0.6999999955296516,
            "bytes": 97810,
            "at": 1791422125080
          },
          {
            "elapsedMs": 0.3999999985098839,
            "bytes": 97596,
            "at": 1791422125118
          },
          {
            "elapsedMs": 0.3999999985098839,
            "bytes": 97819,
            "at": 1791422126633
          },
          {
            "elapsedMs": 0.5,
            "bytes": 97592,
            "at": 1791422126670
          },
          {
            "elapsedMs": 0.5,
            "bytes": 97838,
            "at": 1791422128032
          },
          {
            "elapsedMs": 0.29999999701976776,
            "bytes": 97611,
            "at": 1791422128065
          },
          {
            "elapsedMs": 0.20000000298023224,
            "bytes": 97611,
            "at": 1791422128273
          },
          {
            "elapsedMs": 0.3999999985098839,
            "bytes": 97611,
            "at": 1791422129231
          },
          {
            "elapsedMs": 0.19999999552965164,
            "bytes": 97838,
            "at": 1791422129274
          },
          {
            "elapsedMs": 0.10000000149011612,
            "bytes": 97611,
            "at": 1791422129278
          },
          {
            "elapsedMs": 0.30000000447034836,
            "bytes": 97838,
            "at": 1791422129374
          },
          {
            "elapsedMs": 0.19999999552965164,
            "bytes": 97611,
            "at": 1791422129379
          },
          {
            "elapsedMs": 0.20000000298023224,
            "bytes": 97838,
            "at": 1791422129474
          },
          {
            "elapsedMs": 0.20000000298023224,
            "bytes": 97611,
            "at": 1791422129482
          },
          {
            "elapsedMs": 0.20000000298023224,
            "bytes": 97739,
            "at": 1791422129574
          },
          {
            "elapsedMs": 0.19999999552965164,
            "bytes": 97512,
            "at": 1791422129579
          },
          {
            "elapsedMs": 0.19999999552965164,
            "bytes": 97739,
            "at": 1791422129674
          },
          {
            "elapsedMs": 0.10000000149011612,
            "bytes": 97512,
            "at": 1791422129688
          },
          {
            "elapsedMs": 0.20000000298023224,
            "bytes": 97739,
            "at": 1791422129774
          },
          {
            "elapsedMs": 0.19999999552965164,
            "bytes": 97512,
            "at": 1791422129779
          },
          {
            "elapsedMs": 0.10000000149011612,
            "bytes": 97739,
            "at": 1791422129873
          },
          {
            "elapsedMs": 0.20000000298023224,
            "bytes": 97512,
            "at": 1791422129878
          },
          {
            "elapsedMs": 0.3999999985098839,
            "bytes": 97739,
            "at": 1791422129966
          },
          {
            "elapsedMs": 0.10000000149011612,
            "bytes": 97739,
            "at": 1791422129968
          },
          {
            "elapsedMs": 0.10000000149011612,
            "bytes": 97512,
            "at": 1791422129976
          },
          {
            "elapsedMs": 0.5,
            "bytes": 97739,
            "at": 1791422132781
          },
          {
            "elapsedMs": 0.5999999940395355,
            "bytes": 97512,
            "at": 1791422132816
          },
          {
            "elapsedMs": 0.3999999985098839,
            "bytes": 97732,
            "at": 1791422134135
          },
          {
            "elapsedMs": 0.3999999985098839,
            "bytes": 97505,
            "at": 1791422134163
          },
          {
            "elapsedMs": 0.3999999985098839,
            "bytes": 98189,
            "at": 1791422135531
          },
          {
            "elapsedMs": 0.5,
            "bytes": 97804,
            "at": 1791422135566
          },
          {
            "elapsedMs": 0.6000000014901161,
            "bytes": 98018,
            "at": 1791422136746
          },
          {
            "elapsedMs": 0.3999999985098839,
            "bytes": 97804,
            "at": 1791422136778
          },
          {
            "elapsedMs": 0.3999999985098839,
            "bytes": 98020,
            "at": 1791422138388
          },
          {
            "elapsedMs": 0.29999999701976776,
            "bytes": 97793,
            "at": 1791422138394
          },
          {
            "elapsedMs": 0.5,
            "bytes": 98628,
            "at": 1791422139782
          },
          {
            "elapsedMs": 0.29999999701976776,
            "bytes": 98245,
            "at": 1791422139820
          },
          {
            "elapsedMs": 0.10000000149011612,
            "bytes": 98245,
            "at": 1791422139974
          },
          {
            "elapsedMs": 0.7999999970197678,
            "bytes": 98488,
            "at": 1791422141166
          },
          {
            "elapsedMs": 0.5,
            "bytes": 98261,
            "at": 1791422141201
          },
          {
            "elapsedMs": 0.6000000014901161,
            "bytes": 98475,
            "at": 1791422142431
          },
          {
            "elapsedMs": 2.100000001490116,
            "bytes": 98261,
            "at": 1791422142465
          },
          {
            "elapsedMs": 0.3999999985098839,
            "bytes": 98490,
            "at": 1791422143986
          },
          {
            "elapsedMs": 0.10000000149011612,
            "bytes": 98263,
            "at": 1791422143996
          },
          {
            "elapsedMs": 0.5,
            "bytes": 102129,
            "at": 1791422145555
          },
          {
            "elapsedMs": 0.19999999552965164,
            "bytes": 101665,
            "at": 1791422145566
          },
          {
            "elapsedMs": 0.5,
            "bytes": 101903,
            "at": 1791422147052
          },
          {
            "elapsedMs": 0.3999999985098839,
            "bytes": 101676,
            "at": 1791422147059
          },
          {
            "elapsedMs": 0.30000000447034836,
            "bytes": 101890,
            "at": 1791422148298
          },
          {
            "elapsedMs": 0.19999999552965164,
            "bytes": 101676,
            "at": 1791422148307
          },
          {
            "elapsedMs": 2.2000000029802322,
            "bytes": 101676,
            "at": 1791422149976
          },
          {
            "elapsedMs": 0.19999999552965164,
            "bytes": 101896,
            "at": 1791422150029
          },
          {
            "elapsedMs": 0.5,
            "bytes": 101669,
            "at": 1791422150076
          },
          {
            "elapsedMs": 0.5,
            "bytes": 101921,
            "at": 1791422151547
          },
          {
            "elapsedMs": 0.3999999985098839,
            "bytes": 101694,
            "at": 1791422151580
          },
          {
            "elapsedMs": 0.4000000059604645,
            "bytes": 101920,
            "at": 1791422153136
          },
          {
            "elapsedMs": 0.09999999403953552,
            "bytes": 101693,
            "at": 1791422153143
          },
          {
            "elapsedMs": 0.4000000059604645,
            "bytes": 101907,
            "at": 1791422154417
          },
          {
            "elapsedMs": 0.20000000298023224,
            "bytes": 101693,
            "at": 1791422154428
          },
          {
            "elapsedMs": 0.5,
            "bytes": 101954,
            "at": 1791422156066
          },
          {
            "elapsedMs": 0.30000000447034836,
            "bytes": 101727,
            "at": 1791422156094
          },
          {
            "elapsedMs": 0.3999999985098839,
            "bytes": 101955,
            "at": 1791422157516
          },
          {
            "elapsedMs": 0.4000000059604645,
            "bytes": 101728,
            "at": 1791422157550
          },
          {
            "elapsedMs": 0.5,
            "bytes": 101954,
            "at": 1791422158899
          },
          {
            "elapsedMs": 0.3999999985098839,
            "bytes": 101727,
            "at": 1791422158932
          },
          {
            "elapsedMs": 0.20000000298023224,
            "bytes": 101727,
            "at": 1791422159973
          },
          {
            "elapsedMs": 0.6000000014901161,
            "bytes": 101955,
            "at": 1791422160447
          },
          {
            "elapsedMs": 0.30000000447034836,
            "bytes": 101728,
            "at": 1791422160495
          },
          {
            "elapsedMs": 0.5,
            "bytes": 101728,
            "at": 1791422161646
          },
          {
            "elapsedMs": 0.5,
            "bytes": 101955,
            "at": 1791422161674
          },
          {
            "elapsedMs": 0.19999999552965164,
            "bytes": 101728,
            "at": 1791422161681
          },
          {
            "elapsedMs": 0.19999999552965164,
            "bytes": 101955,
            "at": 1791422161774
          },
          {
            "elapsedMs": 0.09999999403953552,
            "bytes": 101728,
            "at": 1791422161779
          },
          {
            "elapsedMs": 0.20000000298023224,
            "bytes": 101955,
            "at": 1791422161874
          },
          {
            "elapsedMs": 0.10000000149011612,
            "bytes": 101728,
            "at": 1791422161879
          },
          {
            "elapsedMs": 0.10000000149011612,
            "bytes": 101955,
            "at": 1791422161974
          },
          {
            "elapsedMs": 0.10000000149011612,
            "bytes": 101728,
            "at": 1791422161979
          },
          {
            "elapsedMs": 0.5,
            "bytes": 101955,
            "at": 1791422162075
          },
          {
            "elapsedMs": 0.09999999403953552,
            "bytes": 101728,
            "at": 1791422162081
          },
          {
            "elapsedMs": 0.10000000149011612,
            "bytes": 101955,
            "at": 1791422162174
          },
          {
            "elapsedMs": 0.10000000149011612,
            "bytes": 101728,
            "at": 1791422162180
          },
          {
            "elapsedMs": 0.19999999552965164,
            "bytes": 101955,
            "at": 1791422162274
          },
          {
            "elapsedMs": 0.10000000149011612,
            "bytes": 101728,
            "at": 1791422162279
          },
          {
            "elapsedMs": 0,
            "bytes": 101955,
            "at": 1791422162374
          },
          {
            "elapsedMs": 0.19999999552965164,
            "bytes": 101728,
            "at": 1791422162378
          },
          {
            "elapsedMs": 0.09999999403953552,
            "bytes": 101728,
            "at": 1791422162384
          },
          {
            "elapsedMs": 0.3999999985098839,
            "bytes": 101945,
            "at": 1791422163898
          },
          {
            "elapsedMs": 0.29999999701976776,
            "bytes": 101718,
            "at": 1791422163925
          },
          {
            "elapsedMs": 0.5999999940395355,
            "bytes": 101926,
            "at": 1791422165315
          },
          {
            "elapsedMs": 0.5,
            "bytes": 101699,
            "at": 1791422165347
          },
          {
            "elapsedMs": 0.5999999940395355,
            "bytes": 101913,
            "at": 1791422166530
          },
          {
            "elapsedMs": 0.30000000447034836,
            "bytes": 101699,
            "at": 1791422166569
          },
          {
            "elapsedMs": 0.3999999985098839,
            "bytes": 101925,
            "at": 1791422168182
          },
          {
            "elapsedMs": 0.5,
            "bytes": 101698,
            "at": 1791422168221
          },
          {
            "elapsedMs": 0.5999999940395355,
            "bytes": 101924,
            "at": 1791422169579
          },
          {
            "elapsedMs": 0.3999999985098839,
            "bytes": 101697,
            "at": 1791422169610
          },
          {
            "elapsedMs": 0.4000000059604645,
            "bytes": 102356,
            "at": 1791422171012
          },
          {
            "elapsedMs": 0.30000000447034836,
            "bytes": 101986,
            "at": 1791422171053
          },
          {
            "elapsedMs": 0.3999999985098839,
            "bytes": 102200,
            "at": 1791422172212
          },
          {
            "elapsedMs": 0.7000000029802322,
            "bytes": 101986,
            "at": 1791422172257
          },
          {
            "elapsedMs": 0.3999999985098839,
            "bytes": 101986,
            "at": 1791422172391
          },
          {
            "elapsedMs": 0.5,
            "bytes": 102214,
            "at": 1791422173783
          },
          {
            "elapsedMs": 0.4000000059604645,
            "bytes": 101987,
            "at": 1791422173818
          },
          {
            "elapsedMs": 0.5,
            "bytes": 104118,
            "at": 1791422175365
          },
          {
            "elapsedMs": 0.5,
            "bytes": 103761,
            "at": 1791422175409
          },
          {
            "elapsedMs": 0.5,
            "bytes": 103998,
            "at": 1791422176763
          },
          {
            "elapsedMs": 0.29999999701976776,
            "bytes": 103771,
            "at": 1791422176800
          },
          {
            "elapsedMs": 0.5999999940395355,
            "bytes": 103985,
            "at": 1791422178048
          },
          {
            "elapsedMs": 0.3999999985098839,
            "bytes": 103771,
            "at": 1791422178092
          },
          {
            "elapsedMs": 1.8999999985098839,
            "bytes": 103998,
            "at": 1791422179665
          },
          {
            "elapsedMs": 0.3999999985098839,
            "bytes": 103771,
            "at": 1791422179695
          },
          {
            "elapsedMs": 0.3999999985098839,
            "bytes": 104478,
            "at": 1791422181064
          },
          {
            "elapsedMs": 0.20000000298023224,
            "bytes": 104089,
            "at": 1791422181108
          },
          {
            "elapsedMs": 0.5,
            "bytes": 104089,
            "at": 1791422182487
          },
          {
            "elapsedMs": 0.29999999701976776,
            "bytes": 104313,
            "at": 1791422182673
          },
          {
            "elapsedMs": 0,
            "bytes": 104086,
            "at": 1791422182680
          },
          {
            "elapsedMs": 0.5,
            "bytes": 104300,
            "at": 1791422183896
          },
          {
            "elapsedMs": 0.3999999985098839,
            "bytes": 104086,
            "at": 1791422183944
          },
          {
            "elapsedMs": 0.3999999985098839,
            "bytes": 104331,
            "at": 1791422185547
          },
          {
            "elapsedMs": 0.6000000014901161,
            "bytes": 104104,
            "at": 1791422185581
          },
          {
            "elapsedMs": 1.1000000014901161,
            "bytes": 104325,
            "at": 1791422186946
          },
          {
            "elapsedMs": 0.5,
            "bytes": 104098,
            "at": 1791422186976
          },
          {
            "elapsedMs": 0.3999999985098839,
            "bytes": 104333,
            "at": 1791422188378
          },
          {
            "elapsedMs": 0.3999999985098839,
            "bytes": 104106,
            "at": 1791422188407
          },
          {
            "elapsedMs": 0.3999999985098839,
            "bytes": 104330,
            "at": 1791422189845
          },
          {
            "elapsedMs": 0.30000000447034836,
            "bytes": 104103,
            "at": 1791422189876
          },
          {
            "elapsedMs": 0.6000000014901161,
            "bytes": 104323,
            "at": 1791422191313
          },
          {
            "elapsedMs": 0.29999999701976776,
            "bytes": 104096,
            "at": 1791422191347
          },
          {
            "elapsedMs": 0.5,
            "bytes": 104096,
            "at": 1791422192574
          },
          {
            "elapsedMs": 0.5,
            "bytes": 104328,
            "at": 1791422192780
          },
          {
            "elapsedMs": 0.5,
            "bytes": 104101,
            "at": 1791422192815
          },
          {
            "elapsedMs": 0.3999999985098839,
            "bytes": 104101,
            "at": 1791422194013
          },
          {
            "elapsedMs": 0.10000000149011612,
            "bytes": 104328,
            "at": 1791422194074
          },
          {
            "elapsedMs": 0.10000000149011612,
            "bytes": 104101,
            "at": 1791422194079
          },
          {
            "elapsedMs": 0.19999999552965164,
            "bytes": 104328,
            "at": 1791422194174
          },
          {
            "elapsedMs": 0.10000000149011612,
            "bytes": 104101,
            "at": 1791422194179
          },
          {
            "elapsedMs": 0.20000000298023224,
            "bytes": 104328,
            "at": 1791422194274
          },
          {
            "elapsedMs": 0.10000000149011612,
            "bytes": 104101,
            "at": 1791422194278
          },
          {
            "elapsedMs": 0.20000000298023224,
            "bytes": 104328,
            "at": 1791422194374
          },
          {
            "elapsedMs": 0.10000000149011612,
            "bytes": 104101,
            "at": 1791422194379
          },
          {
            "elapsedMs": 0.20000000298023224,
            "bytes": 104328,
            "at": 1791422194474
          },
          {
            "elapsedMs": 0,
            "bytes": 104101,
            "at": 1791422194478
          },
          {
            "elapsedMs": 0.10000000149011612,
            "bytes": 104328,
            "at": 1791422194574
          },
          {
            "elapsedMs": 0.10000000149011612,
            "bytes": 104101,
            "at": 1791422194578
          },
          {
            "elapsedMs": 0.29999999701976776,
            "bytes": 104328,
            "at": 1791422194675
          },
          {
            "elapsedMs": 0.3999999985098839,
            "bytes": 104101,
            "at": 1791422194682
          },
          {
            "elapsedMs": 0.19999999552965164,
            "bytes": 104328,
            "at": 1791422194761
          },
          {
            "elapsedMs": 0.20000000298023224,
            "bytes": 104328,
            "at": 1791422194763
          },
          {
            "elapsedMs": 0.5,
            "bytes": 104101,
            "at": 1791422194798
          },
          {
            "elapsedMs": 0.6000000014901161,
            "bytes": 104315,
            "at": 1791422196077
          },
          {
            "elapsedMs": 0.3999999985098839,
            "bytes": 104101,
            "at": 1791422196124
          },
          {
            "elapsedMs": 0.29999999701976776,
            "bytes": 104327,
            "at": 1791422197794
          },
          {
            "elapsedMs": 0.29999999701976776,
            "bytes": 104100,
            "at": 1791422197847
          },
          {
            "elapsedMs": 0.3999999985098839,
            "bytes": 104321,
            "at": 1791422199318
          },
          {
            "elapsedMs": 0.19999999552965164,
            "bytes": 104094,
            "at": 1791422199328
          },
          {
            "elapsedMs": 0.7999999970197678,
            "bytes": 104329,
            "at": 1791422200748
          },
          {
            "elapsedMs": 0.5,
            "bytes": 104102,
            "at": 1791422200758
          },
          {
            "elapsedMs": 0.6000000014901161,
            "bytes": 104316,
            "at": 1791422202046
          },
          {
            "elapsedMs": 0.3999999985098839,
            "bytes": 104102,
            "at": 1791422202088
          },
          {
            "elapsedMs": 0.3999999985098839,
            "bytes": 104329,
            "at": 1791422203662
          },
          {
            "elapsedMs": 0.3999999985098839,
            "bytes": 104102,
            "at": 1791422203698
          },
          {
            "elapsedMs": 0.20000000298023224,
            "bytes": 104102,
            "at": 1791422204774
          },
          {
            "elapsedMs": 0.6000000014901161,
            "bytes": 110801,
            "at": 1791422205184
          },
          {
            "elapsedMs": 0.20000000298023224,
            "bytes": 109804,
            "at": 1791422205193
          },
          {
            "elapsedMs": 0.6000000014901161,
            "bytes": 110119,
            "at": 1791422206697
          },
          {
            "elapsedMs": 0.5,
            "bytes": 109892,
            "at": 1791422206733
          },
          {
            "elapsedMs": 0.29999999701976776,
            "bytes": 110106,
            "at": 1791422207949
          },
          {
            "elapsedMs": 0.5,
            "bytes": 109892,
            "at": 1791422207996
          },
          {
            "elapsedMs": 0.8000000044703484,
            "bytes": 110626,
            "at": 1791422209630
          },
          {
            "elapsedMs": 0.7000000029802322,
            "bytes": 110229,
            "at": 1791422209644
          },
          {
            "elapsedMs": 1.1000000014901161,
            "bytes": 110229,
            "at": 1791422210862
          },
          {
            "elapsedMs": 0.10000000149011612,
            "bytes": 110456,
            "at": 1791422210974
          },
          {
            "elapsedMs": 0.3999999985098839,
            "bytes": 110229,
            "at": 1791422210979
          },
          {
            "elapsedMs": 0.20000000298023224,
            "bytes": 110456,
            "at": 1791422211074
          },
          {
            "elapsedMs": 0.10000000149011612,
            "bytes": 110229,
            "at": 1791422211081
          },
          {
            "elapsedMs": 0.20000000298023224,
            "bytes": 110456,
            "at": 1791422211174
          },
          {
            "elapsedMs": 0.20000000298023224,
            "bytes": 110229,
            "at": 1791422211179
          },
          {
            "elapsedMs": 0.19999999552965164,
            "bytes": 110456,
            "at": 1791422211274
          },
          {
            "elapsedMs": 0.09999999403953552,
            "bytes": 110229,
            "at": 1791422211280
          },
          {
            "elapsedMs": 0.30000000447034836,
            "bytes": 110456,
            "at": 1791422211374
          },
          {
            "elapsedMs": 0.09999999403953552,
            "bytes": 110229,
            "at": 1791422211381
          },
          {
            "elapsedMs": 0.10000000149011612,
            "bytes": 110456,
            "at": 1791422211474
          },
          {
            "elapsedMs": 0.10000000149011612,
            "bytes": 110229,
            "at": 1791422211479
          },
          {
            "elapsedMs": 0.19999999552965164,
            "bytes": 110456,
            "at": 1791422211576
          },
          {
            "elapsedMs": 0.30000000447034836,
            "bytes": 110229,
            "at": 1791422211583
          },
          {
            "elapsedMs": 0.29999999701976776,
            "bytes": 110456,
            "at": 1791422211612
          },
          {
            "elapsedMs": 0.20000000298023224,
            "bytes": 110456,
            "at": 1791422211614
          },
          {
            "elapsedMs": 0.30000000447034836,
            "bytes": 110229,
            "at": 1791422211627
          },
          {
            "elapsedMs": 0.5,
            "bytes": 115915,
            "at": 1791422213279
          },
          {
            "elapsedMs": 0.3999999985098839,
            "bytes": 115508,
            "at": 1791422213321
          }
        ],
        "storageErrors": [],
        "unhandledRejections": []
      },
      "pageErrors": 0,
      "consoleErrors": 0,
      "requestFailures": 0,
      "httpFailures": 0
    },
    {
      "atUTC": "2026-10-08T01:17:54.129153+00:00",
      "elapsedRealSeconds": 306.36,
      "reason": "agent-turn",
      "browser": {
        "utc": "2026-10-08T01:17:54.125Z",
        "url": "http://127.0.0.1:43575/",
        "viewport": {
          "width": 1280,
          "height": 900
        },
        "worldClock": "第 2 年 夏 4 日\n17:00",
        "visibleText": "≈\n≈\n≈\n≈\n≈\n≈\n≈\n≈\n≈\n≈\n≈\n≈\n≈\n≈\n≈\n≈\n≈\n≈\n≈\n░\n░\n░\n░\n░\n≈\n♣\n🌲\n♣\n♣\n♣\n♣\n♣\n♣\n🌲\n♣\n♣\n♣\n│\n♣\n♣\n🌲\n♣\n▲\n░\n░\n░\n░\n░\n≈\n♣\n♣\n♣\n🌲\n♣\n♣\n♣\n♣\n♣\n♣\n🌲\n🐺\n│\n♣\n♣\n♣\n♣\n▲\n░\n░\n░\n░\n░\n≈\n♣\n♣\n♣\n♣\n♣\n🌲\n♣\n🐺\n♣\n♣\n🏕️\n♣\n│\n♣\n♣\n♣\n♣\n▲\n░\n░\n░\n░\n░\n≈\n🌲\n♣\n♣\n♣\n🙂\n5\n♣\n♣\n🌲\n♣\n🐺\n♣\n♣\n│\n♣\n🌲\n♣\n♣\n▲\n░\n░\n░\n░\n░\n≈\n♣\n♣\n🌲\n♣\n♣\n♣\n🐺\n♣\n♣\n🌲\n🐺\n♣\n│\n♣\n♣\n♣\n🌲\n▲\n⛏️\n5\n▲\n▲\n▲\n≈\n≈\n♣\n♣\n♣\n♣\n🌲\n♣\n♣\n🛡️\n5\n♣\n♣\n♣\n🌲\n│\n♣\n♣\n♣\n♣\n▲\n▲\n▲\n▲\n▲\n≈\n≈\n─\n─\n─\n─\n─\n─\n─\n─\n─\n─\n─\n─\n┼\n─\n─\n─\n─\n─\n─\n─\n─\n─\n≈\n≈\n·\n·\n·\n·\n·\n·\n·\n·\n·\n🏪\n雜貨店\n5\n·\n⚒️\n鐵匠鋪\n3\n│\n≋\n≋\n≋\n≋\n▲\n▲\n▲\n▲\n▲\n≈\n≈\n·\n·\n·\n🏠\n·\n·\n🏠\n家\n·\n·\n·\n·\n·\n│\n≋\n≋\n≋\n≋\n≋\n≋\n≋\n≋\n≋\n≈\n≈\n─\n─\n─\n─\n─\n─\n─\n─\n─\n─\n─\n─\n┼\n≋\n≋\n≋\n農田\n9\n≋\n≋\n≋\n≋\n≋\n≋\n≈\n≈\n·\n·\n🏠\n·\n·\n👨‍🌾\n2\n🛏️\n旅店\n1\n🧺\n2\n👨‍🌾\n·\n🍺\n酒館\n6\n·\n│\n≋\n≋\n≋\n≋\n≋\n≋\n≋\n≋\n≋\n≈\n≈\n·\n·\n·\n·\n🏠\n·\n·\n·\n🏠\n·\n·\n·\n│\n≋\n≋\n≋\n≋\n≋\n≋\n≋\n≋\n≋\n≈\n≈\n·\n·\n·\n🏠\n·\n·\n·\n·\n·\n🏠\n·\n·\n│\n≋\n≋\n≋\n≋\n≋\n≋\n≋\n≋\n≋\n≈\n≈\n·\n·\n·\n·\n·\n·\n·\n·\n·\n·\n·\n·\n│\n≋\n≋\n≋\n≋\n≋\n≋\n≋\n≋\n≋\n≈\n≈\n≈\n≈\n≈\n≈\n≈\n≈\n≈\n≈\n≈\n≈\n≈\n≈\n≈\n≈\n≈\n≈\n≈\n≈\n≈\n≈\n≈\n≈\n≈\n北方森林\n橡谷 · 村莊\n東方農田\n未知之地",
        "openDialogs": [],
        "localStorageBytes": 122156,
        "save": {
          "worldTime": 221340,
          "historyCount": 26,
          "eventCount": 42,
          "journalPending": 0,
          "crisisPhase": "dormant",
          "crisisSequence": 0,
          "crisisOutcome": null,
          "crisisSummary": null,
          "crisisEvents": [],
          "storageKeyPresent": true
        },
        "indexedDB": [
          {
            "name": "oakvale-play-journal",
            "counts": {
              "records": 294
            }
          }
        ]
      },
      "cdp": {
        "Memory.getDOMCounters": {
          "documents": 2,
          "nodes": 2130,
          "jsEventListeners": 445
        },
        "Runtime.getHeapUsage": {
          "usedSize": 7924388,
          "totalSize": 71417856,
          "embedderHeapUsedSize": 4696832,
          "backingStorageSize": 684004
        },
        "Performance.getMetrics": {
          "metrics": [
            {
              "name": "Timestamp",
              "value": 58285.941124
            },
            {
              "name": "AudioHandlers",
              "value": 0
            },
            {
              "name": "AudioWorkletProcessors",
              "value": 0
            },
            {
              "name": "Documents",
              "value": 2
            },
            {
              "name": "Frames",
              "value": 1
            },
            {
              "name": "JSEventListeners",
              "value": 445
            },
            {
              "name": "LayoutObjects",
              "value": 1332
            },
            {
              "name": "MediaKeySessions",
              "value": 0
            },
            {
              "name": "MediaKeys",
              "value": 0
            },
            {
              "name": "Nodes",
              "value": 2130
            },
            {
              "name": "Resources",
              "value": 2
            },
            {
              "name": "ContextLifecycleStateObservers",
              "value": 8
            },
            {
              "name": "V8PerContextDatas",
              "value": 2
            },
            {
              "name": "WorkerGlobalScopes",
              "value": 0
            },
            {
              "name": "UACSSResources",
              "value": 0
            },
            {
              "name": "RTCPeerConnections",
              "value": 0
            },
            {
              "name": "ResourceFetchers",
              "value": 2
            },
            {
              "name": "AdSubframes",
              "value": 0
            },
            {
              "name": "DetachedScriptStates",
              "value": 0
            },
            {
              "name": "ArrayBufferContents",
              "value": 2
            },
            {
              "name": "LayoutCount",
              "value": 28
            },
            {
              "name": "RecalcStyleCount",
              "value": 75
            },
            {
              "name": "LayoutDuration",
              "value": 0.021635
            },
            {
              "name": "RecalcStyleDuration",
              "value": 0.047619
            },
            {
              "name": "DevToolsCommandDuration",
              "value": 0.352245
            },
            {
              "name": "ScriptDuration",
              "value": 0.086077
            },
            {
              "name": "V8CompileDuration",
              "value": 0
            },
            {
              "name": "TaskDuration",
              "value": 0.740249
            },
            {
              "name": "TaskOtherDuration",
              "value": 0.232673
            },
            {
              "name": "ThreadTime",
              "value": 0.704961
            },
            {
              "name": "ProcessTime",
              "value": 37.35
            },
            {
              "name": "JSHeapUsedSize",
              "value": 7924388
            },
            {
              "name": "JSHeapTotalSize",
              "value": 71417856
            },
            {
              "name": "FirstMeaningfulPaint",
              "value": 58281.385647
            },
            {
              "name": "DomContentLoaded",
              "value": 58281.358376
            },
            {
              "name": "NavigationStart",
              "value": 58281.262048
            }
          ]
        }
      },
      "saveLatency": {
        "writes": [
          {
            "elapsedMs": 0.7999999970197678,
            "bytes": 121670,
            "at": 1791422269572
          },
          {
            "elapsedMs": 0.6000000014901161,
            "bytes": 121897,
            "at": 1791422270031
          },
          {
            "elapsedMs": 0.20000000298023224,
            "bytes": 121670,
            "at": 1791422270039
          },
          {
            "elapsedMs": 0.30000000447034836,
            "bytes": 121897,
            "at": 1791422270530
          },
          {
            "elapsedMs": 0.29999999701976776,
            "bytes": 121670,
            "at": 1791422270540
          },
          {
            "elapsedMs": 0.5999999940395355,
            "bytes": 121903,
            "at": 1791422271011
          },
          {
            "elapsedMs": 0.29999999701976776,
            "bytes": 121676,
            "at": 1791422271025
          },
          {
            "elapsedMs": 0.19999999552965164,
            "bytes": 121903,
            "at": 1791422271028
          },
          {
            "elapsedMs": 0.3999999985098839,
            "bytes": 121676,
            "at": 1791422271066
          },
          {
            "elapsedMs": 0.19999999552965164,
            "bytes": 121903,
            "at": 1791422271529
          },
          {
            "elapsedMs": 0.29999999701976776,
            "bytes": 121676,
            "at": 1791422271540
          },
          {
            "elapsedMs": 0.3999999985098839,
            "bytes": 121903,
            "at": 1791422272029
          },
          {
            "elapsedMs": 0.4000000059604645,
            "bytes": 121676,
            "at": 1791422272036
          },
          {
            "elapsedMs": 0.3999999985098839,
            "bytes": 122456,
            "at": 1791422272510
          },
          {
            "elapsedMs": 0.4000000059604645,
            "bytes": 122684,
            "at": 1791422272547
          },
          {
            "elapsedMs": 0.20000000298023224,
            "bytes": 122307,
            "at": 1791422272556
          },
          {
            "elapsedMs": 0.19999999552965164,
            "bytes": 122080,
            "at": 1791422272560
          },
          {
            "elapsedMs": 0.3999999985098839,
            "bytes": 122307,
            "at": 1791422273029
          },
          {
            "elapsedMs": 0.3999999985098839,
            "bytes": 122080,
            "at": 1791422273037
          },
          {
            "elapsedMs": 0.20000000298023224,
            "bytes": 122307,
            "at": 1791422273529
          },
          {
            "elapsedMs": 0.3999999985098839,
            "bytes": 122080,
            "at": 1791422273539
          },
          {
            "elapsedMs": 0.6999999955296516,
            "bytes": 122383,
            "at": 1791422274030
          },
          {
            "elapsedMs": 0.3999999985098839,
            "bytes": 122156,
            "at": 1791422274072
          }
        ],
        "storageErrors": [],
        "unhandledRejections": []
      },
      "pageErrors": 0,
      "consoleErrors": 0,
      "requestFailures": 0,
      "httpFailures": 0
    },
    {
      "atUTC": "2026-10-08T01:18:54.455558+00:00",
      "elapsedRealSeconds": 366.67,
      "reason": "agent-turn",
      "browser": {
        "utc": "2026-10-08T01:18:54.446Z",
        "url": "http://127.0.0.1:43575/",
        "viewport": {
          "width": 1280,
          "height": 900
        },
        "worldClock": "第 2 年 秋 1 日\n19:18",
        "visibleText": "≈\n≈\n≈\n≈\n≈\n≈\n≈\n≈\n≈\n≈\n≈\n≈\n≈\n≈\n≈\n≈\n≈\n≈\n≈\n░\n░\n░\n░\n░\n≈\n♣\n🌲\n♣\n♣\n♣\n♣\n♣\n♣\n🌲\n♣\n♣\n♣\n│\n♣\n♣\n🌲\n♣\n▲\n░\n░\n░\n░\n░\n≈\n♣\n♣\n♣\n🌲\n♣\n♣\n♣\n♣\n♣\n♣\n🌲\n👺\n│\n♣\n♣\n♣\n♣\n▲\n░\n░\n░\n░\n░\n≈\n♣\n♣\n♣\n♣\n♣\n🌲\n♣\n👺\n♣\n♣\n♜\n♣\n│\n♣\n♣\n♣\n♣\n▲\n░\n░\n░\n░\n░\n≈\n🌲\n♣\n♣\n♣\n🙂\n♣\n♣\n🌲\n♣\n👺\n♣\n♣\n│\n♣\n🌲\n♣\n♣\n▲\n░\n░\n░\n░\n░\n≈\n♣\n♣\n🌲\n♣\n♣\n♣\n👺\n♣\n♣\n🌲\n👺\n♣\n│\n♣\n♣\n♣\n🌲\n▲\n▲\n▲\n▲\n▲\n≈\n≈\n♣\n♣\n♣\n♣\n🌲\n♣\n♣\n♣\n♣\n♣\n♣\n🌲\n│\n♣\n♣\n♣\n♣\n▲\n▲\n▲\n▲\n▲\n≈\n≈\n─\n─\n─\n─\n─\n─\n─\n─\n─\n─\n─\n─\n┼\n─\n─\n─\n─\n─\n─\n─\n─\n─\n≈\n≈\n·\n·\n·\n·\n·\n·\n·\n·\n·\n🏪\n雜貨店\n·\n⚒️\n鐵匠鋪\n│\n≋\n≋\n≋\n≋\n▲\n▲\n▲\n▲\n▲\n≈\n≈\n·\n🏠\n·\n🏠\n·\n·\n🏠\n家\n·\n·\n·\n🏠\n·\n│\n≋\n≋\n≋\n≋\n≋\n≋\n≋\n≋\n≋\n≈\n≈\n─\n─\n─\n─\n─\n─\n─\n─\n─\n👨‍🌾\n40\n─\n─\n┼\n≋\n≋\n≋\n農田\n≋\n≋\n≋\n≋\n≋\n≋\n≈\n≈\n·\n·\n🏠\n·\n·\n👨‍🌾\n2\n🛏️\n旅店\n1\n🧺\n2\n👨‍🌾\n2\n·\n🍺\n酒館\n·\n│\n≋\n≋\n≋\n≋\n≋\n≋\n≋\n≋\n≋\n≈\n≈\n·\n·\n·\n·\n🏠\n·\n·\n·\n🏠\n·\n·\n·\n│\n≋\n≋\n≋\n≋\n≋\n≋\n≋\n≋\n≋\n≈\n≈\n·\n·\n·\n🏠\n·\n·\n·\n🏠\n·\n🏠\n·\n🏠\n│\n≋\n≋\n≋\n≋\n≋\n≋\n≋\n≋\n≋\n≈\n≈\n·\n·\n·\n·\n·\n·\n·\n·\n·\n·\n·\n·\n│\n≋\n≋\n≋\n≋\n≋\n≋\n≋\n≋\n≋\n≈\n≈\n≈\n≈\n≈\n≈\n≈\n≈\n≈\n≈\n≈\n≈\n≈\n≈\n≈\n≈\n≈\n≈\n≈\n≈\n≈\n≈\n≈\n≈\n≈\n北方森林\n橡谷 · 城鎮\n東方農田\n未知之地",
        "openDialogs": [
          "┤ 旅人筆記 ├\n× Esc\n今天，想去哪裡？\n\n去東方農田種小麥，到森林伐木，或到礦場採石。素材可以賣給雜貨店。也可以走入迷霧山谷，探索廢棄礦坑。\n\n這裡沒有每日任務。居民、聚落與怪物會隨自己的時間繼續生活。\n\n讓時間往前走\n\n等待不會自動恢復生命與體力。田地會成熟、契約會到期，所有人也會衰老。\n\n等待 1 日\n度過一季\n度過一年\n同行者 · 0/2\n\n目前獨自旅行。村莊的酒館裡，或許有人願意同行。\n\n操作\n\nWASD／方向鍵移動 · Enter 互動 · Esc 選單\nC 角色 · I 物品 · L 日誌 · M 地圖\n\n開啟視窗後世界時間仍會前進，可隨時用視窗底部按鈕暫停。\n\n時間繼續前進。聚落與森林都有自己的生活。\n×\n第 2 年 秋 1 日 19:18 · 生命 100 · 體力 84 · 45 金\n繼續時間"
        ],
        "localStorageBytes": 129770,
        "save": {
          "worldTime": 260358,
          "historyCount": 34,
          "eventCount": 52,
          "journalPending": 0,
          "crisisPhase": "dormant",
          "crisisSequence": 0,
          "crisisOutcome": null,
          "crisisSummary": null,
          "crisisEvents": [],
          "storageKeyPresent": true
        },
        "indexedDB": [
          {
            "name": "oakvale-play-journal",
            "counts": {
              "records": 361
            }
          }
        ]
      },
      "cdp": {
        "Memory.getDOMCounters": {
          "documents": 2,
          "nodes": 2214,
          "jsEventListeners": 448
        },
        "Runtime.getHeapUsage": {
          "usedSize": 5812164,
          "totalSize": 67805184,
          "embedderHeapUsedSize": 4688272,
          "backingStorageSize": 3617439
        },
        "Performance.getMetrics": {
          "metrics": [
            {
              "name": "Timestamp",
              "value": 58346.259862
            },
            {
              "name": "AudioHandlers",
              "value": 0
            },
            {
              "name": "AudioWorkletProcessors",
              "value": 0
            },
            {
              "name": "Documents",
              "value": 2
            },
            {
              "name": "Frames",
              "value": 1
            },
            {
              "name": "JSEventListeners",
              "value": 448
            },
            {
              "name": "LayoutObjects",
              "value": 1386
            },
            {
              "name": "MediaKeySessions",
              "value": 0
            },
            {
              "name": "MediaKeys",
              "value": 0
            },
            {
              "name": "Nodes",
              "value": 2214
            },
            {
              "name": "Resources",
              "value": 2
            },
            {
              "name": "ContextLifecycleStateObservers",
              "value": 8
            },
            {
              "name": "V8PerContextDatas",
              "value": 2
            },
            {
              "name": "WorkerGlobalScopes",
              "value": 0
            },
            {
              "name": "UACSSResources",
              "value": 0
            },
            {
              "name": "RTCPeerConnections",
              "value": 0
            },
            {
              "name": "ResourceFetchers",
              "value": 2
            },
            {
              "name": "AdSubframes",
              "value": 0
            },
            {
              "name": "DetachedScriptStates",
              "value": 0
            },
            {
              "name": "ArrayBufferContents",
              "value": 0
            },
            {
              "name": "LayoutCount",
              "value": 266
            },
            {
              "name": "RecalcStyleCount",
              "value": 832
            },
            {
              "name": "LayoutDuration",
              "value": 0.176388
            },
            {
              "name": "RecalcStyleDuration",
              "value": 0.466986
            },
            {
              "name": "DevToolsCommandDuration",
              "value": 4.620669
            },
            {
              "name": "ScriptDuration",
              "value": 0.384014
            },
            {
              "name": "V8CompileDuration",
              "value": 0
            },
            {
              "name": "TaskDuration",
              "value": 7.431321
            },
            {
              "name": "TaskOtherDuration",
              "value": 1.783264
            },
            {
              "name": "ThreadTime",
              "value": 7.192361
            },
            {
              "name": "ProcessTime",
              "value": 45.02
            },
            {
              "name": "JSHeapUsedSize",
              "value": 5812164
            },
            {
              "name": "JSHeapTotalSize",
              "value": 67805184
            },
            {
              "name": "FirstMeaningfulPaint",
              "value": 58281.385647
            },
            {
              "name": "DomContentLoaded",
              "value": 58281.358376
            },
            {
              "name": "NavigationStart",
              "value": 58281.262048
            }
          ]
        }
      },
      "saveLatency": {
        "writes": [
          {
            "elapsedMs": 0.7999999970197678,
            "bytes": 121670,
            "at": 1791422269572
          },
          {
            "elapsedMs": 0.6000000014901161,
            "bytes": 121897,
            "at": 1791422270031
          },
          {
            "elapsedMs": 0.20000000298023224,
            "bytes": 121670,
            "at": 1791422270039
          },
          {
            "elapsedMs": 0.30000000447034836,
            "bytes": 121897,
            "at": 1791422270530
          },
          {
            "elapsedMs": 0.29999999701976776,
            "bytes": 121670,
            "at": 1791422270540
          },
          {
            "elapsedMs": 0.5999999940395355,
            "bytes": 121903,
            "at": 1791422271011
          },
          {
            "elapsedMs": 0.29999999701976776,
            "bytes": 121676,
            "at": 1791422271025
          },
          {
            "elapsedMs": 0.19999999552965164,
            "bytes": 121903,
            "at": 1791422271028
          },
          {
            "elapsedMs": 0.3999999985098839,
            "bytes": 121676,
            "at": 1791422271066
          },
          {
            "elapsedMs": 0.19999999552965164,
            "bytes": 121903,
            "at": 1791422271529
          },
          {
            "elapsedMs": 0.29999999701976776,
            "bytes": 121676,
            "at": 1791422271540
          },
          {
            "elapsedMs": 0.3999999985098839,
            "bytes": 121903,
            "at": 1791422272029
          },
          {
            "elapsedMs": 0.4000000059604645,
            "bytes": 121676,
            "at": 1791422272036
          },
          {
            "elapsedMs": 0.3999999985098839,
            "bytes": 122456,
            "at": 1791422272510
          },
          {
            "elapsedMs": 0.4000000059604645,
            "bytes": 122684,
            "at": 1791422272547
          },
          {
            "elapsedMs": 0.20000000298023224,
            "bytes": 122307,
            "at": 1791422272556
          },
          {
            "elapsedMs": 0.19999999552965164,
            "bytes": 122080,
            "at": 1791422272560
          },
          {
            "elapsedMs": 0.3999999985098839,
            "bytes": 122307,
            "at": 1791422273029
          },
          {
            "elapsedMs": 0.3999999985098839,
            "bytes": 122080,
            "at": 1791422273037
          },
          {
            "elapsedMs": 0.20000000298023224,
            "bytes": 122307,
            "at": 1791422273529
          },
          {
            "elapsedMs": 0.3999999985098839,
            "bytes": 122080,
            "at": 1791422273539
          },
          {
            "elapsedMs": 0.6999999955296516,
            "bytes": 122383,
            "at": 1791422274030
          },
          {
            "elapsedMs": 0.3999999985098839,
            "bytes": 122156,
            "at": 1791422274072
          },
          {
            "elapsedMs": 0.20000000298023224,
            "bytes": 122383,
            "at": 1791422274529
          },
          {
            "elapsedMs": 0.3999999985098839,
            "bytes": 122156,
            "at": 1791422274538
          },
          {
            "elapsedMs": 0.5,
            "bytes": 122383,
            "at": 1791422275029
          },
          {
            "elapsedMs": 0.10000000149011612,
            "bytes": 122156,
            "at": 1791422275035
          },
          {
            "elapsedMs": 0.5,
            "bytes": 122370,
            "at": 1791422275276
          },
          {
            "elapsedMs": 0.5,
            "bytes": 122156,
            "at": 1791422275292
          },
          {
            "elapsedMs": 0.5,
            "bytes": 122383,
            "at": 1791422275547
          },
          {
            "elapsedMs": 0.5,
            "bytes": 122156,
            "at": 1791422275564
          },
          {
            "elapsedMs": 0.5,
            "bytes": 122393,
            "at": 1791422276029
          },
          {
            "elapsedMs": 0.29999999701976776,
            "bytes": 122166,
            "at": 1791422276039
          },
          {
            "elapsedMs": 0.30000000447034836,
            "bytes": 122393,
            "at": 1791422276529
          },
          {
            "elapsedMs": 0.19999999552965164,
            "bytes": 122166,
            "at": 1791422276543
          },
          {
            "elapsedMs": 1.3999999985098839,
            "bytes": 122410,
            "at": 1791422277027
          },
          {
            "elapsedMs": 2.399999998509884,
            "bytes": 122638,
            "at": 1791422277067
          },
          {
            "elapsedMs": 1.8999999985098839,
            "bytes": 122410,
            "at": 1791422277082
          },
          {
            "elapsedMs": 0.20000000298023224,
            "bytes": 122183,
            "at": 1791422277084
          },
          {
            "elapsedMs": 0.20000000298023224,
            "bytes": 122410,
            "at": 1791422277529
          },
          {
            "elapsedMs": 0.20000000298023224,
            "bytes": 122183,
            "at": 1791422277534
          },
          {
            "elapsedMs": 0.5,
            "bytes": 122410,
            "at": 1791422278029
          },
          {
            "elapsedMs": 0.19999999552965164,
            "bytes": 122183,
            "at": 1791422278037
          },
          {
            "elapsedMs": 0.6000000014901161,
            "bytes": 122183,
            "at": 1791422278276
          },
          {
            "elapsedMs": 0.30000000447034836,
            "bytes": 122410,
            "at": 1791422278329
          },
          {
            "elapsedMs": 0.20000000298023224,
            "bytes": 122183,
            "at": 1791422278335
          },
          {
            "elapsedMs": 0.19999999552965164,
            "bytes": 122410,
            "at": 1791422278429
          },
          {
            "elapsedMs": 0.10000000149011612,
            "bytes": 122183,
            "at": 1791422278437
          },
          {
            "elapsedMs": 0.20000000298023224,
            "bytes": 122415,
            "at": 1791422278529
          },
          {
            "elapsedMs": 0.10000000149011612,
            "bytes": 122188,
            "at": 1791422278541
          },
          {
            "elapsedMs": 0.20000000298023224,
            "bytes": 122415,
            "at": 1791422278629
          },
          {
            "elapsedMs": 0.3999999985098839,
            "bytes": 122188,
            "at": 1791422278640
          },
          {
            "elapsedMs": 0.20000000298023224,
            "bytes": 122416,
            "at": 1791422278729
          },
          {
            "elapsedMs": 0.20000000298023224,
            "bytes": 122189,
            "at": 1791422278737
          },
          {
            "elapsedMs": 0.4000000059604645,
            "bytes": 122416,
            "at": 1791422278829
          },
          {
            "elapsedMs": 0.19999999552965164,
            "bytes": 122189,
            "at": 1791422278839
          },
          {
            "elapsedMs": 0.30000000447034836,
            "bytes": 122416,
            "at": 1791422278932
          },
          {
            "elapsedMs": 0.10000000149011612,
            "bytes": 122189,
            "at": 1791422278948
          },
          {
            "elapsedMs": 0.19999999552965164,
            "bytes": 122416,
            "at": 1791422279015
          },
          {
            "elapsedMs": 0.10000000149011612,
            "bytes": 122416,
            "at": 1791422279017
          },
          {
            "elapsedMs": 0.10000000149011612,
            "bytes": 122189,
            "at": 1791422279027
          },
          {
            "elapsedMs": 0.5,
            "bytes": 122469,
            "at": 1791422280558
          },
          {
            "elapsedMs": 0.3999999985098839,
            "bytes": 122242,
            "at": 1791422280593
          },
          {
            "elapsedMs": 0.5999999940395355,
            "bytes": 122467,
            "at": 1791422283490
          },
          {
            "elapsedMs": 0.8000000044703484,
            "bytes": 122240,
            "at": 1791422283524
          },
          {
            "elapsedMs": 0.6000000014901161,
            "bytes": 122456,
            "at": 1791422284925
          },
          {
            "elapsedMs": 0.30000000447034836,
            "bytes": 122229,
            "at": 1791422284960
          },
          {
            "elapsedMs": 0.5,
            "bytes": 122900,
            "at": 1791422286374
          },
          {
            "elapsedMs": 0.3999999985098839,
            "bytes": 122515,
            "at": 1791422286406
          },
          {
            "elapsedMs": 0.6000000014901161,
            "bytes": 122739,
            "at": 1791422287694
          },
          {
            "elapsedMs": 0.19999999552965164,
            "bytes": 122525,
            "at": 1791422287706
          },
          {
            "elapsedMs": 0.3999999985098839,
            "bytes": 122525,
            "at": 1791422289029
          },
          {
            "elapsedMs": 0.5,
            "bytes": 122751,
            "at": 1791422289474
          },
          {
            "elapsedMs": 0.6000000014901161,
            "bytes": 122524,
            "at": 1791422289506
          },
          {
            "elapsedMs": 0.29999999701976776,
            "bytes": 123842,
            "at": 1791422291010
          },
          {
            "elapsedMs": 0.6000000014901161,
            "bytes": 123296,
            "at": 1791422291053
          },
          {
            "elapsedMs": 0.3999999985098839,
            "bytes": 123990,
            "at": 1791422292441
          },
          {
            "elapsedMs": 0.3999999985098839,
            "bytes": 123611,
            "at": 1791422292474
          },
          {
            "elapsedMs": 0.6000000014901161,
            "bytes": 123825,
            "at": 1791422293724
          },
          {
            "elapsedMs": 0.19999999552965164,
            "bytes": 123611,
            "at": 1791422293740
          },
          {
            "elapsedMs": 0.3999999985098839,
            "bytes": 123611,
            "at": 1791422295155
          },
          {
            "elapsedMs": 0.29999999701976776,
            "bytes": 123838,
            "at": 1791422295230
          },
          {
            "elapsedMs": 0.29999999701976776,
            "bytes": 123611,
            "at": 1791422295238
          },
          {
            "elapsedMs": 0.29999999701976776,
            "bytes": 123838,
            "at": 1791422295329
          },
          {
            "elapsedMs": 0.29999999701976776,
            "bytes": 123611,
            "at": 1791422295338
          },
          {
            "elapsedMs": 0.20000000298023224,
            "bytes": 123899,
            "at": 1791422295429
          },
          {
            "elapsedMs": 0.10000000149011612,
            "bytes": 123672,
            "at": 1791422295437
          },
          {
            "elapsedMs": 0.20000000298023224,
            "bytes": 123899,
            "at": 1791422295529
          },
          {
            "elapsedMs": 0.10000000149011612,
            "bytes": 123672,
            "at": 1791422295534
          },
          {
            "elapsedMs": 0.20000000298023224,
            "bytes": 123899,
            "at": 1791422295629
          },
          {
            "elapsedMs": 0.20000000298023224,
            "bytes": 123672,
            "at": 1791422295635
          },
          {
            "elapsedMs": 0.20000000298023224,
            "bytes": 123899,
            "at": 1791422295728
          },
          {
            "elapsedMs": 0.3999999985098839,
            "bytes": 123672,
            "at": 1791422295736
          },
          {
            "elapsedMs": 0.3999999985098839,
            "bytes": 123899,
            "at": 1791422295829
          },
          {
            "elapsedMs": 0.30000000447034836,
            "bytes": 123672,
            "at": 1791422295836
          },
          {
            "elapsedMs": 0.3999999985098839,
            "bytes": 123899,
            "at": 1791422295907
          },
          {
            "elapsedMs": 0.09999999403953552,
            "bytes": 123899,
            "at": 1791422295908
          },
          {
            "elapsedMs": 0.6000000014901161,
            "bytes": 123672,
            "at": 1791422295948
          },
          {
            "elapsedMs": 0.5,
            "bytes": 123899,
            "at": 1791422297541
          },
          {
            "elapsedMs": 0.3999999985098839,
            "bytes": 123672,
            "at": 1791422297581
          },
          {
            "elapsedMs": 0.4000000059604645,
            "bytes": 124326,
            "at": 1791422298941
          },
          {
            "elapsedMs": 0.29999999701976776,
            "bytes": 123961,
            "at": 1791422298973
          },
          {
            "elapsedMs": 0.5,
            "bytes": 124175,
            "at": 1791422300226
          },
          {
            "elapsedMs": 0.3999999985098839,
            "bytes": 123961,
            "at": 1791422300267
          },
          {
            "elapsedMs": 0.6000000014901161,
            "bytes": 124186,
            "at": 1791422301890
          },
          {
            "elapsedMs": 0.29999999701976776,
            "bytes": 123959,
            "at": 1791422301925
          },
          {
            "elapsedMs": 0.3999999985098839,
            "bytes": 126075,
            "at": 1791422303409
          },
          {
            "elapsedMs": 0.3999999985098839,
            "bytes": 125718,
            "at": 1791422303444
          },
          {
            "elapsedMs": 0.7000000029802322,
            "bytes": 125950,
            "at": 1791422305092
          },
          {
            "elapsedMs": 0.3999999985098839,
            "bytes": 125723,
            "at": 1791422305139
          },
          {
            "elapsedMs": 0.5,
            "bytes": 125723,
            "at": 1791422305930
          },
          {
            "elapsedMs": 0.6999999955296516,
            "bytes": 125937,
            "at": 1791422306377
          },
          {
            "elapsedMs": 0.20000000298023224,
            "bytes": 125723,
            "at": 1791422306391
          },
          {
            "elapsedMs": 0.6000000014901161,
            "bytes": 125938,
            "at": 1791422308147
          },
          {
            "elapsedMs": 0.3999999985098839,
            "bytes": 125711,
            "at": 1791422308155
          },
          {
            "elapsedMs": 0.3999999985098839,
            "bytes": 125928,
            "at": 1791422309640
          },
          {
            "elapsedMs": 0.5,
            "bytes": 125701,
            "at": 1791422309676
          },
          {
            "elapsedMs": 0.5,
            "bytes": 125927,
            "at": 1791422311092
          },
          {
            "elapsedMs": 0.5,
            "bytes": 125700,
            "at": 1791422311131
          },
          {
            "elapsedMs": 0.5,
            "bytes": 125947,
            "at": 1791422312774
          },
          {
            "elapsedMs": 0.6000000014901161,
            "bytes": 125720,
            "at": 1791422312810
          },
          {
            "elapsedMs": 0.3999999985098839,
            "bytes": 125949,
            "at": 1791422314206
          },
          {
            "elapsedMs": 0.3999999985098839,
            "bytes": 125722,
            "at": 1791422314244
          },
          {
            "elapsedMs": 0.6000000014901161,
            "bytes": 125958,
            "at": 1791422315692
          },
          {
            "elapsedMs": 0.3999999985098839,
            "bytes": 125731,
            "at": 1791422315724
          },
          {
            "elapsedMs": 0.5,
            "bytes": 125731,
            "at": 1791422316029
          },
          {
            "elapsedMs": 0.5,
            "bytes": 125956,
            "at": 1791422317156
          },
          {
            "elapsedMs": 0.3999999985098839,
            "bytes": 125729,
            "at": 1791422317186
          },
          {
            "elapsedMs": 0.5,
            "bytes": 125943,
            "at": 1791422318389
          },
          {
            "elapsedMs": 0.30000000447034836,
            "bytes": 125729,
            "at": 1791422318428
          },
          {
            "elapsedMs": 0.7000000029802322,
            "bytes": 126411,
            "at": 1791422320196
          },
          {
            "elapsedMs": 0.10000000149011612,
            "bytes": 126029,
            "at": 1791422320208
          },
          {
            "elapsedMs": 0.5,
            "bytes": 126254,
            "at": 1791422321624
          },
          {
            "elapsedMs": 0.3999999985098839,
            "bytes": 126027,
            "at": 1791422321668
          },
          {
            "elapsedMs": 0.29999999701976776,
            "bytes": 126745,
            "at": 1791422323093
          },
          {
            "elapsedMs": 0.4000000059604645,
            "bytes": 126354,
            "at": 1791422323129
          },
          {
            "elapsedMs": 0.5,
            "bytes": 126568,
            "at": 1791422324347
          },
          {
            "elapsedMs": 0.20000000298023224,
            "bytes": 126354,
            "at": 1791422324355
          },
          {
            "elapsedMs": 0.5,
            "bytes": 126354,
            "at": 1791422326029
          },
          {
            "elapsedMs": 0.20000000298023224,
            "bytes": 126582,
            "at": 1791422326057
          },
          {
            "elapsedMs": 0.5,
            "bytes": 126355,
            "at": 1791422326093
          },
          {
            "elapsedMs": 0.3999999985098839,
            "bytes": 126567,
            "at": 1791422327640
          },
          {
            "elapsedMs": 0.6999999955296516,
            "bytes": 126340,
            "at": 1791422327679
          },
          {
            "elapsedMs": 0.6000000014901161,
            "bytes": 126340,
            "at": 1791422328925
          },
          {
            "elapsedMs": 0.30000000447034836,
            "bytes": 126567,
            "at": 1791422329029
          },
          {
            "elapsedMs": 0.20000000298023224,
            "bytes": 126340,
            "at": 1791422329035
          },
          {
            "elapsedMs": 0.29999999701976776,
            "bytes": 126567,
            "at": 1791422329129
          },
          {
            "elapsedMs": 0.20000000298023224,
            "bytes": 126340,
            "at": 1791422329135
          },
          {
            "elapsedMs": 0.3999999985098839,
            "bytes": 126567,
            "at": 1791422329229
          },
          {
            "elapsedMs": 0.20000000298023224,
            "bytes": 126340,
            "at": 1791422329235
          },
          {
            "elapsedMs": 0.29999999701976776,
            "bytes": 126567,
            "at": 1791422329329
          },
          {
            "elapsedMs": 0.20000000298023224,
            "bytes": 126340,
            "at": 1791422329335
          },
          {
            "elapsedMs": 0.29999999701976776,
            "bytes": 126567,
            "at": 1791422329429
          },
          {
            "elapsedMs": 0.10000000149011612,
            "bytes": 126340,
            "at": 1791422329434
          },
          {
            "elapsedMs": 0.19999999552965164,
            "bytes": 126567,
            "at": 1791422329529
          },
          {
            "elapsedMs": 0.10000000149011612,
            "bytes": 126340,
            "at": 1791422329534
          },
          {
            "elapsedMs": 0.7999999970197678,
            "bytes": 126567,
            "at": 1791422329629
          },
          {
            "elapsedMs": 0.4000000059604645,
            "bytes": 126340,
            "at": 1791422329642
          },
          {
            "elapsedMs": 0.10000000149011612,
            "bytes": 126567,
            "at": 1791422329675
          },
          {
            "elapsedMs": 0.10000000149011612,
            "bytes": 126567,
            "at": 1791422329677
          },
          {
            "elapsedMs": 0.20000000298023224,
            "bytes": 126340,
            "at": 1791422329686
          },
          {
            "elapsedMs": 0.5,
            "bytes": 126554,
            "at": 1791422331057
          },
          {
            "elapsedMs": 0.4000000059604645,
            "bytes": 126340,
            "at": 1791422331072
          },
          {
            "elapsedMs": 0.30000000447034836,
            "bytes": 126552,
            "at": 1791422332808
          },
          {
            "elapsedMs": 0.5,
            "bytes": 126325,
            "at": 1791422332848
          },
          {
            "elapsedMs": 0.6999999955296516,
            "bytes": 130234,
            "at": 1791422334324
          },
          {
            "elapsedMs": 0.3999999985098839,
            "bytes": 129770,
            "at": 1791422334376
          }
        ],
        "storageErrors": [],
        "unhandledRejections": []
      },
      "pageErrors": 0,
      "consoleErrors": 0,
      "requestFailures": 0,
      "httpFailures": 0
    },
    {
      "atUTC": "2026-10-08T01:19:55.649594+00:00",
      "elapsedRealSeconds": 427.87,
      "reason": "agent-turn",
      "browser": {
        "utc": "2026-10-08T01:19:55.632Z",
        "url": "http://127.0.0.1:43575/",
        "viewport": {
          "width": 1280,
          "height": 900
        },
        "worldClock": "第 2 年 秋 30 日\n20:51",
        "visibleText": "≈\n≈\n≈\n≈\n≈\n≈\n≈\n≈\n≈\n≈\n≈\n≈\n≈\n≈\n≈\n≈\n≈\n≈\n≈\n░\n░\n░\n░\n░\n≈\n♣\n🌲\n♣\n♣\n♣\n♣\n♣\n♣\n🌲\n♣\n♣\n♣\n│\n♣\n♣\n🌲\n♣\n▲\n░\n░\n░\n░\n░\n≈\n♣\n♣\n♣\n👺\n♣\n♣\n♣\n♣\n♣\n♣\n🌲\n👺\n│\n♣\n♣\n♣\n♣\n▲\n░\n░\n░\n░\n░\n≈\n♣\n♣\n♣\n♣\n♣\n🌲\n♣\n👺\n♣\n♣\n♜\n♣\n│\n♣\n♣\n♣\n♣\n▲\n░\n░\n░\n░\n░\n≈\n🌲\n♣\n♣\n♣\n♣\n🙂\n♣\n🌲\n♣\n👺\n♣\n👹\n│\n♣\n🌲\n♣\n♣\n▲\n░\n░\n░\n░\n░\n≈\n♣\n♣\n🌲\n♣\n♣\n♣\n👺\n♣\n♣\n🌲\n👺\n♣\n│\n♣\n♣\n♣\n🌲\n▲\n▲\n▲\n▲\n▲\n≈\n≈\n♣\n♣\n♣\n♣\n🌲\n♣\n♣\n♣\n♣\n♣\n♣\n🌲\n│\n♣\n♣\n♣\n♣\n▲\n▲\n▲\n▲\n▲\n≈\n≈\n─\n─\n─\n─\n─\n─\n─\n─\n─\n─\n─\n─\n┼\n─\n─\n─\n─\n─\n─\n─\n─\n─\n≈\n≈\n·\n·\n·\n·\n·\n·\n·\n·\n·\n🏪\n雜貨店\n·\n⚒️\n鐵匠鋪\n│\n≋\n≋\n≋\n≋\n▲\n▲\n▲\n▲\n▲\n≈\n≈\n·\n🏠\n·\n🏠\n·\n·\n🏠\n家\n·\n·\n·\n🏠\n·\n│\n≋\n≋\n≋\n≋\n≋\n≋\n≋\n≋\n≋\n≈\n≈\n─\n─\n─\n─\n─\n─\n─\n─\n─\n👨‍🌾\n41\n─\n─\n┼\n≋\n≋\n≋\n農田\n≋\n≋\n≋\n≋\n≋\n≋\n≈\n≈\n·\n·\n🏠\n·\n·\n👨‍🌾\n2\n🛏️\n旅店\n1\n🧺\n2\n👨‍🌾\n2\n·\n🍺\n酒館\n·\n│\n≋\n≋\n≋\n≋\n≋\n≋\n≋\n≋\n≋\n≈\n≈\n·\n·\n·\n·\n🏠\n·\n·\n·\n🏠\n·\n·\n·\n│\n≋\n≋\n≋\n≋\n≋\n≋\n≋\n≋\n≋\n≈\n≈\n·\n·\n·\n🏠\n·\n·\n·\n🏠\n·\n🏠\n·\n🏠\n│\n≋\n≋\n≋\n≋\n≋\n≋\n≋\n≋\n≋\n≈\n≈\n·\n·\n·\n·\n·\n·\n·\n·\n·\n·\n·\n·\n│\n≋\n≋\n≋\n≋\n≋\n≋\n≋\n≋\n≋\n≈\n≈\n≈\n≈\n≈\n≈\n≈\n≈\n≈\n≈\n≈\n≈\n≈\n≈\n≈\n≈\n≈\n≈\n≈\n≈\n≈\n≈\n≈\n≈\n≈\n北方森林\n橡谷 · 城鎮\n東方農田\n未知之地",
        "openDialogs": [
          "┤ 旅人筆記 ├\n× Esc\n今天，想去哪裡？\n\n去東方農田種小麥，到森林伐木，或到礦場採石。素材可以賣給雜貨店。也可以走入迷霧山谷，探索廢棄礦坑。\n\n這裡沒有每日任務。居民、聚落與怪物會隨自己的時間繼續生活。\n\n讓時間往前走\n\n等待不會自動恢復生命與體力。田地會成熟、契約會到期，所有人也會衰老。\n\n等待 1 日\n度過一季\n度過一年\n同行者 · 0/2\n\n目前獨自旅行。村莊的酒館裡，或許有人願意同行。\n\n操作\n\nWASD／方向鍵移動 · Enter 互動 · Esc 選單\nC 角色 · I 物品 · L 日誌 · M 地圖\n\n開啟視窗後世界時間仍會前進，可隨時用視窗底部按鈕暫停。\n\n時間繼續前進。聚落與森林都有自己的生活。\n×\n第 2 年 秋 30 日 20:51 · 生命 100 · 體力 84 · 45 金\n繼續時間"
        ],
        "localStorageBytes": 132900,
        "save": {
          "worldTime": 302211,
          "historyCount": 38,
          "eventCount": 57,
          "journalPending": 0,
          "crisisPhase": "preparation",
          "crisisSequence": 1,
          "crisisOutcome": null,
          "crisisSummary": null,
          "crisisEvents": [
            {
              "id": 56,
              "at": 296640,
              "type": "regional-crisis.warning",
              "category": "monster",
              "message": "北方哥布林活動升高，橡谷居民開始為可能的危機做準備。",
              "tier": "major"
            }
          ],
          "storageKeyPresent": true
        },
        "indexedDB": [
          {
            "name": "oakvale-play-journal",
            "counts": {
              "records": 413
            }
          }
        ]
      },
      "cdp": {
        "Memory.getDOMCounters": {
          "documents": 2,
          "nodes": 3647,
          "jsEventListeners": 589
        },
        "Runtime.getHeapUsage": {
          "usedSize": 32206196,
          "totalSize": 72441856,
          "embedderHeapUsedSize": 21436040,
          "backingStorageSize": 1766482
        },
        "Performance.getMetrics": {
          "metrics": [
            {
              "name": "Timestamp",
              "value": 58407.446778
            },
            {
              "name": "AudioHandlers",
              "value": 0
            },
            {
              "name": "AudioWorkletProcessors",
              "value": 0
            },
            {
              "name": "Documents",
              "value": 2
            },
            {
              "name": "Frames",
              "value": 1
            },
            {
              "name": "JSEventListeners",
              "value": 589
            },
            {
              "name": "LayoutObjects",
              "value": 2762
            },
            {
              "name": "MediaKeySessions",
              "value": 0
            },
            {
              "name": "MediaKeys",
              "value": 0
            },
            {
              "name": "Nodes",
              "value": 3647
            },
            {
              "name": "Resources",
              "value": 2
            },
            {
              "name": "ContextLifecycleStateObservers",
              "value": 8
            },
            {
              "name": "V8PerContextDatas",
              "value": 2
            },
            {
              "name": "WorkerGlobalScopes",
              "value": 0
            },
            {
              "name": "UACSSResources",
              "value": 0
            },
            {
              "name": "RTCPeerConnections",
              "value": 0
            },
            {
              "name": "ResourceFetchers",
              "value": 2
            },
            {
              "name": "AdSubframes",
              "value": 0
            },
            {
              "name": "DetachedScriptStates",
              "value": 0
            },
            {
              "name": "ArrayBufferContents",
              "value": 7
            },
            {
              "name": "LayoutCount",
              "value": 523
            },
            {
              "name": "RecalcStyleCount",
              "value": 1661
            },
            {
              "name": "LayoutDuration",
              "value": 0.384907
            },
            {
              "name": "RecalcStyleDuration",
              "value": 1.020992
            },
            {
              "name": "DevToolsCommandDuration",
              "value": 9.251808
            },
            {
              "name": "ScriptDuration",
              "value": 0.705327
            },
            {
              "name": "V8CompileDuration",
              "value": 0
            },
            {
              "name": "TaskDuration",
              "value": 14.906182
            },
            {
              "name": "TaskOtherDuration",
              "value": 3.543148
            },
            {
              "name": "ThreadTime",
              "value": 14.394406
            },
            {
              "name": "ProcessTime",
              "value": 53.45
            },
            {
              "name": "JSHeapUsedSize",
              "value": 32206196
            },
            {
              "name": "JSHeapTotalSize",
              "value": 72441856
            },
            {
              "name": "FirstMeaningfulPaint",
              "value": 58281.385647
            },
            {
              "name": "DomContentLoaded",
              "value": 58281.358376
            },
            {
              "name": "NavigationStart",
              "value": 58281.262048
            }
          ]
        }
      },
      "saveLatency": {
        "writes": [
          {
            "elapsedMs": 0.7999999970197678,
            "bytes": 121670,
            "at": 1791422269572
          },
          {
            "elapsedMs": 0.6000000014901161,
            "bytes": 121897,
            "at": 1791422270031
          },
          {
            "elapsedMs": 0.20000000298023224,
            "bytes": 121670,
            "at": 1791422270039
          },
          {
            "elapsedMs": 0.30000000447034836,
            "bytes": 121897,
            "at": 1791422270530
          },
          {
            "elapsedMs": 0.29999999701976776,
            "bytes": 121670,
            "at": 1791422270540
          },
          {
            "elapsedMs": 0.5999999940395355,
            "bytes": 121903,
            "at": 1791422271011
          },
          {
            "elapsedMs": 0.29999999701976776,
            "bytes": 121676,
            "at": 1791422271025
          },
          {
            "elapsedMs": 0.19999999552965164,
            "bytes": 121903,
            "at": 1791422271028
          },
          {
            "elapsedMs": 0.3999999985098839,
            "bytes": 121676,
            "at": 1791422271066
          },
          {
            "elapsedMs": 0.19999999552965164,
            "bytes": 121903,
            "at": 1791422271529
          },
          {
            "elapsedMs": 0.29999999701976776,
            "bytes": 121676,
            "at": 1791422271540
          },
          {
            "elapsedMs": 0.3999999985098839,
            "bytes": 121903,
            "at": 1791422272029
          },
          {
            "elapsedMs": 0.4000000059604645,
            "bytes": 121676,
            "at": 1791422272036
          },
          {
            "elapsedMs": 0.3999999985098839,
            "bytes": 122456,
            "at": 1791422272510
          },
          {
            "elapsedMs": 0.4000000059604645,
            "bytes": 122684,
            "at": 1791422272547
          },
          {
            "elapsedMs": 0.20000000298023224,
            "bytes": 122307,
            "at": 1791422272556
          },
          {
            "elapsedMs": 0.19999999552965164,
            "bytes": 122080,
            "at": 1791422272560
          },
          {
            "elapsedMs": 0.3999999985098839,
            "bytes": 122307,
            "at": 1791422273029
          },
          {
            "elapsedMs": 0.3999999985098839,
            "bytes": 122080,
            "at": 1791422273037
          },
          {
            "elapsedMs": 0.20000000298023224,
            "bytes": 122307,
            "at": 1791422273529
          },
          {
            "elapsedMs": 0.3999999985098839,
            "bytes": 122080,
            "at": 1791422273539
          },
          {
            "elapsedMs": 0.6999999955296516,
            "bytes": 122383,
            "at": 1791422274030
          },
          {
            "elapsedMs": 0.3999999985098839,
            "bytes": 122156,
            "at": 1791422274072
          },
          {
            "elapsedMs": 0.20000000298023224,
            "bytes": 122383,
            "at": 1791422274529
          },
          {
            "elapsedMs": 0.3999999985098839,
            "bytes": 122156,
            "at": 1791422274538
          },
          {
            "elapsedMs": 0.5,
            "bytes": 122383,
            "at": 1791422275029
          },
          {
            "elapsedMs": 0.10000000149011612,
            "bytes": 122156,
            "at": 1791422275035
          },
          {
            "elapsedMs": 0.5,
            "bytes": 122370,
            "at": 1791422275276
          },
          {
            "elapsedMs": 0.5,
            "bytes": 122156,
            "at": 1791422275292
          },
          {
            "elapsedMs": 0.5,
            "bytes": 122383,
            "at": 1791422275547
          },
          {
            "elapsedMs": 0.5,
            "bytes": 122156,
            "at": 1791422275564
          },
          {
            "elapsedMs": 0.5,
            "bytes": 122393,
            "at": 1791422276029
          },
          {
            "elapsedMs": 0.29999999701976776,
            "bytes": 122166,
            "at": 1791422276039
          },
          {
            "elapsedMs": 0.30000000447034836,
            "bytes": 122393,
            "at": 1791422276529
          },
          {
            "elapsedMs": 0.19999999552965164,
            "bytes": 122166,
            "at": 1791422276543
          },
          {
            "elapsedMs": 1.3999999985098839,
            "bytes": 122410,
            "at": 1791422277027
          },
          {
            "elapsedMs": 2.399999998509884,
            "bytes": 122638,
            "at": 1791422277067
          },
          {
            "elapsedMs": 1.8999999985098839,
            "bytes": 122410,
            "at": 1791422277082
          },
          {
            "elapsedMs": 0.20000000298023224,
            "bytes": 122183,
            "at": 1791422277084
          },
          {
            "elapsedMs": 0.20000000298023224,
            "bytes": 122410,
            "at": 1791422277529
          },
          {
            "elapsedMs": 0.20000000298023224,
            "bytes": 122183,
            "at": 1791422277534
          },
          {
            "elapsedMs": 0.5,
            "bytes": 122410,
            "at": 1791422278029
          },
          {
            "elapsedMs": 0.19999999552965164,
            "bytes": 122183,
            "at": 1791422278037
          },
          {
            "elapsedMs": 0.6000000014901161,
            "bytes": 122183,
            "at": 1791422278276
          },
          {
            "elapsedMs": 0.30000000447034836,
            "bytes": 122410,
            "at": 1791422278329
          },
          {
            "elapsedMs": 0.20000000298023224,
            "bytes": 122183,
            "at": 1791422278335
          },
          {
            "elapsedMs": 0.19999999552965164,
            "bytes": 122410,
            "at": 1791422278429
          },
          {
            "elapsedMs": 0.10000000149011612,
            "bytes": 122183,
            "at": 1791422278437
          },
          {
            "elapsedMs": 0.20000000298023224,
            "bytes": 122415,
            "at": 1791422278529
          },
          {
            "elapsedMs": 0.10000000149011612,
            "bytes": 122188,
            "at": 1791422278541
          },
          {
            "elapsedMs": 0.20000000298023224,
            "bytes": 122415,
            "at": 1791422278629
          },
          {
            "elapsedMs": 0.3999999985098839,
            "bytes": 122188,
            "at": 1791422278640
          },
          {
            "elapsedMs": 0.20000000298023224,
            "bytes": 122416,
            "at": 1791422278729
          },
          {
            "elapsedMs": 0.20000000298023224,
            "bytes": 122189,
            "at": 1791422278737
          },
          {
            "elapsedMs": 0.4000000059604645,
            "bytes": 122416,
            "at": 1791422278829
          },
          {
            "elapsedMs": 0.19999999552965164,
            "bytes": 122189,
            "at": 1791422278839
          },
          {
            "elapsedMs": 0.30000000447034836,
            "bytes": 122416,
            "at": 1791422278932
          },
          {
            "elapsedMs": 0.10000000149011612,
            "bytes": 122189,
            "at": 1791422278948
          },
          {
            "elapsedMs": 0.19999999552965164,
            "bytes": 122416,
            "at": 1791422279015
          },
          {
            "elapsedMs": 0.10000000149011612,
            "bytes": 122416,
            "at": 1791422279017
          },
          {
            "elapsedMs": 0.10000000149011612,
            "bytes": 122189,
            "at": 1791422279027
          },
          {
            "elapsedMs": 0.5,
            "bytes": 122469,
            "at": 1791422280558
          },
          {
            "elapsedMs": 0.3999999985098839,
            "bytes": 122242,
            "at": 1791422280593
          },
          {
            "elapsedMs": 0.5999999940395355,
            "bytes": 122467,
            "at": 1791422283490
          },
          {
            "elapsedMs": 0.8000000044703484,
            "bytes": 122240,
            "at": 1791422283524
          },
          {
            "elapsedMs": 0.6000000014901161,
            "bytes": 122456,
            "at": 1791422284925
          },
          {
            "elapsedMs": 0.30000000447034836,
            "bytes": 122229,
            "at": 1791422284960
          },
          {
            "elapsedMs": 0.5,
            "bytes": 122900,
            "at": 1791422286374
          },
          {
            "elapsedMs": 0.3999999985098839,
            "bytes": 122515,
            "at": 1791422286406
          },
          {
            "elapsedMs": 0.6000000014901161,
            "bytes": 122739,
            "at": 1791422287694
          },
          {
            "elapsedMs": 0.19999999552965164,
            "bytes": 122525,
            "at": 1791422287706
          },
          {
            "elapsedMs": 0.3999999985098839,
            "bytes": 122525,
            "at": 1791422289029
          },
          {
            "elapsedMs": 0.5,
            "bytes": 122751,
            "at": 1791422289474
          },
          {
            "elapsedMs": 0.6000000014901161,
            "bytes": 122524,
            "at": 1791422289506
          },
          {
            "elapsedMs": 0.29999999701976776,
            "bytes": 123842,
            "at": 1791422291010
          },
          {
            "elapsedMs": 0.6000000014901161,
            "bytes": 123296,
            "at": 1791422291053
          },
          {
            "elapsedMs": 0.3999999985098839,
            "bytes": 123990,
            "at": 1791422292441
          },
          {
            "elapsedMs": 0.3999999985098839,
            "bytes": 123611,
            "at": 1791422292474
          },
          {
            "elapsedMs": 0.6000000014901161,
            "bytes": 123825,
            "at": 1791422293724
          },
          {
            "elapsedMs": 0.19999999552965164,
            "bytes": 123611,
            "at": 1791422293740
          },
          {
            "elapsedMs": 0.3999999985098839,
            "bytes": 123611,
            "at": 1791422295155
          },
          {
            "elapsedMs": 0.29999999701976776,
            "bytes": 123838,
            "at": 1791422295230
          },
          {
            "elapsedMs": 0.29999999701976776,
            "bytes": 123611,
            "at": 1791422295238
          },
          {
            "elapsedMs": 0.29999999701976776,
            "bytes": 123838,
            "at": 1791422295329
          },
          {
            "elapsedMs": 0.29999999701976776,
            "bytes": 123611,
            "at": 1791422295338
          },
          {
            "elapsedMs": 0.20000000298023224,
            "bytes": 123899,
            "at": 1791422295429
          },
          {
            "elapsedMs": 0.10000000149011612,
            "bytes": 123672,
            "at": 1791422295437
          },
          {
            "elapsedMs": 0.20000000298023224,
            "bytes": 123899,
            "at": 1791422295529
          },
          {
            "elapsedMs": 0.10000000149011612,
            "bytes": 123672,
            "at": 1791422295534
          },
          {
            "elapsedMs": 0.20000000298023224,
            "bytes": 123899,
            "at": 1791422295629
          },
          {
            "elapsedMs": 0.20000000298023224,
            "bytes": 123672,
            "at": 1791422295635
          },
          {
            "elapsedMs": 0.20000000298023224,
            "bytes": 123899,
            "at": 1791422295728
          },
          {
            "elapsedMs": 0.3999999985098839,
            "bytes": 123672,
            "at": 1791422295736
          },
          {
            "elapsedMs": 0.3999999985098839,
            "bytes": 123899,
            "at": 1791422295829
          },
          {
            "elapsedMs": 0.30000000447034836,
            "bytes": 123672,
            "at": 1791422295836
          },
          {
            "elapsedMs": 0.3999999985098839,
            "bytes": 123899,
            "at": 1791422295907
          },
          {
            "elapsedMs": 0.09999999403953552,
            "bytes": 123899,
            "at": 1791422295908
          },
          {
            "elapsedMs": 0.6000000014901161,
            "bytes": 123672,
            "at": 1791422295948
          },
          {
            "elapsedMs": 0.5,
            "bytes": 123899,
            "at": 1791422297541
          },
          {
            "elapsedMs": 0.3999999985098839,
            "bytes": 123672,
            "at": 1791422297581
          },
          {
            "elapsedMs": 0.4000000059604645,
            "bytes": 124326,
            "at": 1791422298941
          },
          {
            "elapsedMs": 0.29999999701976776,
            "bytes": 123961,
            "at": 1791422298973
          },
          {
            "elapsedMs": 0.5,
            "bytes": 124175,
            "at": 1791422300226
          },
          {
            "elapsedMs": 0.3999999985098839,
            "bytes": 123961,
            "at": 1791422300267
          },
          {
            "elapsedMs": 0.6000000014901161,
            "bytes": 124186,
            "at": 1791422301890
          },
          {
            "elapsedMs": 0.29999999701976776,
            "bytes": 123959,
            "at": 1791422301925
          },
          {
            "elapsedMs": 0.3999999985098839,
            "bytes": 126075,
            "at": 1791422303409
          },
          {
            "elapsedMs": 0.3999999985098839,
            "bytes": 125718,
            "at": 1791422303444
          },
          {
            "elapsedMs": 0.7000000029802322,
            "bytes": 125950,
            "at": 1791422305092
          },
          {
            "elapsedMs": 0.3999999985098839,
            "bytes": 125723,
            "at": 1791422305139
          },
          {
            "elapsedMs": 0.5,
            "bytes": 125723,
            "at": 1791422305930
          },
          {
            "elapsedMs": 0.6999999955296516,
            "bytes": 125937,
            "at": 1791422306377
          },
          {
            "elapsedMs": 0.20000000298023224,
            "bytes": 125723,
            "at": 1791422306391
          },
          {
            "elapsedMs": 0.6000000014901161,
            "bytes": 125938,
            "at": 1791422308147
          },
          {
            "elapsedMs": 0.3999999985098839,
            "bytes": 125711,
            "at": 1791422308155
          },
          {
            "elapsedMs": 0.3999999985098839,
            "bytes": 125928,
            "at": 1791422309640
          },
          {
            "elapsedMs": 0.5,
            "bytes": 125701,
            "at": 1791422309676
          },
          {
            "elapsedMs": 0.5,
            "bytes": 125927,
            "at": 1791422311092
          },
          {
            "elapsedMs": 0.5,
            "bytes": 125700,
            "at": 1791422311131
          },
          {
            "elapsedMs": 0.5,
            "bytes": 125947,
            "at": 1791422312774
          },
          {
            "elapsedMs": 0.6000000014901161,
            "bytes": 125720,
            "at": 1791422312810
          },
          {
            "elapsedMs": 0.3999999985098839,
            "bytes": 125949,
            "at": 1791422314206
          },
          {
            "elapsedMs": 0.3999999985098839,
            "bytes": 125722,
            "at": 1791422314244
          },
          {
            "elapsedMs": 0.6000000014901161,
            "bytes": 125958,
            "at": 1791422315692
          },
          {
            "elapsedMs": 0.3999999985098839,
            "bytes": 125731,
            "at": 1791422315724
          },
          {
            "elapsedMs": 0.5,
            "bytes": 125731,
            "at": 1791422316029
          },
          {
            "elapsedMs": 0.5,
            "bytes": 125956,
            "at": 1791422317156
          },
          {
            "elapsedMs": 0.3999999985098839,
            "bytes": 125729,
            "at": 1791422317186
          },
          {
            "elapsedMs": 0.5,
            "bytes": 125943,
            "at": 1791422318389
          },
          {
            "elapsedMs": 0.30000000447034836,
            "bytes": 125729,
            "at": 1791422318428
          },
          {
            "elapsedMs": 0.7000000029802322,
            "bytes": 126411,
            "at": 1791422320196
          },
          {
            "elapsedMs": 0.10000000149011612,
            "bytes": 126029,
            "at": 1791422320208
          },
          {
            "elapsedMs": 0.5,
            "bytes": 126254,
            "at": 1791422321624
          },
          {
            "elapsedMs": 0.3999999985098839,
            "bytes": 126027,
            "at": 1791422321668
          },
          {
            "elapsedMs": 0.29999999701976776,
            "bytes": 126745,
            "at": 1791422323093
          },
          {
            "elapsedMs": 0.4000000059604645,
            "bytes": 126354,
            "at": 1791422323129
          },
          {
            "elapsedMs": 0.5,
            "bytes": 126568,
            "at": 1791422324347
          },
          {
            "elapsedMs": 0.20000000298023224,
            "bytes": 126354,
            "at": 1791422324355
          },
          {
            "elapsedMs": 0.5,
            "bytes": 126354,
            "at": 1791422326029
          },
          {
            "elapsedMs": 0.20000000298023224,
            "bytes": 126582,
            "at": 1791422326057
          },
          {
            "elapsedMs": 0.5,
            "bytes": 126355,
            "at": 1791422326093
          },
          {
            "elapsedMs": 0.3999999985098839,
            "bytes": 126567,
            "at": 1791422327640
          },
          {
            "elapsedMs": 0.6999999955296516,
            "bytes": 126340,
            "at": 1791422327679
          },
          {
            "elapsedMs": 0.6000000014901161,
            "bytes": 126340,
            "at": 1791422328925
          },
          {
            "elapsedMs": 0.30000000447034836,
            "bytes": 126567,
            "at": 1791422329029
          },
          {
            "elapsedMs": 0.20000000298023224,
            "bytes": 126340,
            "at": 1791422329035
          },
          {
            "elapsedMs": 0.29999999701976776,
            "bytes": 126567,
            "at": 1791422329129
          },
          {
            "elapsedMs": 0.20000000298023224,
            "bytes": 126340,
            "at": 1791422329135
          },
          {
            "elapsedMs": 0.3999999985098839,
            "bytes": 126567,
            "at": 1791422329229
          },
          {
            "elapsedMs": 0.20000000298023224,
            "bytes": 126340,
            "at": 1791422329235
          },
          {
            "elapsedMs": 0.29999999701976776,
            "bytes": 126567,
            "at": 1791422329329
          },
          {
            "elapsedMs": 0.20000000298023224,
            "bytes": 126340,
            "at": 1791422329335
          },
          {
            "elapsedMs": 0.29999999701976776,
            "bytes": 126567,
            "at": 1791422329429
          },
          {
            "elapsedMs": 0.10000000149011612,
            "bytes": 126340,
            "at": 1791422329434
          },
          {
            "elapsedMs": 0.19999999552965164,
            "bytes": 126567,
            "at": 1791422329529
          },
          {
            "elapsedMs": 0.10000000149011612,
            "bytes": 126340,
            "at": 1791422329534
          },
          {
            "elapsedMs": 0.7999999970197678,
            "bytes": 126567,
            "at": 1791422329629
          },
          {
            "elapsedMs": 0.4000000059604645,
            "bytes": 126340,
            "at": 1791422329642
          },
          {
            "elapsedMs": 0.10000000149011612,
            "bytes": 126567,
            "at": 1791422329675
          },
          {
            "elapsedMs": 0.10000000149011612,
            "bytes": 126567,
            "at": 1791422329677
          },
          {
            "elapsedMs": 0.20000000298023224,
            "bytes": 126340,
            "at": 1791422329686
          },
          {
            "elapsedMs": 0.5,
            "bytes": 126554,
            "at": 1791422331057
          },
          {
            "elapsedMs": 0.4000000059604645,
            "bytes": 126340,
            "at": 1791422331072
          },
          {
            "elapsedMs": 0.30000000447034836,
            "bytes": 126552,
            "at": 1791422332808
          },
          {
            "elapsedMs": 0.5,
            "bytes": 126325,
            "at": 1791422332848
          },
          {
            "elapsedMs": 0.6999999955296516,
            "bytes": 130234,
            "at": 1791422334324
          },
          {
            "elapsedMs": 0.3999999985098839,
            "bytes": 129770,
            "at": 1791422334376
          },
          {
            "elapsedMs": 0.6000000014901161,
            "bytes": 130010,
            "at": 1791422335891
          },
          {
            "elapsedMs": 0.20000000298023224,
            "bytes": 129783,
            "at": 1791422335906
          },
          {
            "elapsedMs": 0.5,
            "bytes": 129997,
            "at": 1791422337240
          },
          {
            "elapsedMs": 0.6000000014901161,
            "bytes": 129783,
            "at": 1791422337286
          },
          {
            "elapsedMs": 0.6999999955296516,
            "bytes": 130009,
            "at": 1791422338942
          },
          {
            "elapsedMs": 0.20000000298023224,
            "bytes": 129782,
            "at": 1791422338955
          },
          {
            "elapsedMs": 0.3999999985098839,
            "bytes": 129782,
            "at": 1791422339730
          },
          {
            "elapsedMs": 0.5,
            "bytes": 130010,
            "at": 1791422340565
          },
          {
            "elapsedMs": 0.4000000059604645,
            "bytes": 129783,
            "at": 1791422340576
          },
          {
            "elapsedMs": 0.5,
            "bytes": 130024,
            "at": 1791422342208
          },
          {
            "elapsedMs": 0.5,
            "bytes": 129797,
            "at": 1791422342259
          },
          {
            "elapsedMs": 0.6999999955296516,
            "bytes": 130033,
            "at": 1791422343879
          },
          {
            "elapsedMs": 0.10000000149011612,
            "bytes": 129806,
            "at": 1791422343890
          },
          {
            "elapsedMs": 0.3999999985098839,
            "bytes": 130035,
            "at": 1791422345446
          },
          {
            "elapsedMs": 0.19999999552965164,
            "bytes": 129808,
            "at": 1791422345458
          },
          {
            "elapsedMs": 0.3999999985098839,
            "bytes": 129808,
            "at": 1791422346777
          },
          {
            "elapsedMs": 0.30000000447034836,
            "bytes": 130035,
            "at": 1791422346829
          },
          {
            "elapsedMs": 0.7999999970197678,
            "bytes": 129808,
            "at": 1791422346837
          },
          {
            "elapsedMs": 0.5999999940395355,
            "bytes": 130035,
            "at": 1791422346930
          },
          {
            "elapsedMs": 0.30000000447034836,
            "bytes": 129808,
            "at": 1791422346939
          },
          {
            "elapsedMs": 0.20000000298023224,
            "bytes": 130035,
            "at": 1791422347029
          },
          {
            "elapsedMs": 0.20000000298023224,
            "bytes": 129808,
            "at": 1791422347034
          },
          {
            "elapsedMs": 0.4000000059604645,
            "bytes": 130035,
            "at": 1791422347129
          },
          {
            "elapsedMs": 0.20000000298023224,
            "bytes": 129808,
            "at": 1791422347136
          },
          {
            "elapsedMs": 0.29999999701976776,
            "bytes": 130035,
            "at": 1791422347229
          },
          {
            "elapsedMs": 0.20000000298023224,
            "bytes": 129808,
            "at": 1791422347238
          },
          {
            "elapsedMs": 0.19999999552965164,
            "bytes": 130035,
            "at": 1791422347329
          },
          {
            "elapsedMs": 0.19999999552965164,
            "bytes": 129808,
            "at": 1791422347337
          },
          {
            "elapsedMs": 0.30000000447034836,
            "bytes": 130035,
            "at": 1791422347429
          },
          {
            "elapsedMs": 0.20000000298023224,
            "bytes": 129808,
            "at": 1791422347435
          },
          {
            "elapsedMs": 0.5,
            "bytes": 130035,
            "at": 1791422347507
          },
          {
            "elapsedMs": 0.20000000298023224,
            "bytes": 130035,
            "at": 1791422347510
          },
          {
            "elapsedMs": 0.30000000447034836,
            "bytes": 129808,
            "at": 1791422347519
          },
          {
            "elapsedMs": 0.5,
            "bytes": 130035,
            "at": 1791422349195
          },
          {
            "elapsedMs": 0.10000000149011612,
            "bytes": 129808,
            "at": 1791422349206
          },
          {
            "elapsedMs": 0.6999999955296516,
            "bytes": 130022,
            "at": 1791422350514
          },
          {
            "elapsedMs": 0.20000000298023224,
            "bytes": 129808,
            "at": 1791422350528
          },
          {
            "elapsedMs": 0.8999999985098839,
            "bytes": 130035,
            "at": 1791422352493
          },
          {
            "elapsedMs": 0.30000000447034836,
            "bytes": 129808,
            "at": 1791422352503
          },
          {
            "elapsedMs": 0.5,
            "bytes": 130454,
            "at": 1791422353973
          },
          {
            "elapsedMs": 2.0999999940395355,
            "bytes": 130084,
            "at": 1791422354017
          },
          {
            "elapsedMs": 0.7000000029802322,
            "bytes": 130308,
            "at": 1791422355542
          },
          {
            "elapsedMs": 0.4000000059604645,
            "bytes": 130081,
            "at": 1791422355583
          },
          {
            "elapsedMs": 0.5,
            "bytes": 130295,
            "at": 1791422356893
          },
          {
            "elapsedMs": 0.30000000447034836,
            "bytes": 130081,
            "at": 1791422356903
          },
          {
            "elapsedMs": 0.6000000014901161,
            "bytes": 130081,
            "at": 1791422357530
          },
          {
            "elapsedMs": 0.3999999985098839,
            "bytes": 130310,
            "at": 1791422358627
          },
          {
            "elapsedMs": 0.19999999552965164,
            "bytes": 130083,
            "at": 1791422358645
          },
          {
            "elapsedMs": 0.5,
            "bytes": 130323,
            "at": 1791422360510
          },
          {
            "elapsedMs": 0.20000000298023224,
            "bytes": 130096,
            "at": 1791422360516
          },
          {
            "elapsedMs": 0.6000000014901161,
            "bytes": 130322,
            "at": 1791422361958
          },
          {
            "elapsedMs": 0.3999999985098839,
            "bytes": 130095,
            "at": 1791422362001
          },
          {
            "elapsedMs": 0.6000000014901161,
            "bytes": 130309,
            "at": 1791422363276
          },
          {
            "elapsedMs": 0.20000000298023224,
            "bytes": 130095,
            "at": 1791422363294
          },
          {
            "elapsedMs": 0.3999999985098839,
            "bytes": 130095,
            "at": 1791422364737
          },
          {
            "elapsedMs": 0.29999999701976776,
            "bytes": 130322,
            "at": 1791422364829
          },
          {
            "elapsedMs": 0.29999999701976776,
            "bytes": 130095,
            "at": 1791422364835
          },
          {
            "elapsedMs": 0.3999999985098839,
            "bytes": 130322,
            "at": 1791422364930
          },
          {
            "elapsedMs": 0.3999999985098839,
            "bytes": 130095,
            "at": 1791422364936
          },
          {
            "elapsedMs": 0.19999999552965164,
            "bytes": 130322,
            "at": 1791422365029
          },
          {
            "elapsedMs": 0.20000000298023224,
            "bytes": 130095,
            "at": 1791422365035
          },
          {
            "elapsedMs": 0.29999999701976776,
            "bytes": 130322,
            "at": 1791422365129
          },
          {
            "elapsedMs": 0.29999999701976776,
            "bytes": 130095,
            "at": 1791422365134
          },
          {
            "elapsedMs": 2.2999999970197678,
            "bytes": 130322,
            "at": 1791422365231
          },
          {
            "elapsedMs": 0.20000000298023224,
            "bytes": 130095,
            "at": 1791422365236
          },
          {
            "elapsedMs": 0.19999999552965164,
            "bytes": 130322,
            "at": 1791422365329
          },
          {
            "elapsedMs": 0.20000000298023224,
            "bytes": 130095,
            "at": 1791422365335
          },
          {
            "elapsedMs": 0.30000000447034836,
            "bytes": 130322,
            "at": 1791422365429
          },
          {
            "elapsedMs": 0.5,
            "bytes": 130095,
            "at": 1791422365441
          },
          {
            "elapsedMs": 0.20000000298023224,
            "bytes": 130322,
            "at": 1791422365476
          },
          {
            "elapsedMs": 0.19999999552965164,
            "bytes": 130322,
            "at": 1791422365478
          },
          {
            "elapsedMs": 0.09999999403953552,
            "bytes": 130095,
            "at": 1791422365485
          },
          {
            "elapsedMs": 0.6000000014901161,
            "bytes": 130322,
            "at": 1791422367107
          },
          {
            "elapsedMs": 0.5,
            "bytes": 130095,
            "at": 1791422367145
          },
          {
            "elapsedMs": 0.5,
            "bytes": 132177,
            "at": 1791422368773
          },
          {
            "elapsedMs": 0.5,
            "bytes": 131820,
            "at": 1791422368815
          },
          {
            "elapsedMs": 0.7000000029802322,
            "bytes": 132034,
            "at": 1791422370041
          },
          {
            "elapsedMs": 0.7000000029802322,
            "bytes": 131820,
            "at": 1791422370081
          },
          {
            "elapsedMs": 0.5,
            "bytes": 132054,
            "at": 1791422371722
          },
          {
            "elapsedMs": 0.20000000298023224,
            "bytes": 131827,
            "at": 1791422371736
          },
          {
            "elapsedMs": 0.6000000014901161,
            "bytes": 132065,
            "at": 1791422373158
          },
          {
            "elapsedMs": 0.29999999701976776,
            "bytes": 131838,
            "at": 1791422373193
          },
          {
            "elapsedMs": 0.5,
            "bytes": 132066,
            "at": 1791422374740
          },
          {
            "elapsedMs": 0.6000000014901161,
            "bytes": 131839,
            "at": 1791422374789
          },
          {
            "elapsedMs": 0.5,
            "bytes": 131839,
            "at": 1791422375530
          },
          {
            "elapsedMs": 0.5999999940395355,
            "bytes": 132066,
            "at": 1791422376423
          },
          {
            "elapsedMs": 0.5,
            "bytes": 131839,
            "at": 1791422376476
          },
          {
            "elapsedMs": 0.5,
            "bytes": 132120,
            "at": 1791422377955
          },
          {
            "elapsedMs": 0.5,
            "bytes": 131893,
            "at": 1791422377995
          },
          {
            "elapsedMs": 0.6000000014901161,
            "bytes": 132120,
            "at": 1791422379472
          },
          {
            "elapsedMs": 0.7000000029802322,
            "bytes": 131893,
            "at": 1791422379521
          },
          {
            "elapsedMs": 0.5,
            "bytes": 132120,
            "at": 1791422380989
          },
          {
            "elapsedMs": 0.5,
            "bytes": 131893,
            "at": 1791422381031
          },
          {
            "elapsedMs": 0.5999999940395355,
            "bytes": 132107,
            "at": 1791422382305
          },
          {
            "elapsedMs": 0.29999999701976776,
            "bytes": 131893,
            "at": 1791422382346
          },
          {
            "elapsedMs": 0.3999999985098839,
            "bytes": 132120,
            "at": 1791422384122
          },
          {
            "elapsedMs": 0.5,
            "bytes": 131893,
            "at": 1791422384168
          },
          {
            "elapsedMs": 0.7000000029802322,
            "bytes": 131893,
            "at": 1791422385538
          },
          {
            "elapsedMs": 0.30000000447034836,
            "bytes": 132117,
            "at": 1791422385628
          },
          {
            "elapsedMs": 0.5,
            "bytes": 131890,
            "at": 1791422385640
          },
          {
            "elapsedMs": 0.5,
            "bytes": 132117,
            "at": 1791422387140
          },
          {
            "elapsedMs": 0.6000000014901161,
            "bytes": 131890,
            "at": 1791422387187
          },
          {
            "elapsedMs": 0.5,
            "bytes": 132104,
            "at": 1791422388423
          },
          {
            "elapsedMs": 0.5,
            "bytes": 131890,
            "at": 1791422388470
          },
          {
            "elapsedMs": 0.7999999970197678,
            "bytes": 133611,
            "at": 1791422390160
          },
          {
            "elapsedMs": 0.6000000014901161,
            "bytes": 133032,
            "at": 1791422390175
          },
          {
            "elapsedMs": 0.5999999940395355,
            "bytes": 132977,
            "at": 1791422392008
          },
          {
            "elapsedMs": 0.20000000298023224,
            "bytes": 132750,
            "at": 1791422392017
          },
          {
            "elapsedMs": 0.5,
            "bytes": 133268,
            "at": 1791422393707
          },
          {
            "elapsedMs": 0.20000000298023224,
            "bytes": 132898,
            "at": 1791422393721
          },
          {
            "elapsedMs": 0.7999999970197678,
            "bytes": 133127,
            "at": 1791422395522
          },
          {
            "elapsedMs": 0.6000000014901161,
            "bytes": 133127,
            "at": 1791422395563
          },
          {
            "elapsedMs": 0.20000000298023224,
            "bytes": 132900,
            "at": 1791422395567
          }
        ],
        "storageErrors": [],
        "unhandledRejections": []
      },
      "pageErrors": 0,
      "consoleErrors": 0,
      "requestFailures": 0,
      "httpFailures": 0
    }
  ],
  "lastCheckpoint": {
    "atUTC": "2026-10-08T01:19:55.649594+00:00",
    "elapsedRealSeconds": 427.87,
    "reason": "agent-turn",
    "browser": {
      "utc": "2026-10-08T01:19:55.632Z",
      "url": "http://127.0.0.1:43575/",
      "viewport": {
        "width": 1280,
        "height": 900
      },
      "worldClock": "第 2 年 秋 30 日\n20:51",
      "visibleText": "≈\n≈\n≈\n≈\n≈\n≈\n≈\n≈\n≈\n≈\n≈\n≈\n≈\n≈\n≈\n≈\n≈\n≈\n≈\n░\n░\n░\n░\n░\n≈\n♣\n🌲\n♣\n♣\n♣\n♣\n♣\n♣\n🌲\n♣\n♣\n♣\n│\n♣\n♣\n🌲\n♣\n▲\n░\n░\n░\n░\n░\n≈\n♣\n♣\n♣\n👺\n♣\n♣\n♣\n♣\n♣\n♣\n🌲\n👺\n│\n♣\n♣\n♣\n♣\n▲\n░\n░\n░\n░\n░\n≈\n♣\n♣\n♣\n♣\n♣\n🌲\n♣\n👺\n♣\n♣\n♜\n♣\n│\n♣\n♣\n♣\n♣\n▲\n░\n░\n░\n░\n░\n≈\n🌲\n♣\n♣\n♣\n♣\n🙂\n♣\n🌲\n♣\n👺\n♣\n👹\n│\n♣\n🌲\n♣\n♣\n▲\n░\n░\n░\n░\n░\n≈\n♣\n♣\n🌲\n♣\n♣\n♣\n👺\n♣\n♣\n🌲\n👺\n♣\n│\n♣\n♣\n♣\n🌲\n▲\n▲\n▲\n▲\n▲\n≈\n≈\n♣\n♣\n♣\n♣\n🌲\n♣\n♣\n♣\n♣\n♣\n♣\n🌲\n│\n♣\n♣\n♣\n♣\n▲\n▲\n▲\n▲\n▲\n≈\n≈\n─\n─\n─\n─\n─\n─\n─\n─\n─\n─\n─\n─\n┼\n─\n─\n─\n─\n─\n─\n─\n─\n─\n≈\n≈\n·\n·\n·\n·\n·\n·\n·\n·\n·\n🏪\n雜貨店\n·\n⚒️\n鐵匠鋪\n│\n≋\n≋\n≋\n≋\n▲\n▲\n▲\n▲\n▲\n≈\n≈\n·\n🏠\n·\n🏠\n·\n·\n🏠\n家\n·\n·\n·\n🏠\n·\n│\n≋\n≋\n≋\n≋\n≋\n≋\n≋\n≋\n≋\n≈\n≈\n─\n─\n─\n─\n─\n─\n─\n─\n─\n👨‍🌾\n41\n─\n─\n┼\n≋\n≋\n≋\n農田\n≋\n≋\n≋\n≋\n≋\n≋\n≈\n≈\n·\n·\n🏠\n·\n·\n👨‍🌾\n2\n🛏️\n旅店\n1\n🧺\n2\n👨‍🌾\n2\n·\n🍺\n酒館\n·\n│\n≋\n≋\n≋\n≋\n≋\n≋\n≋\n≋\n≋\n≈\n≈\n·\n·\n·\n·\n🏠\n·\n·\n·\n🏠\n·\n·\n·\n│\n≋\n≋\n≋\n≋\n≋\n≋\n≋\n≋\n≋\n≈\n≈\n·\n·\n·\n🏠\n·\n·\n·\n🏠\n·\n🏠\n·\n🏠\n│\n≋\n≋\n≋\n≋\n≋\n≋\n≋\n≋\n≋\n≈\n≈\n·\n·\n·\n·\n·\n·\n·\n·\n·\n·\n·\n·\n│\n≋\n≋\n≋\n≋\n≋\n≋\n≋\n≋\n≋\n≈\n≈\n≈\n≈\n≈\n≈\n≈\n≈\n≈\n≈\n≈\n≈\n≈\n≈\n≈\n≈\n≈\n≈\n≈\n≈\n≈\n≈\n≈\n≈\n≈\n北方森林\n橡谷 · 城鎮\n東方農田\n未知之地",
      "openDialogs": [
        "┤ 旅人筆記 ├\n× Esc\n今天，想去哪裡？\n\n去東方農田種小麥，到森林伐木，或到礦場採石。素材可以賣給雜貨店。也可以走入迷霧山谷，探索廢棄礦坑。\n\n這裡沒有每日任務。居民、聚落與怪物會隨自己的時間繼續生活。\n\n讓時間往前走\n\n等待不會自動恢復生命與體力。田地會成熟、契約會到期，所有人也會衰老。\n\n等待 1 日\n度過一季\n度過一年\n同行者 · 0/2\n\n目前獨自旅行。村莊的酒館裡，或許有人願意同行。\n\n操作\n\nWASD／方向鍵移動 · Enter 互動 · Esc 選單\nC 角色 · I 物品 · L 日誌 · M 地圖\n\n開啟視窗後世界時間仍會前進，可隨時用視窗底部按鈕暫停。\n\n時間繼續前進。聚落與森林都有自己的生活。\n×\n第 2 年 秋 30 日 20:51 · 生命 100 · 體力 84 · 45 金\n繼續時間"
      ],
      "localStorageBytes": 132900,
      "save": {
        "worldTime": 302211,
        "historyCount": 38,
        "eventCount": 57,
        "journalPending": 0,
        "crisisPhase": "preparation",
        "crisisSequence": 1,
        "crisisOutcome": null,
        "crisisSummary": null,
        "crisisEvents": [
          {
            "id": 56,
            "at": 296640,
            "type": "regional-crisis.warning",
            "category": "monster",
            "message": "北方哥布林活動升高，橡谷居民開始為可能的危機做準備。",
            "tier": "major"
          }
        ],
        "storageKeyPresent": true
      },
      "indexedDB": [
        {
          "name": "oakvale-play-journal",
          "counts": {
            "records": 413
          }
        }
      ]
    },
    "cdp": {
      "Memory.getDOMCounters": {
        "documents": 2,
        "nodes": 3647,
        "jsEventListeners": 589
      },
      "Runtime.getHeapUsage": {
        "usedSize": 32206196,
        "totalSize": 72441856,
        "embedderHeapUsedSize": 21436040,
        "backingStorageSize": 1766482
      },
      "Performance.getMetrics": {
        "metrics": [
          {
            "name": "Timestamp",
            "value": 58407.446778
          },
          {
            "name": "AudioHandlers",
            "value": 0
          },
          {
            "name": "AudioWorkletProcessors",
            "value": 0
          },
          {
            "name": "Documents",
            "value": 2
          },
          {
            "name": "Frames",
            "value": 1
          },
          {
            "name": "JSEventListeners",
            "value": 589
          },
          {
            "name": "LayoutObjects",
            "value": 2762
          },
          {
            "name": "MediaKeySessions",
            "value": 0
          },
          {
            "name": "MediaKeys",
            "value": 0
          },
          {
            "name": "Nodes",
            "value": 3647
          },
          {
            "name": "Resources",
            "value": 2
          },
          {
            "name": "ContextLifecycleStateObservers",
            "value": 8
          },
          {
            "name": "V8PerContextDatas",
            "value": 2
          },
          {
            "name": "WorkerGlobalScopes",
            "value": 0
          },
          {
            "name": "UACSSResources",
            "value": 0
          },
          {
            "name": "RTCPeerConnections",
            "value": 0
          },
          {
            "name": "ResourceFetchers",
            "value": 2
          },
          {
            "name": "AdSubframes",
            "value": 0
          },
          {
            "name": "DetachedScriptStates",
            "value": 0
          },
          {
            "name": "ArrayBufferContents",
            "value": 7
          },
          {
            "name": "LayoutCount",
            "value": 523
          },
          {
            "name": "RecalcStyleCount",
            "value": 1661
          },
          {
            "name": "LayoutDuration",
            "value": 0.384907
          },
          {
            "name": "RecalcStyleDuration",
            "value": 1.020992
          },
          {
            "name": "DevToolsCommandDuration",
            "value": 9.251808
          },
          {
            "name": "ScriptDuration",
            "value": 0.705327
          },
          {
            "name": "V8CompileDuration",
            "value": 0
          },
          {
            "name": "TaskDuration",
            "value": 14.906182
          },
          {
            "name": "TaskOtherDuration",
            "value": 3.543148
          },
          {
            "name": "ThreadTime",
            "value": 14.394406
          },
          {
            "name": "ProcessTime",
            "value": 53.45
          },
          {
            "name": "JSHeapUsedSize",
            "value": 32206196
          },
          {
            "name": "JSHeapTotalSize",
            "value": 72441856
          },
          {
            "name": "FirstMeaningfulPaint",
            "value": 58281.385647
          },
          {
            "name": "DomContentLoaded",
            "value": 58281.358376
          },
          {
            "name": "NavigationStart",
            "value": 58281.262048
          }
        ]
      }
    },
    "saveLatency": {
      "writes": [
        {
          "elapsedMs": 0.7999999970197678,
          "bytes": 121670,
          "at": 1791422269572
        },
        {
          "elapsedMs": 0.6000000014901161,
          "bytes": 121897,
          "at": 1791422270031
        },
        {
          "elapsedMs": 0.20000000298023224,
          "bytes": 121670,
          "at": 1791422270039
        },
        {
          "elapsedMs": 0.30000000447034836,
          "bytes": 121897,
          "at": 1791422270530
        },
        {
          "elapsedMs": 0.29999999701976776,
          "bytes": 121670,
          "at": 1791422270540
        },
        {
          "elapsedMs": 0.5999999940395355,
          "bytes": 121903,
          "at": 1791422271011
        },
        {
          "elapsedMs": 0.29999999701976776,
          "bytes": 121676,
          "at": 1791422271025
        },
        {
          "elapsedMs": 0.19999999552965164,
          "bytes": 121903,
          "at": 1791422271028
        },
        {
          "elapsedMs": 0.3999999985098839,
          "bytes": 121676,
          "at": 1791422271066
        },
        {
          "elapsedMs": 0.19999999552965164,
          "bytes": 121903,
          "at": 1791422271529
        },
        {
          "elapsedMs": 0.29999999701976776,
          "bytes": 121676,
          "at": 1791422271540
        },
        {
          "elapsedMs": 0.3999999985098839,
          "bytes": 121903,
          "at": 1791422272029
        },
        {
          "elapsedMs": 0.4000000059604645,
          "bytes": 121676,
          "at": 1791422272036
        },
        {
          "elapsedMs": 0.3999999985098839,
          "bytes": 122456,
          "at": 1791422272510
        },
        {
          "elapsedMs": 0.4000000059604645,
          "bytes": 122684,
          "at": 1791422272547
        },
        {
          "elapsedMs": 0.20000000298023224,
          "bytes": 122307,
          "at": 1791422272556
        },
        {
          "elapsedMs": 0.19999999552965164,
          "bytes": 122080,
          "at": 1791422272560
        },
        {
          "elapsedMs": 0.3999999985098839,
          "bytes": 122307,
          "at": 1791422273029
        },
        {
          "elapsedMs": 0.3999999985098839,
          "bytes": 122080,
          "at": 1791422273037
        },
        {
          "elapsedMs": 0.20000000298023224,
          "bytes": 122307,
          "at": 1791422273529
        },
        {
          "elapsedMs": 0.3999999985098839,
          "bytes": 122080,
          "at": 1791422273539
        },
        {
          "elapsedMs": 0.6999999955296516,
          "bytes": 122383,
          "at": 1791422274030
        },
        {
          "elapsedMs": 0.3999999985098839,
          "bytes": 122156,
          "at": 1791422274072
        },
        {
          "elapsedMs": 0.20000000298023224,
          "bytes": 122383,
          "at": 1791422274529
        },
        {
          "elapsedMs": 0.3999999985098839,
          "bytes": 122156,
          "at": 1791422274538
        },
        {
          "elapsedMs": 0.5,
          "bytes": 122383,
          "at": 1791422275029
        },
        {
          "elapsedMs": 0.10000000149011612,
          "bytes": 122156,
          "at": 1791422275035
        },
        {
          "elapsedMs": 0.5,
          "bytes": 122370,
          "at": 1791422275276
        },
        {
          "elapsedMs": 0.5,
          "bytes": 122156,
          "at": 1791422275292
        },
        {
          "elapsedMs": 0.5,
          "bytes": 122383,
          "at": 1791422275547
        },
        {
          "elapsedMs": 0.5,
          "bytes": 122156,
          "at": 1791422275564
        },
        {
          "elapsedMs": 0.5,
          "bytes": 122393,
          "at": 1791422276029
        },
        {
          "elapsedMs": 0.29999999701976776,
          "bytes": 122166,
          "at": 1791422276039
        },
        {
          "elapsedMs": 0.30000000447034836,
          "bytes": 122393,
          "at": 1791422276529
        },
        {
          "elapsedMs": 0.19999999552965164,
          "bytes": 122166,
          "at": 1791422276543
        },
        {
          "elapsedMs": 1.3999999985098839,
          "bytes": 122410,
          "at": 1791422277027
        },
        {
          "elapsedMs": 2.399999998509884,
          "bytes": 122638,
          "at": 1791422277067
        },
        {
          "elapsedMs": 1.8999999985098839,
          "bytes": 122410,
          "at": 1791422277082
        },
        {
          "elapsedMs": 0.20000000298023224,
          "bytes": 122183,
          "at": 1791422277084
        },
        {
          "elapsedMs": 0.20000000298023224,
          "bytes": 122410,
          "at": 1791422277529
        },
        {
          "elapsedMs": 0.20000000298023224,
          "bytes": 122183,
          "at": 1791422277534
        },
        {
          "elapsedMs": 0.5,
          "bytes": 122410,
          "at": 1791422278029
        },
        {
          "elapsedMs": 0.19999999552965164,
          "bytes": 122183,
          "at": 1791422278037
        },
        {
          "elapsedMs": 0.6000000014901161,
          "bytes": 122183,
          "at": 1791422278276
        },
        {
          "elapsedMs": 0.30000000447034836,
          "bytes": 122410,
          "at": 1791422278329
        },
        {
          "elapsedMs": 0.20000000298023224,
          "bytes": 122183,
          "at": 1791422278335
        },
        {
          "elapsedMs": 0.19999999552965164,
          "bytes": 122410,
          "at": 1791422278429
        },
        {
          "elapsedMs": 0.10000000149011612,
          "bytes": 122183,
          "at": 1791422278437
        },
        {
          "elapsedMs": 0.20000000298023224,
          "bytes": 122415,
          "at": 1791422278529
        },
        {
          "elapsedMs": 0.10000000149011612,
          "bytes": 122188,
          "at": 1791422278541
        },
        {
          "elapsedMs": 0.20000000298023224,
          "bytes": 122415,
          "at": 1791422278629
        },
        {
          "elapsedMs": 0.3999999985098839,
          "bytes": 122188,
          "at": 1791422278640
        },
        {
          "elapsedMs": 0.20000000298023224,
          "bytes": 122416,
          "at": 1791422278729
        },
        {
          "elapsedMs": 0.20000000298023224,
          "bytes": 122189,
          "at": 1791422278737
        },
        {
          "elapsedMs": 0.4000000059604645,
          "bytes": 122416,
          "at": 1791422278829
        },
        {
          "elapsedMs": 0.19999999552965164,
          "bytes": 122189,
          "at": 1791422278839
        },
        {
          "elapsedMs": 0.30000000447034836,
          "bytes": 122416,
          "at": 1791422278932
        },
        {
          "elapsedMs": 0.10000000149011612,
          "bytes": 122189,
          "at": 1791422278948
        },
        {
          "elapsedMs": 0.19999999552965164,
          "bytes": 122416,
          "at": 1791422279015
        },
        {
          "elapsedMs": 0.10000000149011612,
          "bytes": 122416,
          "at": 1791422279017
        },
        {
          "elapsedMs": 0.10000000149011612,
          "bytes": 122189,
          "at": 1791422279027
        },
        {
          "elapsedMs": 0.5,
          "bytes": 122469,
          "at": 1791422280558
        },
        {
          "elapsedMs": 0.3999999985098839,
          "bytes": 122242,
          "at": 1791422280593
        },
        {
          "elapsedMs": 0.5999999940395355,
          "bytes": 122467,
          "at": 1791422283490
        },
        {
          "elapsedMs": 0.8000000044703484,
          "bytes": 122240,
          "at": 1791422283524
        },
        {
          "elapsedMs": 0.6000000014901161,
          "bytes": 122456,
          "at": 1791422284925
        },
        {
          "elapsedMs": 0.30000000447034836,
          "bytes": 122229,
          "at": 1791422284960
        },
        {
          "elapsedMs": 0.5,
          "bytes": 122900,
          "at": 1791422286374
        },
        {
          "elapsedMs": 0.3999999985098839,
          "bytes": 122515,
          "at": 1791422286406
        },
        {
          "elapsedMs": 0.6000000014901161,
          "bytes": 122739,
          "at": 1791422287694
        },
        {
          "elapsedMs": 0.19999999552965164,
          "bytes": 122525,
          "at": 1791422287706
        },
        {
          "elapsedMs": 0.3999999985098839,
          "bytes": 122525,
          "at": 1791422289029
        },
        {
          "elapsedMs": 0.5,
          "bytes": 122751,
          "at": 1791422289474
        },
        {
          "elapsedMs": 0.6000000014901161,
          "bytes": 122524,
          "at": 1791422289506
        },
        {
          "elapsedMs": 0.29999999701976776,
          "bytes": 123842,
          "at": 1791422291010
        },
        {
          "elapsedMs": 0.6000000014901161,
          "bytes": 123296,
          "at": 1791422291053
        },
        {
          "elapsedMs": 0.3999999985098839,
          "bytes": 123990,
          "at": 1791422292441
        },
        {
          "elapsedMs": 0.3999999985098839,
          "bytes": 123611,
          "at": 1791422292474
        },
        {
          "elapsedMs": 0.6000000014901161,
          "bytes": 123825,
          "at": 1791422293724
        },
        {
          "elapsedMs": 0.19999999552965164,
          "bytes": 123611,
          "at": 1791422293740
        },
        {
          "elapsedMs": 0.3999999985098839,
          "bytes": 123611,
          "at": 1791422295155
        },
        {
          "elapsedMs": 0.29999999701976776,
          "bytes": 123838,
          "at": 1791422295230
        },
        {
          "elapsedMs": 0.29999999701976776,
          "bytes": 123611,
          "at": 1791422295238
        },
        {
          "elapsedMs": 0.29999999701976776,
          "bytes": 123838,
          "at": 1791422295329
        },
        {
          "elapsedMs": 0.29999999701976776,
          "bytes": 123611,
          "at": 1791422295338
        },
        {
          "elapsedMs": 0.20000000298023224,
          "bytes": 123899,
          "at": 1791422295429
        },
        {
          "elapsedMs": 0.10000000149011612,
          "bytes": 123672,
          "at": 1791422295437
        },
        {
          "elapsedMs": 0.20000000298023224,
          "bytes": 123899,
          "at": 1791422295529
        },
        {
          "elapsedMs": 0.10000000149011612,
          "bytes": 123672,
          "at": 1791422295534
        },
        {
          "elapsedMs": 0.20000000298023224,
          "bytes": 123899,
          "at": 1791422295629
        },
        {
          "elapsedMs": 0.20000000298023224,
          "bytes": 123672,
          "at": 1791422295635
        },
        {
          "elapsedMs": 0.20000000298023224,
          "bytes": 123899,
          "at": 1791422295728
        },
        {
          "elapsedMs": 0.3999999985098839,
          "bytes": 123672,
          "at": 1791422295736
        },
        {
          "elapsedMs": 0.3999999985098839,
          "bytes": 123899,
          "at": 1791422295829
        },
        {
          "elapsedMs": 0.30000000447034836,
          "bytes": 123672,
          "at": 1791422295836
        },
        {
          "elapsedMs": 0.3999999985098839,
          "bytes": 123899,
          "at": 1791422295907
        },
        {
          "elapsedMs": 0.09999999403953552,
          "bytes": 123899,
          "at": 1791422295908
        },
        {
          "elapsedMs": 0.6000000014901161,
          "bytes": 123672,
          "at": 1791422295948
        },
        {
          "elapsedMs": 0.5,
          "bytes": 123899,
          "at": 1791422297541
        },
        {
          "elapsedMs": 0.3999999985098839,
          "bytes": 123672,
          "at": 1791422297581
        },
        {
          "elapsedMs": 0.4000000059604645,
          "bytes": 124326,
          "at": 1791422298941
        },
        {
          "elapsedMs": 0.29999999701976776,
          "bytes": 123961,
          "at": 1791422298973
        },
        {
          "elapsedMs": 0.5,
          "bytes": 124175,
          "at": 1791422300226
        },
        {
          "elapsedMs": 0.3999999985098839,
          "bytes": 123961,
          "at": 1791422300267
        },
        {
          "elapsedMs": 0.6000000014901161,
          "bytes": 124186,
          "at": 1791422301890
        },
        {
          "elapsedMs": 0.29999999701976776,
          "bytes": 123959,
          "at": 1791422301925
        },
        {
          "elapsedMs": 0.3999999985098839,
          "bytes": 126075,
          "at": 1791422303409
        },
        {
          "elapsedMs": 0.3999999985098839,
          "bytes": 125718,
          "at": 1791422303444
        },
        {
          "elapsedMs": 0.7000000029802322,
          "bytes": 125950,
          "at": 1791422305092
        },
        {
          "elapsedMs": 0.3999999985098839,
          "bytes": 125723,
          "at": 1791422305139
        },
        {
          "elapsedMs": 0.5,
          "bytes": 125723,
          "at": 1791422305930
        },
        {
          "elapsedMs": 0.6999999955296516,
          "bytes": 125937,
          "at": 1791422306377
        },
        {
          "elapsedMs": 0.20000000298023224,
          "bytes": 125723,
          "at": 1791422306391
        },
        {
          "elapsedMs": 0.6000000014901161,
          "bytes": 125938,
          "at": 1791422308147
        },
        {
          "elapsedMs": 0.3999999985098839,
          "bytes": 125711,
          "at": 1791422308155
        },
        {
          "elapsedMs": 0.3999999985098839,
          "bytes": 125928,
          "at": 1791422309640
        },
        {
          "elapsedMs": 0.5,
          "bytes": 125701,
          "at": 1791422309676
        },
        {
          "elapsedMs": 0.5,
          "bytes": 125927,
          "at": 1791422311092
        },
        {
          "elapsedMs": 0.5,
          "bytes": 125700,
          "at": 1791422311131
        },
        {
          "elapsedMs": 0.5,
          "bytes": 125947,
          "at": 1791422312774
        },
        {
          "elapsedMs": 0.6000000014901161,
          "bytes": 125720,
          "at": 1791422312810
        },
        {
          "elapsedMs": 0.3999999985098839,
          "bytes": 125949,
          "at": 1791422314206
        },
        {
          "elapsedMs": 0.3999999985098839,
          "bytes": 125722,
          "at": 1791422314244
        },
        {
          "elapsedMs": 0.6000000014901161,
          "bytes": 125958,
          "at": 1791422315692
        },
        {
          "elapsedMs": 0.3999999985098839,
          "bytes": 125731,
          "at": 1791422315724
        },
        {
          "elapsedMs": 0.5,
          "bytes": 125731,
          "at": 1791422316029
        },
        {
          "elapsedMs": 0.5,
          "bytes": 125956,
          "at": 1791422317156
        },
        {
          "elapsedMs": 0.3999999985098839,
          "bytes": 125729,
          "at": 1791422317186
        },
        {
          "elapsedMs": 0.5,
          "bytes": 125943,
          "at": 1791422318389
        },
        {
          "elapsedMs": 0.30000000447034836,
          "bytes": 125729,
          "at": 1791422318428
        },
        {
          "elapsedMs": 0.7000000029802322,
          "bytes": 126411,
          "at": 1791422320196
        },
        {
          "elapsedMs": 0.10000000149011612,
          "bytes": 126029,
          "at": 1791422320208
        },
        {
          "elapsedMs": 0.5,
          "bytes": 126254,
          "at": 1791422321624
        },
        {
          "elapsedMs": 0.3999999985098839,
          "bytes": 126027,
          "at": 1791422321668
        },
        {
          "elapsedMs": 0.29999999701976776,
          "bytes": 126745,
          "at": 1791422323093
        },
        {
          "elapsedMs": 0.4000000059604645,
          "bytes": 126354,
          "at": 1791422323129
        },
        {
          "elapsedMs": 0.5,
          "bytes": 126568,
          "at": 1791422324347
        },
        {
          "elapsedMs": 0.20000000298023224,
          "bytes": 126354,
          "at": 1791422324355
        },
        {
          "elapsedMs": 0.5,
          "bytes": 126354,
          "at": 1791422326029
        },
        {
          "elapsedMs": 0.20000000298023224,
          "bytes": 126582,
          "at": 1791422326057
        },
        {
          "elapsedMs": 0.5,
          "bytes": 126355,
          "at": 1791422326093
        },
        {
          "elapsedMs": 0.3999999985098839,
          "bytes": 126567,
          "at": 1791422327640
        },
        {
          "elapsedMs": 0.6999999955296516,
          "bytes": 126340,
          "at": 1791422327679
        },
        {
          "elapsedMs": 0.6000000014901161,
          "bytes": 126340,
          "at": 1791422328925
        },
        {
          "elapsedMs": 0.30000000447034836,
          "bytes": 126567,
          "at": 1791422329029
        },
        {
          "elapsedMs": 0.20000000298023224,
          "bytes": 126340,
          "at": 1791422329035
        },
        {
          "elapsedMs": 0.29999999701976776,
          "bytes": 126567,
          "at": 1791422329129
        },
        {
          "elapsedMs": 0.20000000298023224,
          "bytes": 126340,
          "at": 1791422329135
        },
        {
          "elapsedMs": 0.3999999985098839,
          "bytes": 126567,
          "at": 1791422329229
        },
        {
          "elapsedMs": 0.20000000298023224,
          "bytes": 126340,
          "at": 1791422329235
        },
        {
          "elapsedMs": 0.29999999701976776,
          "bytes": 126567,
          "at": 1791422329329
        },
        {
          "elapsedMs": 0.20000000298023224,
          "bytes": 126340,
          "at": 1791422329335
        },
        {
          "elapsedMs": 0.29999999701976776,
          "bytes": 126567,
          "at": 1791422329429
        },
        {
          "elapsedMs": 0.10000000149011612,
          "bytes": 126340,
          "at": 1791422329434
        },
        {
          "elapsedMs": 0.19999999552965164,
          "bytes": 126567,
          "at": 1791422329529
        },
        {
          "elapsedMs": 0.10000000149011612,
          "bytes": 126340,
          "at": 1791422329534
        },
        {
          "elapsedMs": 0.7999999970197678,
          "bytes": 126567,
          "at": 1791422329629
        },
        {
          "elapsedMs": 0.4000000059604645,
          "bytes": 126340,
          "at": 1791422329642
        },
        {
          "elapsedMs": 0.10000000149011612,
          "bytes": 126567,
          "at": 1791422329675
        },
        {
          "elapsedMs": 0.10000000149011612,
          "bytes": 126567,
          "at": 1791422329677
        },
        {
          "elapsedMs": 0.20000000298023224,
          "bytes": 126340,
          "at": 1791422329686
        },
        {
          "elapsedMs": 0.5,
          "bytes": 126554,
          "at": 1791422331057
        },
        {
          "elapsedMs": 0.4000000059604645,
          "bytes": 126340,
          "at": 1791422331072
        },
        {
          "elapsedMs": 0.30000000447034836,
          "bytes": 126552,
          "at": 1791422332808
        },
        {
          "elapsedMs": 0.5,
          "bytes": 126325,
          "at": 1791422332848
        },
        {
          "elapsedMs": 0.6999999955296516,
          "bytes": 130234,
          "at": 1791422334324
        },
        {
          "elapsedMs": 0.3999999985098839,
          "bytes": 129770,
          "at": 1791422334376
        },
        {
          "elapsedMs": 0.6000000014901161,
          "bytes": 130010,
          "at": 1791422335891
        },
        {
          "elapsedMs": 0.20000000298023224,
          "bytes": 129783,
          "at": 1791422335906
        },
        {
          "elapsedMs": 0.5,
          "bytes": 129997,
          "at": 1791422337240
        },
        {
          "elapsedMs": 0.6000000014901161,
          "bytes": 129783,
          "at": 1791422337286
        },
        {
          "elapsedMs": 0.6999999955296516,
          "bytes": 130009,
          "at": 1791422338942
        },
        {
          "elapsedMs": 0.20000000298023224,
          "bytes": 129782,
          "at": 1791422338955
        },
        {
          "elapsedMs": 0.3999999985098839,
          "bytes": 129782,
          "at": 1791422339730
        },
        {
          "elapsedMs": 0.5,
          "bytes": 130010,
          "at": 1791422340565
        },
        {
          "elapsedMs": 0.4000000059604645,
          "bytes": 129783,
          "at": 1791422340576
        },
        {
          "elapsedMs": 0.5,
          "bytes": 130024,
          "at": 1791422342208
        },
        {
          "elapsedMs": 0.5,
          "bytes": 129797,
          "at": 1791422342259
        },
        {
          "elapsedMs": 0.6999999955296516,
          "bytes": 130033,
          "at": 1791422343879
        },
        {
          "elapsedMs": 0.10000000149011612,
          "bytes": 129806,
          "at": 1791422343890
        },
        {
          "elapsedMs": 0.3999999985098839,
          "bytes": 130035,
          "at": 1791422345446
        },
        {
          "elapsedMs": 0.19999999552965164,
          "bytes": 129808,
          "at": 1791422345458
        },
        {
          "elapsedMs": 0.3999999985098839,
          "bytes": 129808,
          "at": 1791422346777
        },
        {
          "elapsedMs": 0.30000000447034836,
          "bytes": 130035,
          "at": 1791422346829
        },
        {
          "elapsedMs": 0.7999999970197678,
          "bytes": 129808,
          "at": 1791422346837
        },
        {
          "elapsedMs": 0.5999999940395355,
          "bytes": 130035,
          "at": 1791422346930
        },
        {
          "elapsedMs": 0.30000000447034836,
          "bytes": 129808,
          "at": 1791422346939
        },
        {
          "elapsedMs": 0.20000000298023224,
          "bytes": 130035,
          "at": 1791422347029
        },
        {
          "elapsedMs": 0.20000000298023224,
          "bytes": 129808,
          "at": 1791422347034
        },
        {
          "elapsedMs": 0.4000000059604645,
          "bytes": 130035,
          "at": 1791422347129
        },
        {
          "elapsedMs": 0.20000000298023224,
          "bytes": 129808,
          "at": 1791422347136
        },
        {
          "elapsedMs": 0.29999999701976776,
          "bytes": 130035,
          "at": 1791422347229
        },
        {
          "elapsedMs": 0.20000000298023224,
          "bytes": 129808,
          "at": 1791422347238
        },
        {
          "elapsedMs": 0.19999999552965164,
          "bytes": 130035,
          "at": 1791422347329
        },
        {
          "elapsedMs": 0.19999999552965164,
          "bytes": 129808,
          "at": 1791422347337
        },
        {
          "elapsedMs": 0.30000000447034836,
          "bytes": 130035,
          "at": 1791422347429
        },
        {
          "elapsedMs": 0.20000000298023224,
          "bytes": 129808,
          "at": 1791422347435
        },
        {
          "elapsedMs": 0.5,
          "bytes": 130035,
          "at": 1791422347507
        },
        {
          "elapsedMs": 0.20000000298023224,
          "bytes": 130035,
          "at": 1791422347510
        },
        {
          "elapsedMs": 0.30000000447034836,
          "bytes": 129808,
          "at": 1791422347519
        },
        {
          "elapsedMs": 0.5,
          "bytes": 130035,
          "at": 1791422349195
        },
        {
          "elapsedMs": 0.10000000149011612,
          "bytes": 129808,
          "at": 1791422349206
        },
        {
          "elapsedMs": 0.6999999955296516,
          "bytes": 130022,
          "at": 1791422350514
        },
        {
          "elapsedMs": 0.20000000298023224,
          "bytes": 129808,
          "at": 1791422350528
        },
        {
          "elapsedMs": 0.8999999985098839,
          "bytes": 130035,
          "at": 1791422352493
        },
        {
          "elapsedMs": 0.30000000447034836,
          "bytes": 129808,
          "at": 1791422352503
        },
        {
          "elapsedMs": 0.5,
          "bytes": 130454,
          "at": 1791422353973
        },
        {
          "elapsedMs": 2.0999999940395355,
          "bytes": 130084,
          "at": 1791422354017
        },
        {
          "elapsedMs": 0.7000000029802322,
          "bytes": 130308,
          "at": 1791422355542
        },
        {
          "elapsedMs": 0.4000000059604645,
          "bytes": 130081,
          "at": 1791422355583
        },
        {
          "elapsedMs": 0.5,
          "bytes": 130295,
          "at": 1791422356893
        },
        {
          "elapsedMs": 0.30000000447034836,
          "bytes": 130081,
          "at": 1791422356903
        },
        {
          "elapsedMs": 0.6000000014901161,
          "bytes": 130081,
          "at": 1791422357530
        },
        {
          "elapsedMs": 0.3999999985098839,
          "bytes": 130310,
          "at": 1791422358627
        },
        {
          "elapsedMs": 0.19999999552965164,
          "bytes": 130083,
          "at": 1791422358645
        },
        {
          "elapsedMs": 0.5,
          "bytes": 130323,
          "at": 1791422360510
        },
        {
          "elapsedMs": 0.20000000298023224,
          "bytes": 130096,
          "at": 1791422360516
        },
        {
          "elapsedMs": 0.6000000014901161,
          "bytes": 130322,
          "at": 1791422361958
        },
        {
          "elapsedMs": 0.3999999985098839,
          "bytes": 130095,
          "at": 1791422362001
        },
        {
          "elapsedMs": 0.6000000014901161,
          "bytes": 130309,
          "at": 1791422363276
        },
        {
          "elapsedMs": 0.20000000298023224,
          "bytes": 130095,
          "at": 1791422363294
        },
        {
          "elapsedMs": 0.3999999985098839,
          "bytes": 130095,
          "at": 1791422364737
        },
        {
          "elapsedMs": 0.29999999701976776,
          "bytes": 130322,
          "at": 1791422364829
        },
        {
          "elapsedMs": 0.29999999701976776,
          "bytes": 130095,
          "at": 1791422364835
        },
        {
          "elapsedMs": 0.3999999985098839,
          "bytes": 130322,
          "at": 1791422364930
        },
        {
          "elapsedMs": 0.3999999985098839,
          "bytes": 130095,
          "at": 1791422364936
        },
        {
          "elapsedMs": 0.19999999552965164,
          "bytes": 130322,
          "at": 1791422365029
        },
        {
          "elapsedMs": 0.20000000298023224,
          "bytes": 130095,
          "at": 1791422365035
        },
        {
          "elapsedMs": 0.29999999701976776,
          "bytes": 130322,
          "at": 1791422365129
        },
        {
          "elapsedMs": 0.29999999701976776,
          "bytes": 130095,
          "at": 1791422365134
        },
        {
          "elapsedMs": 2.2999999970197678,
          "bytes": 130322,
          "at": 1791422365231
        },
        {
          "elapsedMs": 0.20000000298023224,
          "bytes": 130095,
          "at": 1791422365236
        },
        {
          "elapsedMs": 0.19999999552965164,
          "bytes": 130322,
          "at": 1791422365329
        },
        {
          "elapsedMs": 0.20000000298023224,
          "bytes": 130095,
          "at": 1791422365335
        },
        {
          "elapsedMs": 0.30000000447034836,
          "bytes": 130322,
          "at": 1791422365429
        },
        {
          "elapsedMs": 0.5,
          "bytes": 130095,
          "at": 1791422365441
        },
        {
          "elapsedMs": 0.20000000298023224,
          "bytes": 130322,
          "at": 1791422365476
        },
        {
          "elapsedMs": 0.19999999552965164,
          "bytes": 130322,
          "at": 1791422365478
        },
        {
          "elapsedMs": 0.09999999403953552,
          "bytes": 130095,
          "at": 1791422365485
        },
        {
          "elapsedMs": 0.6000000014901161,
          "bytes": 130322,
          "at": 1791422367107
        },
        {
          "elapsedMs": 0.5,
          "bytes": 130095,
          "at": 1791422367145
        },
        {
          "elapsedMs": 0.5,
          "bytes": 132177,
          "at": 1791422368773
        },
        {
          "elapsedMs": 0.5,
          "bytes": 131820,
          "at": 1791422368815
        },
        {
          "elapsedMs": 0.7000000029802322,
          "bytes": 132034,
          "at": 1791422370041
        },
        {
          "elapsedMs": 0.7000000029802322,
          "bytes": 131820,
          "at": 1791422370081
        },
        {
          "elapsedMs": 0.5,
          "bytes": 132054,
          "at": 1791422371722
        },
        {
          "elapsedMs": 0.20000000298023224,
          "bytes": 131827,
          "at": 1791422371736
        },
        {
          "elapsedMs": 0.6000000014901161,
          "bytes": 132065,
          "at": 1791422373158
        },
        {
          "elapsedMs": 0.29999999701976776,
          "bytes": 131838,
          "at": 1791422373193
        },
        {
          "elapsedMs": 0.5,
          "bytes": 132066,
          "at": 1791422374740
        },
        {
          "elapsedMs": 0.6000000014901161,
          "bytes": 131839,
          "at": 1791422374789
        },
        {
          "elapsedMs": 0.5,
          "bytes": 131839,
          "at": 1791422375530
        },
        {
          "elapsedMs": 0.5999999940395355,
          "bytes": 132066,
          "at": 1791422376423
        },
        {
          "elapsedMs": 0.5,
          "bytes": 131839,
          "at": 1791422376476
        },
        {
          "elapsedMs": 0.5,
          "bytes": 132120,
          "at": 1791422377955
        },
        {
          "elapsedMs": 0.5,
          "bytes": 131893,
          "at": 1791422377995
        },
        {
          "elapsedMs": 0.6000000014901161,
          "bytes": 132120,
          "at": 1791422379472
        },
        {
          "elapsedMs": 0.7000000029802322,
          "bytes": 131893,
          "at": 1791422379521
        },
        {
          "elapsedMs": 0.5,
          "bytes": 132120,
          "at": 1791422380989
        },
        {
          "elapsedMs": 0.5,
          "bytes": 131893,
          "at": 1791422381031
        },
        {
          "elapsedMs": 0.5999999940395355,
          "bytes": 132107,
          "at": 1791422382305
        },
        {
          "elapsedMs": 0.29999999701976776,
          "bytes": 131893,
          "at": 1791422382346
        },
        {
          "elapsedMs": 0.3999999985098839,
          "bytes": 132120,
          "at": 1791422384122
        },
        {
          "elapsedMs": 0.5,
          "bytes": 131893,
          "at": 1791422384168
        },
        {
          "elapsedMs": 0.7000000029802322,
          "bytes": 131893,
          "at": 1791422385538
        },
        {
          "elapsedMs": 0.30000000447034836,
          "bytes": 132117,
          "at": 1791422385628
        },
        {
          "elapsedMs": 0.5,
          "bytes": 131890,
          "at": 1791422385640
        },
        {
          "elapsedMs": 0.5,
          "bytes": 132117,
          "at": 1791422387140
        },
        {
          "elapsedMs": 0.6000000014901161,
          "bytes": 131890,
          "at": 1791422387187
        },
        {
          "elapsedMs": 0.5,
          "bytes": 132104,
          "at": 1791422388423
        },
        {
          "elapsedMs": 0.5,
          "bytes": 131890,
          "at": 1791422388470
        },
        {
          "elapsedMs": 0.7999999970197678,
          "bytes": 133611,
          "at": 1791422390160
        },
        {
          "elapsedMs": 0.6000000014901161,
          "bytes": 133032,
          "at": 1791422390175
        },
        {
          "elapsedMs": 0.5999999940395355,
          "bytes": 132977,
          "at": 1791422392008
        },
        {
          "elapsedMs": 0.20000000298023224,
          "bytes": 132750,
          "at": 1791422392017
        },
        {
          "elapsedMs": 0.5,
          "bytes": 133268,
          "at": 1791422393707
        },
        {
          "elapsedMs": 0.20000000298023224,
          "bytes": 132898,
          "at": 1791422393721
        },
        {
          "elapsedMs": 0.7999999970197678,
          "bytes": 133127,
          "at": 1791422395522
        },
        {
          "elapsedMs": 0.6000000014901161,
          "bytes": 133127,
          "at": 1791422395563
        },
        {
          "elapsedMs": 0.20000000298023224,
          "bytes": 132900,
          "at": 1791422395567
        }
      ],
      "storageErrors": [],
      "unhandledRejections": []
    },
    "pageErrors": 0,
    "consoleErrors": 0,
    "requestFailures": 0,
    "httpFailures": 0
  },
  "uiLatencySamples": [
    {
      "action": "periodic-save-reload-1",
      "latencyMs": 287.41
    }
  ],
  "periodicSaveReloads": 1,
  "lastSaveReload": {
    "atUTC": "2026-10-08T01:17:49.615249+00:00",
    "lane": "NORMAL_FRESH",
    "label": "periodic-save-reload-1",
    "latencyMs": 287.41,
    "savedBytes": 116250,
    "historyCount": 26,
    "journalPending": 0,
    "worldTime": 218451,
    "crisisPhase": "dormant",
    "invariantMismatches": {}
  },
  "normalCrisisActionCount": 4,
  "error": "TimeoutError: Locator.click: Timeout 30000ms exceeded.\nCall log:\n  - waiting for locator(\".context-action\")\n    - locator resolved to <button class=\"context-action primary\">…</button>\n  - attempting click action\n    2 × waiting for element to be visible, enabled and stable\n      - element is visible, enabled and stable\n      - scrolling into view if needed\n      - done scrolling\n      - <dialog open=\"\" tabindex=\"-1\" class=\"pixel-window\" aria-labelledby=\"window-title\">…</dialog> intercepts pointer events\n    - retrying click action\n    - waiting 20ms\n    2 × waiting for element to be visible, enabled and stable\n      - element is visible, enabled and stable\n      - scrolling into view if needed\n      - done scrolling\n      - <dialog open=\"\" tabindex=\"-1\" class=\"pixel-window\" aria-labelledby=\"window-title\">…</dialog> intercepts pointer events\n    - retrying click action\n      - waiting 100ms\n    58 × waiting for element to be visible, enabled and stable\n       - element is visible, enabled and stable\n       - scrolling into view if needed\n       - done scrolling\n       - <dialog open=\"\" tabindex=\"-1\" class=\"pixel-window\" aria-labelledby=\"window-title\">…</dialog> intercepts pointer events\n     - retrying click action\n       - waiting 500ms\n",
  "failureUTC": "2026-10-08T01:21:00.473800+00:00",
  "sourceAfter": {
    "head": "bd316cb326e5fbc20087c0154d6e3f294a5daac7",
    "sourceSha256": {
      "src/App.vue": "f3ed979e98946fd747bf7f0508a03a31b50165ff09b4202e5b48753a977fdde8",
      "src/components/AdventureWindow.vue": "eb6167f033c2c871d0719fb3742319df591feace02bffabe8af5a4802ebfc087",
      "src/components/CharacterSheet.vue": "0905f39da0b3ba52ed2c8c4c852ce08bc96a5e80d925cb64bb1f3dcb5b0d0dbd",
      "src/components/IdentityWindow.vue": "982afc32143581311c9a014236e3e2a75e1a40b8f04f8fe97796c542966f7f06",
      "src/components/InventoryWindow.vue": "12794d34b5d7df1902804f36698c26d58f0c46e3ec8f8bcd4519b075d2ad4609",
      "src/components/LifeNewsWindow.vue": "f59e6aef06e4f610b702f09ac45ed64295a4fbeece8bfe9a424e0b2d7975438b",
      "src/components/NpcWindow.vue": "0e930a8dfeec0f4db6cdad0adace75825baa8cc40e09307e1e55c7085cde4cd7",
      "src/components/PixelMeter.vue": "77b69a1b161f6ad7e29a346665a69645a3d8589281e8bc32832f149e41d81ca9",
      "src/components/PixelWindow.vue": "15397996c0984586bd95e6383c647fba88dbb77ec0a9f01e78dc723821e61da4",
      "src/components/PlaceWindow.vue": "39ad0ac71e13dc67b07e65f15ecbcb38fb7cd18d0e3d8f5140eb97a943d21ce6",
      "src/components/PropertyWindow.vue": "9bd6f8d2a5b00435b6e86c149bf6a7d4bf5343ed2be26e2416772a3aaf0c27d1",
      "src/components/StatusNotice.vue": "6c722ade5aa61f45e5fb2c77c8a8dc15e701173484f3871f7365d7cf9500f6a9",
      "src/components/WorldMap.vue": "37de32ea49da36d4e74c9ced377adbe280fa45cb60fdf69d8a5c39a260719a5f",
      "src/components/WorldRecords.vue": "424365a02880ce6767ffc9e9769e5a0f61905c0fc046753d8fc80f5bfadaaed8",
      "src/data/config.ts": "c81505557ccadf66b8046b1f1976c90bb63165804502dce770c468deb9cb6984",
      "src/data/crafting.ts": "a6946d02a5783c52e672bc25abc33202830f98983488e7f0df2ee1984d7c86f9",
      "src/data/identity.ts": "0acc09bbd1f9d9c4e057b2bdca01fa202730e868325cb873286c5c31a809dae0",
      "src/data/lifeRules.ts": "07b9ab1836c6d96077a4a6aaedd7f5d7abec6f1b5132bc5203da1d1e9291e1b3",
      "src/data/livingEvents.ts": "768aaee2a9d1e8b9919163059d36a494f5071bf7a0568bfe7b0c80f735d03bc1",
      "src/data/npcLife.ts": "5089f01033570e33528b63538a06a3f0645735b8c8c884d8f2c54a900a937b4f",
      "src/data/ownership.ts": "32b4133d753764952905da43276cd1cd56ea26f32e44b4b540225dc8f59140f2",
      "src/data/rewards.ts": "f2d60b4eb0c7d3349e242b6c2a81853e92cf5b74e25e1be071cf839fd6c98cd5",
      "src/domain/crisis.ts": "03ef61f00c08ea84cdd6126d64009e3032fb38a5662db8a736519045f00ad14c",
      "src/domain/life.ts": "db2eff0c1eb6d3ae310f39d8df5a6bf40b125193741a25b9bbe652c4640de72a",
      "src/domain/reward.ts": "fb7463d0327e73097979d5ccd6823b10b0f0d9d14280974215ba6459eb899c0a",
      "src/domain/types.ts": "c90703ac043a4e3310ed695155a0dba02763d56fb06b0f3bd6833cfe32f34564",
      "src/engine/actions.test.ts": "813166423bd0b55fd0172eedb1bcf766028a1045588807473c2205f6cec47fa5",
      "src/engine/actions.ts": "2470daad996be973e130a31fb76fc9ef14ca089a15c2269e797f1598f1df05f7",
      "src/engine/calendar.ts": "e587ce1d1e149fea987f5a3ab6013872528d5d74beafcb0f40d2fe476abf5524",
      "src/engine/civilDefense.test.ts": "c05afe2ab42f334f3284f3b7830ea073db96707995b2336e2b30855d0c84e125",
      "src/engine/civilDefense.ts": "9a6988658e62df485f85f69d0c1f0a0626078eeec43f0934ad2298e6cdcfe77d",
      "src/engine/combatStats.test.ts": "896b7517b4a2bcb4671b4d17188f0823edfe290e3826fc21f3bc94fe0f062bea",
      "src/engine/combatStats.ts": "d7235e4c59edc77aec368f940e8825712672cc3fcd49e83c7c901c5f049db34f",
      "src/engine/crafting.test.ts": "3a7ebc2ff5340947c3fc8608d49bd72d16cbc4e5399e910c5e3597c474fd2bca",
      "src/engine/crafting.ts": "04ed1724b723b78221ee31811b46171bb9e8d2fbb029a777dda5a12449378a88",
      "src/engine/crisisAdventure.test.ts": "56078d5785fef942872e0b4532ebfc6046c34e49f53abde0a7e2606afdc213e3",
      "src/engine/crisisContributions.test.ts": "2f88fab54f5ceca44570195901077f3f41a421b4c9ff3657b90ddcfe31ca02ce",
      "src/engine/crisisContributions.ts": "9354b3ddb288d2cfc5cad639b16bdb1b68c5eaca782101040ee3c9bbe49e1cd6",
      "src/engine/crisisResolution.test.ts": "8d289cce7b38e55494b3198c3da986a36d14d7c776f32aac776179c5a8685bb8",
      "src/engine/events.ts": "e2b781ad3f99cfc2b20f58ce561b2bf9c489c417512f4c7b209e02e3d5d2a1b1",
      "src/engine/gameLoop.test.ts": "96c76b875cedace6ab191a95e0b01285a024723691c1ebaca3ae76407492258d",
      "src/engine/gameLoop.ts": "016305d39fe6746347f783723e0f6e6d53f387766d3ca899816d618e9ab2d941",
      "src/engine/gearStats.ts": "66fa786c0c3e81cc317033181a0f11d9ef987c15f943e0960ec20a668eff0702",
      "src/engine/identity.test.ts": "5dc96ec9abf767c0e9202429cabebedefeb3bc0237ebe519c4d9feeccda2a07f",
      "src/engine/identity.ts": "2d7596a712c16940a590bdf47edd288fc965f429304889e0be3b09969d61119e",
      "src/engine/itemGeneration.test.ts": "2b09ecb49724820a5187a26099f654a00b0457a0d0f8e50609562ff26f5d39e2",
      "src/engine/itemGeneration.ts": "87be6646c4aa67a8d6443586373e848d0d8ffabad72b9752825224cb170fff71",
      "src/engine/lifeIntegration.test.ts": "c9e702a8819e0d372aff7411f45a85ebc1e829dfc6f1e753b728863a21f56a16",
      "src/engine/lifeState.ts": "bd7697bcb564061cd00ff7fc14373625c30d2a7de06473b8f97bffb4c61b3c58",
      "src/engine/livingEvents.test.ts": "239b9276d488b5c6e54f5a71b3ef7c727f3d600f9d04f9689a8efa207dd1157a",
      "src/engine/livingEvents.ts": "5a1754700e98080bbdd8e50f6896900377c16c1cacbb21da5c3c8a9162fa4ab7",
      "src/engine/lod.ts": "325c339270bc38b55bf9e5185f9f502e3934a1055ece7f1b67fb448743fe5df4",
      "src/engine/npcLife.test.ts": "8bbe40ae3b0a87926c7d65a53d079931b59bdd26ac8489148518c188a466a9dc",
      "src/engine/npcLife.ts": "7f2fe08b29c5ee145a06c3623b19b663fcd7251bdfa5c3a7bfe19bc393bf5c28",
      "src/engine/ownership.test.ts": "b339812b317032d3cf497e53c139c6397cc829ad5f5d50859897306acb2de725",
      "src/engine/ownership.ts": "50b5bef7df35778c95ddbf0dd0951a22f46517842a224bee1552cd2dd18ff6db",
      "src/engine/random.ts": "b0844202733996c5dd2f123a32ad800c433b22c02ddf0e744c163e880b612734",
      "src/engine/regionalCrisis.test.ts": "2eef285818c781d60dda7120bf6f3cd89c65084c1ac4345674010976830912f4",
      "src/engine/regionalCrisis.ts": "3fe8139a9677ae925c1f8ee63c5763b12fd03036d2cf651893a09874e3783bf3",
      "src/engine/regionalCrisisRecognition.ts": "b6c33d892cbb421b89d84620219bad60c7fe15fa883852bf6dbd0a44658004c0",
      "src/engine/rewardActions.test.ts": "0b8972f23231416b0cff9d4f8af8d8cc4c79804bdb1a971c437e0581ca5a7c7f",
      "src/engine/rewardActions.ts": "799acb63db633179829613db2dc4ca6066226846ec0c6c0c885c7b6c13ce717d",
      "src/engine/rewardState.ts": "2bc667870966beec916017a865f8e8cbf7b9893b31fe33823fec98305df5d901",
      "src/engine/simulation.test.ts": "a0808a2c3a02ea77382e0c29cd931e175f71e3201fc0827ae177c2af320d3b4e",
      "src/engine/simulation.ts": "c0c83c8f9e6de55e09ea78fa1489015c6bcf35c066a06aa1f95daecd600ac907",
      "src/engine/wolfFamily.test.ts": "9d1aa4f13c4582c317dd4e91b6a3cf32db1ea33e8adeef4a54097ecf4355716f",
      "src/engine/wolfFamily.ts": "1c1c18f12926a13f804ae215e60349e0c69e2dcb0e5c8d26518b11eeb7197ed7",
      "src/main.ts": "d40986b5fc51412d180baf7fd19e010611819486787be3a901e22315f3ae34a4",
      "src/presentation/craftingProjection.test.ts": "9e267bcd768b9ee7238ff6c6c7e669df5b7fa987fd872c7bf2848aee5d1090ce",
      "src/presentation/craftingProjection.ts": "26e70a094527b49ed17cf4e8a802d8e32f145789b13cb78d5b1825d70ce80dbf",
      "src/presentation/crisisProjection.test.ts": "5e0988814fda47f84e244671d10ef15ea3ea94594df2e813682dbdc1b959fa6c",
      "src/presentation/crisisProjection.ts": "0b221c5ff24b5f8b2cabd3fd45dc212194fe74c0932925f6c59f3ffc9f076c3b",
      "src/presentation/icons.ts": "765708954fb2796d5a31715a4f66e9036672417b61aad5e80ccdddaf2231a135",
      "src/presentation/lifeProjection.test.ts": "fa6c4282aedc420b300baf2d283bf11222b3cd806a4e4b7dbf8c77269a95292a",
      "src/presentation/lifeProjection.ts": "07c2f4a68e2ce095c8eb352db85a22d0481e9cf6131c1440da950f765b0e24f4",
      "src/presentation/rewardProjection.test.ts": "cb54650c0885c3c1c245a9eb7d599fa63589f7543fb1c7514fd570d6e1244d86",
      "src/presentation/rewardProjection.ts": "969498139ed5fa7b221378d939032d7948904c242ea3d3691657728293603d92",
      "src/presentation/worldProjection.test.ts": "ac09f1dd5fd910f21f54f2475de22aaab72c8ba5be3b974d90913cde7910bad4",
      "src/presentation/worldProjection.ts": "06d76b4946a11de5ef28d3fa4a6966a0a2a0e0859c43370009b4ad30d2dcc73b",
      "src/presentation/worldUI.test.ts": "2f3df8b838778eabfb17e3364c37905b3a2ab043ebba3ad1500c911cce7e4e6e",
      "src/presentation/worldUI.ts": "a0abdb1cc227cf4d60e7bb3c1531fc555dff800d462b74be312f67c562e6c91e",
      "src/services/playJournal.test.ts": "90fa0dbf1b5a928728e4100eb4b5e5b2f7eb1f3944b1a559455713e8b155610a",
      "src/services/playJournal.ts": "92d55ee79abe39e0e0c83fd2cc54243559517f787cfe23262486810f45163940",
      "src/services/rewardSave.test.ts": "a27b2e1566755e16eabb9ced931a2c38898bfca10f3812e9be485e156603c3aa",
      "src/services/rewardValidation.ts": "3b229fe371f38df3cb6ab75dabf90973b94c1249b9d557ed747d736851f25ba1",
      "src/services/saveService.test.ts": "f1d85b9ad0a24e1c662864219da4cce053d38337b9afc2298a7a4cee0a4d27c8",
      "src/services/saveService.ts": "5d8ce05621c8be0dba81ec594d61de23bc40826faa7acf0a7c260876f9251bf1",
      "src/services/saveWriter.ts": "0703016eb96d12bb843f0b04b6e21b6568bf7f9b44defc59e340896c675ff43b",
      "src/stores/gameStore.test.ts": "a182469258b05a83d305dac07c2450847436a19cc7528362a149d8b07df0064f",
      "src/stores/gameStore.ts": "b5d18a378cf4b05d05a37a2825e7eff045fd1ef68ac0714076b8f7c049bf5ac2",
      "src/style.scss": "3d4a0eca9794501b3da62630d98a25298b7e0a9cf71bae57ce6c8d77ae4f8c2e"
    },
    "sourceFingerprint": "c9fd3e455af08f18c50bc7eaa3677ecdd950b2e0c177bc779fe39b1fb3ca2cbb",
    "buildInputsSha256": {
      "package.json": "e44cbba601836e8b2adc8e872caba3ce665c6b21873aeee153fc729099625f80",
      "package-lock.json": "cd8379969a4ee99f80434dce4c7afff4fcf52290aa9d40ba4668c5165dbdc53d",
      "tsconfig.json": "2f45629d03f844524c3b19b580db910c7c120e4e0d06b00eae6f73e829d968b0",
      "vite.config.ts": "f5e64ccf326c3dd505ea11a18e691d1bc5b698d9bd130b234a788fc3c9017366",
      "index.html": "bfa28297eece5f57e38878097b4db8b481d5fcee44442da76244e0bb3dffb794"
    },
    "buildInputsFingerprint": "953400b45ba7b923fe1f99ec590543615929d91e42782cd5c58ee3d75f739b71",
    "distSha256": {
      "dist/assets/index-C5oR9znA.js": "b3ad26fd438aaffec0176bfa43faf3f253f66dd00eec98ad119cf0527ee99b9f",
      "dist/assets/index-DmiWzmoy.css": "b76cc82a4d2fccd3ef0737700963ccae4aba6a3fedda8c26cc82eb30e7f86870",
      "dist/index.html": "2e91f5d3576d38eb50b492546391a6a3f0ed513afd93e2c6f79e2971290e6875"
    },
    "distFingerprint": "2214607f93c555fe64672f75bca427ad6c0d8fef02a835219a3fcb2a7568a137",
    "buildStatusPath": "/workspace/plw-rpg/reports/v2/20261008-regional-crisis/phase-06/j-build-status.json",
    "buildStatusSha256": "8e338e86b7bbea441d8c211d871a67fa727db8325b5f535724022d8488814a31",
    "buildStatusSourceSha256": {
      "src/App.vue": "f3ed979e98946fd747bf7f0508a03a31b50165ff09b4202e5b48753a977fdde8",
      "src/components/AdventureWindow.vue": "eb6167f033c2c871d0719fb3742319df591feace02bffabe8af5a4802ebfc087",
      "src/components/CharacterSheet.vue": "0905f39da0b3ba52ed2c8c4c852ce08bc96a5e80d925cb64bb1f3dcb5b0d0dbd",
      "src/components/IdentityWindow.vue": "982afc32143581311c9a014236e3e2a75e1a40b8f04f8fe97796c542966f7f06",
      "src/components/InventoryWindow.vue": "12794d34b5d7df1902804f36698c26d58f0c46e3ec8f8bcd4519b075d2ad4609",
      "src/components/LifeNewsWindow.vue": "f59e6aef06e4f610b702f09ac45ed64295a4fbeece8bfe9a424e0b2d7975438b",
      "src/components/NpcWindow.vue": "0e930a8dfeec0f4db6cdad0adace75825baa8cc40e09307e1e55c7085cde4cd7",
      "src/components/PixelMeter.vue": "77b69a1b161f6ad7e29a346665a69645a3d8589281e8bc32832f149e41d81ca9",
      "src/components/PixelWindow.vue": "15397996c0984586bd95e6383c647fba88dbb77ec0a9f01e78dc723821e61da4",
      "src/components/PlaceWindow.vue": "39ad0ac71e13dc67b07e65f15ecbcb38fb7cd18d0e3d8f5140eb97a943d21ce6",
      "src/components/PropertyWindow.vue": "9bd6f8d2a5b00435b6e86c149bf6a7d4bf5343ed2be26e2416772a3aaf0c27d1",
      "src/components/StatusNotice.vue": "6c722ade5aa61f45e5fb2c77c8a8dc15e701173484f3871f7365d7cf9500f6a9",
      "src/components/WorldMap.vue": "37de32ea49da36d4e74c9ced377adbe280fa45cb60fdf69d8a5c39a260719a5f",
      "src/components/WorldRecords.vue": "424365a02880ce6767ffc9e9769e5a0f61905c0fc046753d8fc80f5bfadaaed8",
      "src/data/config.ts": "c81505557ccadf66b8046b1f1976c90bb63165804502dce770c468deb9cb6984",
      "src/data/crafting.ts": "a6946d02a5783c52e672bc25abc33202830f98983488e7f0df2ee1984d7c86f9",
      "src/data/identity.ts": "0acc09bbd1f9d9c4e057b2bdca01fa202730e868325cb873286c5c31a809dae0",
      "src/data/lifeRules.ts": "07b9ab1836c6d96077a4a6aaedd7f5d7abec6f1b5132bc5203da1d1e9291e1b3",
      "src/data/livingEvents.ts": "768aaee2a9d1e8b9919163059d36a494f5071bf7a0568bfe7b0c80f735d03bc1",
      "src/data/npcLife.ts": "5089f01033570e33528b63538a06a3f0645735b8c8c884d8f2c54a900a937b4f",
      "src/data/ownership.ts": "32b4133d753764952905da43276cd1cd56ea26f32e44b4b540225dc8f59140f2",
      "src/data/rewards.ts": "f2d60b4eb0c7d3349e242b6c2a81853e92cf5b74e25e1be071cf839fd6c98cd5",
      "src/domain/crisis.ts": "03ef61f00c08ea84cdd6126d64009e3032fb38a5662db8a736519045f00ad14c",
      "src/domain/life.ts": "db2eff0c1eb6d3ae310f39d8df5a6bf40b125193741a25b9bbe652c4640de72a",
      "src/domain/reward.ts": "fb7463d0327e73097979d5ccd6823b10b0f0d9d14280974215ba6459eb899c0a",
      "src/domain/types.ts": "c90703ac043a4e3310ed695155a0dba02763d56fb06b0f3bd6833cfe32f34564",
      "src/engine/actions.test.ts": "813166423bd0b55fd0172eedb1bcf766028a1045588807473c2205f6cec47fa5",
      "src/engine/actions.ts": "2470daad996be973e130a31fb76fc9ef14ca089a15c2269e797f1598f1df05f7",
      "src/engine/calendar.ts": "e587ce1d1e149fea987f5a3ab6013872528d5d74beafcb0f40d2fe476abf5524",
      "src/engine/civilDefense.test.ts": "c05afe2ab42f334f3284f3b7830ea073db96707995b2336e2b30855d0c84e125",
      "src/engine/civilDefense.ts": "9a6988658e62df485f85f69d0c1f0a0626078eeec43f0934ad2298e6cdcfe77d",
      "src/engine/combatStats.test.ts": "896b7517b4a2bcb4671b4d17188f0823edfe290e3826fc21f3bc94fe0f062bea",
      "src/engine/combatStats.ts": "d7235e4c59edc77aec368f940e8825712672cc3fcd49e83c7c901c5f049db34f",
      "src/engine/crafting.test.ts": "3a7ebc2ff5340947c3fc8608d49bd72d16cbc4e5399e910c5e3597c474fd2bca",
      "src/engine/crafting.ts": "04ed1724b723b78221ee31811b46171bb9e8d2fbb029a777dda5a12449378a88",
      "src/engine/crisisAdventure.test.ts": "56078d5785fef942872e0b4532ebfc6046c34e49f53abde0a7e2606afdc213e3",
      "src/engine/crisisContributions.test.ts": "2f88fab54f5ceca44570195901077f3f41a421b4c9ff3657b90ddcfe31ca02ce",
      "src/engine/crisisContributions.ts": "9354b3ddb288d2cfc5cad639b16bdb1b68c5eaca782101040ee3c9bbe49e1cd6",
      "src/engine/crisisResolution.test.ts": "8d289cce7b38e55494b3198c3da986a36d14d7c776f32aac776179c5a8685bb8",
      "src/engine/events.ts": "e2b781ad3f99cfc2b20f58ce561b2bf9c489c417512f4c7b209e02e3d5d2a1b1",
      "src/engine/gameLoop.test.ts": "96c76b875cedace6ab191a95e0b01285a024723691c1ebaca3ae76407492258d",
      "src/engine/gameLoop.ts": "016305d39fe6746347f783723e0f6e6d53f387766d3ca899816d618e9ab2d941",
      "src/engine/gearStats.ts": "66fa786c0c3e81cc317033181a0f11d9ef987c15f943e0960ec20a668eff0702",
      "src/engine/identity.test.ts": "5dc96ec9abf767c0e9202429cabebedefeb3bc0237ebe519c4d9feeccda2a07f",
      "src/engine/identity.ts": "2d7596a712c16940a590bdf47edd288fc965f429304889e0be3b09969d61119e",
      "src/engine/itemGeneration.test.ts": "2b09ecb49724820a5187a26099f654a00b0457a0d0f8e50609562ff26f5d39e2",
      "src/engine/itemGeneration.ts": "87be6646c4aa67a8d6443586373e848d0d8ffabad72b9752825224cb170fff71",
      "src/engine/lifeIntegration.test.ts": "c9e702a8819e0d372aff7411f45a85ebc1e829dfc6f1e753b728863a21f56a16",
      "src/engine/lifeState.ts": "bd7697bcb564061cd00ff7fc14373625c30d2a7de06473b8f97bffb4c61b3c58",
      "src/engine/livingEvents.test.ts": "239b9276d488b5c6e54f5a71b3ef7c727f3d600f9d04f9689a8efa207dd1157a",
      "src/engine/livingEvents.ts": "5a1754700e98080bbdd8e50f6896900377c16c1cacbb21da5c3c8a9162fa4ab7",
      "src/engine/lod.ts": "325c339270bc38b55bf9e5185f9f502e3934a1055ece7f1b67fb448743fe5df4",
      "src/engine/npcLife.test.ts": "8bbe40ae3b0a87926c7d65a53d079931b59bdd26ac8489148518c188a466a9dc",
      "src/engine/npcLife.ts": "7f2fe08b29c5ee145a06c3623b19b663fcd7251bdfa5c3a7bfe19bc393bf5c28",
      "src/engine/ownership.test.ts": "b339812b317032d3cf497e53c139c6397cc829ad5f5d50859897306acb2de725",
      "src/engine/ownership.ts": "50b5bef7df35778c95ddbf0dd0951a22f46517842a224bee1552cd2dd18ff6db",
      "src/engine/random.ts": "b0844202733996c5dd2f123a32ad800c433b22c02ddf0e744c163e880b612734",
      "src/engine/regionalCrisis.test.ts": "2eef285818c781d60dda7120bf6f3cd89c65084c1ac4345674010976830912f4",
      "src/engine/regionalCrisis.ts": "3fe8139a9677ae925c1f8ee63c5763b12fd03036d2cf651893a09874e3783bf3",
      "src/engine/regionalCrisisRecognition.ts": "b6c33d892cbb421b89d84620219bad60c7fe15fa883852bf6dbd0a44658004c0",
      "src/engine/rewardActions.test.ts": "0b8972f23231416b0cff9d4f8af8d8cc4c79804bdb1a971c437e0581ca5a7c7f",
      "src/engine/rewardActions.ts": "799acb63db633179829613db2dc4ca6066226846ec0c6c0c885c7b6c13ce717d",
      "src/engine/rewardState.ts": "2bc667870966beec916017a865f8e8cbf7b9893b31fe33823fec98305df5d901",
      "src/engine/simulation.test.ts": "a0808a2c3a02ea77382e0c29cd931e175f71e3201fc0827ae177c2af320d3b4e",
      "src/engine/simulation.ts": "c0c83c8f9e6de55e09ea78fa1489015c6bcf35c066a06aa1f95daecd600ac907",
      "src/engine/wolfFamily.test.ts": "9d1aa4f13c4582c317dd4e91b6a3cf32db1ea33e8adeef4a54097ecf4355716f",
      "src/engine/wolfFamily.ts": "1c1c18f12926a13f804ae215e60349e0c69e2dcb0e5c8d26518b11eeb7197ed7",
      "src/main.ts": "d40986b5fc51412d180baf7fd19e010611819486787be3a901e22315f3ae34a4",
      "src/presentation/craftingProjection.test.ts": "9e267bcd768b9ee7238ff6c6c7e669df5b7fa987fd872c7bf2848aee5d1090ce",
      "src/presentation/craftingProjection.ts": "26e70a094527b49ed17cf4e8a802d8e32f145789b13cb78d5b1825d70ce80dbf",
      "src/presentation/crisisProjection.test.ts": "5e0988814fda47f84e244671d10ef15ea3ea94594df2e813682dbdc1b959fa6c",
      "src/presentation/crisisProjection.ts": "0b221c5ff24b5f8b2cabd3fd45dc212194fe74c0932925f6c59f3ffc9f076c3b",
      "src/presentation/icons.ts": "765708954fb2796d5a31715a4f66e9036672417b61aad5e80ccdddaf2231a135",
      "src/presentation/lifeProjection.test.ts": "fa6c4282aedc420b300baf2d283bf11222b3cd806a4e4b7dbf8c77269a95292a",
      "src/presentation/lifeProjection.ts": "07c2f4a68e2ce095c8eb352db85a22d0481e9cf6131c1440da950f765b0e24f4",
      "src/presentation/rewardProjection.test.ts": "cb54650c0885c3c1c245a9eb7d599fa63589f7543fb1c7514fd570d6e1244d86",
      "src/presentation/rewardProjection.ts": "969498139ed5fa7b221378d939032d7948904c242ea3d3691657728293603d92",
      "src/presentation/worldProjection.test.ts": "ac09f1dd5fd910f21f54f2475de22aaab72c8ba5be3b974d90913cde7910bad4",
      "src/presentation/worldProjection.ts": "06d76b4946a11de5ef28d3fa4a6966a0a2a0e0859c43370009b4ad30d2dcc73b",
      "src/presentation/worldUI.test.ts": "2f3df8b838778eabfb17e3364c37905b3a2ab043ebba3ad1500c911cce7e4e6e",
      "src/presentation/worldUI.ts": "a0abdb1cc227cf4d60e7bb3c1531fc555dff800d462b74be312f67c562e6c91e",
      "src/services/playJournal.test.ts": "90fa0dbf1b5a928728e4100eb4b5e5b2f7eb1f3944b1a559455713e8b155610a",
      "src/services/playJournal.ts": "92d55ee79abe39e0e0c83fd2cc54243559517f787cfe23262486810f45163940",
      "src/services/rewardSave.test.ts": "a27b2e1566755e16eabb9ced931a2c38898bfca10f3812e9be485e156603c3aa",
      "src/services/rewardValidation.ts": "3b229fe371f38df3cb6ab75dabf90973b94c1249b9d557ed747d736851f25ba1",
      "src/services/saveService.test.ts": "f1d85b9ad0a24e1c662864219da4cce053d38337b9afc2298a7a4cee0a4d27c8",
      "src/services/saveService.ts": "5d8ce05621c8be0dba81ec594d61de23bc40826faa7acf0a7c260876f9251bf1",
      "src/services/saveWriter.ts": "0703016eb96d12bb843f0b04b6e21b6568bf7f9b44defc59e340896c675ff43b",
      "src/stores/gameStore.test.ts": "a182469258b05a83d305dac07c2450847436a19cc7528362a149d8b07df0064f",
      "src/stores/gameStore.ts": "b5d18a378cf4b05d05a37a2825e7eff045fd1ef68ac0714076b8f7c049bf5ac2",
      "src/style.scss": "3d4a0eca9794501b3da62630d98a25298b7e0a9cf71bae57ce6c8d77ae4f8c2e"
    },
    "qaFilesSha256": {
      "reports/v2/20261008-regional-crisis/phase-06/j_browser_launcher.py": "428fbff3f6d35d633d923d8718f5d5456af0de274851aa2ef7baa59069e7c866",
      "reports/v2/20261008-regional-crisis/phase-06/j_browser_runner.py": "641bf3b7d0a6f8762996aa10a8565ab7cfc385e936d26ae6decd0c8085df8e00",
      "reports/v2/20261008-regional-crisis/phase-06/j_browser_support.py": "0a5ee7cf4eae755d904bd8330a6e97af574ada6c3ca520d0edd317cd24defb28",
      "reports/v2/20261008-regional-crisis/phase-06/j_fixture_generator.py": "ad99459003741d3bb9d8ccccec77f2312e5020042d7f51d40a65403b9550ac84"
    },
    "recordedReportsSha256": "bc09dc981267e9cdfaf63103b260c052417b2ff675e551cd2677986f9231962b"
  },
  "sourceStableDuringRun": true,
  "endUTC": "2026-10-08T01:21:00.744761+00:00",
  "durationSeconds": 492.99,
  "browserErrors": false
}
