{
  "status": "PASS_DRY",
  "runId": "20261008T003853Z-pid48335",
  "mode": "dry",
  "startedMonotonic": 55945.913659307,
  "producer": "g6-luna-low-phase6-j-browser-qa",
  "runnerExecution": {
    "requestedModel": "GPT-6 Luna",
    "requestedEffort": "low",
    "backendRuntimeVerified": false
  },
  "policyExecution": {
    "controller": "visible-world goal selection with recorded reasons",
    "modelInference": "none",
    "humanEnjoymentClaim": false
  },
  "releaseMarker": {
    "authorization": "Phase 6-J released by Root",
    "markerRequired": false
  },
  "sourceBefore": {
    "head": "bd316cb326e5fbc20087c0154d6e3f294a5daac7",
    "sourceSha256": {
      "src/App.vue": "f3ed979e98946fd747bf7f0508a03a31b50165ff09b4202e5b48753a977fdde8",
      "src/components/AdventureWindow.vue": "eb6167f033c2c871d0719fb3742319df591feace02bffabe8af5a4802ebfc087",
      "src/components/CharacterSheet.vue": "0905f39da0b3ba52ed2c8c4c852ce08bc96a5e80d925cb64bb1f3dcb5b0d0dbd",
      "src/components/IdentityWindow.vue": "982afc32143581311c9a014236e3e2a75e1a40b8f04f8fe97796c542966f7f06",
      "src/components/InventoryWindow.vue": "12794d34b5d7df1902804f36698c26d58f0c46e3ec8f8bcd4519b075d2ad4609",
      "src/components/LifeNewsWindow.vue": "f59e6aef06e4f610b702f09ac45ed64295a4fbeece8bfe9a424e0b2d7975438b",
      "src/components/NpcWindow.vue": "0e930a8dfeec0f4db6cdad0adace75825baa8cc40e09307e1e55c7085cde4cd7",
      "src/components/PixelMeter.vue": "77b69a1b161f6ad7e29a346665a69645a3d8589281e8bc32832f149e41d81ca9",
      "src/components/PixelWindow.vue": "15397996c0984586bd95e6383c647fba88dbb77ec0a9f01e78dc723821e61da4",
      "src/components/PlaceWindow.vue": "39ad0ac71e13dc67b07e65f15ecbcb38fb7cd18d0e3d8f5140eb97a943d21ce6",
      "src/components/PropertyWindow.vue": "9bd6f8d2a5b00435b6e86c149bf6a7d4bf5343ed2be26e2416772a3aaf0c27d1",
      "src/components/StatusNotice.vue": "6c722ade5aa61f45e5fb2c77c8a8dc15e701173484f3871f7365d7cf9500f6a9",
      "src/components/WorldMap.vue": "37de32ea49da36d4e74c9ced377adbe280fa45cb60fdf69d8a5c39a260719a5f",
      "src/components/WorldRecords.vue": "424365a02880ce6767ffc9e9769e5a0f61905c0fc046753d8fc80f5bfadaaed8",
      "src/data/config.ts": "c81505557ccadf66b8046b1f1976c90bb63165804502dce770c468deb9cb6984",
      "src/data/crafting.ts": "a6946d02a5783c52e672bc25abc33202830f98983488e7f0df2ee1984d7c86f9",
      "src/data/identity.ts": "0acc09bbd1f9d9c4e057b2bdca01fa202730e868325cb873286c5c31a809dae0",
      "src/data/lifeRules.ts": "07b9ab1836c6d96077a4a6aaedd7f5d7abec6f1b5132bc5203da1d1e9291e1b3",
      "src/data/livingEvents.ts": "768aaee2a9d1e8b9919163059d36a494f5071bf7a0568bfe7b0c80f735d03bc1",
      "src/data/npcLife.ts": "5089f01033570e33528b63538a06a3f0645735b8c8c884d8f2c54a900a937b4f",
      "src/data/ownership.ts": "32b4133d753764952905da43276cd1cd56ea26f32e44b4b540225dc8f59140f2",
      "src/data/rewards.ts": "f2d60b4eb0c7d3349e242b6c2a81853e92cf5b74e25e1be071cf839fd6c98cd5",
      "src/domain/crisis.ts": "03ef61f00c08ea84cdd6126d64009e3032fb38a5662db8a736519045f00ad14c",
      "src/domain/life.ts": "db2eff0c1eb6d3ae310f39d8df5a6bf40b125193741a25b9bbe652c4640de72a",
      "src/domain/reward.ts": "fb7463d0327e73097979d5ccd6823b10b0f0d9d14280974215ba6459eb899c0a",
      "src/domain/types.ts": "c90703ac043a4e3310ed695155a0dba02763d56fb06b0f3bd6833cfe32f34564",
      "src/engine/actions.test.ts": "813166423bd0b55fd0172eedb1bcf766028a1045588807473c2205f6cec47fa5",
      "src/engine/actions.ts": "2470daad996be973e130a31fb76fc9ef14ca089a15c2269e797f1598f1df05f7",
      "src/engine/calendar.ts": "e587ce1d1e149fea987f5a3ab6013872528d5d74beafcb0f40d2fe476abf5524",
      "src/engine/civilDefense.test.ts": "c05afe2ab42f334f3284f3b7830ea073db96707995b2336e2b30855d0c84e125",
      "src/engine/civilDefense.ts": "9a6988658e62df485f85f69d0c1f0a0626078eeec43f0934ad2298e6cdcfe77d",
      "src/engine/combatStats.test.ts": "896b7517b4a2bcb4671b4d17188f0823edfe290e3826fc21f3bc94fe0f062bea",
      "src/engine/combatStats.ts": "d7235e4c59edc77aec368f940e8825712672cc3fcd49e83c7c901c5f049db34f",
      "src/engine/crafting.test.ts": "3a7ebc2ff5340947c3fc8608d49bd72d16cbc4e5399e910c5e3597c474fd2bca",
      "src/engine/crafting.ts": "04ed1724b723b78221ee31811b46171bb9e8d2fbb029a777dda5a12449378a88",
      "src/engine/crisisAdventure.test.ts": "56078d5785fef942872e0b4532ebfc6046c34e49f53abde0a7e2606afdc213e3",
      "src/engine/crisisContributions.test.ts": "2f88fab54f5ceca44570195901077f3f41a421b4c9ff3657b90ddcfe31ca02ce",
      "src/engine/crisisContributions.ts": "9354b3ddb288d2cfc5cad639b16bdb1b68c5eaca782101040ee3c9bbe49e1cd6",
      "src/engine/crisisResolution.test.ts": "8d289cce7b38e55494b3198c3da986a36d14d7c776f32aac776179c5a8685bb8",
      "src/engine/events.ts": "e2b781ad3f99cfc2b20f58ce561b2bf9c489c417512f4c7b209e02e3d5d2a1b1",
      "src/engine/gameLoop.test.ts": "96c76b875cedace6ab191a95e0b01285a024723691c1ebaca3ae76407492258d",
      "src/engine/gameLoop.ts": "016305d39fe6746347f783723e0f6e6d53f387766d3ca899816d618e9ab2d941",
      "src/engine/gearStats.ts": "66fa786c0c3e81cc317033181a0f11d9ef987c15f943e0960ec20a668eff0702",
      "src/engine/identity.test.ts": "5dc96ec9abf767c0e9202429cabebedefeb3bc0237ebe519c4d9feeccda2a07f",
      "src/engine/identity.ts": "2d7596a712c16940a590bdf47edd288fc965f429304889e0be3b09969d61119e",
      "src/engine/itemGeneration.test.ts": "2b09ecb49724820a5187a26099f654a00b0457a0d0f8e50609562ff26f5d39e2",
      "src/engine/itemGeneration.ts": "87be6646c4aa67a8d6443586373e848d0d8ffabad72b9752825224cb170fff71",
      "src/engine/lifeIntegration.test.ts": "c9e702a8819e0d372aff7411f45a85ebc1e829dfc6f1e753b728863a21f56a16",
      "src/engine/lifeState.ts": "bd7697bcb564061cd00ff7fc14373625c30d2a7de06473b8f97bffb4c61b3c58",
      "src/engine/livingEvents.test.ts": "239b9276d488b5c6e54f5a71b3ef7c727f3d600f9d04f9689a8efa207dd1157a",
      "src/engine/livingEvents.ts": "5a1754700e98080bbdd8e50f6896900377c16c1cacbb21da5c3c8a9162fa4ab7",
      "src/engine/lod.ts": "325c339270bc38b55bf9e5185f9f502e3934a1055ece7f1b67fb448743fe5df4",
      "src/engine/npcLife.test.ts": "8bbe40ae3b0a87926c7d65a53d079931b59bdd26ac8489148518c188a466a9dc",
      "src/engine/npcLife.ts": "7f2fe08b29c5ee145a06c3623b19b663fcd7251bdfa5c3a7bfe19bc393bf5c28",
      "src/engine/ownership.test.ts": "b339812b317032d3cf497e53c139c6397cc829ad5f5d50859897306acb2de725",
      "src/engine/ownership.ts": "50b5bef7df35778c95ddbf0dd0951a22f46517842a224bee1552cd2dd18ff6db",
      "src/engine/random.ts": "b0844202733996c5dd2f123a32ad800c433b22c02ddf0e744c163e880b612734",
      "src/engine/regionalCrisis.test.ts": "2eef285818c781d60dda7120bf6f3cd89c65084c1ac4345674010976830912f4",
      "src/engine/regionalCrisis.ts": "3fe8139a9677ae925c1f8ee63c5763b12fd03036d2cf651893a09874e3783bf3",
      "src/engine/regionalCrisisRecognition.ts": "b6c33d892cbb421b89d84620219bad60c7fe15fa883852bf6dbd0a44658004c0",
      "src/engine/rewardActions.test.ts": "0b8972f23231416b0cff9d4f8af8d8cc4c79804bdb1a971c437e0581ca5a7c7f",
      "src/engine/rewardActions.ts": "799acb63db633179829613db2dc4ca6066226846ec0c6c0c885c7b6c13ce717d",
      "src/engine/rewardState.ts": "2bc667870966beec916017a865f8e8cbf7b9893b31fe33823fec98305df5d901",
      "src/engine/simulation.test.ts": "a0808a2c3a02ea77382e0c29cd931e175f71e3201fc0827ae177c2af320d3b4e",
      "src/engine/simulation.ts": "c0c83c8f9e6de55e09ea78fa1489015c6bcf35c066a06aa1f95daecd600ac907",
      "src/engine/wolfFamily.test.ts": "9d1aa4f13c4582c317dd4e91b6a3cf32db1ea33e8adeef4a54097ecf4355716f",
      "src/engine/wolfFamily.ts": "1c1c18f12926a13f804ae215e60349e0c69e2dcb0e5c8d26518b11eeb7197ed7",
      "src/main.ts": "d40986b5fc51412d180baf7fd19e010611819486787be3a901e22315f3ae34a4",
      "src/presentation/craftingProjection.test.ts": "9e267bcd768b9ee7238ff6c6c7e669df5b7fa987fd872c7bf2848aee5d1090ce",
      "src/presentation/craftingProjection.ts": "26e70a094527b49ed17cf4e8a802d8e32f145789b13cb78d5b1825d70ce80dbf",
      "src/presentation/crisisProjection.test.ts": "5e0988814fda47f84e244671d10ef15ea3ea94594df2e813682dbdc1b959fa6c",
      "src/presentation/crisisProjection.ts": "0b221c5ff24b5f8b2cabd3fd45dc212194fe74c0932925f6c59f3ffc9f076c3b",
      "src/presentation/icons.ts": "765708954fb2796d5a31715a4f66e9036672417b61aad5e80ccdddaf2231a135",
      "src/presentation/lifeProjection.test.ts": "fa6c4282aedc420b300baf2d283bf11222b3cd806a4e4b7dbf8c77269a95292a",
      "src/presentation/lifeProjection.ts": "07c2f4a68e2ce095c8eb352db85a22d0481e9cf6131c1440da950f765b0e24f4",
      "src/presentation/rewardProjection.test.ts": "cb54650c0885c3c1c245a9eb7d599fa63589f7543fb1c7514fd570d6e1244d86",
      "src/presentation/rewardProjection.ts": "969498139ed5fa7b221378d939032d7948904c242ea3d3691657728293603d92",
      "src/presentation/worldProjection.test.ts": "ac09f1dd5fd910f21f54f2475de22aaab72c8ba5be3b974d90913cde7910bad4",
      "src/presentation/worldProjection.ts": "06d76b4946a11de5ef28d3fa4a6966a0a2a0e0859c43370009b4ad30d2dcc73b",
      "src/presentation/worldUI.test.ts": "2f3df8b838778eabfb17e3364c37905b3a2ab043ebba3ad1500c911cce7e4e6e",
      "src/presentation/worldUI.ts": "a0abdb1cc227cf4d60e7bb3c1531fc555dff800d462b74be312f67c562e6c91e",
      "src/services/playJournal.test.ts": "90fa0dbf1b5a928728e4100eb4b5e5b2f7eb1f3944b1a559455713e8b155610a",
      "src/services/playJournal.ts": "92d55ee79abe39e0e0c83fd2cc54243559517f787cfe23262486810f45163940",
      "src/services/rewardSave.test.ts": "a27b2e1566755e16eabb9ced931a2c38898bfca10f3812e9be485e156603c3aa",
      "src/services/rewardValidation.ts": "3b229fe371f38df3cb6ab75dabf90973b94c1249b9d557ed747d736851f25ba1",
      "src/services/saveService.test.ts": "f1d85b9ad0a24e1c662864219da4cce053d38337b9afc2298a7a4cee0a4d27c8",
      "src/services/saveService.ts": "5d8ce05621c8be0dba81ec594d61de23bc40826faa7acf0a7c260876f9251bf1",
      "src/services/saveWriter.ts": "0703016eb96d12bb843f0b04b6e21b6568bf7f9b44defc59e340896c675ff43b",
      "src/stores/gameStore.test.ts": "a182469258b05a83d305dac07c2450847436a19cc7528362a149d8b07df0064f",
      "src/stores/gameStore.ts": "b5d18a378cf4b05d05a37a2825e7eff045fd1ef68ac0714076b8f7c049bf5ac2",
      "src/style.scss": "3d4a0eca9794501b3da62630d98a25298b7e0a9cf71bae57ce6c8d77ae4f8c2e"
    },
    "sourceFingerprint": "c9fd3e455af08f18c50bc7eaa3677ecdd950b2e0c177bc779fe39b1fb3ca2cbb",
    "buildInputsSha256": {
      "package.json": "e44cbba601836e8b2adc8e872caba3ce665c6b21873aeee153fc729099625f80",
      "package-lock.json": "cd8379969a4ee99f80434dce4c7afff4fcf52290aa9d40ba4668c5165dbdc53d",
      "tsconfig.json": "2f45629d03f844524c3b19b580db910c7c120e4e0d06b00eae6f73e829d968b0",
      "vite.config.ts": "f5e64ccf326c3dd505ea11a18e691d1bc5b698d9bd130b234a788fc3c9017366",
      "index.html": "bfa28297eece5f57e38878097b4db8b481d5fcee44442da76244e0bb3dffb794"
    },
    "buildInputsFingerprint": "953400b45ba7b923fe1f99ec590543615929d91e42782cd5c58ee3d75f739b71",
    "distSha256": {
      "dist/assets/index-C5oR9znA.js": "b3ad26fd438aaffec0176bfa43faf3f253f66dd00eec98ad119cf0527ee99b9f",
      "dist/assets/index-DmiWzmoy.css": "b76cc82a4d2fccd3ef0737700963ccae4aba6a3fedda8c26cc82eb30e7f86870",
      "dist/index.html": "2e91f5d3576d38eb50b492546391a6a3f0ed513afd93e2c6f79e2971290e6875"
    },
    "distFingerprint": "2214607f93c555fe64672f75bca427ad6c0d8fef02a835219a3fcb2a7568a137",
    "buildStatusPath": "/workspace/plw-rpg/reports/v2/20261008-regional-crisis/phase-06/j-build-status.json",
    "buildStatusSha256": "8e338e86b7bbea441d8c211d871a67fa727db8325b5f535724022d8488814a31",
    "buildStatusSourceSha256": {
      "src/App.vue": "f3ed979e98946fd747bf7f0508a03a31b50165ff09b4202e5b48753a977fdde8",
      "src/components/AdventureWindow.vue": "eb6167f033c2c871d0719fb3742319df591feace02bffabe8af5a4802ebfc087",
      "src/components/CharacterSheet.vue": "0905f39da0b3ba52ed2c8c4c852ce08bc96a5e80d925cb64bb1f3dcb5b0d0dbd",
      "src/components/IdentityWindow.vue": "982afc32143581311c9a014236e3e2a75e1a40b8f04f8fe97796c542966f7f06",
      "src/components/InventoryWindow.vue": "12794d34b5d7df1902804f36698c26d58f0c46e3ec8f8bcd4519b075d2ad4609",
      "src/components/LifeNewsWindow.vue": "f59e6aef06e4f610b702f09ac45ed64295a4fbeece8bfe9a424e0b2d7975438b",
      "src/components/NpcWindow.vue": "0e930a8dfeec0f4db6cdad0adace75825baa8cc40e09307e1e55c7085cde4cd7",
      "src/components/PixelMeter.vue": "77b69a1b161f6ad7e29a346665a69645a3d8589281e8bc32832f149e41d81ca9",
      "src/components/PixelWindow.vue": "15397996c0984586bd95e6383c647fba88dbb77ec0a9f01e78dc723821e61da4",
      "src/components/PlaceWindow.vue": "39ad0ac71e13dc67b07e65f15ecbcb38fb7cd18d0e3d8f5140eb97a943d21ce6",
      "src/components/PropertyWindow.vue": "9bd6f8d2a5b00435b6e86c149bf6a7d4bf5343ed2be26e2416772a3aaf0c27d1",
      "src/components/StatusNotice.vue": "6c722ade5aa61f45e5fb2c77c8a8dc15e701173484f3871f7365d7cf9500f6a9",
      "src/components/WorldMap.vue": "37de32ea49da36d4e74c9ced377adbe280fa45cb60fdf69d8a5c39a260719a5f",
      "src/components/WorldRecords.vue": "424365a02880ce6767ffc9e9769e5a0f61905c0fc046753d8fc80f5bfadaaed8",
      "src/data/config.ts": "c81505557ccadf66b8046b1f1976c90bb63165804502dce770c468deb9cb6984",
      "src/data/crafting.ts": "a6946d02a5783c52e672bc25abc33202830f98983488e7f0df2ee1984d7c86f9",
      "src/data/identity.ts": "0acc09bbd1f9d9c4e057b2bdca01fa202730e868325cb873286c5c31a809dae0",
      "src/data/lifeRules.ts": "07b9ab1836c6d96077a4a6aaedd7f5d7abec6f1b5132bc5203da1d1e9291e1b3",
      "src/data/livingEvents.ts": "768aaee2a9d1e8b9919163059d36a494f5071bf7a0568bfe7b0c80f735d03bc1",
      "src/data/npcLife.ts": "5089f01033570e33528b63538a06a3f0645735b8c8c884d8f2c54a900a937b4f",
      "src/data/ownership.ts": "32b4133d753764952905da43276cd1cd56ea26f32e44b4b540225dc8f59140f2",
      "src/data/rewards.ts": "f2d60b4eb0c7d3349e242b6c2a81853e92cf5b74e25e1be071cf839fd6c98cd5",
      "src/domain/crisis.ts": "03ef61f00c08ea84cdd6126d64009e3032fb38a5662db8a736519045f00ad14c",
      "src/domain/life.ts": "db2eff0c1eb6d3ae310f39d8df5a6bf40b125193741a25b9bbe652c4640de72a",
      "src/domain/reward.ts": "fb7463d0327e73097979d5ccd6823b10b0f0d9d14280974215ba6459eb899c0a",
      "src/domain/types.ts": "c90703ac043a4e3310ed695155a0dba02763d56fb06b0f3bd6833cfe32f34564",
      "src/engine/actions.test.ts": "813166423bd0b55fd0172eedb1bcf766028a1045588807473c2205f6cec47fa5",
      "src/engine/actions.ts": "2470daad996be973e130a31fb76fc9ef14ca089a15c2269e797f1598f1df05f7",
      "src/engine/calendar.ts": "e587ce1d1e149fea987f5a3ab6013872528d5d74beafcb0f40d2fe476abf5524",
      "src/engine/civilDefense.test.ts": "c05afe2ab42f334f3284f3b7830ea073db96707995b2336e2b30855d0c84e125",
      "src/engine/civilDefense.ts": "9a6988658e62df485f85f69d0c1f0a0626078eeec43f0934ad2298e6cdcfe77d",
      "src/engine/combatStats.test.ts": "896b7517b4a2bcb4671b4d17188f0823edfe290e3826fc21f3bc94fe0f062bea",
      "src/engine/combatStats.ts": "d7235e4c59edc77aec368f940e8825712672cc3fcd49e83c7c901c5f049db34f",
      "src/engine/crafting.test.ts": "3a7ebc2ff5340947c3fc8608d49bd72d16cbc4e5399e910c5e3597c474fd2bca",
      "src/engine/crafting.ts": "04ed1724b723b78221ee31811b46171bb9e8d2fbb029a777dda5a12449378a88",
      "src/engine/crisisAdventure.test.ts": "56078d5785fef942872e0b4532ebfc6046c34e49f53abde0a7e2606afdc213e3",
      "src/engine/crisisContributions.test.ts": "2f88fab54f5ceca44570195901077f3f41a421b4c9ff3657b90ddcfe31ca02ce",
      "src/engine/crisisContributions.ts": "9354b3ddb288d2cfc5cad639b16bdb1b68c5eaca782101040ee3c9bbe49e1cd6",
      "src/engine/crisisResolution.test.ts": "8d289cce7b38e55494b3198c3da986a36d14d7c776f32aac776179c5a8685bb8",
      "src/engine/events.ts": "e2b781ad3f99cfc2b20f58ce561b2bf9c489c417512f4c7b209e02e3d5d2a1b1",
      "src/engine/gameLoop.test.ts": "96c76b875cedace6ab191a95e0b01285a024723691c1ebaca3ae76407492258d",
      "src/engine/gameLoop.ts": "016305d39fe6746347f783723e0f6e6d53f387766d3ca899816d618e9ab2d941",
      "src/engine/gearStats.ts": "66fa786c0c3e81cc317033181a0f11d9ef987c15f943e0960ec20a668eff0702",
      "src/engine/identity.test.ts": "5dc96ec9abf767c0e9202429cabebedefeb3bc0237ebe519c4d9feeccda2a07f",
      "src/engine/identity.ts": "2d7596a712c16940a590bdf47edd288fc965f429304889e0be3b09969d61119e",
      "src/engine/itemGeneration.test.ts": "2b09ecb49724820a5187a26099f654a00b0457a0d0f8e50609562ff26f5d39e2",
      "src/engine/itemGeneration.ts": "87be6646c4aa67a8d6443586373e848d0d8ffabad72b9752825224cb170fff71",
      "src/engine/lifeIntegration.test.ts": "c9e702a8819e0d372aff7411f45a85ebc1e829dfc6f1e753b728863a21f56a16",
      "src/engine/lifeState.ts": "bd7697bcb564061cd00ff7fc14373625c30d2a7de06473b8f97bffb4c61b3c58",
      "src/engine/livingEvents.test.ts": "239b9276d488b5c6e54f5a71b3ef7c727f3d600f9d04f9689a8efa207dd1157a",
      "src/engine/livingEvents.ts": "5a1754700e98080bbdd8e50f6896900377c16c1cacbb21da5c3c8a9162fa4ab7",
      "src/engine/lod.ts": "325c339270bc38b55bf9e5185f9f502e3934a1055ece7f1b67fb448743fe5df4",
      "src/engine/npcLife.test.ts": "8bbe40ae3b0a87926c7d65a53d079931b59bdd26ac8489148518c188a466a9dc",
      "src/engine/npcLife.ts": "7f2fe08b29c5ee145a06c3623b19b663fcd7251bdfa5c3a7bfe19bc393bf5c28",
      "src/engine/ownership.test.ts": "b339812b317032d3cf497e53c139c6397cc829ad5f5d50859897306acb2de725",
      "src/engine/ownership.ts": "50b5bef7df35778c95ddbf0dd0951a22f46517842a224bee1552cd2dd18ff6db",
      "src/engine/random.ts": "b0844202733996c5dd2f123a32ad800c433b22c02ddf0e744c163e880b612734",
      "src/engine/regionalCrisis.test.ts": "2eef285818c781d60dda7120bf6f3cd89c65084c1ac4345674010976830912f4",
      "src/engine/regionalCrisis.ts": "3fe8139a9677ae925c1f8ee63c5763b12fd03036d2cf651893a09874e3783bf3",
      "src/engine/regionalCrisisRecognition.ts": "b6c33d892cbb421b89d84620219bad60c7fe15fa883852bf6dbd0a44658004c0",
      "src/engine/rewardActions.test.ts": "0b8972f23231416b0cff9d4f8af8d8cc4c79804bdb1a971c437e0581ca5a7c7f",
      "src/engine/rewardActions.ts": "799acb63db633179829613db2dc4ca6066226846ec0c6c0c885c7b6c13ce717d",
      "src/engine/rewardState.ts": "2bc667870966beec916017a865f8e8cbf7b9893b31fe33823fec98305df5d901",
      "src/engine/simulation.test.ts": "a0808a2c3a02ea77382e0c29cd931e175f71e3201fc0827ae177c2af320d3b4e",
      "src/engine/simulation.ts": "c0c83c8f9e6de55e09ea78fa1489015c6bcf35c066a06aa1f95daecd600ac907",
      "src/engine/wolfFamily.test.ts": "9d1aa4f13c4582c317dd4e91b6a3cf32db1ea33e8adeef4a54097ecf4355716f",
      "src/engine/wolfFamily.ts": "1c1c18f12926a13f804ae215e60349e0c69e2dcb0e5c8d26518b11eeb7197ed7",
      "src/main.ts": "d40986b5fc51412d180baf7fd19e010611819486787be3a901e22315f3ae34a4",
      "src/presentation/craftingProjection.test.ts": "9e267bcd768b9ee7238ff6c6c7e669df5b7fa987fd872c7bf2848aee5d1090ce",
      "src/presentation/craftingProjection.ts": "26e70a094527b49ed17cf4e8a802d8e32f145789b13cb78d5b1825d70ce80dbf",
      "src/presentation/crisisProjection.test.ts": "5e0988814fda47f84e244671d10ef15ea3ea94594df2e813682dbdc1b959fa6c",
      "src/presentation/crisisProjection.ts": "0b221c5ff24b5f8b2cabd3fd45dc212194fe74c0932925f6c59f3ffc9f076c3b",
      "src/presentation/icons.ts": "765708954fb2796d5a31715a4f66e9036672417b61aad5e80ccdddaf2231a135",
      "src/presentation/lifeProjection.test.ts": "fa6c4282aedc420b300baf2d283bf11222b3cd806a4e4b7dbf8c77269a95292a",
      "src/presentation/lifeProjection.ts": "07c2f4a68e2ce095c8eb352db85a22d0481e9cf6131c1440da950f765b0e24f4",
      "src/presentation/rewardProjection.test.ts": "cb54650c0885c3c1c245a9eb7d599fa63589f7543fb1c7514fd570d6e1244d86",
      "src/presentation/rewardProjection.ts": "969498139ed5fa7b221378d939032d7948904c242ea3d3691657728293603d92",
      "src/presentation/worldProjection.test.ts": "ac09f1dd5fd910f21f54f2475de22aaab72c8ba5be3b974d90913cde7910bad4",
      "src/presentation/worldProjection.ts": "06d76b4946a11de5ef28d3fa4a6966a0a2a0e0859c43370009b4ad30d2dcc73b",
      "src/presentation/worldUI.test.ts": "2f3df8b838778eabfb17e3364c37905b3a2ab043ebba3ad1500c911cce7e4e6e",
      "src/presentation/worldUI.ts": "a0abdb1cc227cf4d60e7bb3c1531fc555dff800d462b74be312f67c562e6c91e",
      "src/services/playJournal.test.ts": "90fa0dbf1b5a928728e4100eb4b5e5b2f7eb1f3944b1a559455713e8b155610a",
      "src/services/playJournal.ts": "92d55ee79abe39e0e0c83fd2cc54243559517f787cfe23262486810f45163940",
      "src/services/rewardSave.test.ts": "a27b2e1566755e16eabb9ced931a2c38898bfca10f3812e9be485e156603c3aa",
      "src/services/rewardValidation.ts": "3b229fe371f38df3cb6ab75dabf90973b94c1249b9d557ed747d736851f25ba1",
      "src/services/saveService.test.ts": "f1d85b9ad0a24e1c662864219da4cce053d38337b9afc2298a7a4cee0a4d27c8",
      "src/services/saveService.ts": "5d8ce05621c8be0dba81ec594d61de23bc40826faa7acf0a7c260876f9251bf1",
      "src/services/saveWriter.ts": "0703016eb96d12bb843f0b04b6e21b6568bf7f9b44defc59e340896c675ff43b",
      "src/stores/gameStore.test.ts": "a182469258b05a83d305dac07c2450847436a19cc7528362a149d8b07df0064f",
      "src/stores/gameStore.ts": "b5d18a378cf4b05d05a37a2825e7eff045fd1ef68ac0714076b8f7c049bf5ac2",
      "src/style.scss": "3d4a0eca9794501b3da62630d98a25298b7e0a9cf71bae57ce6c8d77ae4f8c2e"
    },
    "qaFilesSha256": {
      "reports/v2/20261008-regional-crisis/phase-06/j_browser_launcher.py": "428fbff3f6d35d633d923d8718f5d5456af0de274851aa2ef7baa59069e7c866",
      "reports/v2/20261008-regional-crisis/phase-06/j_browser_runner.py": "221db4cd8b43b4123517b4a72b8487328c22eca3740b4b8d3ea33681fdb1c778",
      "reports/v2/20261008-regional-crisis/phase-06/j_browser_support.py": "0a5ee7cf4eae755d904bd8330a6e97af574ada6c3ca520d0edd317cd24defb28",
      "reports/v2/20261008-regional-crisis/phase-06/j_fixture_generator.py": "ee0a6954bba20c715c0848f906012815a8c26a144f22d27c2b2a317e2bc91281"
    },
    "recordedReportsSha256": "bc09dc981267e9cdfaf63103b260c052417b2ff675e551cd2677986f9231962b"
  },
  "buildStatus": {
    "runId": "phase6-j-fullcheck-20261008",
    "phase": "J full regression and latest production build",
    "command": [
      "npm",
      "run",
      "check"
    ],
    "exitCode": 0,
    "startedAtUtc": "2026-10-08T00:33:37Z",
    "finishedAtUtc": "2026-10-08T00:33:58Z",
    "headBefore": "bd316cb326e5fbc20087c0154d6e3f294a5daac7",
    "headAfter": "bd316cb326e5fbc20087c0154d6e3f294a5daac7",
    "branch": "v2x/reward-core",
    "sourceFileCount": 91,
    "sourceFingerprintSha256Before": "c9fd3e455af08f18c50bc7eaa3677ecdd950b2e0c177bc779fe39b1fb3ca2cbb",
    "sourceFingerprintSha256After": "c9fd3e455af08f18c50bc7eaa3677ecdd950b2e0c177bc779fe39b1fb3ca2cbb",
    "sourceStableDuringRun": true,
    "sourceSha256": {
      "src/App.vue": "f3ed979e98946fd747bf7f0508a03a31b50165ff09b4202e5b48753a977fdde8",
      "src/components/AdventureWindow.vue": "eb6167f033c2c871d0719fb3742319df591feace02bffabe8af5a4802ebfc087",
      "src/components/CharacterSheet.vue": "0905f39da0b3ba52ed2c8c4c852ce08bc96a5e80d925cb64bb1f3dcb5b0d0dbd",
      "src/components/IdentityWindow.vue": "982afc32143581311c9a014236e3e2a75e1a40b8f04f8fe97796c542966f7f06",
      "src/components/InventoryWindow.vue": "12794d34b5d7df1902804f36698c26d58f0c46e3ec8f8bcd4519b075d2ad4609",
      "src/components/LifeNewsWindow.vue": "f59e6aef06e4f610b702f09ac45ed64295a4fbeece8bfe9a424e0b2d7975438b",
      "src/components/NpcWindow.vue": "0e930a8dfeec0f4db6cdad0adace75825baa8cc40e09307e1e55c7085cde4cd7",
      "src/components/PixelMeter.vue": "77b69a1b161f6ad7e29a346665a69645a3d8589281e8bc32832f149e41d81ca9",
      "src/components/PixelWindow.vue": "15397996c0984586bd95e6383c647fba88dbb77ec0a9f01e78dc723821e61da4",
      "src/components/PlaceWindow.vue": "39ad0ac71e13dc67b07e65f15ecbcb38fb7cd18d0e3d8f5140eb97a943d21ce6",
      "src/components/PropertyWindow.vue": "9bd6f8d2a5b00435b6e86c149bf6a7d4bf5343ed2be26e2416772a3aaf0c27d1",
      "src/components/StatusNotice.vue": "6c722ade5aa61f45e5fb2c77c8a8dc15e701173484f3871f7365d7cf9500f6a9",
      "src/components/WorldMap.vue": "37de32ea49da36d4e74c9ced377adbe280fa45cb60fdf69d8a5c39a260719a5f",
      "src/components/WorldRecords.vue": "424365a02880ce6767ffc9e9769e5a0f61905c0fc046753d8fc80f5bfadaaed8",
      "src/data/config.ts": "c81505557ccadf66b8046b1f1976c90bb63165804502dce770c468deb9cb6984",
      "src/data/crafting.ts": "a6946d02a5783c52e672bc25abc33202830f98983488e7f0df2ee1984d7c86f9",
      "src/data/identity.ts": "0acc09bbd1f9d9c4e057b2bdca01fa202730e868325cb873286c5c31a809dae0",
      "src/data/lifeRules.ts": "07b9ab1836c6d96077a4a6aaedd7f5d7abec6f1b5132bc5203da1d1e9291e1b3",
      "src/data/livingEvents.ts": "768aaee2a9d1e8b9919163059d36a494f5071bf7a0568bfe7b0c80f735d03bc1",
      "src/data/npcLife.ts": "5089f01033570e33528b63538a06a3f0645735b8c8c884d8f2c54a900a937b4f",
      "src/data/ownership.ts": "32b4133d753764952905da43276cd1cd56ea26f32e44b4b540225dc8f59140f2",
      "src/data/rewards.ts": "f2d60b4eb0c7d3349e242b6c2a81853e92cf5b74e25e1be071cf839fd6c98cd5",
      "src/domain/crisis.ts": "03ef61f00c08ea84cdd6126d64009e3032fb38a5662db8a736519045f00ad14c",
      "src/domain/life.ts": "db2eff0c1eb6d3ae310f39d8df5a6bf40b125193741a25b9bbe652c4640de72a",
      "src/domain/reward.ts": "fb7463d0327e73097979d5ccd6823b10b0f0d9d14280974215ba6459eb899c0a",
      "src/domain/types.ts": "c90703ac043a4e3310ed695155a0dba02763d56fb06b0f3bd6833cfe32f34564",
      "src/engine/actions.test.ts": "813166423bd0b55fd0172eedb1bcf766028a1045588807473c2205f6cec47fa5",
      "src/engine/actions.ts": "2470daad996be973e130a31fb76fc9ef14ca089a15c2269e797f1598f1df05f7",
      "src/engine/calendar.ts": "e587ce1d1e149fea987f5a3ab6013872528d5d74beafcb0f40d2fe476abf5524",
      "src/engine/civilDefense.test.ts": "c05afe2ab42f334f3284f3b7830ea073db96707995b2336e2b30855d0c84e125",
      "src/engine/civilDefense.ts": "9a6988658e62df485f85f69d0c1f0a0626078eeec43f0934ad2298e6cdcfe77d",
      "src/engine/combatStats.test.ts": "896b7517b4a2bcb4671b4d17188f0823edfe290e3826fc21f3bc94fe0f062bea",
      "src/engine/combatStats.ts": "d7235e4c59edc77aec368f940e8825712672cc3fcd49e83c7c901c5f049db34f",
      "src/engine/crafting.test.ts": "3a7ebc2ff5340947c3fc8608d49bd72d16cbc4e5399e910c5e3597c474fd2bca",
      "src/engine/crafting.ts": "04ed1724b723b78221ee31811b46171bb9e8d2fbb029a777dda5a12449378a88",
      "src/engine/crisisAdventure.test.ts": "56078d5785fef942872e0b4532ebfc6046c34e49f53abde0a7e2606afdc213e3",
      "src/engine/crisisContributions.test.ts": "2f88fab54f5ceca44570195901077f3f41a421b4c9ff3657b90ddcfe31ca02ce",
      "src/engine/crisisContributions.ts": "9354b3ddb288d2cfc5cad639b16bdb1b68c5eaca782101040ee3c9bbe49e1cd6",
      "src/engine/crisisResolution.test.ts": "8d289cce7b38e55494b3198c3da986a36d14d7c776f32aac776179c5a8685bb8",
      "src/engine/events.ts": "e2b781ad3f99cfc2b20f58ce561b2bf9c489c417512f4c7b209e02e3d5d2a1b1",
      "src/engine/gameLoop.test.ts": "96c76b875cedace6ab191a95e0b01285a024723691c1ebaca3ae76407492258d",
      "src/engine/gameLoop.ts": "016305d39fe6746347f783723e0f6e6d53f387766d3ca899816d618e9ab2d941",
      "src/engine/gearStats.ts": "66fa786c0c3e81cc317033181a0f11d9ef987c15f943e0960ec20a668eff0702",
      "src/engine/identity.test.ts": "5dc96ec9abf767c0e9202429cabebedefeb3bc0237ebe519c4d9feeccda2a07f",
      "src/engine/identity.ts": "2d7596a712c16940a590bdf47edd288fc965f429304889e0be3b09969d61119e",
      "src/engine/itemGeneration.test.ts": "2b09ecb49724820a5187a26099f654a00b0457a0d0f8e50609562ff26f5d39e2",
      "src/engine/itemGeneration.ts": "87be6646c4aa67a8d6443586373e848d0d8ffabad72b9752825224cb170fff71",
      "src/engine/lifeIntegration.test.ts": "c9e702a8819e0d372aff7411f45a85ebc1e829dfc6f1e753b728863a21f56a16",
      "src/engine/lifeState.ts": "bd7697bcb564061cd00ff7fc14373625c30d2a7de06473b8f97bffb4c61b3c58",
      "src/engine/livingEvents.test.ts": "239b9276d488b5c6e54f5a71b3ef7c727f3d600f9d04f9689a8efa207dd1157a",
      "src/engine/livingEvents.ts": "5a1754700e98080bbdd8e50f6896900377c16c1cacbb21da5c3c8a9162fa4ab7",
      "src/engine/lod.ts": "325c339270bc38b55bf9e5185f9f502e3934a1055ece7f1b67fb448743fe5df4",
      "src/engine/npcLife.test.ts": "8bbe40ae3b0a87926c7d65a53d079931b59bdd26ac8489148518c188a466a9dc",
      "src/engine/npcLife.ts": "7f2fe08b29c5ee145a06c3623b19b663fcd7251bdfa5c3a7bfe19bc393bf5c28",
      "src/engine/ownership.test.ts": "b339812b317032d3cf497e53c139c6397cc829ad5f5d50859897306acb2de725",
      "src/engine/ownership.ts": "50b5bef7df35778c95ddbf0dd0951a22f46517842a224bee1552cd2dd18ff6db",
      "src/engine/random.ts": "b0844202733996c5dd2f123a32ad800c433b22c02ddf0e744c163e880b612734",
      "src/engine/regionalCrisis.test.ts": "2eef285818c781d60dda7120bf6f3cd89c65084c1ac4345674010976830912f4",
      "src/engine/regionalCrisis.ts": "3fe8139a9677ae925c1f8ee63c5763b12fd03036d2cf651893a09874e3783bf3",
      "src/engine/regionalCrisisRecognition.ts": "b6c33d892cbb421b89d84620219bad60c7fe15fa883852bf6dbd0a44658004c0",
      "src/engine/rewardActions.test.ts": "0b8972f23231416b0cff9d4f8af8d8cc4c79804bdb1a971c437e0581ca5a7c7f",
      "src/engine/rewardActions.ts": "799acb63db633179829613db2dc4ca6066226846ec0c6c0c885c7b6c13ce717d",
      "src/engine/rewardState.ts": "2bc667870966beec916017a865f8e8cbf7b9893b31fe33823fec98305df5d901",
      "src/engine/simulation.test.ts": "a0808a2c3a02ea77382e0c29cd931e175f71e3201fc0827ae177c2af320d3b4e",
      "src/engine/simulation.ts": "c0c83c8f9e6de55e09ea78fa1489015c6bcf35c066a06aa1f95daecd600ac907",
      "src/engine/wolfFamily.test.ts": "9d1aa4f13c4582c317dd4e91b6a3cf32db1ea33e8adeef4a54097ecf4355716f",
      "src/engine/wolfFamily.ts": "1c1c18f12926a13f804ae215e60349e0c69e2dcb0e5c8d26518b11eeb7197ed7",
      "src/main.ts": "d40986b5fc51412d180baf7fd19e010611819486787be3a901e22315f3ae34a4",
      "src/presentation/craftingProjection.test.ts": "9e267bcd768b9ee7238ff6c6c7e669df5b7fa987fd872c7bf2848aee5d1090ce",
      "src/presentation/craftingProjection.ts": "26e70a094527b49ed17cf4e8a802d8e32f145789b13cb78d5b1825d70ce80dbf",
      "src/presentation/crisisProjection.test.ts": "5e0988814fda47f84e244671d10ef15ea3ea94594df2e813682dbdc1b959fa6c",
      "src/presentation/crisisProjection.ts": "0b221c5ff24b5f8b2cabd3fd45dc212194fe74c0932925f6c59f3ffc9f076c3b",
      "src/presentation/icons.ts": "765708954fb2796d5a31715a4f66e9036672417b61aad5e80ccdddaf2231a135",
      "src/presentation/lifeProjection.test.ts": "fa6c4282aedc420b300baf2d283bf11222b3cd806a4e4b7dbf8c77269a95292a",
      "src/presentation/lifeProjection.ts": "07c2f4a68e2ce095c8eb352db85a22d0481e9cf6131c1440da950f765b0e24f4",
      "src/presentation/rewardProjection.test.ts": "cb54650c0885c3c1c245a9eb7d599fa63589f7543fb1c7514fd570d6e1244d86",
      "src/presentation/rewardProjection.ts": "969498139ed5fa7b221378d939032d7948904c242ea3d3691657728293603d92",
      "src/presentation/worldProjection.test.ts": "ac09f1dd5fd910f21f54f2475de22aaab72c8ba5be3b974d90913cde7910bad4",
      "src/presentation/worldProjection.ts": "06d76b4946a11de5ef28d3fa4a6966a0a2a0e0859c43370009b4ad30d2dcc73b",
      "src/presentation/worldUI.test.ts": "2f3df8b838778eabfb17e3364c37905b3a2ab043ebba3ad1500c911cce7e4e6e",
      "src/presentation/worldUI.ts": "a0abdb1cc227cf4d60e7bb3c1531fc555dff800d462b74be312f67c562e6c91e",
      "src/services/playJournal.test.ts": "90fa0dbf1b5a928728e4100eb4b5e5b2f7eb1f3944b1a559455713e8b155610a",
      "src/services/playJournal.ts": "92d55ee79abe39e0e0c83fd2cc54243559517f787cfe23262486810f45163940",
      "src/services/rewardSave.test.ts": "a27b2e1566755e16eabb9ced931a2c38898bfca10f3812e9be485e156603c3aa",
      "src/services/rewardValidation.ts": "3b229fe371f38df3cb6ab75dabf90973b94c1249b9d557ed747d736851f25ba1",
      "src/services/saveService.test.ts": "f1d85b9ad0a24e1c662864219da4cce053d38337b9afc2298a7a4cee0a4d27c8",
      "src/services/saveService.ts": "5d8ce05621c8be0dba81ec594d61de23bc40826faa7acf0a7c260876f9251bf1",
      "src/services/saveWriter.ts": "0703016eb96d12bb843f0b04b6e21b6568bf7f9b44defc59e340896c675ff43b",
      "src/stores/gameStore.test.ts": "a182469258b05a83d305dac07c2450847436a19cc7528362a149d8b07df0064f",
      "src/stores/gameStore.ts": "b5d18a378cf4b05d05a37a2825e7eff045fd1ef68ac0714076b8f7c049bf5ac2",
      "src/style.scss": "3d4a0eca9794501b3da62630d98a25298b7e0a9cf71bae57ce6c8d77ae4f8c2e"
    },
    "inputSha256Before": {
      "package.json": "e44cbba601836e8b2adc8e872caba3ce665c6b21873aeee153fc729099625f80",
      "package-lock.json": "cd8379969a4ee99f80434dce4c7afff4fcf52290aa9d40ba4668c5165dbdc53d",
      "docs/specs/V2X-PHASE6-REGIONAL-CRISIS.md": "4e7d8533181a43f66c2d51dce056407a38be34797900ed875898e4470adde640",
      "tickets/20261008-v2x-06j-qa-delivery.md": "62ca67f6a2679949beecc0982f0c4d2e940a34de07966018571ef577b530cd20",
      "docs/specs/V2X-REWARD-RETENTION.md": "0ee5012f9c0f3ac176deb23ee69586105644f24425a59143662e1a7a9e4face5",
      "tsconfig.json": "2f45629d03f844524c3b19b580db910c7c120e4e0d06b00eae6f73e829d968b0",
      "vite.config.ts": "f5e64ccf326c3dd505ea11a18e691d1bc5b698d9bd130b234a788fc3c9017366",
      "index.html": "bfa28297eece5f57e38878097b4db8b481d5fcee44442da76244e0bb3dffb794"
    },
    "inputSha256After": {
      "package.json": "e44cbba601836e8b2adc8e872caba3ce665c6b21873aeee153fc729099625f80",
      "package-lock.json": "cd8379969a4ee99f80434dce4c7afff4fcf52290aa9d40ba4668c5165dbdc53d",
      "docs/specs/V2X-PHASE6-REGIONAL-CRISIS.md": "4e7d8533181a43f66c2d51dce056407a38be34797900ed875898e4470adde640",
      "docs/specs/V2X-REWARD-RETENTION.md": "0ee5012f9c0f3ac176deb23ee69586105644f24425a59143662e1a7a9e4face5",
      "tickets/20261008-v2x-06j-qa-delivery.md": "62ca67f6a2679949beecc0982f0c4d2e940a34de07966018571ef577b530cd20",
      "tsconfig.json": "2f45629d03f844524c3b19b580db910c7c120e4e0d06b00eae6f73e829d968b0",
      "vite.config.ts": "f5e64ccf326c3dd505ea11a18e691d1bc5b698d9bd130b234a788fc3c9017366",
      "index.html": "bfa28297eece5f57e38878097b4db8b481d5fcee44442da76244e0bb3dffb794"
    },
    "buildInputsStableDuringRun": true,
    "testResults": {
      "testFilesPassed": 28,
      "testFilesFailed": 0,
      "testsExecuted": 531,
      "passed": 531,
      "failed": 0,
      "skipped": 0,
      "todo": 0,
      "summary": "Vitest emitted only 28 passed files / 531 passed tests; no failed, skipped, or todo line."
    },
    "typecheck": "passed (vue-tsc --noEmit, exit inferred from sequential build command success)",
    "productionBuild": "passed",
    "viteVersion": "7.3.6",
    "vitestVersion": "4.1.11",
    "runtime": {
      "node": "v24.19.0",
      "npm": "11.9.0",
      "python": "3.12.14",
      "os": "Linux-6.18.44-x86_64-with-glibc2.41",
      "kernel": "6.18.44",
      "machine": "x86_64",
      "chromiumPath": "/usr/bin/chromium",
      "chromiumVersion": "Chromium 151.0.7922.173 built on Debian GNU/Linux 13 (trixie)"
    },
    "distFileCount": 3,
    "distSha256": {
      "dist/assets/index-C5oR9znA.js": "b3ad26fd438aaffec0176bfa43faf3f253f66dd00eec98ad119cf0527ee99b9f",
      "dist/assets/index-DmiWzmoy.css": "b76cc82a4d2fccd3ef0737700963ccae4aba6a3fedda8c26cc82eb30e7f86870",
      "dist/index.html": "2e91f5d3576d38eb50b492546391a6a3f0ed513afd93e2c6f79e2971290e6875"
    },
    "previousDistSha256": {
      "dist/assets/index-C5oR9znA.js": "b3ad26fd438aaffec0176bfa43faf3f253f66dd00eec98ad119cf0527ee99b9f",
      "dist/assets/index-DmiWzmoy.css": "b76cc82a4d2fccd3ef0737700963ccae4aba6a3fedda8c26cc82eb30e7f86870",
      "dist/index.html": "2e91f5d3576d38eb50b492546391a6a3f0ed513afd93e2c6f79e2971290e6875"
    },
    "previousDistContentMatchesNewBuild": true,
    "browserHelpersSha256": {
      "reports/v2/20261008-regional-crisis/phase-06/g_browser_launcher.py": "d86346e692e5e0fa9a8b0693b0c8720b52cd327d0ee28bc7c6bffe5c2dbedbf6",
      "reports/v2/20261008-regional-crisis/phase-06/g_browser_runner.py": "5fae51d280a025a2b9a41ed399746bd148cb2fbcf02b34ff97797136953648ab",
      "reports/v2/20261008-regional-crisis/phase-06/g_browser_support.py": "cd3b8440eddeabc3b4acfdae39770761c5b31c2040ee9665b65df6d4514a222f",
      "reports/v2/20261008-regional-crisis/phase-06/g_browser_fixture_generator.py": "bf9953732cca76f7e9c9f39c5f83554f186d55f92b59b4f142d85694a658d255",
      "reports/v2/20261008-regional-crisis/phase-06/phase06_i_reaggregate.py": "54dc9df81908504e4438f4e96f1beedfcfcc975dca724f89f8a77941e5026d78",
      "scripts/recorded_reports.py": "bc09dc981267e9cdfaf63103b260c052417b2ff675e551cd2677986f9231962b"
    },
    "stdoutSha256": "1202bdfc363ace86e4b85f6c93b30a71cc7596db3246cc3c3a9f3aa3f593a8db",
    "stderrSha256": "e3b0c44298fc1c149afbf4c8996fb92427ae41e4649b934ca495991b7852b855",
    "exitEvidencePath": "reports/v2/20261008-regional-crisis/phase-06/j-regression-run/j-regression-exit.txt",
    "stdoutEvidencePath": "reports/v2/20261008-regional-crisis/phase-06/j-regression-run/j-regression-stdout.txt",
    "stderrEvidencePath": "reports/v2/20261008-regional-crisis/phase-06/j-regression-run/j-regression-stderr.txt",
    "gitStatusPorcelainAfter": "?? reports/v2/20261008-regional-crisis/phase-06/j-regression-run/\n?? reports/v2/20261008-regional-crisis/phase-06/j_browser_launcher.py\n?? reports/v2/20261008-regional-crisis/phase-06/j_browser_runner.py\n?? reports/v2/20261008-regional-crisis/phase-06/j_browser_support.py",
    "inputHashMethodNote": "These extra baseline inputs are reconstructed from HEAD because pre-run git status was empty; their current working-tree hashes match HEAD after the run."
  },
  "buildStatusPath": "/workspace/plw-rpg/reports/v2/20261008-regional-crisis/phase-06/j-build-status.json",
  "url": "http://127.0.0.1:45095",
  "startUTC": "2026-10-08T00:38:54.095844+00:00",
  "lanes": {
    "NORMAL_FRESH": {
      "status": "UNREACHED",
      "stateInjected": false,
      "debugTimeOrStateInjection": false,
      "elapsedRealSeconds": 19.79,
      "warningObserved": false,
      "limitation": "No natural warning reached within the focused browser budget; no controlled fixture substituted for this claim."
    },
    "CONTROLLED_WARNING_UI_FIXTURE": {
      "status": "PASS_WARNING_AND_NEEDS",
      "fixturePath": "j-fixture-warning.json",
      "fixtureSha256": "452a4d85d8b5c9cb2890304bbb9cacc9b179dfe98e7b504d0b4bde33da303efd",
      "normalFreshEquivalent": false,
      "keyboardEscapeVerified": true,
      "narrowViewportNoHorizontalOverflow": true
    },
    "CONTROLLED_UI_FIXTURE": {
      "status": "PASS_UI_ACTIONS",
      "fixturePath": "j-fixture-preparation.json",
      "fixtureSha256": "a279417d293c36145165e70e4e895f77d33ba151f843abf23cfb78202ae60e79",
      "normalFreshEquivalent": false,
      "foodVisible": true,
      "goldVisible": true,
      "gearVisible": true,
      "reloadPreservedLedger": true
    },
    "CONTROLLED_FOREST_CAMP_RAID": {
      "status": "PASS_VISIBLE_ACTION_COMBAT",
      "fixturePath": "j-fixture-forestCampChief.json",
      "normalFreshEquivalent": false
    },
    "CONTROLLED_FOREST_CHIEF": {
      "status": "PASS_VISIBLE_ACTION_COMBAT",
      "fixturePath": "j-fixture-forestCampChief.json",
      "normalFreshEquivalent": false
    },
    "CONTROLLED_UI_FIXTURE_KNOWN_AFTERMATH": {
      "status": "PASS_RESULT_RELOAD",
      "fixturePath": "j-fixture-knownAftermath.json",
      "fixtureSha256": "dc02056da3e3e4ec6a7692caaf1d1890e938b59854eb7a470fe3ad62c41b8183",
      "normalFreshEquivalent": false,
      "legacyUnknown": false
    },
    "LEGACY_UNKNOWN_FIXTURE": {
      "status": "PASS_RESULT_RELOAD",
      "fixturePath": "j-fixture-legacyUnknown.json",
      "fixtureSha256": "d9a20e63c848fa74741e46395e4fe5c436726836f8be36c495ed6a0cfe17838d",
      "normalFreshEquivalent": false,
      "legacyUnknown": true
    }
  },
  "pageErrors": [],
  "consoleErrors": [],
  "requestFailures": [],
  "httpFailures": [],
  "screenshots": [
    {
      "path": "normal-narrow-life-news.png",
      "sha256": "e8c0cff6998057a1f8a5d38d3f0c54e20eb8d4b70d20508c902b75524f7589c1"
    },
    {
      "path": "controlled-warning-world.png",
      "sha256": "22a0ab3fae0c2f0c0fa83dbfa328ecbb4dae9f94fac1eeac768cd4bb9f78c43a"
    },
    {
      "path": "controlled-warning-life-news-narrow.png",
      "sha256": "1e447c1ac14cbd879d09f5dee83f3a964dc0dfdc7e4e60f1880e2679ee8e55df"
    },
    {
      "path": "controlled-preparation-before.png",
      "sha256": "c1e7b6c6f4a34774992a874c936c82f7f08b9803a16ac2c4395b38217ba929bd"
    },
    {
      "path": "controlled-gear-confirm.png",
      "sha256": "1d66631d421ecdd323346536babdefd5d3448720f65aeb196ed00e0ea260a940"
    },
    {
      "path": "controlled-gear-delivered.png",
      "sha256": "5f75345f6e92656bef3a5303c8a717c5039ed32588d2497b5abcf6f1d44d27ce"
    },
    {
      "path": "controlled_forest_camp_raid.png",
      "sha256": "8e2dfdabd96f79210c27b530e85441e54b72f2b64c727acbdcda7653c22fb45c"
    },
    {
      "path": "controlled_forest_chief.png",
      "sha256": "d09ed8490c169313490c7726961ae4b21ddbfaf2465ab8256c0b66eb72863c3b"
    },
    {
      "path": "controlled_ui_fixture_known_aftermath-before-reload.png",
      "sha256": "d8e44f5154cfbabafc0fc03d9435abd78e84e95971d77d04c4460a4ba249131b"
    },
    {
      "path": "legacy_unknown_fixture-before-reload.png",
      "sha256": "97e5261ca147fe0fc9c6f8934951eb3a11857863084ff02307a0aa1d56493ed3"
    }
  ],
  "humanValidation": {
    "status": "DEFERRED / NOT APPLICABLE AT THIS STAGE"
  },
  "limitations": [
    "Runner-driven browser QA is not human product validation.",
    "Controlled UI fixtures are separate from normal fresh-save play.",
    "Human Safari and physical phones are excluded."
  ],
  "servedAssets": {
    "index": {
      "status": 200,
      "bytes": 448,
      "sha256": "2e91f5d3576d38eb50b492546391a6a3f0ed513afd93e2c6f79e2971290e6875"
    },
    "assets": [
      {
        "path": "assets/index-C5oR9znA.js",
        "status": 200,
        "bytes": 336845,
        "sha256": "b3ad26fd438aaffec0176bfa43faf3f253f66dd00eec98ad119cf0527ee99b9f"
      },
      {
        "path": "assets/index-DmiWzmoy.css",
        "status": 200,
        "bytes": 30795,
        "sha256": "b76cc82a4d2fccd3ef0737700963ccae4aba6a3fedda8c26cc82eb30e7f86870"
      }
    ]
  },
  "profilingCapabilities": {
    "Performance.enable": true
  },
  "normalCheckpoints": 96,
  "modalClockContinuation": {
    "before": "第 1 年 春 1 日 08:04 · 生命 100 · 體力 84 · 45 金\n繼續時間",
    "after": "第 1 年 春 1 日 08:52 · 生命 100 · 體力 84 · 45 金\n暫停時間",
    "verified": true
  },
  "modalSaveReload": true,
  "normalWarningDisposition": "NOT_REACHED_WITHIN_INITIAL_NATURAL_UI_BUDGET",
  "saveLatencySamples": {
    "writes": [
      {
        "elapsedMs": 0.5,
        "bytes": 79961,
        "at": 1791419936817
      },
      {
        "elapsedMs": 0.3999999985098839,
        "bytes": 79961,
        "at": 1791419937184
      },
      {
        "elapsedMs": 0.10000000149011612,
        "bytes": 80182,
        "at": 1791419937278
      },
      {
        "elapsedMs": 0.20000000298023224,
        "bytes": 79961,
        "at": 1791419937290
      },
      {
        "elapsedMs": 0.10000000149011612,
        "bytes": 80182,
        "at": 1791419937317
      },
      {
        "elapsedMs": 0.20000000298023224,
        "bytes": 80182,
        "at": 1791419937318
      },
      {
        "elapsedMs": 0.10000000149011612,
        "bytes": 79961,
        "at": 1791419937334
      },
      {
        "elapsedMs": 0.09999999403953552,
        "bytes": 79961,
        "at": 1791419937367
      },
      {
        "elapsedMs": 0.20000000298023224,
        "bytes": 80182,
        "at": 1791419937478
      },
      {
        "elapsedMs": 0.5,
        "bytes": 79961,
        "at": 1791419937489
      },
      {
        "elapsedMs": 0,
        "bytes": 80182,
        "at": 1791419937516
      },
      {
        "elapsedMs": 0.19999999552965164,
        "bytes": 80182,
        "at": 1791419937517
      },
      {
        "elapsedMs": 0.19999999552965164,
        "bytes": 79961,
        "at": 1791419937534
      },
      {
        "elapsedMs": 0.20000000298023224,
        "bytes": 79961,
        "at": 1791419937566
      },
      {
        "elapsedMs": 0.20000000298023224,
        "bytes": 80182,
        "at": 1791419937680
      },
      {
        "elapsedMs": 0.20000000298023224,
        "bytes": 79961,
        "at": 1791419937686
      },
      {
        "elapsedMs": 0.09999999403953552,
        "bytes": 80182,
        "at": 1791419937734
      },
      {
        "elapsedMs": 0.20000000298023224,
        "bytes": 80182,
        "at": 1791419937735
      },
      {
        "elapsedMs": 0.10000000149011612,
        "bytes": 79961,
        "at": 1791419937748
      },
      {
        "elapsedMs": 0.10000000149011612,
        "bytes": 79961,
        "at": 1791419937783
      },
      {
        "elapsedMs": 0.30000000447034836,
        "bytes": 80182,
        "at": 1791419937878
      },
      {
        "elapsedMs": 0.10000000149011612,
        "bytes": 79961,
        "at": 1791419937885
      },
      {
        "elapsedMs": 0.10000000149011612,
        "bytes": 80182,
        "at": 1791419937917
      },
      {
        "elapsedMs": 0.20000000298023224,
        "bytes": 80182,
        "at": 1791419937918
      },
      {
        "elapsedMs": 0.19999999552965164,
        "bytes": 79961,
        "at": 1791419937930
      },
      {
        "elapsedMs": 0.19999999552965164,
        "bytes": 79961,
        "at": 1791419937966
      },
      {
        "elapsedMs": 0.20000000298023224,
        "bytes": 80182,
        "at": 1791419938078
      },
      {
        "elapsedMs": 0.20000000298023224,
        "bytes": 79961,
        "at": 1791419938084
      },
      {
        "elapsedMs": 0.10000000149011612,
        "bytes": 80182,
        "at": 1791419938116
      },
      {
        "elapsedMs": 0.29999999701976776,
        "bytes": 80182,
        "at": 1791419938117
      },
      {
        "elapsedMs": 0.20000000298023224,
        "bytes": 79961,
        "at": 1791419938132
      },
      {
        "elapsedMs": 0.19999999552965164,
        "bytes": 79961,
        "at": 1791419938166
      },
      {
        "elapsedMs": 0.29999999701976776,
        "bytes": 80182,
        "at": 1791419938278
      },
      {
        "elapsedMs": 0.29999999701976776,
        "bytes": 79961,
        "at": 1791419938283
      },
      {
        "elapsedMs": 0.10000000149011612,
        "bytes": 80182,
        "at": 1791419938315
      },
      {
        "elapsedMs": 0.19999999552965164,
        "bytes": 80182,
        "at": 1791419938316
      },
      {
        "elapsedMs": 0.30000000447034836,
        "bytes": 79961,
        "at": 1791419938332
      },
      {
        "elapsedMs": 0.30000000447034836,
        "bytes": 79961,
        "at": 1791419938366
      },
      {
        "elapsedMs": 0.29999999701976776,
        "bytes": 80182,
        "at": 1791419938478
      },
      {
        "elapsedMs": 0.29999999701976776,
        "bytes": 79961,
        "at": 1791419938484
      },
      {
        "elapsedMs": 0.29999999701976776,
        "bytes": 80182,
        "at": 1791419938516
      },
      {
        "elapsedMs": 0.20000000298023224,
        "bytes": 80182,
        "at": 1791419938517
      },
      {
        "elapsedMs": 0.20000000298023224,
        "bytes": 79961,
        "at": 1791419938532
      },
      {
        "elapsedMs": 0.20000000298023224,
        "bytes": 79961,
        "at": 1791419938566
      },
      {
        "elapsedMs": 0.19999999552965164,
        "bytes": 80182,
        "at": 1791419938678
      },
      {
        "elapsedMs": 0.19999999552965164,
        "bytes": 79961,
        "at": 1791419938683
      },
      {
        "elapsedMs": 0.29999999701976776,
        "bytes": 80182,
        "at": 1791419938718
      },
      {
        "elapsedMs": 0.30000000447034836,
        "bytes": 80182,
        "at": 1791419938719
      },
      {
        "elapsedMs": 0.19999999552965164,
        "bytes": 79961,
        "at": 1791419938731
      },
      {
        "elapsedMs": 0.29999999701976776,
        "bytes": 79961,
        "at": 1791419938767
      },
      {
        "elapsedMs": 0.19999999552965164,
        "bytes": 80182,
        "at": 1791419938878
      },
      {
        "elapsedMs": 0.5,
        "bytes": 79961,
        "at": 1791419938888
      },
      {
        "elapsedMs": 0.19999999552965164,
        "bytes": 80182,
        "at": 1791419938919
      },
      {
        "elapsedMs": 0.10000000149011612,
        "bytes": 80182,
        "at": 1791419938920
      },
      {
        "elapsedMs": 0.29999999701976776,
        "bytes": 79961,
        "at": 1791419938931
      },
      {
        "elapsedMs": 0.20000000298023224,
        "bytes": 79961,
        "at": 1791419938965
      },
      {
        "elapsedMs": 0.10000000149011612,
        "bytes": 80182,
        "at": 1791419939078
      },
      {
        "elapsedMs": 0.10000000149011612,
        "bytes": 79961,
        "at": 1791419939086
      },
      {
        "elapsedMs": 0.20000000298023224,
        "bytes": 80182,
        "at": 1791419939116
      },
      {
        "elapsedMs": 0.20000000298023224,
        "bytes": 80182,
        "at": 1791419939117
      },
      {
        "elapsedMs": 0.19999999552965164,
        "bytes": 79961,
        "at": 1791419939133
      },
      {
        "elapsedMs": 0.19999999552965164,
        "bytes": 79961,
        "at": 1791419939167
      },
      {
        "elapsedMs": 0.30000000447034836,
        "bytes": 80182,
        "at": 1791419939278
      },
      {
        "elapsedMs": 0.20000000298023224,
        "bytes": 79961,
        "at": 1791419939284
      },
      {
        "elapsedMs": 0.29999999701976776,
        "bytes": 80182,
        "at": 1791419939316
      },
      {
        "elapsedMs": 0.19999999552965164,
        "bytes": 80182,
        "at": 1791419939317
      },
      {
        "elapsedMs": 0.30000000447034836,
        "bytes": 79961,
        "at": 1791419939334
      },
      {
        "elapsedMs": 0.19999999552965164,
        "bytes": 79961,
        "at": 1791419939367
      },
      {
        "elapsedMs": 0.20000000298023224,
        "bytes": 80182,
        "at": 1791419939478
      },
      {
        "elapsedMs": 0.20000000298023224,
        "bytes": 79961,
        "at": 1791419939485
      },
      {
        "elapsedMs": 0.10000000149011612,
        "bytes": 80182,
        "at": 1791419939516
      },
      {
        "elapsedMs": 0.20000000298023224,
        "bytes": 80182,
        "at": 1791419939517
      },
      {
        "elapsedMs": 0.19999999552965164,
        "bytes": 79961,
        "at": 1791419939533
      },
      {
        "elapsedMs": 0.19999999552965164,
        "bytes": 79961,
        "at": 1791419939566
      },
      {
        "elapsedMs": 0.19999999552965164,
        "bytes": 80182,
        "at": 1791419939678
      },
      {
        "elapsedMs": 0.29999999701976776,
        "bytes": 79961,
        "at": 1791419939683
      },
      {
        "elapsedMs": 0.10000000149011612,
        "bytes": 80182,
        "at": 1791419939716
      },
      {
        "elapsedMs": 0.20000000298023224,
        "bytes": 80182,
        "at": 1791419939716
      },
      {
        "elapsedMs": 0.19999999552965164,
        "bytes": 79961,
        "at": 1791419939731
      },
      {
        "elapsedMs": 0.10000000149011612,
        "bytes": 79961,
        "at": 1791419939768
      },
      {
        "elapsedMs": 0.10000000149011612,
        "bytes": 80182,
        "at": 1791419939878
      },
      {
        "elapsedMs": 0.30000000447034836,
        "bytes": 79961,
        "at": 1791419939884
      },
      {
        "elapsedMs": 0.10000000149011612,
        "bytes": 80182,
        "at": 1791419939917
      },
      {
        "elapsedMs": 0.19999999552965164,
        "bytes": 80182,
        "at": 1791419939918
      },
      {
        "elapsedMs": 0.30000000447034836,
        "bytes": 79961,
        "at": 1791419939934
      },
      {
        "elapsedMs": 0.20000000298023224,
        "bytes": 79961,
        "at": 1791419939967
      },
      {
        "elapsedMs": 0.20000000298023224,
        "bytes": 80182,
        "at": 1791419939980
      },
      {
        "elapsedMs": 0.10000000149011612,
        "bytes": 79961,
        "at": 1791419939984
      },
      {
        "elapsedMs": 0.3999999985098839,
        "bytes": 80182,
        "at": 1791419940034
      },
      {
        "elapsedMs": 0.20000000298023224,
        "bytes": 80182,
        "at": 1791419940035
      },
      {
        "elapsedMs": 0.19999999552965164,
        "bytes": 79961,
        "at": 1791419940050
      },
      {
        "elapsedMs": 0.20000000298023224,
        "bytes": 79961,
        "at": 1791419940083
      },
      {
        "elapsedMs": 0.20000000298023224,
        "bytes": 80182,
        "at": 1791419940178
      },
      {
        "elapsedMs": 0.19999999552965164,
        "bytes": 79961,
        "at": 1791419940183
      },
      {
        "elapsedMs": 0.5,
        "bytes": 80182,
        "at": 1791419940218
      },
      {
        "elapsedMs": 0.10000000149011612,
        "bytes": 80182,
        "at": 1791419940219
      },
      {
        "elapsedMs": 0,
        "bytes": 79961,
        "at": 1791419940230
      },
      {
        "elapsedMs": 0.20000000298023224,
        "bytes": 79961,
        "at": 1791419940267
      },
      {
        "elapsedMs": 0.30000000447034836,
        "bytes": 80182,
        "at": 1791419940378
      },
      {
        "elapsedMs": 0.29999999701976776,
        "bytes": 79961,
        "at": 1791419940385
      },
      {
        "elapsedMs": 0.19999999552965164,
        "bytes": 80182,
        "at": 1791419940420
      },
      {
        "elapsedMs": 0.10000000149011612,
        "bytes": 80182,
        "at": 1791419940421
      },
      {
        "elapsedMs": 0.19999999552965164,
        "bytes": 79961,
        "at": 1791419940432
      },
      {
        "elapsedMs": 0.10000000149011612,
        "bytes": 79961,
        "at": 1791419940470
      },
      {
        "elapsedMs": 0.20000000298023224,
        "bytes": 80182,
        "at": 1791419940578
      },
      {
        "elapsedMs": 0.19999999552965164,
        "bytes": 79961,
        "at": 1791419940586
      },
      {
        "elapsedMs": 0,
        "bytes": 80182,
        "at": 1791419940620
      },
      {
        "elapsedMs": 0.19999999552965164,
        "bytes": 80182,
        "at": 1791419940621
      },
      {
        "elapsedMs": 0.30000000447034836,
        "bytes": 79961,
        "at": 1791419940631
      },
      {
        "elapsedMs": 0.6000000014901161,
        "bytes": 79961,
        "at": 1791419940671
      },
      {
        "elapsedMs": 2.6999999955296516,
        "bytes": 80182,
        "at": 1791419940781
      },
      {
        "elapsedMs": 0.29999999701976776,
        "bytes": 79961,
        "at": 1791419940792
      },
      {
        "elapsedMs": 0.5,
        "bytes": 80182,
        "at": 1791419940819
      },
      {
        "elapsedMs": 0.10000000149011612,
        "bytes": 80182,
        "at": 1791419940820
      },
      {
        "elapsedMs": 0.3999999985098839,
        "bytes": 79961,
        "at": 1791419940835
      },
      {
        "elapsedMs": 0.29999999701976776,
        "bytes": 79961,
        "at": 1791419940869
      },
      {
        "elapsedMs": 0.09999999403953552,
        "bytes": 80182,
        "at": 1791419940879
      },
      {
        "elapsedMs": 0.19999999552965164,
        "bytes": 79961,
        "at": 1791419940883
      },
      {
        "elapsedMs": 0.6000000014901161,
        "bytes": 80182,
        "at": 1791419940944
      },
      {
        "elapsedMs": 0.19999999552965164,
        "bytes": 80182,
        "at": 1791419940945
      },
      {
        "elapsedMs": 0.10000000149011612,
        "bytes": 79961,
        "at": 1791419940951
      },
      {
        "elapsedMs": 0.29999999701976776,
        "bytes": 79961,
        "at": 1791419941003
      },
      {
        "elapsedMs": 0.5,
        "bytes": 80182,
        "at": 1791419941078
      },
      {
        "elapsedMs": 0.5,
        "bytes": 79961,
        "at": 1791419941090
      },
      {
        "elapsedMs": 0.29999999701976776,
        "bytes": 80182,
        "at": 1791419941116
      },
      {
        "elapsedMs": 0.3999999985098839,
        "bytes": 80182,
        "at": 1791419941117
      },
      {
        "elapsedMs": 0.3999999985098839,
        "bytes": 79961,
        "at": 1791419941136
      },
      {
        "elapsedMs": 0.29999999701976776,
        "bytes": 79961,
        "at": 1791419941167
      },
      {
        "elapsedMs": 0.29999999701976776,
        "bytes": 80182,
        "at": 1791419941180
      },
      {
        "elapsedMs": 0.5,
        "bytes": 79961,
        "at": 1791419941184
      },
      {
        "elapsedMs": 2.3000000044703484,
        "bytes": 80182,
        "at": 1791419941236
      },
      {
        "elapsedMs": 0.10000000149011612,
        "bytes": 80182,
        "at": 1791419941237
      },
      {
        "elapsedMs": 0.7000000029802322,
        "bytes": 79961,
        "at": 1791419941250
      },
      {
        "elapsedMs": 0.5,
        "bytes": 79961,
        "at": 1791419941283
      },
      {
        "elapsedMs": 0.5,
        "bytes": 80182,
        "at": 1791419941378
      },
      {
        "elapsedMs": 0.5,
        "bytes": 79961,
        "at": 1791419941386
      },
      {
        "elapsedMs": 0.3999999985098839,
        "bytes": 80182,
        "at": 1791419941420
      },
      {
        "elapsedMs": 0.30000000447034836,
        "bytes": 80182,
        "at": 1791419941421
      },
      {
        "elapsedMs": 0.4000000059604645,
        "bytes": 79961,
        "at": 1791419941431
      },
      {
        "elapsedMs": 0.3999999985098839,
        "bytes": 79961,
        "at": 1791419941468
      },
      {
        "elapsedMs": 0.5,
        "bytes": 80182,
        "at": 1791419941480
      },
      {
        "elapsedMs": 0.29999999701976776,
        "bytes": 79961,
        "at": 1791419941484
      },
      {
        "elapsedMs": 0.29999999701976776,
        "bytes": 80182,
        "at": 1791419941533
      },
      {
        "elapsedMs": 0.20000000298023224,
        "bytes": 80182,
        "at": 1791419941534
      },
      {
        "elapsedMs": 0.20000000298023224,
        "bytes": 79961,
        "at": 1791419941549
      },
      {
        "elapsedMs": 0.29999999701976776,
        "bytes": 79961,
        "at": 1791419941587
      },
      {
        "elapsedMs": 0.29999999701976776,
        "bytes": 80182,
        "at": 1791419941678
      },
      {
        "elapsedMs": 0.29999999701976776,
        "bytes": 79961,
        "at": 1791419941685
      },
      {
        "elapsedMs": 0.10000000149011612,
        "bytes": 80182,
        "at": 1791419941718
      },
      {
        "elapsedMs": 0.30000000447034836,
        "bytes": 80182,
        "at": 1791419941719
      },
      {
        "elapsedMs": 0.20000000298023224,
        "bytes": 79961,
        "at": 1791419941732
      },
      {
        "elapsedMs": 0.4000000059604645,
        "bytes": 79961,
        "at": 1791419941768
      },
      {
        "elapsedMs": 0.29999999701976776,
        "bytes": 80182,
        "at": 1791419941782
      },
      {
        "elapsedMs": 0.20000000298023224,
        "bytes": 79961,
        "at": 1791419941786
      },
      {
        "elapsedMs": 0.20000000298023224,
        "bytes": 80182,
        "at": 1791419941834
      },
      {
        "elapsedMs": 0.20000000298023224,
        "bytes": 80182,
        "at": 1791419941835
      },
      {
        "elapsedMs": 0.30000000447034836,
        "bytes": 79961,
        "at": 1791419941853
      },
      {
        "elapsedMs": 0.10000000149011612,
        "bytes": 79961,
        "at": 1791419941884
      },
      {
        "elapsedMs": 0.20000000298023224,
        "bytes": 80182,
        "at": 1791419941978
      },
      {
        "elapsedMs": 0.19999999552965164,
        "bytes": 79961,
        "at": 1791419941988
      },
      {
        "elapsedMs": 0.20000000298023224,
        "bytes": 80182,
        "at": 1791419942017
      },
      {
        "elapsedMs": 0.20000000298023224,
        "bytes": 80182,
        "at": 1791419942018
      },
      {
        "elapsedMs": 0.19999999552965164,
        "bytes": 79961,
        "at": 1791419942034
      },
      {
        "elapsedMs": 0.30000000447034836,
        "bytes": 79961,
        "at": 1791419942068
      },
      {
        "elapsedMs": 0.30000000447034836,
        "bytes": 80182,
        "at": 1791419942178
      },
      {
        "elapsedMs": 0.10000000149011612,
        "bytes": 79961,
        "at": 1791419942183
      },
      {
        "elapsedMs": 0.19999999552965164,
        "bytes": 80182,
        "at": 1791419942218
      },
      {
        "elapsedMs": 0.10000000149011612,
        "bytes": 80182,
        "at": 1791419942219
      },
      {
        "elapsedMs": 0.29999999701976776,
        "bytes": 79961,
        "at": 1791419942235
      },
      {
        "elapsedMs": 0.20000000298023224,
        "bytes": 79961,
        "at": 1791419942268
      },
      {
        "elapsedMs": 0.30000000447034836,
        "bytes": 80182,
        "at": 1791419942378
      },
      {
        "elapsedMs": 0.4000000059604645,
        "bytes": 79961,
        "at": 1791419942389
      },
      {
        "elapsedMs": 0.3999999985098839,
        "bytes": 80182,
        "at": 1791419942417
      },
      {
        "elapsedMs": 0.20000000298023224,
        "bytes": 80182,
        "at": 1791419942418
      },
      {
        "elapsedMs": 0.20000000298023224,
        "bytes": 79961,
        "at": 1791419942434
      },
      {
        "elapsedMs": 0.30000000447034836,
        "bytes": 79961,
        "at": 1791419942467
      },
      {
        "elapsedMs": 0.3999999985098839,
        "bytes": 80182,
        "at": 1791419942578
      },
      {
        "elapsedMs": 0.19999999552965164,
        "bytes": 79961,
        "at": 1791419942583
      },
      {
        "elapsedMs": 0.20000000298023224,
        "bytes": 80182,
        "at": 1791419942617
      },
      {
        "elapsedMs": 0.19999999552965164,
        "bytes": 80182,
        "at": 1791419942618
      },
      {
        "elapsedMs": 0.20000000298023224,
        "bytes": 79961,
        "at": 1791419942630
      },
      {
        "elapsedMs": 0.19999999552965164,
        "bytes": 79961,
        "at": 1791419942666
      },
      {
        "elapsedMs": 0.30000000447034836,
        "bytes": 80182,
        "at": 1791419942778
      },
      {
        "elapsedMs": 0.19999999552965164,
        "bytes": 79961,
        "at": 1791419942787
      },
      {
        "elapsedMs": 0.20000000298023224,
        "bytes": 80182,
        "at": 1791419942816
      },
      {
        "elapsedMs": 0.10000000149011612,
        "bytes": 80182,
        "at": 1791419942817
      },
      {
        "elapsedMs": 0.20000000298023224,
        "bytes": 79961,
        "at": 1791419942833
      },
      {
        "elapsedMs": 0.20000000298023224,
        "bytes": 79961,
        "at": 1791419942868
      },
      {
        "elapsedMs": 0.19999999552965164,
        "bytes": 80182,
        "at": 1791419942978
      },
      {
        "elapsedMs": 0.29999999701976776,
        "bytes": 79961,
        "at": 1791419942988
      },
      {
        "elapsedMs": 0.29999999701976776,
        "bytes": 80182,
        "at": 1791419943017
      },
      {
        "elapsedMs": 0.19999999552965164,
        "bytes": 80182,
        "at": 1791419943018
      },
      {
        "elapsedMs": 0.3999999985098839,
        "bytes": 79961,
        "at": 1791419943034
      },
      {
        "elapsedMs": 0.19999999552965164,
        "bytes": 79961,
        "at": 1791419943066
      },
      {
        "elapsedMs": 0.20000000298023224,
        "bytes": 80182,
        "at": 1791419943178
      },
      {
        "elapsedMs": 0.10000000149011612,
        "bytes": 79961,
        "at": 1791419943183
      },
      {
        "elapsedMs": 0.20000000298023224,
        "bytes": 80182,
        "at": 1791419943218
      },
      {
        "elapsedMs": 0.10000000149011612,
        "bytes": 80182,
        "at": 1791419943218
      },
      {
        "elapsedMs": 0.20000000298023224,
        "bytes": 79961,
        "at": 1791419943234
      },
      {
        "elapsedMs": 0.3999999985098839,
        "bytes": 79961,
        "at": 1791419943268
      },
      {
        "elapsedMs": 0.20000000298023224,
        "bytes": 80182,
        "at": 1791419943378
      },
      {
        "elapsedMs": 0.19999999552965164,
        "bytes": 79961,
        "at": 1791419943384
      },
      {
        "elapsedMs": 0.20000000298023224,
        "bytes": 80182,
        "at": 1791419943418
      },
      {
        "elapsedMs": 0.10000000149011612,
        "bytes": 80182,
        "at": 1791419943419
      },
      {
        "elapsedMs": 0.19999999552965164,
        "bytes": 79961,
        "at": 1791419943430
      },
      {
        "elapsedMs": 0.19999999552965164,
        "bytes": 79961,
        "at": 1791419943466
      },
      {
        "elapsedMs": 3.2999999970197678,
        "bytes": 80269,
        "at": 1791419943581
      },
      {
        "elapsedMs": 0.3999999985098839,
        "bytes": 80048,
        "at": 1791419943587
      },
      {
        "elapsedMs": 0.20000000298023224,
        "bytes": 80269,
        "at": 1791419943627
      },
      {
        "elapsedMs": 0.19999999552965164,
        "bytes": 80269,
        "at": 1791419943628
      },
      {
        "elapsedMs": 0.10000000149011612,
        "bytes": 80048,
        "at": 1791419943635
      },
      {
        "elapsedMs": 0.30000000447034836,
        "bytes": 80048,
        "at": 1791419943666
      },
      {
        "elapsedMs": 0.20000000298023224,
        "bytes": 80269,
        "at": 1791419943679
      },
      {
        "elapsedMs": 0.20000000298023224,
        "bytes": 80048,
        "at": 1791419943682
      },
      {
        "elapsedMs": 0.10000000149011612,
        "bytes": 80269,
        "at": 1791419943740
      },
      {
        "elapsedMs": 0.29999999701976776,
        "bytes": 80269,
        "at": 1791419943741
      },
      {
        "elapsedMs": 0.10000000149011612,
        "bytes": 80048,
        "at": 1791419943746
      },
      {
        "elapsedMs": 0.20000000298023224,
        "bytes": 80048,
        "at": 1791419943784
      },
      {
        "elapsedMs": 0.4000000059604645,
        "bytes": 80269,
        "at": 1791419943878
      },
      {
        "elapsedMs": 0,
        "bytes": 80048,
        "at": 1791419943883
      },
      {
        "elapsedMs": 0.19999999552965164,
        "bytes": 80269,
        "at": 1791419943917
      },
      {
        "elapsedMs": 0.29999999701976776,
        "bytes": 80269,
        "at": 1791419943918
      },
      {
        "elapsedMs": 0.30000000447034836,
        "bytes": 80048,
        "at": 1791419943935
      },
      {
        "elapsedMs": 0.30000000447034836,
        "bytes": 80048,
        "at": 1791419943966
      },
      {
        "elapsedMs": 0.19999999552965164,
        "bytes": 80269,
        "at": 1791419944078
      },
      {
        "elapsedMs": 0.10000000149011612,
        "bytes": 80048,
        "at": 1791419944083
      },
      {
        "elapsedMs": 0.19999999552965164,
        "bytes": 80269,
        "at": 1791419944115
      },
      {
        "elapsedMs": 0.19999999552965164,
        "bytes": 80269,
        "at": 1791419944116
      },
      {
        "elapsedMs": 0.29999999701976776,
        "bytes": 80048,
        "at": 1791419944133
      },
      {
        "elapsedMs": 0.10000000149011612,
        "bytes": 80048,
        "at": 1791419944166
      },
      {
        "elapsedMs": 0.20000000298023224,
        "bytes": 80269,
        "at": 1791419944278
      },
      {
        "elapsedMs": 0.30000000447034836,
        "bytes": 80048,
        "at": 1791419944288
      },
      {
        "elapsedMs": 0.09999999403953552,
        "bytes": 80269,
        "at": 1791419944316
      },
      {
        "elapsedMs": 0.10000000149011612,
        "bytes": 80269,
        "at": 1791419944317
      },
      {
        "elapsedMs": 0.10000000149011612,
        "bytes": 80048,
        "at": 1791419944332
      },
      {
        "elapsedMs": 0.19999999552965164,
        "bytes": 80048,
        "at": 1791419944366
      },
      {
        "elapsedMs": 0.20000000298023224,
        "bytes": 80269,
        "at": 1791419944478
      },
      {
        "elapsedMs": 0.30000000447034836,
        "bytes": 80048,
        "at": 1791419944483
      },
      {
        "elapsedMs": 0.20000000298023224,
        "bytes": 80269,
        "at": 1791419944516
      },
      {
        "elapsedMs": 0.19999999552965164,
        "bytes": 80269,
        "at": 1791419944517
      },
      {
        "elapsedMs": 0.30000000447034836,
        "bytes": 80048,
        "at": 1791419944534
      },
      {
        "elapsedMs": 0.29999999701976776,
        "bytes": 80048,
        "at": 1791419944566
      },
      {
        "elapsedMs": 0.30000000447034836,
        "bytes": 80269,
        "at": 1791419944678
      },
      {
        "elapsedMs": 0.29999999701976776,
        "bytes": 80048,
        "at": 1791419944684
      },
      {
        "elapsedMs": 0.30000000447034836,
        "bytes": 80269,
        "at": 1791419944717
      },
      {
        "elapsedMs": 0.10000000149011612,
        "bytes": 80269,
        "at": 1791419944718
      },
      {
        "elapsedMs": 0.10000000149011612,
        "bytes": 80048,
        "at": 1791419944730
      },
      {
        "elapsedMs": 0.3999999985098839,
        "bytes": 80048,
        "at": 1791419944767
      },
      {
        "elapsedMs": 0.4000000059604645,
        "bytes": 80269,
        "at": 1791419944878
      },
      {
        "elapsedMs": 0.29999999701976776,
        "bytes": 80048,
        "at": 1791419944889
      },
      {
        "elapsedMs": 0.19999999552965164,
        "bytes": 80269,
        "at": 1791419944916
      },
      {
        "elapsedMs": 0.09999999403953552,
        "bytes": 80269,
        "at": 1791419944917
      },
      {
        "elapsedMs": 0.4000000059604645,
        "bytes": 80048,
        "at": 1791419944934
      },
      {
        "elapsedMs": 0.30000000447034836,
        "bytes": 80048,
        "at": 1791419944967
      },
      {
        "elapsedMs": 0.30000000447034836,
        "bytes": 80269,
        "at": 1791419945078
      },
      {
        "elapsedMs": 0.20000000298023224,
        "bytes": 80048,
        "at": 1791419945085
      },
      {
        "elapsedMs": 0.29999999701976776,
        "bytes": 80269,
        "at": 1791419945116
      },
      {
        "elapsedMs": 0.10000000149011612,
        "bytes": 80269,
        "at": 1791419945117
      },
      {
        "elapsedMs": 0.10000000149011612,
        "bytes": 80048,
        "at": 1791419945133
      },
      {
        "elapsedMs": 0.09999999403953552,
        "bytes": 80048,
        "at": 1791419945166
      },
      {
        "elapsedMs": 0.4000000059604645,
        "bytes": 80269,
        "at": 1791419945278
      },
      {
        "elapsedMs": 0.29999999701976776,
        "bytes": 80048,
        "at": 1791419945285
      },
      {
        "elapsedMs": 0.19999999552965164,
        "bytes": 80269,
        "at": 1791419945317
      },
      {
        "elapsedMs": 0.19999999552965164,
        "bytes": 80269,
        "at": 1791419945318
      },
      {
        "elapsedMs": 0.29999999701976776,
        "bytes": 80048,
        "at": 1791419945333
      },
      {
        "elapsedMs": 1.5,
        "bytes": 80048,
        "at": 1791419945368
      },
      {
        "elapsedMs": 0.4000000059604645,
        "bytes": 80269,
        "at": 1791419945478
      },
      {
        "elapsedMs": 0.3999999985098839,
        "bytes": 80048,
        "at": 1791419945485
      },
      {
        "elapsedMs": 0.20000000298023224,
        "bytes": 80182,
        "at": 1791419945516
      },
      {
        "elapsedMs": 0.29999999701976776,
        "bytes": 80182,
        "at": 1791419945517
      },
      {
        "elapsedMs": 0.30000000447034836,
        "bytes": 79961,
        "at": 1791419945531
      },
      {
        "elapsedMs": 0.20000000298023224,
        "bytes": 79961,
        "at": 1791419945579
      },
      {
        "elapsedMs": 0.20000000298023224,
        "bytes": 80182,
        "at": 1791419945678
      },
      {
        "elapsedMs": 0.19999999552965164,
        "bytes": 79961,
        "at": 1791419945685
      },
      {
        "elapsedMs": 0.20000000298023224,
        "bytes": 80182,
        "at": 1791419945715
      },
      {
        "elapsedMs": 0.30000000447034836,
        "bytes": 80182,
        "at": 1791419945717
      },
      {
        "elapsedMs": 0.5999999940395355,
        "bytes": 79961,
        "at": 1791419945733
      },
      {
        "elapsedMs": 0.29999999701976776,
        "bytes": 79961,
        "at": 1791419945766
      },
      {
        "elapsedMs": 0.19999999552965164,
        "bytes": 80182,
        "at": 1791419945779
      },
      {
        "elapsedMs": 0.19999999552965164,
        "bytes": 79961,
        "at": 1791419945783
      },
      {
        "elapsedMs": 0.7000000029802322,
        "bytes": 80182,
        "at": 1791419945834
      },
      {
        "elapsedMs": 0.29999999701976776,
        "bytes": 80182,
        "at": 1791419945835
      },
      {
        "elapsedMs": 0.29999999701976776,
        "bytes": 79961,
        "at": 1791419945848
      },
      {
        "elapsedMs": 0.3999999985098839,
        "bytes": 79961,
        "at": 1791419945884
      },
      {
        "elapsedMs": 0.3999999985098839,
        "bytes": 80182,
        "at": 1791419945978
      },
      {
        "elapsedMs": 0.30000000447034836,
        "bytes": 79961,
        "at": 1791419945988
      },
      {
        "elapsedMs": 0.3999999985098839,
        "bytes": 80182,
        "at": 1791419946016
      },
      {
        "elapsedMs": 0.20000000298023224,
        "bytes": 80182,
        "at": 1791419946018
      },
      {
        "elapsedMs": 0.29999999701976776,
        "bytes": 79961,
        "at": 1791419946033
      },
      {
        "elapsedMs": 0.3999999985098839,
        "bytes": 79961,
        "at": 1791419946066
      },
      {
        "elapsedMs": 0.29999999701976776,
        "bytes": 80182,
        "at": 1791419946079
      },
      {
        "elapsedMs": 0.29999999701976776,
        "bytes": 79961,
        "at": 1791419946083
      },
      {
        "elapsedMs": 0.20000000298023224,
        "bytes": 80182,
        "at": 1791419946133
      },
      {
        "elapsedMs": 0.19999999552965164,
        "bytes": 80182,
        "at": 1791419946134
      },
      {
        "elapsedMs": 0.3999999985098839,
        "bytes": 79961,
        "at": 1791419946151
      },
      {
        "elapsedMs": 0.4000000059604645,
        "bytes": 79961,
        "at": 1791419946183
      },
      {
        "elapsedMs": 0.30000000447034836,
        "bytes": 80182,
        "at": 1791419946279
      },
      {
        "elapsedMs": 0.29999999701976776,
        "bytes": 79961,
        "at": 1791419946285
      },
      {
        "elapsedMs": 0.19999999552965164,
        "bytes": 80182,
        "at": 1791419946317
      },
      {
        "elapsedMs": 0.10000000149011612,
        "bytes": 80182,
        "at": 1791419946318
      },
      {
        "elapsedMs": 0.20000000298023224,
        "bytes": 79961,
        "at": 1791419946334
      },
      {
        "elapsedMs": 0.30000000447034836,
        "bytes": 79961,
        "at": 1791419946375
      },
      {
        "elapsedMs": 0.30000000447034836,
        "bytes": 80182,
        "at": 1791419946478
      },
      {
        "elapsedMs": 0.3999999985098839,
        "bytes": 79961,
        "at": 1791419946483
      },
      {
        "elapsedMs": 0.19999999552965164,
        "bytes": 80182,
        "at": 1791419946517
      },
      {
        "elapsedMs": 0.10000000149011612,
        "bytes": 80182,
        "at": 1791419946519
      },
      {
        "elapsedMs": 0.20000000298023224,
        "bytes": 79961,
        "at": 1791419946533
      },
      {
        "elapsedMs": 0.3999999985098839,
        "bytes": 79961,
        "at": 1791419946566
      },
      {
        "elapsedMs": 0.3999999985098839,
        "bytes": 80182,
        "at": 1791419946579
      },
      {
        "elapsedMs": 0.3999999985098839,
        "bytes": 79961,
        "at": 1791419946583
      },
      {
        "elapsedMs": 0.6999999955296516,
        "bytes": 80182,
        "at": 1791419946633
      },
      {
        "elapsedMs": 0.19999999552965164,
        "bytes": 80182,
        "at": 1791419946634
      },
      {
        "elapsedMs": 0.29999999701976776,
        "bytes": 79961,
        "at": 1791419946650
      },
      {
        "elapsedMs": 0.29999999701976776,
        "bytes": 79961,
        "at": 1791419946683
      },
      {
        "elapsedMs": 0.5,
        "bytes": 80182,
        "at": 1791419946778
      },
      {
        "elapsedMs": 0.20000000298023224,
        "bytes": 79961,
        "at": 1791419946789
      },
      {
        "elapsedMs": 0.20000000298023224,
        "bytes": 80182,
        "at": 1791419946816
      },
      {
        "elapsedMs": 0.20000000298023224,
        "bytes": 80182,
        "at": 1791419946817
      },
      {
        "elapsedMs": 0.3999999985098839,
        "bytes": 79961,
        "at": 1791419946833
      },
      {
        "elapsedMs": 0.20000000298023224,
        "bytes": 79961,
        "at": 1791419946867
      },
      {
        "elapsedMs": 0.29999999701976776,
        "bytes": 80182,
        "at": 1791419946978
      },
      {
        "elapsedMs": 0.20000000298023224,
        "bytes": 79961,
        "at": 1791419946984
      },
      {
        "elapsedMs": 0.30000000447034836,
        "bytes": 80182,
        "at": 1791419947017
      },
      {
        "elapsedMs": 0.20000000298023224,
        "bytes": 80182,
        "at": 1791419947018
      },
      {
        "elapsedMs": 0.3999999985098839,
        "bytes": 79961,
        "at": 1791419947034
      },
      {
        "elapsedMs": 0.3999999985098839,
        "bytes": 79961,
        "at": 1791419947066
      },
      {
        "elapsedMs": 0.19999999552965164,
        "bytes": 80182,
        "at": 1791419947080
      },
      {
        "elapsedMs": 0.20000000298023224,
        "bytes": 79961,
        "at": 1791419947084
      },
      {
        "elapsedMs": 0.29999999701976776,
        "bytes": 80182,
        "at": 1791419947133
      },
      {
        "elapsedMs": 0.10000000149011612,
        "bytes": 80182,
        "at": 1791419947134
      },
      {
        "elapsedMs": 0.3999999985098839,
        "bytes": 79961,
        "at": 1791419947151
      },
      {
        "elapsedMs": 0.29999999701976776,
        "bytes": 79961,
        "at": 1791419947182
      },
      {
        "elapsedMs": 0.29999999701976776,
        "bytes": 80182,
        "at": 1791419947278
      },
      {
        "elapsedMs": 0.3999999985098839,
        "bytes": 79961,
        "at": 1791419947289
      },
      {
        "elapsedMs": 0.5,
        "bytes": 80182,
        "at": 1791419947316
      },
      {
        "elapsedMs": 0.19999999552965164,
        "bytes": 80182,
        "at": 1791419947317
      },
      {
        "elapsedMs": 0.29999999701976776,
        "bytes": 79961,
        "at": 1791419947333
      },
      {
        "elapsedMs": 0.3999999985098839,
        "bytes": 79961,
        "at": 1791419947367
      },
      {
        "elapsedMs": 0.6000000014901161,
        "bytes": 80182,
        "at": 1791419947380
      },
      {
        "elapsedMs": 0.30000000447034836,
        "bytes": 79961,
        "at": 1791419947384
      },
      {
        "elapsedMs": 0.5,
        "bytes": 80182,
        "at": 1791419947433
      },
      {
        "elapsedMs": 0.7000000029802322,
        "bytes": 80182,
        "at": 1791419947436
      },
      {
        "elapsedMs": 0.5,
        "bytes": 79961,
        "at": 1791419947447
      },
      {
        "elapsedMs": 0.7000000029802322,
        "bytes": 79961,
        "at": 1791419947483
      },
      {
        "elapsedMs": 0.7000000029802322,
        "bytes": 80182,
        "at": 1791419947579
      },
      {
        "elapsedMs": 0.29999999701976776,
        "bytes": 79961,
        "at": 1791419947585
      },
      {
        "elapsedMs": 0.30000000447034836,
        "bytes": 80182,
        "at": 1791419947616
      },
      {
        "elapsedMs": 0.20000000298023224,
        "bytes": 80182,
        "at": 1791419947617
      },
      {
        "elapsedMs": 1.1000000014901161,
        "bytes": 79961,
        "at": 1791419947633
      },
      {
        "elapsedMs": 0.5,
        "bytes": 79961,
        "at": 1791419947666
      },
      {
        "elapsedMs": 0.30000000447034836,
        "bytes": 80182,
        "at": 1791419947680
      },
      {
        "elapsedMs": 0.20000000298023224,
        "bytes": 79961,
        "at": 1791419947684
      },
      {
        "elapsedMs": 0.7000000029802322,
        "bytes": 80182,
        "at": 1791419947733
      },
      {
        "elapsedMs": 0.3999999985098839,
        "bytes": 80182,
        "at": 1791419947735
      },
      {
        "elapsedMs": 0.30000000447034836,
        "bytes": 79961,
        "at": 1791419947750
      },
      {
        "elapsedMs": 1.5,
        "bytes": 79961,
        "at": 1791419947784
      },
      {
        "elapsedMs": 0.7000000029802322,
        "bytes": 80182,
        "at": 1791419947879
      },
      {
        "elapsedMs": 0.3999999985098839,
        "bytes": 79961,
        "at": 1791419947884
      },
      {
        "elapsedMs": 0.3999999985098839,
        "bytes": 80182,
        "at": 1791419947916
      },
      {
        "elapsedMs": 0.5,
        "bytes": 80182,
        "at": 1791419947917
      },
      {
        "elapsedMs": 1.2999999970197678,
        "bytes": 79961,
        "at": 1791419947934
      },
      {
        "elapsedMs": 1.1000000014901161,
        "bytes": 79961,
        "at": 1791419947966
      },
      {
        "elapsedMs": 0.5,
        "bytes": 80182,
        "at": 1791419948078
      },
      {
        "elapsedMs": 1.1000000014901161,
        "bytes": 79961,
        "at": 1791419948084
      },
      {
        "elapsedMs": 0.6000000014901161,
        "bytes": 80182,
        "at": 1791419948116
      },
      {
        "elapsedMs": 0.30000000447034836,
        "bytes": 80182,
        "at": 1791419948117
      },
      {
        "elapsedMs": 0.8000000044703484,
        "bytes": 79961,
        "at": 1791419948133
      },
      {
        "elapsedMs": 0.6999999955296516,
        "bytes": 79961,
        "at": 1791419948166
      },
      {
        "elapsedMs": 0.3999999985098839,
        "bytes": 80182,
        "at": 1791419948278
      },
      {
        "elapsedMs": 0.30000000447034836,
        "bytes": 79961,
        "at": 1791419948289
      },
      {
        "elapsedMs": 0.29999999701976776,
        "bytes": 80182,
        "at": 1791419948315
      },
      {
        "elapsedMs": 0.20000000298023224,
        "bytes": 80182,
        "at": 1791419948317
      },
      {
        "elapsedMs": 0.3999999985098839,
        "bytes": 79961,
        "at": 1791419948333
      },
      {
        "elapsedMs": 0.5,
        "bytes": 79961,
        "at": 1791419948366
      },
      {
        "elapsedMs": 0.5999999940395355,
        "bytes": 80182,
        "at": 1791419948478
      },
      {
        "elapsedMs": 0.29999999701976776,
        "bytes": 79961,
        "at": 1791419948484
      },
      {
        "elapsedMs": 0.4000000059604645,
        "bytes": 80182,
        "at": 1791419948516
      },
      {
        "elapsedMs": 0.20000000298023224,
        "bytes": 80182,
        "at": 1791419948517
      },
      {
        "elapsedMs": 0.5,
        "bytes": 79961,
        "at": 1791419948534
      },
      {
        "elapsedMs": 0.4000000059604645,
        "bytes": 79961,
        "at": 1791419948566
      },
      {
        "elapsedMs": 0.6000000014901161,
        "bytes": 80182,
        "at": 1791419948679
      },
      {
        "elapsedMs": 0.6000000014901161,
        "bytes": 79961,
        "at": 1791419948686
      },
      {
        "elapsedMs": 0.6000000014901161,
        "bytes": 80182,
        "at": 1791419948716
      },
      {
        "elapsedMs": 0.3999999985098839,
        "bytes": 80182,
        "at": 1791419948718
      },
      {
        "elapsedMs": 0.4000000059604645,
        "bytes": 79961,
        "at": 1791419948731
      },
      {
        "elapsedMs": 0.5,
        "bytes": 79961,
        "at": 1791419948767
      },
      {
        "elapsedMs": 0.6000000014901161,
        "bytes": 80182,
        "at": 1791419948879
      },
      {
        "elapsedMs": 0.6000000014901161,
        "bytes": 79961,
        "at": 1791419948884
      },
      {
        "elapsedMs": 0.3999999985098839,
        "bytes": 80182,
        "at": 1791419948915
      },
      {
        "elapsedMs": 0.3999999985098839,
        "bytes": 80182,
        "at": 1791419948917
      },
      {
        "elapsedMs": 0.5,
        "bytes": 79961,
        "at": 1791419948932
      },
      {
        "elapsedMs": 0.6000000014901161,
        "bytes": 79961,
        "at": 1791419948967
      },
      {
        "elapsedMs": 0.7000000029802322,
        "bytes": 80182,
        "at": 1791419949078
      },
      {
        "elapsedMs": 0.3999999985098839,
        "bytes": 79961,
        "at": 1791419949088
      },
      {
        "elapsedMs": 0.8000000044703484,
        "bytes": 80182,
        "at": 1791419949116
      },
      {
        "elapsedMs": 0.29999999701976776,
        "bytes": 80182,
        "at": 1791419949117
      },
      {
        "elapsedMs": 0.29999999701976776,
        "bytes": 79961,
        "at": 1791419949132
      },
      {
        "elapsedMs": 0.3999999985098839,
        "bytes": 79961,
        "at": 1791419949165
      },
      {
        "elapsedMs": 0.5,
        "bytes": 80182,
        "at": 1791419949278
      },
      {
        "elapsedMs": 0.3999999985098839,
        "bytes": 79961,
        "at": 1791419949287
      },
      {
        "elapsedMs": 0.4000000059604645,
        "bytes": 80182,
        "at": 1791419949316
      },
      {
        "elapsedMs": 0.3999999985098839,
        "bytes": 80182,
        "at": 1791419949317
      },
      {
        "elapsedMs": 0.5,
        "bytes": 79961,
        "at": 1791419949332
      },
      {
        "elapsedMs": 0.3999999985098839,
        "bytes": 79961,
        "at": 1791419949366
      },
      {
        "elapsedMs": 0.6000000014901161,
        "bytes": 80182,
        "at": 1791419949479
      },
      {
        "elapsedMs": 0.29999999701976776,
        "bytes": 79961,
        "at": 1791419949484
      },
      {
        "elapsedMs": 0.3999999985098839,
        "bytes": 80182,
        "at": 1791419949516
      },
      {
        "elapsedMs": 0.3999999985098839,
        "bytes": 80182,
        "at": 1791419949517
      },
      {
        "elapsedMs": 0.29999999701976776,
        "bytes": 79961,
        "at": 1791419949532
      },
      {
        "elapsedMs": 0.5,
        "bytes": 79961,
        "at": 1791419949566
      },
      {
        "elapsedMs": 0.5,
        "bytes": 80182,
        "at": 1791419949678
      },
      {
        "elapsedMs": 0.20000000298023224,
        "bytes": 79961,
        "at": 1791419949683
      },
      {
        "elapsedMs": 0.29999999701976776,
        "bytes": 80182,
        "at": 1791419949715
      },
      {
        "elapsedMs": 0.29999999701976776,
        "bytes": 80182,
        "at": 1791419949716
      },
      {
        "elapsedMs": 0.29999999701976776,
        "bytes": 79961,
        "at": 1791419949730
      },
      {
        "elapsedMs": 0.3999999985098839,
        "bytes": 79961,
        "at": 1791419949765
      },
      {
        "elapsedMs": 0.5,
        "bytes": 80182,
        "at": 1791419949783
      },
      {
        "elapsedMs": 0.29999999701976776,
        "bytes": 79961,
        "at": 1791419949787
      },
      {
        "elapsedMs": 0.5,
        "bytes": 80182,
        "at": 1791419949832
      },
      {
        "elapsedMs": 0.30000000447034836,
        "bytes": 80182,
        "at": 1791419949834
      },
      {
        "elapsedMs": 0.4000000059604645,
        "bytes": 79961,
        "at": 1791419949849
      },
      {
        "elapsedMs": 0.29999999701976776,
        "bytes": 79961,
        "at": 1791419949882
      },
      {
        "elapsedMs": 0.5,
        "bytes": 80182,
        "at": 1791419949978
      },
      {
        "elapsedMs": 0.30000000447034836,
        "bytes": 79961,
        "at": 1791419949984
      },
      {
        "elapsedMs": 0.29999999701976776,
        "bytes": 80182,
        "at": 1791419950016
      },
      {
        "elapsedMs": 0.19999999552965164,
        "bytes": 80182,
        "at": 1791419950017
      },
      {
        "elapsedMs": 0.3999999985098839,
        "bytes": 79961,
        "at": 1791419950032
      },
      {
        "elapsedMs": 0.7999999970197678,
        "bytes": 79961,
        "at": 1791419950066
      },
      {
        "elapsedMs": 2.600000001490116,
        "bytes": 80182,
        "at": 1791419950181
      },
      {
        "elapsedMs": 0.3999999985098839,
        "bytes": 79961,
        "at": 1791419950188
      },
      {
        "elapsedMs": 0.3999999985098839,
        "bytes": 80182,
        "at": 1791419950219
      },
      {
        "elapsedMs": 0.3999999985098839,
        "bytes": 80182,
        "at": 1791419950220
      },
      {
        "elapsedMs": 0.3999999985098839,
        "bytes": 79961,
        "at": 1791419950230
      },
      {
        "elapsedMs": 0.4000000059604645,
        "bytes": 79961,
        "at": 1791419950268
      },
      {
        "elapsedMs": 0.3999999985098839,
        "bytes": 80182,
        "at": 1791419950381
      },
      {
        "elapsedMs": 0.29999999701976776,
        "bytes": 79961,
        "at": 1791419950387
      },
      {
        "elapsedMs": 0.7999999970197678,
        "bytes": 80182,
        "at": 1791419950416
      },
      {
        "elapsedMs": 0.30000000447034836,
        "bytes": 80182,
        "at": 1791419950418
      },
      {
        "elapsedMs": 0.7000000029802322,
        "bytes": 79961,
        "at": 1791419950430
      },
      {
        "elapsedMs": 0.29999999701976776,
        "bytes": 79961,
        "at": 1791419950466
      },
      {
        "elapsedMs": 0.4000000059604645,
        "bytes": 80182,
        "at": 1791419950578
      },
      {
        "elapsedMs": 0.30000000447034836,
        "bytes": 79961,
        "at": 1791419950584
      },
      {
        "elapsedMs": 0.3999999985098839,
        "bytes": 80182,
        "at": 1791419950615
      },
      {
        "elapsedMs": 0.29999999701976776,
        "bytes": 80182,
        "at": 1791419950616
      },
      {
        "elapsedMs": 0.29999999701976776,
        "bytes": 79961,
        "at": 1791419950635
      },
      {
        "elapsedMs": 0.30000000447034836,
        "bytes": 79961,
        "at": 1791419950666
      },
      {
        "elapsedMs": 0.5,
        "bytes": 80182,
        "at": 1791419950778
      },
      {
        "elapsedMs": 0.5,
        "bytes": 79961,
        "at": 1791419950785
      },
      {
        "elapsedMs": 0.5,
        "bytes": 80182,
        "at": 1791419950816
      },
      {
        "elapsedMs": 0.5,
        "bytes": 80182,
        "at": 1791419950817
      },
      {
        "elapsedMs": 0.5,
        "bytes": 79961,
        "at": 1791419950833
      },
      {
        "elapsedMs": 0.3999999985098839,
        "bytes": 79961,
        "at": 1791419950866
      },
      {
        "elapsedMs": 0.7000000029802322,
        "bytes": 80182,
        "at": 1791419950978
      },
      {
        "elapsedMs": 0.30000000447034836,
        "bytes": 79961,
        "at": 1791419950985
      },
      {
        "elapsedMs": 0.5,
        "bytes": 80182,
        "at": 1791419951017
      },
      {
        "elapsedMs": 0.5,
        "bytes": 80182,
        "at": 1791419951019
      },
      {
        "elapsedMs": 0.6000000014901161,
        "bytes": 79961,
        "at": 1791419951030
      },
      {
        "elapsedMs": 0.3999999985098839,
        "bytes": 79961,
        "at": 1791419951066
      },
      {
        "elapsedMs": 0.5,
        "bytes": 80182,
        "at": 1791419951178
      },
      {
        "elapsedMs": 0.5,
        "bytes": 79961,
        "at": 1791419951188
      },
      {
        "elapsedMs": 0.5,
        "bytes": 80182,
        "at": 1791419951215
      },
      {
        "elapsedMs": 0.4000000059604645,
        "bytes": 80182,
        "at": 1791419951217
      },
      {
        "elapsedMs": 0.5,
        "bytes": 79961,
        "at": 1791419951233
      },
      {
        "elapsedMs": 0.4000000059604645,
        "bytes": 79961,
        "at": 1791419951266
      },
      {
        "elapsedMs": 0.7000000029802322,
        "bytes": 80182,
        "at": 1791419951378
      },
      {
        "elapsedMs": 0.5999999940395355,
        "bytes": 79961,
        "at": 1791419951388
      },
      {
        "elapsedMs": 0.3999999985098839,
        "bytes": 80182,
        "at": 1791419951416
      },
      {
        "elapsedMs": 0.3999999985098839,
        "bytes": 80182,
        "at": 1791419951417
      },
      {
        "elapsedMs": 0.5,
        "bytes": 79961,
        "at": 1791419951433
      },
      {
        "elapsedMs": 0.5,
        "bytes": 79961,
        "at": 1791419951466
      },
      {
        "elapsedMs": 0.6000000014901161,
        "bytes": 80182,
        "at": 1791419951579
      },
      {
        "elapsedMs": 0.4000000059604645,
        "bytes": 79961,
        "at": 1791419951583
      },
      {
        "elapsedMs": 0.5,
        "bytes": 80182,
        "at": 1791419951632
      },
      {
        "elapsedMs": 0.5,
        "bytes": 80182,
        "at": 1791419951634
      },
      {
        "elapsedMs": 0.5,
        "bytes": 79961,
        "at": 1791419951648
      },
      {
        "elapsedMs": 0.5,
        "bytes": 79961,
        "at": 1791419951682
      },
      {
        "elapsedMs": 0.6999999955296516,
        "bytes": 80182,
        "at": 1791419951778
      },
      {
        "elapsedMs": 0.3999999985098839,
        "bytes": 79961,
        "at": 1791419951789
      },
      {
        "elapsedMs": 0.5,
        "bytes": 80182,
        "at": 1791419951816
      },
      {
        "elapsedMs": 0.3999999985098839,
        "bytes": 80182,
        "at": 1791419951818
      },
      {
        "elapsedMs": 0.5,
        "bytes": 79961,
        "at": 1791419951833
      },
      {
        "elapsedMs": 0.29999999701976776,
        "bytes": 79961,
        "at": 1791419951865
      },
      {
        "elapsedMs": 0.3999999985098839,
        "bytes": 80182,
        "at": 1791419951978
      },
      {
        "elapsedMs": 0.29999999701976776,
        "bytes": 79961,
        "at": 1791419951984
      },
      {
        "elapsedMs": 0.29999999701976776,
        "bytes": 80182,
        "at": 1791419952016
      },
      {
        "elapsedMs": 0.30000000447034836,
        "bytes": 80182,
        "at": 1791419952017
      },
      {
        "elapsedMs": 0.29999999701976776,
        "bytes": 79961,
        "at": 1791419952033
      },
      {
        "elapsedMs": 0.20000000298023224,
        "bytes": 79961,
        "at": 1791419952066
      },
      {
        "elapsedMs": 0.5,
        "bytes": 80182,
        "at": 1791419952178
      },
      {
        "elapsedMs": 0.3999999985098839,
        "bytes": 79961,
        "at": 1791419952184
      },
      {
        "elapsedMs": 0.20000000298023224,
        "bytes": 80182,
        "at": 1791419952216
      },
      {
        "elapsedMs": 0.30000000447034836,
        "bytes": 80182,
        "at": 1791419952217
      },
      {
        "elapsedMs": 0.3999999985098839,
        "bytes": 79961,
        "at": 1791419952231
      },
      {
        "elapsedMs": 0.30000000447034836,
        "bytes": 79961,
        "at": 1791419952268
      },
      {
        "elapsedMs": 0.5,
        "bytes": 80182,
        "at": 1791419952378
      },
      {
        "elapsedMs": 0.29999999701976776,
        "bytes": 79961,
        "at": 1791419952388
      },
      {
        "elapsedMs": 0.3999999985098839,
        "bytes": 80182,
        "at": 1791419952416
      },
      {
        "elapsedMs": 0.3999999985098839,
        "bytes": 80182,
        "at": 1791419952417
      },
      {
        "elapsedMs": 0.30000000447034836,
        "bytes": 79961,
        "at": 1791419952432
      },
      {
        "elapsedMs": 0.3999999985098839,
        "bytes": 79961,
        "at": 1791419952467
      },
      {
        "elapsedMs": 0.30000000447034836,
        "bytes": 80182,
        "at": 1791419952579
      },
      {
        "elapsedMs": 0.29999999701976776,
        "bytes": 79961,
        "at": 1791419952582
      },
      {
        "elapsedMs": 0.19999999552965164,
        "bytes": 80182,
        "at": 1791419952632
      },
      {
        "elapsedMs": 0.3999999985098839,
        "bytes": 80182,
        "at": 1791419952634
      },
      {
        "elapsedMs": 0.29999999701976776,
        "bytes": 79961,
        "at": 1791419952650
      },
      {
        "elapsedMs": 0.29999999701976776,
        "bytes": 79961,
        "at": 1791419952682
      },
      {
        "elapsedMs": 0.3999999985098839,
        "bytes": 80182,
        "at": 1791419952778
      },
      {
        "elapsedMs": 0.19999999552965164,
        "bytes": 79961,
        "at": 1791419952791
      },
      {
        "elapsedMs": 0.29999999701976776,
        "bytes": 80182,
        "at": 1791419952816
      },
      {
        "elapsedMs": 0.29999999701976776,
        "bytes": 80182,
        "at": 1791419952817
      },
      {
        "elapsedMs": 0.5,
        "bytes": 79961,
        "at": 1791419952832
      },
      {
        "elapsedMs": 0.19999999552965164,
        "bytes": 79961,
        "at": 1791419952865
      },
      {
        "elapsedMs": 0.4000000059604645,
        "bytes": 80182,
        "at": 1791419952979
      },
      {
        "elapsedMs": 0.30000000447034836,
        "bytes": 79961,
        "at": 1791419952983
      },
      {
        "elapsedMs": 0.3999999985098839,
        "bytes": 80182,
        "at": 1791419953032
      },
      {
        "elapsedMs": 0.4000000059604645,
        "bytes": 80182,
        "at": 1791419953034
      },
      {
        "elapsedMs": 0.29999999701976776,
        "bytes": 79961,
        "at": 1791419953048
      },
      {
        "elapsedMs": 0.20000000298023224,
        "bytes": 79961,
        "at": 1791419953083
      },
      {
        "elapsedMs": 0.3999999985098839,
        "bytes": 80184,
        "at": 1791419953178
      },
      {
        "elapsedMs": 0.20000000298023224,
        "bytes": 79962,
        "at": 1791419953187
      },
      {
        "elapsedMs": 0.3999999985098839,
        "bytes": 80185,
        "at": 1791419953216
      },
      {
        "elapsedMs": 0.29999999701976776,
        "bytes": 80185,
        "at": 1791419953217
      },
      {
        "elapsedMs": 0.3999999985098839,
        "bytes": 79962,
        "at": 1791419953234
      },
      {
        "elapsedMs": 0.29999999701976776,
        "bytes": 79962,
        "at": 1791419953268
      },
      {
        "elapsedMs": 0.29999999701976776,
        "bytes": 80185,
        "at": 1791419953379
      },
      {
        "elapsedMs": 0.3999999985098839,
        "bytes": 79962,
        "at": 1791419953383
      },
      {
        "elapsedMs": 0.30000000447034836,
        "bytes": 80185,
        "at": 1791419953433
      },
      {
        "elapsedMs": 0.3999999985098839,
        "bytes": 80185,
        "at": 1791419953434
      },
      {
        "elapsedMs": 0.29999999701976776,
        "bytes": 79962,
        "at": 1791419953449
      },
      {
        "elapsedMs": 0.20000000298023224,
        "bytes": 79962,
        "at": 1791419953482
      },
      {
        "elapsedMs": 0.3999999985098839,
        "bytes": 80185,
        "at": 1791419953578
      },
      {
        "elapsedMs": 0.20000000298023224,
        "bytes": 79962,
        "at": 1791419953582
      },
      {
        "elapsedMs": 0.4000000059604645,
        "bytes": 80185,
        "at": 1791419953632
      },
      {
        "elapsedMs": 0.3999999985098839,
        "bytes": 80185,
        "at": 1791419953633
      },
      {
        "elapsedMs": 0.29999999701976776,
        "bytes": 79962,
        "at": 1791419953647
      },
      {
        "elapsedMs": 0.20000000298023224,
        "bytes": 79962,
        "at": 1791419953682
      },
      {
        "elapsedMs": 0.3999999985098839,
        "bytes": 80185,
        "at": 1791419953779
      },
      {
        "elapsedMs": 0.30000000447034836,
        "bytes": 79962,
        "at": 1791419953784
      },
      {
        "elapsedMs": 0.29999999701976776,
        "bytes": 80243,
        "at": 1791419953832
      },
      {
        "elapsedMs": 0.3999999985098839,
        "bytes": 80243,
        "at": 1791419953833
      },
      {
        "elapsedMs": 0.3999999985098839,
        "bytes": 80020,
        "at": 1791419953848
      },
      {
        "elapsedMs": 0.29999999701976776,
        "bytes": 80020,
        "at": 1791419953882
      },
      {
        "elapsedMs": 0.29999999701976776,
        "bytes": 80243,
        "at": 1791419953978
      },
      {
        "elapsedMs": 0.30000000447034836,
        "bytes": 80020,
        "at": 1791419953984
      },
      {
        "elapsedMs": 0.5999999940395355,
        "bytes": 80243,
        "at": 1791419954033
      },
      {
        "elapsedMs": 0.5,
        "bytes": 80243,
        "at": 1791419954034
      },
      {
        "elapsedMs": 0.6000000014901161,
        "bytes": 80020,
        "at": 1791419954052
      },
      {
        "elapsedMs": 0.3999999985098839,
        "bytes": 80020,
        "at": 1791419954082
      },
      {
        "elapsedMs": 0.3999999985098839,
        "bytes": 80251,
        "at": 1791419954179
      },
      {
        "elapsedMs": 0.20000000298023224,
        "bytes": 80028,
        "at": 1791419954185
      },
      {
        "elapsedMs": 0.4000000059604645,
        "bytes": 80251,
        "at": 1791419954232
      },
      {
        "elapsedMs": 0.29999999701976776,
        "bytes": 80251,
        "at": 1791419954233
      },
      {
        "elapsedMs": 0.29999999701976776,
        "bytes": 80028,
        "at": 1791419954251
      },
      {
        "elapsedMs": 0.29999999701976776,
        "bytes": 80028,
        "at": 1791419954282
      },
      {
        "elapsedMs": 0.3999999985098839,
        "bytes": 80251,
        "at": 1791419954378
      },
      {
        "elapsedMs": 0.29999999701976776,
        "bytes": 80028,
        "at": 1791419954384
      },
      {
        "elapsedMs": 0.3999999985098839,
        "bytes": 80251,
        "at": 1791419954432
      },
      {
        "elapsedMs": 0.6000000014901161,
        "bytes": 80251,
        "at": 1791419954434
      },
      {
        "elapsedMs": 0.5,
        "bytes": 80028,
        "at": 1791419954449
      },
      {
        "elapsedMs": 0.30000000447034836,
        "bytes": 80028,
        "at": 1791419954482
      },
      {
        "elapsedMs": 0.29999999701976776,
        "bytes": 80255,
        "at": 1791419954578
      },
      {
        "elapsedMs": 0.30000000447034836,
        "bytes": 80032,
        "at": 1791419954588
      },
      {
        "elapsedMs": 0.3999999985098839,
        "bytes": 80255,
        "at": 1791419954634
      },
      {
        "elapsedMs": 0.5,
        "bytes": 80255,
        "at": 1791419954635
      },
      {
        "elapsedMs": 0.29999999701976776,
        "bytes": 80032,
        "at": 1791419954647
      },
      {
        "elapsedMs": 0.29999999701976776,
        "bytes": 80032,
        "at": 1791419954682
      },
      {
        "elapsedMs": 0.29999999701976776,
        "bytes": 80259,
        "at": 1791419954778
      },
      {
        "elapsedMs": 0.29999999701976776,
        "bytes": 80036,
        "at": 1791419954783
      },
      {
        "elapsedMs": 0.4000000059604645,
        "bytes": 80258,
        "at": 1791419954832
      },
      {
        "elapsedMs": 0.20000000298023224,
        "bytes": 80258,
        "at": 1791419954833
      },
      {
        "elapsedMs": 0.4000000059604645,
        "bytes": 80035,
        "at": 1791419954848
      }
    ],
    "storageErrors": [],
    "unhandledRejections": []
  },
  "checkpoints": [
    {
      "atUTC": "2026-10-08T00:39:14.899427+00:00",
      "elapsedRealSeconds": 20.75,
      "reason": "final",
      "browser": {
        "utc": "2026-10-08T00:39:14.850Z",
        "url": "http://127.0.0.1:45095/",
        "viewport": {
          "width": 1280,
          "height": 900
        },
        "worldClock": "第 1 年 春 1 日\n17:31",
        "visibleText": "≈\n≈\n≈\n≈\n≈\n≈\n≈\n≈\n≈\n≈\n≈\n≈\n≈\n≈\n≈\n≈\n≈\n≈\n≈\n░\n░\n░\n░\n░\n≈\n♣\n🌲\n♣\n♣\n♣\n♣\n♣\n♣\n🌲\n♣\n♣\n♣\n│\n♣\n♣\n🌲\n♣\n▲\n░\n░\n░\n░\n░\n≈\n♣\n♣\n♣\n🌲\n♣\n♣\n♣\n♣\n♣\n♣\n🌲\n♣\n│\n♣\n♣\n♣\n♣\n▲\n░\n░\n░\n░\n░\n≈\n♣\n♣\n♣\n♣\n♣\n🌲\n♣\n🐺\n♣\n♣\n♣\n♣\n│\n♣\n♣\n♣\n♣\n▲\n░\n░\n░\n░\n░\n≈\n🌲\n♣\n♣\n♣\n♣\n♣\n♣\n🌲\n♣\n🪓\n4\n♣\n♣\n│\n♣\n🌲\n♣\n♣\n▲\n░\n░\n░\n░\n░\n≈\n♣\n♣\n🌲\n♣\n♣\n♣\n♣\n♣\n♣\n🌲\n♣\n⛏️\n4\n│\n♣\n♣\n♣\n🌲\n▲\n▲\n▲\n▲\n▲\n≈\n≈\n♣\n♣\n♣\n♣\n🌲\n♣\n♣\n♣\n♣\n♣\n♣\n🌲\n│\n♣\n♣\n♣\n♣\n▲\n▲\n▲\n▲\n▲\n≈\n≈\n─\n─\n─\n─\n─\n─\n─\n─\n─\n🛡️\n4\n─\n─\n┼\n─\n─\n─\n─\n─\n─\n─\n─\n─\n≈\n≈\n·\n·\n·\n·\n·\n·\n·\n·\n·\n🏪\n雜貨店\n4\n·\n·\n│\n≋\n≋\n≋\n≋\n▲\n▲\n▲\n▲\n▲\n≈\n≈\n·\n·\n·\n🏠\n·\n·\n🙂\n家\n·\n·\n🧺\n4\n·\n·\n│\n≋\n≋\n≋\n≋\n≋\n≋\n≋\n≋\n≋\n≈\n≈\n─\n─\n─\n─\n─\n─\n─\n─\n─\n─\n─\n─\n👨‍🌾\n5\n≋\n≋\n≋\n農田\n≋\n≋\n≋\n≋\n≋\n≋\n≈\n≈\n·\n·\n·\n·\n·\n·\n🛏️\n旅店\n·\n·\n⚔️\n4\n·\n·\n│\n≋\n≋\n≋\n≋\n≋\n≋\n≋\n≋\n≋\n≈\n≈\n·\n·\n·\n·\n🏠\n·\n·\n·\n·\n·\n·\n·\n│\n≋\n≋\n≋\n≋\n≋\n≋\n≋\n≋\n≋\n≈\n≈\n·\n·\n·\n·\n·\n·\n·\n·\n·\n·\n·\n·\n│\n≋\n≋\n≋\n≋\n≋\n≋\n≋\n≋\n≋\n≈\n≈\n·\n·\n·\n·\n·\n·\n·\n·\n·\n·\n·\n·\n│\n≋\n≋\n≋\n≋\n≋\n≋\n≋\n≋\n≋\n≈\n≈\n≈\n≈\n≈\n≈\n≈\n≈\n≈\n≈\n≈\n≈\n≈\n≈\n≈\n≈\n≈\n≈\n≈\n≈\n≈\n≈\n≈\n≈\n≈\n北方森林\n橡谷 · 小聚落\n東方農田\n未知之地",
        "openDialogs": [],
        "localStorageBytes": 80035,
        "save": {
          "worldTime": 1051,
          "historyCount": 1,
          "eventCount": 1,
          "journalPending": 0,
          "crisisPhase": "dormant",
          "crisisSequence": 0,
          "storageKeyPresent": true
        },
        "indexedDB": [
          {
            "name": "oakvale-play-journal",
            "counts": {
              "records": 206
            }
          }
        ]
      },
      "cdp": {
        "Memory.getDOMCounters": {
          "documents": 1,
          "nodes": 2162,
          "jsEventListeners": 452
        },
        "Runtime.getHeapUsage": {
          "usedSize": 13041004,
          "totalSize": 39747584,
          "embedderHeapUsedSize": 5910832,
          "backingStorageSize": 1047773
        },
        "Performance.getMetrics": {
          "metrics": [
            {
              "name": "Timestamp",
              "value": 55966.663766
            },
            {
              "name": "AudioHandlers",
              "value": 0
            },
            {
              "name": "AudioWorkletProcessors",
              "value": 0
            },
            {
              "name": "Documents",
              "value": 1
            },
            {
              "name": "Frames",
              "value": 1
            },
            {
              "name": "JSEventListeners",
              "value": 452
            },
            {
              "name": "LayoutObjects",
              "value": 1349
            },
            {
              "name": "MediaKeySessions",
              "value": 0
            },
            {
              "name": "MediaKeys",
              "value": 0
            },
            {
              "name": "Nodes",
              "value": 2162
            },
            {
              "name": "Resources",
              "value": 2
            },
            {
              "name": "ContextLifecycleStateObservers",
              "value": 7
            },
            {
              "name": "V8PerContextDatas",
              "value": 2
            },
            {
              "name": "WorkerGlobalScopes",
              "value": 0
            },
            {
              "name": "UACSSResources",
              "value": 0
            },
            {
              "name": "RTCPeerConnections",
              "value": 0
            },
            {
              "name": "ResourceFetchers",
              "value": 1
            },
            {
              "name": "AdSubframes",
              "value": 0
            },
            {
              "name": "DetachedScriptStates",
              "value": 0
            },
            {
              "name": "ArrayBufferContents",
              "value": 9
            },
            {
              "name": "LayoutCount",
              "value": 294
            },
            {
              "name": "RecalcStyleCount",
              "value": 1072
            },
            {
              "name": "LayoutDuration",
              "value": 0.115023
            },
            {
              "name": "RecalcStyleDuration",
              "value": 0.099227
            },
            {
              "name": "DevToolsCommandDuration",
              "value": 1.297119
            },
            {
              "name": "ScriptDuration",
              "value": 0.728388
            },
            {
              "name": "V8CompileDuration",
              "value": 0
            },
            {
              "name": "TaskDuration",
              "value": 3.961544
            },
            {
              "name": "TaskOtherDuration",
              "value": 1.721787
            },
            {
              "name": "ThreadTime",
              "value": 3.938189
            },
            {
              "name": "ProcessTime",
              "value": 5.83
            },
            {
              "name": "JSHeapUsedSize",
              "value": 13041020
            },
            {
              "name": "JSHeapTotalSize",
              "value": 39747584
            },
            {
              "name": "FirstMeaningfulPaint",
              "value": 55948.622092
            },
            {
              "name": "DomContentLoaded",
              "value": 55948.60737
            },
            {
              "name": "NavigationStart",
              "value": 55948.54617
            }
          ]
        }
      },
      "saveLatency": {
        "writes": [
          {
            "elapsedMs": 0.5,
            "bytes": 79961,
            "at": 1791419936817
          },
          {
            "elapsedMs": 0.3999999985098839,
            "bytes": 79961,
            "at": 1791419937184
          },
          {
            "elapsedMs": 0.10000000149011612,
            "bytes": 80182,
            "at": 1791419937278
          },
          {
            "elapsedMs": 0.20000000298023224,
            "bytes": 79961,
            "at": 1791419937290
          },
          {
            "elapsedMs": 0.10000000149011612,
            "bytes": 80182,
            "at": 1791419937317
          },
          {
            "elapsedMs": 0.20000000298023224,
            "bytes": 80182,
            "at": 1791419937318
          },
          {
            "elapsedMs": 0.10000000149011612,
            "bytes": 79961,
            "at": 1791419937334
          },
          {
            "elapsedMs": 0.09999999403953552,
            "bytes": 79961,
            "at": 1791419937367
          },
          {
            "elapsedMs": 0.20000000298023224,
            "bytes": 80182,
            "at": 1791419937478
          },
          {
            "elapsedMs": 0.5,
            "bytes": 79961,
            "at": 1791419937489
          },
          {
            "elapsedMs": 0,
            "bytes": 80182,
            "at": 1791419937516
          },
          {
            "elapsedMs": 0.19999999552965164,
            "bytes": 80182,
            "at": 1791419937517
          },
          {
            "elapsedMs": 0.19999999552965164,
            "bytes": 79961,
            "at": 1791419937534
          },
          {
            "elapsedMs": 0.20000000298023224,
            "bytes": 79961,
            "at": 1791419937566
          },
          {
            "elapsedMs": 0.20000000298023224,
            "bytes": 80182,
            "at": 1791419937680
          },
          {
            "elapsedMs": 0.20000000298023224,
            "bytes": 79961,
            "at": 1791419937686
          },
          {
            "elapsedMs": 0.09999999403953552,
            "bytes": 80182,
            "at": 1791419937734
          },
          {
            "elapsedMs": 0.20000000298023224,
            "bytes": 80182,
            "at": 1791419937735
          },
          {
            "elapsedMs": 0.10000000149011612,
            "bytes": 79961,
            "at": 1791419937748
          },
          {
            "elapsedMs": 0.10000000149011612,
            "bytes": 79961,
            "at": 1791419937783
          },
          {
            "elapsedMs": 0.30000000447034836,
            "bytes": 80182,
            "at": 1791419937878
          },
          {
            "elapsedMs": 0.10000000149011612,
            "bytes": 79961,
            "at": 1791419937885
          },
          {
            "elapsedMs": 0.10000000149011612,
            "bytes": 80182,
            "at": 1791419937917
          },
          {
            "elapsedMs": 0.20000000298023224,
            "bytes": 80182,
            "at": 1791419937918
          },
          {
            "elapsedMs": 0.19999999552965164,
            "bytes": 79961,
            "at": 1791419937930
          },
          {
            "elapsedMs": 0.19999999552965164,
            "bytes": 79961,
            "at": 1791419937966
          },
          {
            "elapsedMs": 0.20000000298023224,
            "bytes": 80182,
            "at": 1791419938078
          },
          {
            "elapsedMs": 0.20000000298023224,
            "bytes": 79961,
            "at": 1791419938084
          },
          {
            "elapsedMs": 0.10000000149011612,
            "bytes": 80182,
            "at": 1791419938116
          },
          {
            "elapsedMs": 0.29999999701976776,
            "bytes": 80182,
            "at": 1791419938117
          },
          {
            "elapsedMs": 0.20000000298023224,
            "bytes": 79961,
            "at": 1791419938132
          },
          {
            "elapsedMs": 0.19999999552965164,
            "bytes": 79961,
            "at": 1791419938166
          },
          {
            "elapsedMs": 0.29999999701976776,
            "bytes": 80182,
            "at": 1791419938278
          },
          {
            "elapsedMs": 0.29999999701976776,
            "bytes": 79961,
            "at": 1791419938283
          },
          {
            "elapsedMs": 0.10000000149011612,
            "bytes": 80182,
            "at": 1791419938315
          },
          {
            "elapsedMs": 0.19999999552965164,
            "bytes": 80182,
            "at": 1791419938316
          },
          {
            "elapsedMs": 0.30000000447034836,
            "bytes": 79961,
            "at": 1791419938332
          },
          {
            "elapsedMs": 0.30000000447034836,
            "bytes": 79961,
            "at": 1791419938366
          },
          {
            "elapsedMs": 0.29999999701976776,
            "bytes": 80182,
            "at": 1791419938478
          },
          {
            "elapsedMs": 0.29999999701976776,
            "bytes": 79961,
            "at": 1791419938484
          },
          {
            "elapsedMs": 0.29999999701976776,
            "bytes": 80182,
            "at": 1791419938516
          },
          {
            "elapsedMs": 0.20000000298023224,
            "bytes": 80182,
            "at": 1791419938517
          },
          {
            "elapsedMs": 0.20000000298023224,
            "bytes": 79961,
            "at": 1791419938532
          },
          {
            "elapsedMs": 0.20000000298023224,
            "bytes": 79961,
            "at": 1791419938566
          },
          {
            "elapsedMs": 0.19999999552965164,
            "bytes": 80182,
            "at": 1791419938678
          },
          {
            "elapsedMs": 0.19999999552965164,
            "bytes": 79961,
            "at": 1791419938683
          },
          {
            "elapsedMs": 0.29999999701976776,
            "bytes": 80182,
            "at": 1791419938718
          },
          {
            "elapsedMs": 0.30000000447034836,
            "bytes": 80182,
            "at": 1791419938719
          },
          {
            "elapsedMs": 0.19999999552965164,
            "bytes": 79961,
            "at": 1791419938731
          },
          {
            "elapsedMs": 0.29999999701976776,
            "bytes": 79961,
            "at": 1791419938767
          },
          {
            "elapsedMs": 0.19999999552965164,
            "bytes": 80182,
            "at": 1791419938878
          },
          {
            "elapsedMs": 0.5,
            "bytes": 79961,
            "at": 1791419938888
          },
          {
            "elapsedMs": 0.19999999552965164,
            "bytes": 80182,
            "at": 1791419938919
          },
          {
            "elapsedMs": 0.10000000149011612,
            "bytes": 80182,
            "at": 1791419938920
          },
          {
            "elapsedMs": 0.29999999701976776,
            "bytes": 79961,
            "at": 1791419938931
          },
          {
            "elapsedMs": 0.20000000298023224,
            "bytes": 79961,
            "at": 1791419938965
          },
          {
            "elapsedMs": 0.10000000149011612,
            "bytes": 80182,
            "at": 1791419939078
          },
          {
            "elapsedMs": 0.10000000149011612,
            "bytes": 79961,
            "at": 1791419939086
          },
          {
            "elapsedMs": 0.20000000298023224,
            "bytes": 80182,
            "at": 1791419939116
          },
          {
            "elapsedMs": 0.20000000298023224,
            "bytes": 80182,
            "at": 1791419939117
          },
          {
            "elapsedMs": 0.19999999552965164,
            "bytes": 79961,
            "at": 1791419939133
          },
          {
            "elapsedMs": 0.19999999552965164,
            "bytes": 79961,
            "at": 1791419939167
          },
          {
            "elapsedMs": 0.30000000447034836,
            "bytes": 80182,
            "at": 1791419939278
          },
          {
            "elapsedMs": 0.20000000298023224,
            "bytes": 79961,
            "at": 1791419939284
          },
          {
            "elapsedMs": 0.29999999701976776,
            "bytes": 80182,
            "at": 1791419939316
          },
          {
            "elapsedMs": 0.19999999552965164,
            "bytes": 80182,
            "at": 1791419939317
          },
          {
            "elapsedMs": 0.30000000447034836,
            "bytes": 79961,
            "at": 1791419939334
          },
          {
            "elapsedMs": 0.19999999552965164,
            "bytes": 79961,
            "at": 1791419939367
          },
          {
            "elapsedMs": 0.20000000298023224,
            "bytes": 80182,
            "at": 1791419939478
          },
          {
            "elapsedMs": 0.20000000298023224,
            "bytes": 79961,
            "at": 1791419939485
          },
          {
            "elapsedMs": 0.10000000149011612,
            "bytes": 80182,
            "at": 1791419939516
          },
          {
            "elapsedMs": 0.20000000298023224,
            "bytes": 80182,
            "at": 1791419939517
          },
          {
            "elapsedMs": 0.19999999552965164,
            "bytes": 79961,
            "at": 1791419939533
          },
          {
            "elapsedMs": 0.19999999552965164,
            "bytes": 79961,
            "at": 1791419939566
          },
          {
            "elapsedMs": 0.19999999552965164,
            "bytes": 80182,
            "at": 1791419939678
          },
          {
            "elapsedMs": 0.29999999701976776,
            "bytes": 79961,
            "at": 1791419939683
          },
          {
            "elapsedMs": 0.10000000149011612,
            "bytes": 80182,
            "at": 1791419939716
          },
          {
            "elapsedMs": 0.20000000298023224,
            "bytes": 80182,
            "at": 1791419939716
          },
          {
            "elapsedMs": 0.19999999552965164,
            "bytes": 79961,
            "at": 1791419939731
          },
          {
            "elapsedMs": 0.10000000149011612,
            "bytes": 79961,
            "at": 1791419939768
          },
          {
            "elapsedMs": 0.10000000149011612,
            "bytes": 80182,
            "at": 1791419939878
          },
          {
            "elapsedMs": 0.30000000447034836,
            "bytes": 79961,
            "at": 1791419939884
          },
          {
            "elapsedMs": 0.10000000149011612,
            "bytes": 80182,
            "at": 1791419939917
          },
          {
            "elapsedMs": 0.19999999552965164,
            "bytes": 80182,
            "at": 1791419939918
          },
          {
            "elapsedMs": 0.30000000447034836,
            "bytes": 79961,
            "at": 1791419939934
          },
          {
            "elapsedMs": 0.20000000298023224,
            "bytes": 79961,
            "at": 1791419939967
          },
          {
            "elapsedMs": 0.20000000298023224,
            "bytes": 80182,
            "at": 1791419939980
          },
          {
            "elapsedMs": 0.10000000149011612,
            "bytes": 79961,
            "at": 1791419939984
          },
          {
            "elapsedMs": 0.3999999985098839,
            "bytes": 80182,
            "at": 1791419940034
          },
          {
            "elapsedMs": 0.20000000298023224,
            "bytes": 80182,
            "at": 1791419940035
          },
          {
            "elapsedMs": 0.19999999552965164,
            "bytes": 79961,
            "at": 1791419940050
          },
          {
            "elapsedMs": 0.20000000298023224,
            "bytes": 79961,
            "at": 1791419940083
          },
          {
            "elapsedMs": 0.20000000298023224,
            "bytes": 80182,
            "at": 1791419940178
          },
          {
            "elapsedMs": 0.19999999552965164,
            "bytes": 79961,
            "at": 1791419940183
          },
          {
            "elapsedMs": 0.5,
            "bytes": 80182,
            "at": 1791419940218
          },
          {
            "elapsedMs": 0.10000000149011612,
            "bytes": 80182,
            "at": 1791419940219
          },
          {
            "elapsedMs": 0,
            "bytes": 79961,
            "at": 1791419940230
          },
          {
            "elapsedMs": 0.20000000298023224,
            "bytes": 79961,
            "at": 1791419940267
          },
          {
            "elapsedMs": 0.30000000447034836,
            "bytes": 80182,
            "at": 1791419940378
          },
          {
            "elapsedMs": 0.29999999701976776,
            "bytes": 79961,
            "at": 1791419940385
          },
          {
            "elapsedMs": 0.19999999552965164,
            "bytes": 80182,
            "at": 1791419940420
          },
          {
            "elapsedMs": 0.10000000149011612,
            "bytes": 80182,
            "at": 1791419940421
          },
          {
            "elapsedMs": 0.19999999552965164,
            "bytes": 79961,
            "at": 1791419940432
          },
          {
            "elapsedMs": 0.10000000149011612,
            "bytes": 79961,
            "at": 1791419940470
          },
          {
            "elapsedMs": 0.20000000298023224,
            "bytes": 80182,
            "at": 1791419940578
          },
          {
            "elapsedMs": 0.19999999552965164,
            "bytes": 79961,
            "at": 1791419940586
          },
          {
            "elapsedMs": 0,
            "bytes": 80182,
            "at": 1791419940620
          },
          {
            "elapsedMs": 0.19999999552965164,
            "bytes": 80182,
            "at": 1791419940621
          },
          {
            "elapsedMs": 0.30000000447034836,
            "bytes": 79961,
            "at": 1791419940631
          },
          {
            "elapsedMs": 0.6000000014901161,
            "bytes": 79961,
            "at": 1791419940671
          },
          {
            "elapsedMs": 2.6999999955296516,
            "bytes": 80182,
            "at": 1791419940781
          },
          {
            "elapsedMs": 0.29999999701976776,
            "bytes": 79961,
            "at": 1791419940792
          },
          {
            "elapsedMs": 0.5,
            "bytes": 80182,
            "at": 1791419940819
          },
          {
            "elapsedMs": 0.10000000149011612,
            "bytes": 80182,
            "at": 1791419940820
          },
          {
            "elapsedMs": 0.3999999985098839,
            "bytes": 79961,
            "at": 1791419940835
          },
          {
            "elapsedMs": 0.29999999701976776,
            "bytes": 79961,
            "at": 1791419940869
          },
          {
            "elapsedMs": 0.09999999403953552,
            "bytes": 80182,
            "at": 1791419940879
          },
          {
            "elapsedMs": 0.19999999552965164,
            "bytes": 79961,
            "at": 1791419940883
          },
          {
            "elapsedMs": 0.6000000014901161,
            "bytes": 80182,
            "at": 1791419940944
          },
          {
            "elapsedMs": 0.19999999552965164,
            "bytes": 80182,
            "at": 1791419940945
          },
          {
            "elapsedMs": 0.10000000149011612,
            "bytes": 79961,
            "at": 1791419940951
          },
          {
            "elapsedMs": 0.29999999701976776,
            "bytes": 79961,
            "at": 1791419941003
          },
          {
            "elapsedMs": 0.5,
            "bytes": 80182,
            "at": 1791419941078
          },
          {
            "elapsedMs": 0.5,
            "bytes": 79961,
            "at": 1791419941090
          },
          {
            "elapsedMs": 0.29999999701976776,
            "bytes": 80182,
            "at": 1791419941116
          },
          {
            "elapsedMs": 0.3999999985098839,
            "bytes": 80182,
            "at": 1791419941117
          },
          {
            "elapsedMs": 0.3999999985098839,
            "bytes": 79961,
            "at": 1791419941136
          },
          {
            "elapsedMs": 0.29999999701976776,
            "bytes": 79961,
            "at": 1791419941167
          },
          {
            "elapsedMs": 0.29999999701976776,
            "bytes": 80182,
            "at": 1791419941180
          },
          {
            "elapsedMs": 0.5,
            "bytes": 79961,
            "at": 1791419941184
          },
          {
            "elapsedMs": 2.3000000044703484,
            "bytes": 80182,
            "at": 1791419941236
          },
          {
            "elapsedMs": 0.10000000149011612,
            "bytes": 80182,
            "at": 1791419941237
          },
          {
            "elapsedMs": 0.7000000029802322,
            "bytes": 79961,
            "at": 1791419941250
          },
          {
            "elapsedMs": 0.5,
            "bytes": 79961,
            "at": 1791419941283
          },
          {
            "elapsedMs": 0.5,
            "bytes": 80182,
            "at": 1791419941378
          },
          {
            "elapsedMs": 0.5,
            "bytes": 79961,
            "at": 1791419941386
          },
          {
            "elapsedMs": 0.3999999985098839,
            "bytes": 80182,
            "at": 1791419941420
          },
          {
            "elapsedMs": 0.30000000447034836,
            "bytes": 80182,
            "at": 1791419941421
          },
          {
            "elapsedMs": 0.4000000059604645,
            "bytes": 79961,
            "at": 1791419941431
          },
          {
            "elapsedMs": 0.3999999985098839,
            "bytes": 79961,
            "at": 1791419941468
          },
          {
            "elapsedMs": 0.5,
            "bytes": 80182,
            "at": 1791419941480
          },
          {
            "elapsedMs": 0.29999999701976776,
            "bytes": 79961,
            "at": 1791419941484
          },
          {
            "elapsedMs": 0.29999999701976776,
            "bytes": 80182,
            "at": 1791419941533
          },
          {
            "elapsedMs": 0.20000000298023224,
            "bytes": 80182,
            "at": 1791419941534
          },
          {
            "elapsedMs": 0.20000000298023224,
            "bytes": 79961,
            "at": 1791419941549
          },
          {
            "elapsedMs": 0.29999999701976776,
            "bytes": 79961,
            "at": 1791419941587
          },
          {
            "elapsedMs": 0.29999999701976776,
            "bytes": 80182,
            "at": 1791419941678
          },
          {
            "elapsedMs": 0.29999999701976776,
            "bytes": 79961,
            "at": 1791419941685
          },
          {
            "elapsedMs": 0.10000000149011612,
            "bytes": 80182,
            "at": 1791419941718
          },
          {
            "elapsedMs": 0.30000000447034836,
            "bytes": 80182,
            "at": 1791419941719
          },
          {
            "elapsedMs": 0.20000000298023224,
            "bytes": 79961,
            "at": 1791419941732
          },
          {
            "elapsedMs": 0.4000000059604645,
            "bytes": 79961,
            "at": 1791419941768
          },
          {
            "elapsedMs": 0.29999999701976776,
            "bytes": 80182,
            "at": 1791419941782
          },
          {
            "elapsedMs": 0.20000000298023224,
            "bytes": 79961,
            "at": 1791419941786
          },
          {
            "elapsedMs": 0.20000000298023224,
            "bytes": 80182,
            "at": 1791419941834
          },
          {
            "elapsedMs": 0.20000000298023224,
            "bytes": 80182,
            "at": 1791419941835
          },
          {
            "elapsedMs": 0.30000000447034836,
            "bytes": 79961,
            "at": 1791419941853
          },
          {
            "elapsedMs": 0.10000000149011612,
            "bytes": 79961,
            "at": 1791419941884
          },
          {
            "elapsedMs": 0.20000000298023224,
            "bytes": 80182,
            "at": 1791419941978
          },
          {
            "elapsedMs": 0.19999999552965164,
            "bytes": 79961,
            "at": 1791419941988
          },
          {
            "elapsedMs": 0.20000000298023224,
            "bytes": 80182,
            "at": 1791419942017
          },
          {
            "elapsedMs": 0.20000000298023224,
            "bytes": 80182,
            "at": 1791419942018
          },
          {
            "elapsedMs": 0.19999999552965164,
            "bytes": 79961,
            "at": 1791419942034
          },
          {
            "elapsedMs": 0.30000000447034836,
            "bytes": 79961,
            "at": 1791419942068
          },
          {
            "elapsedMs": 0.30000000447034836,
            "bytes": 80182,
            "at": 1791419942178
          },
          {
            "elapsedMs": 0.10000000149011612,
            "bytes": 79961,
            "at": 1791419942183
          },
          {
            "elapsedMs": 0.19999999552965164,
            "bytes": 80182,
            "at": 1791419942218
          },
          {
            "elapsedMs": 0.10000000149011612,
            "bytes": 80182,
            "at": 1791419942219
          },
          {
            "elapsedMs": 0.29999999701976776,
            "bytes": 79961,
            "at": 1791419942235
          },
          {
            "elapsedMs": 0.20000000298023224,
            "bytes": 79961,
            "at": 1791419942268
          },
          {
            "elapsedMs": 0.30000000447034836,
            "bytes": 80182,
            "at": 1791419942378
          },
          {
            "elapsedMs": 0.4000000059604645,
            "bytes": 79961,
            "at": 1791419942389
          },
          {
            "elapsedMs": 0.3999999985098839,
            "bytes": 80182,
            "at": 1791419942417
          },
          {
            "elapsedMs": 0.20000000298023224,
            "bytes": 80182,
            "at": 1791419942418
          },
          {
            "elapsedMs": 0.20000000298023224,
            "bytes": 79961,
            "at": 1791419942434
          },
          {
            "elapsedMs": 0.30000000447034836,
            "bytes": 79961,
            "at": 1791419942467
          },
          {
            "elapsedMs": 0.3999999985098839,
            "bytes": 80182,
            "at": 1791419942578
          },
          {
            "elapsedMs": 0.19999999552965164,
            "bytes": 79961,
            "at": 1791419942583
          },
          {
            "elapsedMs": 0.20000000298023224,
            "bytes": 80182,
            "at": 1791419942617
          },
          {
            "elapsedMs": 0.19999999552965164,
            "bytes": 80182,
            "at": 1791419942618
          },
          {
            "elapsedMs": 0.20000000298023224,
            "bytes": 79961,
            "at": 1791419942630
          },
          {
            "elapsedMs": 0.19999999552965164,
            "bytes": 79961,
            "at": 1791419942666
          },
          {
            "elapsedMs": 0.30000000447034836,
            "bytes": 80182,
            "at": 1791419942778
          },
          {
            "elapsedMs": 0.19999999552965164,
            "bytes": 79961,
            "at": 1791419942787
          },
          {
            "elapsedMs": 0.20000000298023224,
            "bytes": 80182,
            "at": 1791419942816
          },
          {
            "elapsedMs": 0.10000000149011612,
            "bytes": 80182,
            "at": 1791419942817
          },
          {
            "elapsedMs": 0.20000000298023224,
            "bytes": 79961,
            "at": 1791419942833
          },
          {
            "elapsedMs": 0.20000000298023224,
            "bytes": 79961,
            "at": 1791419942868
          },
          {
            "elapsedMs": 0.19999999552965164,
            "bytes": 80182,
            "at": 1791419942978
          },
          {
            "elapsedMs": 0.29999999701976776,
            "bytes": 79961,
            "at": 1791419942988
          },
          {
            "elapsedMs": 0.29999999701976776,
            "bytes": 80182,
            "at": 1791419943017
          },
          {
            "elapsedMs": 0.19999999552965164,
            "bytes": 80182,
            "at": 1791419943018
          },
          {
            "elapsedMs": 0.3999999985098839,
            "bytes": 79961,
            "at": 1791419943034
          },
          {
            "elapsedMs": 0.19999999552965164,
            "bytes": 79961,
            "at": 1791419943066
          },
          {
            "elapsedMs": 0.20000000298023224,
            "bytes": 80182,
            "at": 1791419943178
          },
          {
            "elapsedMs": 0.10000000149011612,
            "bytes": 79961,
            "at": 1791419943183
          },
          {
            "elapsedMs": 0.20000000298023224,
            "bytes": 80182,
            "at": 1791419943218
          },
          {
            "elapsedMs": 0.10000000149011612,
            "bytes": 80182,
            "at": 1791419943218
          },
          {
            "elapsedMs": 0.20000000298023224,
            "bytes": 79961,
            "at": 1791419943234
          },
          {
            "elapsedMs": 0.3999999985098839,
            "bytes": 79961,
            "at": 1791419943268
          },
          {
            "elapsedMs": 0.20000000298023224,
            "bytes": 80182,
            "at": 1791419943378
          },
          {
            "elapsedMs": 0.19999999552965164,
            "bytes": 79961,
            "at": 1791419943384
          },
          {
            "elapsedMs": 0.20000000298023224,
            "bytes": 80182,
            "at": 1791419943418
          },
          {
            "elapsedMs": 0.10000000149011612,
            "bytes": 80182,
            "at": 1791419943419
          },
          {
            "elapsedMs": 0.19999999552965164,
            "bytes": 79961,
            "at": 1791419943430
          },
          {
            "elapsedMs": 0.19999999552965164,
            "bytes": 79961,
            "at": 1791419943466
          },
          {
            "elapsedMs": 3.2999999970197678,
            "bytes": 80269,
            "at": 1791419943581
          },
          {
            "elapsedMs": 0.3999999985098839,
            "bytes": 80048,
            "at": 1791419943587
          },
          {
            "elapsedMs": 0.20000000298023224,
            "bytes": 80269,
            "at": 1791419943627
          },
          {
            "elapsedMs": 0.19999999552965164,
            "bytes": 80269,
            "at": 1791419943628
          },
          {
            "elapsedMs": 0.10000000149011612,
            "bytes": 80048,
            "at": 1791419943635
          },
          {
            "elapsedMs": 0.30000000447034836,
            "bytes": 80048,
            "at": 1791419943666
          },
          {
            "elapsedMs": 0.20000000298023224,
            "bytes": 80269,
            "at": 1791419943679
          },
          {
            "elapsedMs": 0.20000000298023224,
            "bytes": 80048,
            "at": 1791419943682
          },
          {
            "elapsedMs": 0.10000000149011612,
            "bytes": 80269,
            "at": 1791419943740
          },
          {
            "elapsedMs": 0.29999999701976776,
            "bytes": 80269,
            "at": 1791419943741
          },
          {
            "elapsedMs": 0.10000000149011612,
            "bytes": 80048,
            "at": 1791419943746
          },
          {
            "elapsedMs": 0.20000000298023224,
            "bytes": 80048,
            "at": 1791419943784
          },
          {
            "elapsedMs": 0.4000000059604645,
            "bytes": 80269,
            "at": 1791419943878
          },
          {
            "elapsedMs": 0,
            "bytes": 80048,
            "at": 1791419943883
          },
          {
            "elapsedMs": 0.19999999552965164,
            "bytes": 80269,
            "at": 1791419943917
          },
          {
            "elapsedMs": 0.29999999701976776,
            "bytes": 80269,
            "at": 1791419943918
          },
          {
            "elapsedMs": 0.30000000447034836,
            "bytes": 80048,
            "at": 1791419943935
          },
          {
            "elapsedMs": 0.30000000447034836,
            "bytes": 80048,
            "at": 1791419943966
          },
          {
            "elapsedMs": 0.19999999552965164,
            "bytes": 80269,
            "at": 1791419944078
          },
          {
            "elapsedMs": 0.10000000149011612,
            "bytes": 80048,
            "at": 1791419944083
          },
          {
            "elapsedMs": 0.19999999552965164,
            "bytes": 80269,
            "at": 1791419944115
          },
          {
            "elapsedMs": 0.19999999552965164,
            "bytes": 80269,
            "at": 1791419944116
          },
          {
            "elapsedMs": 0.29999999701976776,
            "bytes": 80048,
            "at": 1791419944133
          },
          {
            "elapsedMs": 0.10000000149011612,
            "bytes": 80048,
            "at": 1791419944166
          },
          {
            "elapsedMs": 0.20000000298023224,
            "bytes": 80269,
            "at": 1791419944278
          },
          {
            "elapsedMs": 0.30000000447034836,
            "bytes": 80048,
            "at": 1791419944288
          },
          {
            "elapsedMs": 0.09999999403953552,
            "bytes": 80269,
            "at": 1791419944316
          },
          {
            "elapsedMs": 0.10000000149011612,
            "bytes": 80269,
            "at": 1791419944317
          },
          {
            "elapsedMs": 0.10000000149011612,
            "bytes": 80048,
            "at": 1791419944332
          },
          {
            "elapsedMs": 0.19999999552965164,
            "bytes": 80048,
            "at": 1791419944366
          },
          {
            "elapsedMs": 0.20000000298023224,
            "bytes": 80269,
            "at": 1791419944478
          },
          {
            "elapsedMs": 0.30000000447034836,
            "bytes": 80048,
            "at": 1791419944483
          },
          {
            "elapsedMs": 0.20000000298023224,
            "bytes": 80269,
            "at": 1791419944516
          },
          {
            "elapsedMs": 0.19999999552965164,
            "bytes": 80269,
            "at": 1791419944517
          },
          {
            "elapsedMs": 0.30000000447034836,
            "bytes": 80048,
            "at": 1791419944534
          },
          {
            "elapsedMs": 0.29999999701976776,
            "bytes": 80048,
            "at": 1791419944566
          },
          {
            "elapsedMs": 0.30000000447034836,
            "bytes": 80269,
            "at": 1791419944678
          },
          {
            "elapsedMs": 0.29999999701976776,
            "bytes": 80048,
            "at": 1791419944684
          },
          {
            "elapsedMs": 0.30000000447034836,
            "bytes": 80269,
            "at": 1791419944717
          },
          {
            "elapsedMs": 0.10000000149011612,
            "bytes": 80269,
            "at": 1791419944718
          },
          {
            "elapsedMs": 0.10000000149011612,
            "bytes": 80048,
            "at": 1791419944730
          },
          {
            "elapsedMs": 0.3999999985098839,
            "bytes": 80048,
            "at": 1791419944767
          },
          {
            "elapsedMs": 0.4000000059604645,
            "bytes": 80269,
            "at": 1791419944878
          },
          {
            "elapsedMs": 0.29999999701976776,
            "bytes": 80048,
            "at": 1791419944889
          },
          {
            "elapsedMs": 0.19999999552965164,
            "bytes": 80269,
            "at": 1791419944916
          },
          {
            "elapsedMs": 0.09999999403953552,
            "bytes": 80269,
            "at": 1791419944917
          },
          {
            "elapsedMs": 0.4000000059604645,
            "bytes": 80048,
            "at": 1791419944934
          },
          {
            "elapsedMs": 0.30000000447034836,
            "bytes": 80048,
            "at": 1791419944967
          },
          {
            "elapsedMs": 0.30000000447034836,
            "bytes": 80269,
            "at": 1791419945078
          },
          {
            "elapsedMs": 0.20000000298023224,
            "bytes": 80048,
            "at": 1791419945085
          },
          {
            "elapsedMs": 0.29999999701976776,
            "bytes": 80269,
            "at": 1791419945116
          },
          {
            "elapsedMs": 0.10000000149011612,
            "bytes": 80269,
            "at": 1791419945117
          },
          {
            "elapsedMs": 0.10000000149011612,
            "bytes": 80048,
            "at": 1791419945133
          },
          {
            "elapsedMs": 0.09999999403953552,
            "bytes": 80048,
            "at": 1791419945166
          },
          {
            "elapsedMs": 0.4000000059604645,
            "bytes": 80269,
            "at": 1791419945278
          },
          {
            "elapsedMs": 0.29999999701976776,
            "bytes": 80048,
            "at": 1791419945285
          },
          {
            "elapsedMs": 0.19999999552965164,
            "bytes": 80269,
            "at": 1791419945317
          },
          {
            "elapsedMs": 0.19999999552965164,
            "bytes": 80269,
            "at": 1791419945318
          },
          {
            "elapsedMs": 0.29999999701976776,
            "bytes": 80048,
            "at": 1791419945333
          },
          {
            "elapsedMs": 1.5,
            "bytes": 80048,
            "at": 1791419945368
          },
          {
            "elapsedMs": 0.4000000059604645,
            "bytes": 80269,
            "at": 1791419945478
          },
          {
            "elapsedMs": 0.3999999985098839,
            "bytes": 80048,
            "at": 1791419945485
          },
          {
            "elapsedMs": 0.20000000298023224,
            "bytes": 80182,
            "at": 1791419945516
          },
          {
            "elapsedMs": 0.29999999701976776,
            "bytes": 80182,
            "at": 1791419945517
          },
          {
            "elapsedMs": 0.30000000447034836,
            "bytes": 79961,
            "at": 1791419945531
          },
          {
            "elapsedMs": 0.20000000298023224,
            "bytes": 79961,
            "at": 1791419945579
          },
          {
            "elapsedMs": 0.20000000298023224,
            "bytes": 80182,
            "at": 1791419945678
          },
          {
            "elapsedMs": 0.19999999552965164,
            "bytes": 79961,
            "at": 1791419945685
          },
          {
            "elapsedMs": 0.20000000298023224,
            "bytes": 80182,
            "at": 1791419945715
          },
          {
            "elapsedMs": 0.30000000447034836,
            "bytes": 80182,
            "at": 1791419945717
          },
          {
            "elapsedMs": 0.5999999940395355,
            "bytes": 79961,
            "at": 1791419945733
          },
          {
            "elapsedMs": 0.29999999701976776,
            "bytes": 79961,
            "at": 1791419945766
          },
          {
            "elapsedMs": 0.19999999552965164,
            "bytes": 80182,
            "at": 1791419945779
          },
          {
            "elapsedMs": 0.19999999552965164,
            "bytes": 79961,
            "at": 1791419945783
          },
          {
            "elapsedMs": 0.7000000029802322,
            "bytes": 80182,
            "at": 1791419945834
          },
          {
            "elapsedMs": 0.29999999701976776,
            "bytes": 80182,
            "at": 1791419945835
          },
          {
            "elapsedMs": 0.29999999701976776,
            "bytes": 79961,
            "at": 1791419945848
          },
          {
            "elapsedMs": 0.3999999985098839,
            "bytes": 79961,
            "at": 1791419945884
          },
          {
            "elapsedMs": 0.3999999985098839,
            "bytes": 80182,
            "at": 1791419945978
          },
          {
            "elapsedMs": 0.30000000447034836,
            "bytes": 79961,
            "at": 1791419945988
          },
          {
            "elapsedMs": 0.3999999985098839,
            "bytes": 80182,
            "at": 1791419946016
          },
          {
            "elapsedMs": 0.20000000298023224,
            "bytes": 80182,
            "at": 1791419946018
          },
          {
            "elapsedMs": 0.29999999701976776,
            "bytes": 79961,
            "at": 1791419946033
          },
          {
            "elapsedMs": 0.3999999985098839,
            "bytes": 79961,
            "at": 1791419946066
          },
          {
            "elapsedMs": 0.29999999701976776,
            "bytes": 80182,
            "at": 1791419946079
          },
          {
            "elapsedMs": 0.29999999701976776,
            "bytes": 79961,
            "at": 1791419946083
          },
          {
            "elapsedMs": 0.20000000298023224,
            "bytes": 80182,
            "at": 1791419946133
          },
          {
            "elapsedMs": 0.19999999552965164,
            "bytes": 80182,
            "at": 1791419946134
          },
          {
            "elapsedMs": 0.3999999985098839,
            "bytes": 79961,
            "at": 1791419946151
          },
          {
            "elapsedMs": 0.4000000059604645,
            "bytes": 79961,
            "at": 1791419946183
          },
          {
            "elapsedMs": 0.30000000447034836,
            "bytes": 80182,
            "at": 1791419946279
          },
          {
            "elapsedMs": 0.29999999701976776,
            "bytes": 79961,
            "at": 1791419946285
          },
          {
            "elapsedMs": 0.19999999552965164,
            "bytes": 80182,
            "at": 1791419946317
          },
          {
            "elapsedMs": 0.10000000149011612,
            "bytes": 80182,
            "at": 1791419946318
          },
          {
            "elapsedMs": 0.20000000298023224,
            "bytes": 79961,
            "at": 1791419946334
          },
          {
            "elapsedMs": 0.30000000447034836,
            "bytes": 79961,
            "at": 1791419946375
          },
          {
            "elapsedMs": 0.30000000447034836,
            "bytes": 80182,
            "at": 1791419946478
          },
          {
            "elapsedMs": 0.3999999985098839,
            "bytes": 79961,
            "at": 1791419946483
          },
          {
            "elapsedMs": 0.19999999552965164,
            "bytes": 80182,
            "at": 1791419946517
          },
          {
            "elapsedMs": 0.10000000149011612,
            "bytes": 80182,
            "at": 1791419946519
          },
          {
            "elapsedMs": 0.20000000298023224,
            "bytes": 79961,
            "at": 1791419946533
          },
          {
            "elapsedMs": 0.3999999985098839,
            "bytes": 79961,
            "at": 1791419946566
          },
          {
            "elapsedMs": 0.3999999985098839,
            "bytes": 80182,
            "at": 1791419946579
          },
          {
            "elapsedMs": 0.3999999985098839,
            "bytes": 79961,
            "at": 1791419946583
          },
          {
            "elapsedMs": 0.6999999955296516,
            "bytes": 80182,
            "at": 1791419946633
          },
          {
            "elapsedMs": 0.19999999552965164,
            "bytes": 80182,
            "at": 1791419946634
          },
          {
            "elapsedMs": 0.29999999701976776,
            "bytes": 79961,
            "at": 1791419946650
          },
          {
            "elapsedMs": 0.29999999701976776,
            "bytes": 79961,
            "at": 1791419946683
          },
          {
            "elapsedMs": 0.5,
            "bytes": 80182,
            "at": 1791419946778
          },
          {
            "elapsedMs": 0.20000000298023224,
            "bytes": 79961,
            "at": 1791419946789
          },
          {
            "elapsedMs": 0.20000000298023224,
            "bytes": 80182,
            "at": 1791419946816
          },
          {
            "elapsedMs": 0.20000000298023224,
            "bytes": 80182,
            "at": 1791419946817
          },
          {
            "elapsedMs": 0.3999999985098839,
            "bytes": 79961,
            "at": 1791419946833
          },
          {
            "elapsedMs": 0.20000000298023224,
            "bytes": 79961,
            "at": 1791419946867
          },
          {
            "elapsedMs": 0.29999999701976776,
            "bytes": 80182,
            "at": 1791419946978
          },
          {
            "elapsedMs": 0.20000000298023224,
            "bytes": 79961,
            "at": 1791419946984
          },
          {
            "elapsedMs": 0.30000000447034836,
            "bytes": 80182,
            "at": 1791419947017
          },
          {
            "elapsedMs": 0.20000000298023224,
            "bytes": 80182,
            "at": 1791419947018
          },
          {
            "elapsedMs": 0.3999999985098839,
            "bytes": 79961,
            "at": 1791419947034
          },
          {
            "elapsedMs": 0.3999999985098839,
            "bytes": 79961,
            "at": 1791419947066
          },
          {
            "elapsedMs": 0.19999999552965164,
            "bytes": 80182,
            "at": 1791419947080
          },
          {
            "elapsedMs": 0.20000000298023224,
            "bytes": 79961,
            "at": 1791419947084
          },
          {
            "elapsedMs": 0.29999999701976776,
            "bytes": 80182,
            "at": 1791419947133
          },
          {
            "elapsedMs": 0.10000000149011612,
            "bytes": 80182,
            "at": 1791419947134
          },
          {
            "elapsedMs": 0.3999999985098839,
            "bytes": 79961,
            "at": 1791419947151
          },
          {
            "elapsedMs": 0.29999999701976776,
            "bytes": 79961,
            "at": 1791419947182
          },
          {
            "elapsedMs": 0.29999999701976776,
            "bytes": 80182,
            "at": 1791419947278
          },
          {
            "elapsedMs": 0.3999999985098839,
            "bytes": 79961,
            "at": 1791419947289
          },
          {
            "elapsedMs": 0.5,
            "bytes": 80182,
            "at": 1791419947316
          },
          {
            "elapsedMs": 0.19999999552965164,
            "bytes": 80182,
            "at": 1791419947317
          },
          {
            "elapsedMs": 0.29999999701976776,
            "bytes": 79961,
            "at": 1791419947333
          },
          {
            "elapsedMs": 0.3999999985098839,
            "bytes": 79961,
            "at": 1791419947367
          },
          {
            "elapsedMs": 0.6000000014901161,
            "bytes": 80182,
            "at": 1791419947380
          },
          {
            "elapsedMs": 0.30000000447034836,
            "bytes": 79961,
            "at": 1791419947384
          },
          {
            "elapsedMs": 0.5,
            "bytes": 80182,
            "at": 1791419947433
          },
          {
            "elapsedMs": 0.7000000029802322,
            "bytes": 80182,
            "at": 1791419947436
          },
          {
            "elapsedMs": 0.5,
            "bytes": 79961,
            "at": 1791419947447
          },
          {
            "elapsedMs": 0.7000000029802322,
            "bytes": 79961,
            "at": 1791419947483
          },
          {
            "elapsedMs": 0.7000000029802322,
            "bytes": 80182,
            "at": 1791419947579
          },
          {
            "elapsedMs": 0.29999999701976776,
            "bytes": 79961,
            "at": 1791419947585
          },
          {
            "elapsedMs": 0.30000000447034836,
            "bytes": 80182,
            "at": 1791419947616
          },
          {
            "elapsedMs": 0.20000000298023224,
            "bytes": 80182,
            "at": 1791419947617
          },
          {
            "elapsedMs": 1.1000000014901161,
            "bytes": 79961,
            "at": 1791419947633
          },
          {
            "elapsedMs": 0.5,
            "bytes": 79961,
            "at": 1791419947666
          },
          {
            "elapsedMs": 0.30000000447034836,
            "bytes": 80182,
            "at": 1791419947680
          },
          {
            "elapsedMs": 0.20000000298023224,
            "bytes": 79961,
            "at": 1791419947684
          },
          {
            "elapsedMs": 0.7000000029802322,
            "bytes": 80182,
            "at": 1791419947733
          },
          {
            "elapsedMs": 0.3999999985098839,
            "bytes": 80182,
            "at": 1791419947735
          },
          {
            "elapsedMs": 0.30000000447034836,
            "bytes": 79961,
            "at": 1791419947750
          },
          {
            "elapsedMs": 1.5,
            "bytes": 79961,
            "at": 1791419947784
          },
          {
            "elapsedMs": 0.7000000029802322,
            "bytes": 80182,
            "at": 1791419947879
          },
          {
            "elapsedMs": 0.3999999985098839,
            "bytes": 79961,
            "at": 1791419947884
          },
          {
            "elapsedMs": 0.3999999985098839,
            "bytes": 80182,
            "at": 1791419947916
          },
          {
            "elapsedMs": 0.5,
            "bytes": 80182,
            "at": 1791419947917
          },
          {
            "elapsedMs": 1.2999999970197678,
            "bytes": 79961,
            "at": 1791419947934
          },
          {
            "elapsedMs": 1.1000000014901161,
            "bytes": 79961,
            "at": 1791419947966
          },
          {
            "elapsedMs": 0.5,
            "bytes": 80182,
            "at": 1791419948078
          },
          {
            "elapsedMs": 1.1000000014901161,
            "bytes": 79961,
            "at": 1791419948084
          },
          {
            "elapsedMs": 0.6000000014901161,
            "bytes": 80182,
            "at": 1791419948116
          },
          {
            "elapsedMs": 0.30000000447034836,
            "bytes": 80182,
            "at": 1791419948117
          },
          {
            "elapsedMs": 0.8000000044703484,
            "bytes": 79961,
            "at": 1791419948133
          },
          {
            "elapsedMs": 0.6999999955296516,
            "bytes": 79961,
            "at": 1791419948166
          },
          {
            "elapsedMs": 0.3999999985098839,
            "bytes": 80182,
            "at": 1791419948278
          },
          {
            "elapsedMs": 0.30000000447034836,
            "bytes": 79961,
            "at": 1791419948289
          },
          {
            "elapsedMs": 0.29999999701976776,
            "bytes": 80182,
            "at": 1791419948315
          },
          {
            "elapsedMs": 0.20000000298023224,
            "bytes": 80182,
            "at": 1791419948317
          },
          {
            "elapsedMs": 0.3999999985098839,
            "bytes": 79961,
            "at": 1791419948333
          },
          {
            "elapsedMs": 0.5,
            "bytes": 79961,
            "at": 1791419948366
          },
          {
            "elapsedMs": 0.5999999940395355,
            "bytes": 80182,
            "at": 1791419948478
          },
          {
            "elapsedMs": 0.29999999701976776,
            "bytes": 79961,
            "at": 1791419948484
          },
          {
            "elapsedMs": 0.4000000059604645,
            "bytes": 80182,
            "at": 1791419948516
          },
          {
            "elapsedMs": 0.20000000298023224,
            "bytes": 80182,
            "at": 1791419948517
          },
          {
            "elapsedMs": 0.5,
            "bytes": 79961,
            "at": 1791419948534
          },
          {
            "elapsedMs": 0.4000000059604645,
            "bytes": 79961,
            "at": 1791419948566
          },
          {
            "elapsedMs": 0.6000000014901161,
            "bytes": 80182,
            "at": 1791419948679
          },
          {
            "elapsedMs": 0.6000000014901161,
            "bytes": 79961,
            "at": 1791419948686
          },
          {
            "elapsedMs": 0.6000000014901161,
            "bytes": 80182,
            "at": 1791419948716
          },
          {
            "elapsedMs": 0.3999999985098839,
            "bytes": 80182,
            "at": 1791419948718
          },
          {
            "elapsedMs": 0.4000000059604645,
            "bytes": 79961,
            "at": 1791419948731
          },
          {
            "elapsedMs": 0.5,
            "bytes": 79961,
            "at": 1791419948767
          },
          {
            "elapsedMs": 0.6000000014901161,
            "bytes": 80182,
            "at": 1791419948879
          },
          {
            "elapsedMs": 0.6000000014901161,
            "bytes": 79961,
            "at": 1791419948884
          },
          {
            "elapsedMs": 0.3999999985098839,
            "bytes": 80182,
            "at": 1791419948915
          },
          {
            "elapsedMs": 0.3999999985098839,
            "bytes": 80182,
            "at": 1791419948917
          },
          {
            "elapsedMs": 0.5,
            "bytes": 79961,
            "at": 1791419948932
          },
          {
            "elapsedMs": 0.6000000014901161,
            "bytes": 79961,
            "at": 1791419948967
          },
          {
            "elapsedMs": 0.7000000029802322,
            "bytes": 80182,
            "at": 1791419949078
          },
          {
            "elapsedMs": 0.3999999985098839,
            "bytes": 79961,
            "at": 1791419949088
          },
          {
            "elapsedMs": 0.8000000044703484,
            "bytes": 80182,
            "at": 1791419949116
          },
          {
            "elapsedMs": 0.29999999701976776,
            "bytes": 80182,
            "at": 1791419949117
          },
          {
            "elapsedMs": 0.29999999701976776,
            "bytes": 79961,
            "at": 1791419949132
          },
          {
            "elapsedMs": 0.3999999985098839,
            "bytes": 79961,
            "at": 1791419949165
          },
          {
            "elapsedMs": 0.5,
            "bytes": 80182,
            "at": 1791419949278
          },
          {
            "elapsedMs": 0.3999999985098839,
            "bytes": 79961,
            "at": 1791419949287
          },
          {
            "elapsedMs": 0.4000000059604645,
            "bytes": 80182,
            "at": 1791419949316
          },
          {
            "elapsedMs": 0.3999999985098839,
            "bytes": 80182,
            "at": 1791419949317
          },
          {
            "elapsedMs": 0.5,
            "bytes": 79961,
            "at": 1791419949332
          },
          {
            "elapsedMs": 0.3999999985098839,
            "bytes": 79961,
            "at": 1791419949366
          },
          {
            "elapsedMs": 0.6000000014901161,
            "bytes": 80182,
            "at": 1791419949479
          },
          {
            "elapsedMs": 0.29999999701976776,
            "bytes": 79961,
            "at": 1791419949484
          },
          {
            "elapsedMs": 0.3999999985098839,
            "bytes": 80182,
            "at": 1791419949516
          },
          {
            "elapsedMs": 0.3999999985098839,
            "bytes": 80182,
            "at": 1791419949517
          },
          {
            "elapsedMs": 0.29999999701976776,
            "bytes": 79961,
            "at": 1791419949532
          },
          {
            "elapsedMs": 0.5,
            "bytes": 79961,
            "at": 1791419949566
          },
          {
            "elapsedMs": 0.5,
            "bytes": 80182,
            "at": 1791419949678
          },
          {
            "elapsedMs": 0.20000000298023224,
            "bytes": 79961,
            "at": 1791419949683
          },
          {
            "elapsedMs": 0.29999999701976776,
            "bytes": 80182,
            "at": 1791419949715
          },
          {
            "elapsedMs": 0.29999999701976776,
            "bytes": 80182,
            "at": 1791419949716
          },
          {
            "elapsedMs": 0.29999999701976776,
            "bytes": 79961,
            "at": 1791419949730
          },
          {
            "elapsedMs": 0.3999999985098839,
            "bytes": 79961,
            "at": 1791419949765
          },
          {
            "elapsedMs": 0.5,
            "bytes": 80182,
            "at": 1791419949783
          },
          {
            "elapsedMs": 0.29999999701976776,
            "bytes": 79961,
            "at": 1791419949787
          },
          {
            "elapsedMs": 0.5,
            "bytes": 80182,
            "at": 1791419949832
          },
          {
            "elapsedMs": 0.30000000447034836,
            "bytes": 80182,
            "at": 1791419949834
          },
          {
            "elapsedMs": 0.4000000059604645,
            "bytes": 79961,
            "at": 1791419949849
          },
          {
            "elapsedMs": 0.29999999701976776,
            "bytes": 79961,
            "at": 1791419949882
          },
          {
            "elapsedMs": 0.5,
            "bytes": 80182,
            "at": 1791419949978
          },
          {
            "elapsedMs": 0.30000000447034836,
            "bytes": 79961,
            "at": 1791419949984
          },
          {
            "elapsedMs": 0.29999999701976776,
            "bytes": 80182,
            "at": 1791419950016
          },
          {
            "elapsedMs": 0.19999999552965164,
            "bytes": 80182,
            "at": 1791419950017
          },
          {
            "elapsedMs": 0.3999999985098839,
            "bytes": 79961,
            "at": 1791419950032
          },
          {
            "elapsedMs": 0.7999999970197678,
            "bytes": 79961,
            "at": 1791419950066
          },
          {
            "elapsedMs": 2.600000001490116,
            "bytes": 80182,
            "at": 1791419950181
          },
          {
            "elapsedMs": 0.3999999985098839,
            "bytes": 79961,
            "at": 1791419950188
          },
          {
            "elapsedMs": 0.3999999985098839,
            "bytes": 80182,
            "at": 1791419950219
          },
          {
            "elapsedMs": 0.3999999985098839,
            "bytes": 80182,
            "at": 1791419950220
          },
          {
            "elapsedMs": 0.3999999985098839,
            "bytes": 79961,
            "at": 1791419950230
          },
          {
            "elapsedMs": 0.4000000059604645,
            "bytes": 79961,
            "at": 1791419950268
          },
          {
            "elapsedMs": 0.3999999985098839,
            "bytes": 80182,
            "at": 1791419950381
          },
          {
            "elapsedMs": 0.29999999701976776,
            "bytes": 79961,
            "at": 1791419950387
          },
          {
            "elapsedMs": 0.7999999970197678,
            "bytes": 80182,
            "at": 1791419950416
          },
          {
            "elapsedMs": 0.30000000447034836,
            "bytes": 80182,
            "at": 1791419950418
          },
          {
            "elapsedMs": 0.7000000029802322,
            "bytes": 79961,
            "at": 1791419950430
          },
          {
            "elapsedMs": 0.29999999701976776,
            "bytes": 79961,
            "at": 1791419950466
          },
          {
            "elapsedMs": 0.4000000059604645,
            "bytes": 80182,
            "at": 1791419950578
          },
          {
            "elapsedMs": 0.30000000447034836,
            "bytes": 79961,
            "at": 1791419950584
          },
          {
            "elapsedMs": 0.3999999985098839,
            "bytes": 80182,
            "at": 1791419950615
          },
          {
            "elapsedMs": 0.29999999701976776,
            "bytes": 80182,
            "at": 1791419950616
          },
          {
            "elapsedMs": 0.29999999701976776,
            "bytes": 79961,
            "at": 1791419950635
          },
          {
            "elapsedMs": 0.30000000447034836,
            "bytes": 79961,
            "at": 1791419950666
          },
          {
            "elapsedMs": 0.5,
            "bytes": 80182,
            "at": 1791419950778
          },
          {
            "elapsedMs": 0.5,
            "bytes": 79961,
            "at": 1791419950785
          },
          {
            "elapsedMs": 0.5,
            "bytes": 80182,
            "at": 1791419950816
          },
          {
            "elapsedMs": 0.5,
            "bytes": 80182,
            "at": 1791419950817
          },
          {
            "elapsedMs": 0.5,
            "bytes": 79961,
            "at": 1791419950833
          },
          {
            "elapsedMs": 0.3999999985098839,
            "bytes": 79961,
            "at": 1791419950866
          },
          {
            "elapsedMs": 0.7000000029802322,
            "bytes": 80182,
            "at": 1791419950978
          },
          {
            "elapsedMs": 0.30000000447034836,
            "bytes": 79961,
            "at": 1791419950985
          },
          {
            "elapsedMs": 0.5,
            "bytes": 80182,
            "at": 1791419951017
          },
          {
            "elapsedMs": 0.5,
            "bytes": 80182,
            "at": 1791419951019
          },
          {
            "elapsedMs": 0.6000000014901161,
            "bytes": 79961,
            "at": 1791419951030
          },
          {
            "elapsedMs": 0.3999999985098839,
            "bytes": 79961,
            "at": 1791419951066
          },
          {
            "elapsedMs": 0.5,
            "bytes": 80182,
            "at": 1791419951178
          },
          {
            "elapsedMs": 0.5,
            "bytes": 79961,
            "at": 1791419951188
          },
          {
            "elapsedMs": 0.5,
            "bytes": 80182,
            "at": 1791419951215
          },
          {
            "elapsedMs": 0.4000000059604645,
            "bytes": 80182,
            "at": 1791419951217
          },
          {
            "elapsedMs": 0.5,
            "bytes": 79961,
            "at": 1791419951233
          },
          {
            "elapsedMs": 0.4000000059604645,
            "bytes": 79961,
            "at": 1791419951266
          },
          {
            "elapsedMs": 0.7000000029802322,
            "bytes": 80182,
            "at": 1791419951378
          },
          {
            "elapsedMs": 0.5999999940395355,
            "bytes": 79961,
            "at": 1791419951388
          },
          {
            "elapsedMs": 0.3999999985098839,
            "bytes": 80182,
            "at": 1791419951416
          },
          {
            "elapsedMs": 0.3999999985098839,
            "bytes": 80182,
            "at": 1791419951417
          },
          {
            "elapsedMs": 0.5,
            "bytes": 79961,
            "at": 1791419951433
          },
          {
            "elapsedMs": 0.5,
            "bytes": 79961,
            "at": 1791419951466
          },
          {
            "elapsedMs": 0.6000000014901161,
            "bytes": 80182,
            "at": 1791419951579
          },
          {
            "elapsedMs": 0.4000000059604645,
            "bytes": 79961,
            "at": 1791419951583
          },
          {
            "elapsedMs": 0.5,
            "bytes": 80182,
            "at": 1791419951632
          },
          {
            "elapsedMs": 0.5,
            "bytes": 80182,
            "at": 1791419951634
          },
          {
            "elapsedMs": 0.5,
            "bytes": 79961,
            "at": 1791419951648
          },
          {
            "elapsedMs": 0.5,
            "bytes": 79961,
            "at": 1791419951682
          },
          {
            "elapsedMs": 0.6999999955296516,
            "bytes": 80182,
            "at": 1791419951778
          },
          {
            "elapsedMs": 0.3999999985098839,
            "bytes": 79961,
            "at": 1791419951789
          },
          {
            "elapsedMs": 0.5,
            "bytes": 80182,
            "at": 1791419951816
          },
          {
            "elapsedMs": 0.3999999985098839,
            "bytes": 80182,
            "at": 1791419951818
          },
          {
            "elapsedMs": 0.5,
            "bytes": 79961,
            "at": 1791419951833
          },
          {
            "elapsedMs": 0.29999999701976776,
            "bytes": 79961,
            "at": 1791419951865
          },
          {
            "elapsedMs": 0.3999999985098839,
            "bytes": 80182,
            "at": 1791419951978
          },
          {
            "elapsedMs": 0.29999999701976776,
            "bytes": 79961,
            "at": 1791419951984
          },
          {
            "elapsedMs": 0.29999999701976776,
            "bytes": 80182,
            "at": 1791419952016
          },
          {
            "elapsedMs": 0.30000000447034836,
            "bytes": 80182,
            "at": 1791419952017
          },
          {
            "elapsedMs": 0.29999999701976776,
            "bytes": 79961,
            "at": 1791419952033
          },
          {
            "elapsedMs": 0.20000000298023224,
            "bytes": 79961,
            "at": 1791419952066
          },
          {
            "elapsedMs": 0.5,
            "bytes": 80182,
            "at": 1791419952178
          },
          {
            "elapsedMs": 0.3999999985098839,
            "bytes": 79961,
            "at": 1791419952184
          },
          {
            "elapsedMs": 0.20000000298023224,
            "bytes": 80182,
            "at": 1791419952216
          },
          {
            "elapsedMs": 0.30000000447034836,
            "bytes": 80182,
            "at": 1791419952217
          },
          {
            "elapsedMs": 0.3999999985098839,
            "bytes": 79961,
            "at": 1791419952231
          },
          {
            "elapsedMs": 0.30000000447034836,
            "bytes": 79961,
            "at": 1791419952268
          },
          {
            "elapsedMs": 0.5,
            "bytes": 80182,
            "at": 1791419952378
          },
          {
            "elapsedMs": 0.29999999701976776,
            "bytes": 79961,
            "at": 1791419952388
          },
          {
            "elapsedMs": 0.3999999985098839,
            "bytes": 80182,
            "at": 1791419952416
          },
          {
            "elapsedMs": 0.3999999985098839,
            "bytes": 80182,
            "at": 1791419952417
          },
          {
            "elapsedMs": 0.30000000447034836,
            "bytes": 79961,
            "at": 1791419952432
          },
          {
            "elapsedMs": 0.3999999985098839,
            "bytes": 79961,
            "at": 1791419952467
          },
          {
            "elapsedMs": 0.30000000447034836,
            "bytes": 80182,
            "at": 1791419952579
          },
          {
            "elapsedMs": 0.29999999701976776,
            "bytes": 79961,
            "at": 1791419952582
          },
          {
            "elapsedMs": 0.19999999552965164,
            "bytes": 80182,
            "at": 1791419952632
          },
          {
            "elapsedMs": 0.3999999985098839,
            "bytes": 80182,
            "at": 1791419952634
          },
          {
            "elapsedMs": 0.29999999701976776,
            "bytes": 79961,
            "at": 1791419952650
          },
          {
            "elapsedMs": 0.29999999701976776,
            "bytes": 79961,
            "at": 1791419952682
          },
          {
            "elapsedMs": 0.3999999985098839,
            "bytes": 80182,
            "at": 1791419952778
          },
          {
            "elapsedMs": 0.19999999552965164,
            "bytes": 79961,
            "at": 1791419952791
          },
          {
            "elapsedMs": 0.29999999701976776,
            "bytes": 80182,
            "at": 1791419952816
          },
          {
            "elapsedMs": 0.29999999701976776,
            "bytes": 80182,
            "at": 1791419952817
          },
          {
            "elapsedMs": 0.5,
            "bytes": 79961,
            "at": 1791419952832
          },
          {
            "elapsedMs": 0.19999999552965164,
            "bytes": 79961,
            "at": 1791419952865
          },
          {
            "elapsedMs": 0.4000000059604645,
            "bytes": 80182,
            "at": 1791419952979
          },
          {
            "elapsedMs": 0.30000000447034836,
            "bytes": 79961,
            "at": 1791419952983
          },
          {
            "elapsedMs": 0.3999999985098839,
            "bytes": 80182,
            "at": 1791419953032
          },
          {
            "elapsedMs": 0.4000000059604645,
            "bytes": 80182,
            "at": 1791419953034
          },
          {
            "elapsedMs": 0.29999999701976776,
            "bytes": 79961,
            "at": 1791419953048
          },
          {
            "elapsedMs": 0.20000000298023224,
            "bytes": 79961,
            "at": 1791419953083
          },
          {
            "elapsedMs": 0.3999999985098839,
            "bytes": 80184,
            "at": 1791419953178
          },
          {
            "elapsedMs": 0.20000000298023224,
            "bytes": 79962,
            "at": 1791419953187
          },
          {
            "elapsedMs": 0.3999999985098839,
            "bytes": 80185,
            "at": 1791419953216
          },
          {
            "elapsedMs": 0.29999999701976776,
            "bytes": 80185,
            "at": 1791419953217
          },
          {
            "elapsedMs": 0.3999999985098839,
            "bytes": 79962,
            "at": 1791419953234
          },
          {
            "elapsedMs": 0.29999999701976776,
            "bytes": 79962,
            "at": 1791419953268
          },
          {
            "elapsedMs": 0.29999999701976776,
            "bytes": 80185,
            "at": 1791419953379
          },
          {
            "elapsedMs": 0.3999999985098839,
            "bytes": 79962,
            "at": 1791419953383
          },
          {
            "elapsedMs": 0.30000000447034836,
            "bytes": 80185,
            "at": 1791419953433
          },
          {
            "elapsedMs": 0.3999999985098839,
            "bytes": 80185,
            "at": 1791419953434
          },
          {
            "elapsedMs": 0.29999999701976776,
            "bytes": 79962,
            "at": 1791419953449
          },
          {
            "elapsedMs": 0.20000000298023224,
            "bytes": 79962,
            "at": 1791419953482
          },
          {
            "elapsedMs": 0.3999999985098839,
            "bytes": 80185,
            "at": 1791419953578
          },
          {
            "elapsedMs": 0.20000000298023224,
            "bytes": 79962,
            "at": 1791419953582
          },
          {
            "elapsedMs": 0.4000000059604645,
            "bytes": 80185,
            "at": 1791419953632
          },
          {
            "elapsedMs": 0.3999999985098839,
            "bytes": 80185,
            "at": 1791419953633
          },
          {
            "elapsedMs": 0.29999999701976776,
            "bytes": 79962,
            "at": 1791419953647
          },
          {
            "elapsedMs": 0.20000000298023224,
            "bytes": 79962,
            "at": 1791419953682
          },
          {
            "elapsedMs": 0.3999999985098839,
            "bytes": 80185,
            "at": 1791419953779
          },
          {
            "elapsedMs": 0.30000000447034836,
            "bytes": 79962,
            "at": 1791419953784
          },
          {
            "elapsedMs": 0.29999999701976776,
            "bytes": 80243,
            "at": 1791419953832
          },
          {
            "elapsedMs": 0.3999999985098839,
            "bytes": 80243,
            "at": 1791419953833
          },
          {
            "elapsedMs": 0.3999999985098839,
            "bytes": 80020,
            "at": 1791419953848
          },
          {
            "elapsedMs": 0.29999999701976776,
            "bytes": 80020,
            "at": 1791419953882
          },
          {
            "elapsedMs": 0.29999999701976776,
            "bytes": 80243,
            "at": 1791419953978
          },
          {
            "elapsedMs": 0.30000000447034836,
            "bytes": 80020,
            "at": 1791419953984
          },
          {
            "elapsedMs": 0.5999999940395355,
            "bytes": 80243,
            "at": 1791419954033
          },
          {
            "elapsedMs": 0.5,
            "bytes": 80243,
            "at": 1791419954034
          },
          {
            "elapsedMs": 0.6000000014901161,
            "bytes": 80020,
            "at": 1791419954052
          },
          {
            "elapsedMs": 0.3999999985098839,
            "bytes": 80020,
            "at": 1791419954082
          },
          {
            "elapsedMs": 0.3999999985098839,
            "bytes": 80251,
            "at": 1791419954179
          },
          {
            "elapsedMs": 0.20000000298023224,
            "bytes": 80028,
            "at": 1791419954185
          },
          {
            "elapsedMs": 0.4000000059604645,
            "bytes": 80251,
            "at": 1791419954232
          },
          {
            "elapsedMs": 0.29999999701976776,
            "bytes": 80251,
            "at": 1791419954233
          },
          {
            "elapsedMs": 0.29999999701976776,
            "bytes": 80028,
            "at": 1791419954251
          },
          {
            "elapsedMs": 0.29999999701976776,
            "bytes": 80028,
            "at": 1791419954282
          },
          {
            "elapsedMs": 0.3999999985098839,
            "bytes": 80251,
            "at": 1791419954378
          },
          {
            "elapsedMs": 0.29999999701976776,
            "bytes": 80028,
            "at": 1791419954384
          },
          {
            "elapsedMs": 0.3999999985098839,
            "bytes": 80251,
            "at": 1791419954432
          },
          {
            "elapsedMs": 0.6000000014901161,
            "bytes": 80251,
            "at": 1791419954434
          },
          {
            "elapsedMs": 0.5,
            "bytes": 80028,
            "at": 1791419954449
          },
          {
            "elapsedMs": 0.30000000447034836,
            "bytes": 80028,
            "at": 1791419954482
          },
          {
            "elapsedMs": 0.29999999701976776,
            "bytes": 80255,
            "at": 1791419954578
          },
          {
            "elapsedMs": 0.30000000447034836,
            "bytes": 80032,
            "at": 1791419954588
          },
          {
            "elapsedMs": 0.3999999985098839,
            "bytes": 80255,
            "at": 1791419954634
          },
          {
            "elapsedMs": 0.5,
            "bytes": 80255,
            "at": 1791419954635
          },
          {
            "elapsedMs": 0.29999999701976776,
            "bytes": 80032,
            "at": 1791419954647
          },
          {
            "elapsedMs": 0.29999999701976776,
            "bytes": 80032,
            "at": 1791419954682
          },
          {
            "elapsedMs": 0.29999999701976776,
            "bytes": 80259,
            "at": 1791419954778
          },
          {
            "elapsedMs": 0.29999999701976776,
            "bytes": 80036,
            "at": 1791419954783
          },
          {
            "elapsedMs": 0.4000000059604645,
            "bytes": 80258,
            "at": 1791419954832
          },
          {
            "elapsedMs": 0.20000000298023224,
            "bytes": 80258,
            "at": 1791419954833
          },
          {
            "elapsedMs": 0.4000000059604645,
            "bytes": 80035,
            "at": 1791419954848
          }
        ],
        "storageErrors": [],
        "unhandledRejections": []
      },
      "pageErrors": 0,
      "consoleErrors": 0,
      "requestFailures": 0,
      "httpFailures": 0
    }
  ],
  "nextCheckpointMonotonic": 56026.660187511,
  "lastCheckpoint": {
    "atUTC": "2026-10-08T00:39:14.899427+00:00",
    "elapsedRealSeconds": 20.75,
    "reason": "final",
    "browser": {
      "utc": "2026-10-08T00:39:14.850Z",
      "url": "http://127.0.0.1:45095/",
      "viewport": {
        "width": 1280,
        "height": 900
      },
      "worldClock": "第 1 年 春 1 日\n17:31",
      "visibleText": "≈\n≈\n≈\n≈\n≈\n≈\n≈\n≈\n≈\n≈\n≈\n≈\n≈\n≈\n≈\n≈\n≈\n≈\n≈\n░\n░\n░\n░\n░\n≈\n♣\n🌲\n♣\n♣\n♣\n♣\n♣\n♣\n🌲\n♣\n♣\n♣\n│\n♣\n♣\n🌲\n♣\n▲\n░\n░\n░\n░\n░\n≈\n♣\n♣\n♣\n🌲\n♣\n♣\n♣\n♣\n♣\n♣\n🌲\n♣\n│\n♣\n♣\n♣\n♣\n▲\n░\n░\n░\n░\n░\n≈\n♣\n♣\n♣\n♣\n♣\n🌲\n♣\n🐺\n♣\n♣\n♣\n♣\n│\n♣\n♣\n♣\n♣\n▲\n░\n░\n░\n░\n░\n≈\n🌲\n♣\n♣\n♣\n♣\n♣\n♣\n🌲\n♣\n🪓\n4\n♣\n♣\n│\n♣\n🌲\n♣\n♣\n▲\n░\n░\n░\n░\n░\n≈\n♣\n♣\n🌲\n♣\n♣\n♣\n♣\n♣\n♣\n🌲\n♣\n⛏️\n4\n│\n♣\n♣\n♣\n🌲\n▲\n▲\n▲\n▲\n▲\n≈\n≈\n♣\n♣\n♣\n♣\n🌲\n♣\n♣\n♣\n♣\n♣\n♣\n🌲\n│\n♣\n♣\n♣\n♣\n▲\n▲\n▲\n▲\n▲\n≈\n≈\n─\n─\n─\n─\n─\n─\n─\n─\n─\n🛡️\n4\n─\n─\n┼\n─\n─\n─\n─\n─\n─\n─\n─\n─\n≈\n≈\n·\n·\n·\n·\n·\n·\n·\n·\n·\n🏪\n雜貨店\n4\n·\n·\n│\n≋\n≋\n≋\n≋\n▲\n▲\n▲\n▲\n▲\n≈\n≈\n·\n·\n·\n🏠\n·\n·\n🙂\n家\n·\n·\n🧺\n4\n·\n·\n│\n≋\n≋\n≋\n≋\n≋\n≋\n≋\n≋\n≋\n≈\n≈\n─\n─\n─\n─\n─\n─\n─\n─\n─\n─\n─\n─\n👨‍🌾\n5\n≋\n≋\n≋\n農田\n≋\n≋\n≋\n≋\n≋\n≋\n≈\n≈\n·\n·\n·\n·\n·\n·\n🛏️\n旅店\n·\n·\n⚔️\n4\n·\n·\n│\n≋\n≋\n≋\n≋\n≋\n≋\n≋\n≋\n≋\n≈\n≈\n·\n·\n·\n·\n🏠\n·\n·\n·\n·\n·\n·\n·\n│\n≋\n≋\n≋\n≋\n≋\n≋\n≋\n≋\n≋\n≈\n≈\n·\n·\n·\n·\n·\n·\n·\n·\n·\n·\n·\n·\n│\n≋\n≋\n≋\n≋\n≋\n≋\n≋\n≋\n≋\n≈\n≈\n·\n·\n·\n·\n·\n·\n·\n·\n·\n·\n·\n·\n│\n≋\n≋\n≋\n≋\n≋\n≋\n≋\n≋\n≋\n≈\n≈\n≈\n≈\n≈\n≈\n≈\n≈\n≈\n≈\n≈\n≈\n≈\n≈\n≈\n≈\n≈\n≈\n≈\n≈\n≈\n≈\n≈\n≈\n≈\n北方森林\n橡谷 · 小聚落\n東方農田\n未知之地",
      "openDialogs": [],
      "localStorageBytes": 80035,
      "save": {
        "worldTime": 1051,
        "historyCount": 1,
        "eventCount": 1,
        "journalPending": 0,
        "crisisPhase": "dormant",
        "crisisSequence": 0,
        "storageKeyPresent": true
      },
      "indexedDB": [
        {
          "name": "oakvale-play-journal",
          "counts": {
            "records": 206
          }
        }
      ]
    },
    "cdp": {
      "Memory.getDOMCounters": {
        "documents": 1,
        "nodes": 2162,
        "jsEventListeners": 452
      },
      "Runtime.getHeapUsage": {
        "usedSize": 13041004,
        "totalSize": 39747584,
        "embedderHeapUsedSize": 5910832,
        "backingStorageSize": 1047773
      },
      "Performance.getMetrics": {
        "metrics": [
          {
            "name": "Timestamp",
            "value": 55966.663766
          },
          {
            "name": "AudioHandlers",
            "value": 0
          },
          {
            "name": "AudioWorkletProcessors",
            "value": 0
          },
          {
            "name": "Documents",
            "value": 1
          },
          {
            "name": "Frames",
            "value": 1
          },
          {
            "name": "JSEventListeners",
            "value": 452
          },
          {
            "name": "LayoutObjects",
            "value": 1349
          },
          {
            "name": "MediaKeySessions",
            "value": 0
          },
          {
            "name": "MediaKeys",
            "value": 0
          },
          {
            "name": "Nodes",
            "value": 2162
          },
          {
            "name": "Resources",
            "value": 2
          },
          {
            "name": "ContextLifecycleStateObservers",
            "value": 7
          },
          {
            "name": "V8PerContextDatas",
            "value": 2
          },
          {
            "name": "WorkerGlobalScopes",
            "value": 0
          },
          {
            "name": "UACSSResources",
            "value": 0
          },
          {
            "name": "RTCPeerConnections",
            "value": 0
          },
          {
            "name": "ResourceFetchers",
            "value": 1
          },
          {
            "name": "AdSubframes",
            "value": 0
          },
          {
            "name": "DetachedScriptStates",
            "value": 0
          },
          {
            "name": "ArrayBufferContents",
            "value": 9
          },
          {
            "name": "LayoutCount",
            "value": 294
          },
          {
            "name": "RecalcStyleCount",
            "value": 1072
          },
          {
            "name": "LayoutDuration",
            "value": 0.115023
          },
          {
            "name": "RecalcStyleDuration",
            "value": 0.099227
          },
          {
            "name": "DevToolsCommandDuration",
            "value": 1.297119
          },
          {
            "name": "ScriptDuration",
            "value": 0.728388
          },
          {
            "name": "V8CompileDuration",
            "value": 0
          },
          {
            "name": "TaskDuration",
            "value": 3.961544
          },
          {
            "name": "TaskOtherDuration",
            "value": 1.721787
          },
          {
            "name": "ThreadTime",
            "value": 3.938189
          },
          {
            "name": "ProcessTime",
            "value": 5.83
          },
          {
            "name": "JSHeapUsedSize",
            "value": 13041020
          },
          {
            "name": "JSHeapTotalSize",
            "value": 39747584
          },
          {
            "name": "FirstMeaningfulPaint",
            "value": 55948.622092
          },
          {
            "name": "DomContentLoaded",
            "value": 55948.60737
          },
          {
            "name": "NavigationStart",
            "value": 55948.54617
          }
        ]
      }
    },
    "saveLatency": {
      "writes": [
        {
          "elapsedMs": 0.5,
          "bytes": 79961,
          "at": 1791419936817
        },
        {
          "elapsedMs": 0.3999999985098839,
          "bytes": 79961,
          "at": 1791419937184
        },
        {
          "elapsedMs": 0.10000000149011612,
          "bytes": 80182,
          "at": 1791419937278
        },
        {
          "elapsedMs": 0.20000000298023224,
          "bytes": 79961,
          "at": 1791419937290
        },
        {
          "elapsedMs": 0.10000000149011612,
          "bytes": 80182,
          "at": 1791419937317
        },
        {
          "elapsedMs": 0.20000000298023224,
          "bytes": 80182,
          "at": 1791419937318
        },
        {
          "elapsedMs": 0.10000000149011612,
          "bytes": 79961,
          "at": 1791419937334
        },
        {
          "elapsedMs": 0.09999999403953552,
          "bytes": 79961,
          "at": 1791419937367
        },
        {
          "elapsedMs": 0.20000000298023224,
          "bytes": 80182,
          "at": 1791419937478
        },
        {
          "elapsedMs": 0.5,
          "bytes": 79961,
          "at": 1791419937489
        },
        {
          "elapsedMs": 0,
          "bytes": 80182,
          "at": 1791419937516
        },
        {
          "elapsedMs": 0.19999999552965164,
          "bytes": 80182,
          "at": 1791419937517
        },
        {
          "elapsedMs": 0.19999999552965164,
          "bytes": 79961,
          "at": 1791419937534
        },
        {
          "elapsedMs": 0.20000000298023224,
          "bytes": 79961,
          "at": 1791419937566
        },
        {
          "elapsedMs": 0.20000000298023224,
          "bytes": 80182,
          "at": 1791419937680
        },
        {
          "elapsedMs": 0.20000000298023224,
          "bytes": 79961,
          "at": 1791419937686
        },
        {
          "elapsedMs": 0.09999999403953552,
          "bytes": 80182,
          "at": 1791419937734
        },
        {
          "elapsedMs": 0.20000000298023224,
          "bytes": 80182,
          "at": 1791419937735
        },
        {
          "elapsedMs": 0.10000000149011612,
          "bytes": 79961,
          "at": 1791419937748
        },
        {
          "elapsedMs": 0.10000000149011612,
          "bytes": 79961,
          "at": 1791419937783
        },
        {
          "elapsedMs": 0.30000000447034836,
          "bytes": 80182,
          "at": 1791419937878
        },
        {
          "elapsedMs": 0.10000000149011612,
          "bytes": 79961,
          "at": 1791419937885
        },
        {
          "elapsedMs": 0.10000000149011612,
          "bytes": 80182,
          "at": 1791419937917
        },
        {
          "elapsedMs": 0.20000000298023224,
          "bytes": 80182,
          "at": 1791419937918
        },
        {
          "elapsedMs": 0.19999999552965164,
          "bytes": 79961,
          "at": 1791419937930
        },
        {
          "elapsedMs": 0.19999999552965164,
          "bytes": 79961,
          "at": 1791419937966
        },
        {
          "elapsedMs": 0.20000000298023224,
          "bytes": 80182,
          "at": 1791419938078
        },
        {
          "elapsedMs": 0.20000000298023224,
          "bytes": 79961,
          "at": 1791419938084
        },
        {
          "elapsedMs": 0.10000000149011612,
          "bytes": 80182,
          "at": 1791419938116
        },
        {
          "elapsedMs": 0.29999999701976776,
          "bytes": 80182,
          "at": 1791419938117
        },
        {
          "elapsedMs": 0.20000000298023224,
          "bytes": 79961,
          "at": 1791419938132
        },
        {
          "elapsedMs": 0.19999999552965164,
          "bytes": 79961,
          "at": 1791419938166
        },
        {
          "elapsedMs": 0.29999999701976776,
          "bytes": 80182,
          "at": 1791419938278
        },
        {
          "elapsedMs": 0.29999999701976776,
          "bytes": 79961,
          "at": 1791419938283
        },
        {
          "elapsedMs": 0.10000000149011612,
          "bytes": 80182,
          "at": 1791419938315
        },
        {
          "elapsedMs": 0.19999999552965164,
          "bytes": 80182,
          "at": 1791419938316
        },
        {
          "elapsedMs": 0.30000000447034836,
          "bytes": 79961,
          "at": 1791419938332
        },
        {
          "elapsedMs": 0.30000000447034836,
          "bytes": 79961,
          "at": 1791419938366
        },
        {
          "elapsedMs": 0.29999999701976776,
          "bytes": 80182,
          "at": 1791419938478
        },
        {
          "elapsedMs": 0.29999999701976776,
          "bytes": 79961,
          "at": 1791419938484
        },
        {
          "elapsedMs": 0.29999999701976776,
          "bytes": 80182,
          "at": 1791419938516
        },
        {
          "elapsedMs": 0.20000000298023224,
          "bytes": 80182,
          "at": 1791419938517
        },
        {
          "elapsedMs": 0.20000000298023224,
          "bytes": 79961,
          "at": 1791419938532
        },
        {
          "elapsedMs": 0.20000000298023224,
          "bytes": 79961,
          "at": 1791419938566
        },
        {
          "elapsedMs": 0.19999999552965164,
          "bytes": 80182,
          "at": 1791419938678
        },
        {
          "elapsedMs": 0.19999999552965164,
          "bytes": 79961,
          "at": 1791419938683
        },
        {
          "elapsedMs": 0.29999999701976776,
          "bytes": 80182,
          "at": 1791419938718
        },
        {
          "elapsedMs": 0.30000000447034836,
          "bytes": 80182,
          "at": 1791419938719
        },
        {
          "elapsedMs": 0.19999999552965164,
          "bytes": 79961,
          "at": 1791419938731
        },
        {
          "elapsedMs": 0.29999999701976776,
          "bytes": 79961,
          "at": 1791419938767
        },
        {
          "elapsedMs": 0.19999999552965164,
          "bytes": 80182,
          "at": 1791419938878
        },
        {
          "elapsedMs": 0.5,
          "bytes": 79961,
          "at": 1791419938888
        },
        {
          "elapsedMs": 0.19999999552965164,
          "bytes": 80182,
          "at": 1791419938919
        },
        {
          "elapsedMs": 0.10000000149011612,
          "bytes": 80182,
          "at": 1791419938920
        },
        {
          "elapsedMs": 0.29999999701976776,
          "bytes": 79961,
          "at": 1791419938931
        },
        {
          "elapsedMs": 0.20000000298023224,
          "bytes": 79961,
          "at": 1791419938965
        },
        {
          "elapsedMs": 0.10000000149011612,
          "bytes": 80182,
          "at": 1791419939078
        },
        {
          "elapsedMs": 0.10000000149011612,
          "bytes": 79961,
          "at": 1791419939086
        },
        {
          "elapsedMs": 0.20000000298023224,
          "bytes": 80182,
          "at": 1791419939116
        },
        {
          "elapsedMs": 0.20000000298023224,
          "bytes": 80182,
          "at": 1791419939117
        },
        {
          "elapsedMs": 0.19999999552965164,
          "bytes": 79961,
          "at": 1791419939133
        },
        {
          "elapsedMs": 0.19999999552965164,
          "bytes": 79961,
          "at": 1791419939167
        },
        {
          "elapsedMs": 0.30000000447034836,
          "bytes": 80182,
          "at": 1791419939278
        },
        {
          "elapsedMs": 0.20000000298023224,
          "bytes": 79961,
          "at": 1791419939284
        },
        {
          "elapsedMs": 0.29999999701976776,
          "bytes": 80182,
          "at": 1791419939316
        },
        {
          "elapsedMs": 0.19999999552965164,
          "bytes": 80182,
          "at": 1791419939317
        },
        {
          "elapsedMs": 0.30000000447034836,
          "bytes": 79961,
          "at": 1791419939334
        },
        {
          "elapsedMs": 0.19999999552965164,
          "bytes": 79961,
          "at": 1791419939367
        },
        {
          "elapsedMs": 0.20000000298023224,
          "bytes": 80182,
          "at": 1791419939478
        },
        {
          "elapsedMs": 0.20000000298023224,
          "bytes": 79961,
          "at": 1791419939485
        },
        {
          "elapsedMs": 0.10000000149011612,
          "bytes": 80182,
          "at": 1791419939516
        },
        {
          "elapsedMs": 0.20000000298023224,
          "bytes": 80182,
          "at": 1791419939517
        },
        {
          "elapsedMs": 0.19999999552965164,
          "bytes": 79961,
          "at": 1791419939533
        },
        {
          "elapsedMs": 0.19999999552965164,
          "bytes": 79961,
          "at": 1791419939566
        },
        {
          "elapsedMs": 0.19999999552965164,
          "bytes": 80182,
          "at": 1791419939678
        },
        {
          "elapsedMs": 0.29999999701976776,
          "bytes": 79961,
          "at": 1791419939683
        },
        {
          "elapsedMs": 0.10000000149011612,
          "bytes": 80182,
          "at": 1791419939716
        },
        {
          "elapsedMs": 0.20000000298023224,
          "bytes": 80182,
          "at": 1791419939716
        },
        {
          "elapsedMs": 0.19999999552965164,
          "bytes": 79961,
          "at": 1791419939731
        },
        {
          "elapsedMs": 0.10000000149011612,
          "bytes": 79961,
          "at": 1791419939768
        },
        {
          "elapsedMs": 0.10000000149011612,
          "bytes": 80182,
          "at": 1791419939878
        },
        {
          "elapsedMs": 0.30000000447034836,
          "bytes": 79961,
          "at": 1791419939884
        },
        {
          "elapsedMs": 0.10000000149011612,
          "bytes": 80182,
          "at": 1791419939917
        },
        {
          "elapsedMs": 0.19999999552965164,
          "bytes": 80182,
          "at": 1791419939918
        },
        {
          "elapsedMs": 0.30000000447034836,
          "bytes": 79961,
          "at": 1791419939934
        },
        {
          "elapsedMs": 0.20000000298023224,
          "bytes": 79961,
          "at": 1791419939967
        },
        {
          "elapsedMs": 0.20000000298023224,
          "bytes": 80182,
          "at": 1791419939980
        },
        {
          "elapsedMs": 0.10000000149011612,
          "bytes": 79961,
          "at": 1791419939984
        },
        {
          "elapsedMs": 0.3999999985098839,
          "bytes": 80182,
          "at": 1791419940034
        },
        {
          "elapsedMs": 0.20000000298023224,
          "bytes": 80182,
          "at": 1791419940035
        },
        {
          "elapsedMs": 0.19999999552965164,
          "bytes": 79961,
          "at": 1791419940050
        },
        {
          "elapsedMs": 0.20000000298023224,
          "bytes": 79961,
          "at": 1791419940083
        },
        {
          "elapsedMs": 0.20000000298023224,
          "bytes": 80182,
          "at": 1791419940178
        },
        {
          "elapsedMs": 0.19999999552965164,
          "bytes": 79961,
          "at": 1791419940183
        },
        {
          "elapsedMs": 0.5,
          "bytes": 80182,
          "at": 1791419940218
        },
        {
          "elapsedMs": 0.10000000149011612,
          "bytes": 80182,
          "at": 1791419940219
        },
        {
          "elapsedMs": 0,
          "bytes": 79961,
          "at": 1791419940230
        },
        {
          "elapsedMs": 0.20000000298023224,
          "bytes": 79961,
          "at": 1791419940267
        },
        {
          "elapsedMs": 0.30000000447034836,
          "bytes": 80182,
          "at": 1791419940378
        },
        {
          "elapsedMs": 0.29999999701976776,
          "bytes": 79961,
          "at": 1791419940385
        },
        {
          "elapsedMs": 0.19999999552965164,
          "bytes": 80182,
          "at": 1791419940420
        },
        {
          "elapsedMs": 0.10000000149011612,
          "bytes": 80182,
          "at": 1791419940421
        },
        {
          "elapsedMs": 0.19999999552965164,
          "bytes": 79961,
          "at": 1791419940432
        },
        {
          "elapsedMs": 0.10000000149011612,
          "bytes": 79961,
          "at": 1791419940470
        },
        {
          "elapsedMs": 0.20000000298023224,
          "bytes": 80182,
          "at": 1791419940578
        },
        {
          "elapsedMs": 0.19999999552965164,
          "bytes": 79961,
          "at": 1791419940586
        },
        {
          "elapsedMs": 0,
          "bytes": 80182,
          "at": 1791419940620
        },
        {
          "elapsedMs": 0.19999999552965164,
          "bytes": 80182,
          "at": 1791419940621
        },
        {
          "elapsedMs": 0.30000000447034836,
          "bytes": 79961,
          "at": 1791419940631
        },
        {
          "elapsedMs": 0.6000000014901161,
          "bytes": 79961,
          "at": 1791419940671
        },
        {
          "elapsedMs": 2.6999999955296516,
          "bytes": 80182,
          "at": 1791419940781
        },
        {
          "elapsedMs": 0.29999999701976776,
          "bytes": 79961,
          "at": 1791419940792
        },
        {
          "elapsedMs": 0.5,
          "bytes": 80182,
          "at": 1791419940819
        },
        {
          "elapsedMs": 0.10000000149011612,
          "bytes": 80182,
          "at": 1791419940820
        },
        {
          "elapsedMs": 0.3999999985098839,
          "bytes": 79961,
          "at": 1791419940835
        },
        {
          "elapsedMs": 0.29999999701976776,
          "bytes": 79961,
          "at": 1791419940869
        },
        {
          "elapsedMs": 0.09999999403953552,
          "bytes": 80182,
          "at": 1791419940879
        },
        {
          "elapsedMs": 0.19999999552965164,
          "bytes": 79961,
          "at": 1791419940883
        },
        {
          "elapsedMs": 0.6000000014901161,
          "bytes": 80182,
          "at": 1791419940944
        },
        {
          "elapsedMs": 0.19999999552965164,
          "bytes": 80182,
          "at": 1791419940945
        },
        {
          "elapsedMs": 0.10000000149011612,
          "bytes": 79961,
          "at": 1791419940951
        },
        {
          "elapsedMs": 0.29999999701976776,
          "bytes": 79961,
          "at": 1791419941003
        },
        {
          "elapsedMs": 0.5,
          "bytes": 80182,
          "at": 1791419941078
        },
        {
          "elapsedMs": 0.5,
          "bytes": 79961,
          "at": 1791419941090
        },
        {
          "elapsedMs": 0.29999999701976776,
          "bytes": 80182,
          "at": 1791419941116
        },
        {
          "elapsedMs": 0.3999999985098839,
          "bytes": 80182,
          "at": 1791419941117
        },
        {
          "elapsedMs": 0.3999999985098839,
          "bytes": 79961,
          "at": 1791419941136
        },
        {
          "elapsedMs": 0.29999999701976776,
          "bytes": 79961,
          "at": 1791419941167
        },
        {
          "elapsedMs": 0.29999999701976776,
          "bytes": 80182,
          "at": 1791419941180
        },
        {
          "elapsedMs": 0.5,
          "bytes": 79961,
          "at": 1791419941184
        },
        {
          "elapsedMs": 2.3000000044703484,
          "bytes": 80182,
          "at": 1791419941236
        },
        {
          "elapsedMs": 0.10000000149011612,
          "bytes": 80182,
          "at": 1791419941237
        },
        {
          "elapsedMs": 0.7000000029802322,
          "bytes": 79961,
          "at": 1791419941250
        },
        {
          "elapsedMs": 0.5,
          "bytes": 79961,
          "at": 1791419941283
        },
        {
          "elapsedMs": 0.5,
          "bytes": 80182,
          "at": 1791419941378
        },
        {
          "elapsedMs": 0.5,
          "bytes": 79961,
          "at": 1791419941386
        },
        {
          "elapsedMs": 0.3999999985098839,
          "bytes": 80182,
          "at": 1791419941420
        },
        {
          "elapsedMs": 0.30000000447034836,
          "bytes": 80182,
          "at": 1791419941421
        },
        {
          "elapsedMs": 0.4000000059604645,
          "bytes": 79961,
          "at": 1791419941431
        },
        {
          "elapsedMs": 0.3999999985098839,
          "bytes": 79961,
          "at": 1791419941468
        },
        {
          "elapsedMs": 0.5,
          "bytes": 80182,
          "at": 1791419941480
        },
        {
          "elapsedMs": 0.29999999701976776,
          "bytes": 79961,
          "at": 1791419941484
        },
        {
          "elapsedMs": 0.29999999701976776,
          "bytes": 80182,
          "at": 1791419941533
        },
        {
          "elapsedMs": 0.20000000298023224,
          "bytes": 80182,
          "at": 1791419941534
        },
        {
          "elapsedMs": 0.20000000298023224,
          "bytes": 79961,
          "at": 1791419941549
        },
        {
          "elapsedMs": 0.29999999701976776,
          "bytes": 79961,
          "at": 1791419941587
        },
        {
          "elapsedMs": 0.29999999701976776,
          "bytes": 80182,
          "at": 1791419941678
        },
        {
          "elapsedMs": 0.29999999701976776,
          "bytes": 79961,
          "at": 1791419941685
        },
        {
          "elapsedMs": 0.10000000149011612,
          "bytes": 80182,
          "at": 1791419941718
        },
        {
          "elapsedMs": 0.30000000447034836,
          "bytes": 80182,
          "at": 1791419941719
        },
        {
          "elapsedMs": 0.20000000298023224,
          "bytes": 79961,
          "at": 1791419941732
        },
        {
          "elapsedMs": 0.4000000059604645,
          "bytes": 79961,
          "at": 1791419941768
        },
        {
          "elapsedMs": 0.29999999701976776,
          "bytes": 80182,
          "at": 1791419941782
        },
        {
          "elapsedMs": 0.20000000298023224,
          "bytes": 79961,
          "at": 1791419941786
        },
        {
          "elapsedMs": 0.20000000298023224,
          "bytes": 80182,
          "at": 1791419941834
        },
        {
          "elapsedMs": 0.20000000298023224,
          "bytes": 80182,
          "at": 1791419941835
        },
        {
          "elapsedMs": 0.30000000447034836,
          "bytes": 79961,
          "at": 1791419941853
        },
        {
          "elapsedMs": 0.10000000149011612,
          "bytes": 79961,
          "at": 1791419941884
        },
        {
          "elapsedMs": 0.20000000298023224,
          "bytes": 80182,
          "at": 1791419941978
        },
        {
          "elapsedMs": 0.19999999552965164,
          "bytes": 79961,
          "at": 1791419941988
        },
        {
          "elapsedMs": 0.20000000298023224,
          "bytes": 80182,
          "at": 1791419942017
        },
        {
          "elapsedMs": 0.20000000298023224,
          "bytes": 80182,
          "at": 1791419942018
        },
        {
          "elapsedMs": 0.19999999552965164,
          "bytes": 79961,
          "at": 1791419942034
        },
        {
          "elapsedMs": 0.30000000447034836,
          "bytes": 79961,
          "at": 1791419942068
        },
        {
          "elapsedMs": 0.30000000447034836,
          "bytes": 80182,
          "at": 1791419942178
        },
        {
          "elapsedMs": 0.10000000149011612,
          "bytes": 79961,
          "at": 1791419942183
        },
        {
          "elapsedMs": 0.19999999552965164,
          "bytes": 80182,
          "at": 1791419942218
        },
        {
          "elapsedMs": 0.10000000149011612,
          "bytes": 80182,
          "at": 1791419942219
        },
        {
          "elapsedMs": 0.29999999701976776,
          "bytes": 79961,
          "at": 1791419942235
        },
        {
          "elapsedMs": 0.20000000298023224,
          "bytes": 79961,
          "at": 1791419942268
        },
        {
          "elapsedMs": 0.30000000447034836,
          "bytes": 80182,
          "at": 1791419942378
        },
        {
          "elapsedMs": 0.4000000059604645,
          "bytes": 79961,
          "at": 1791419942389
        },
        {
          "elapsedMs": 0.3999999985098839,
          "bytes": 80182,
          "at": 1791419942417
        },
        {
          "elapsedMs": 0.20000000298023224,
          "bytes": 80182,
          "at": 1791419942418
        },
        {
          "elapsedMs": 0.20000000298023224,
          "bytes": 79961,
          "at": 1791419942434
        },
        {
          "elapsedMs": 0.30000000447034836,
          "bytes": 79961,
          "at": 1791419942467
        },
        {
          "elapsedMs": 0.3999999985098839,
          "bytes": 80182,
          "at": 1791419942578
        },
        {
          "elapsedMs": 0.19999999552965164,
          "bytes": 79961,
          "at": 1791419942583
        },
        {
          "elapsedMs": 0.20000000298023224,
          "bytes": 80182,
          "at": 1791419942617
        },
        {
          "elapsedMs": 0.19999999552965164,
          "bytes": 80182,
          "at": 1791419942618
        },
        {
          "elapsedMs": 0.20000000298023224,
          "bytes": 79961,
          "at": 1791419942630
        },
        {
          "elapsedMs": 0.19999999552965164,
          "bytes": 79961,
          "at": 1791419942666
        },
        {
          "elapsedMs": 0.30000000447034836,
          "bytes": 80182,
          "at": 1791419942778
        },
        {
          "elapsedMs": 0.19999999552965164,
          "bytes": 79961,
          "at": 1791419942787
        },
        {
          "elapsedMs": 0.20000000298023224,
          "bytes": 80182,
          "at": 1791419942816
        },
        {
          "elapsedMs": 0.10000000149011612,
          "bytes": 80182,
          "at": 1791419942817
        },
        {
          "elapsedMs": 0.20000000298023224,
          "bytes": 79961,
          "at": 1791419942833
        },
        {
          "elapsedMs": 0.20000000298023224,
          "bytes": 79961,
          "at": 1791419942868
        },
        {
          "elapsedMs": 0.19999999552965164,
          "bytes": 80182,
          "at": 1791419942978
        },
        {
          "elapsedMs": 0.29999999701976776,
          "bytes": 79961,
          "at": 1791419942988
        },
        {
          "elapsedMs": 0.29999999701976776,
          "bytes": 80182,
          "at": 1791419943017
        },
        {
          "elapsedMs": 0.19999999552965164,
          "bytes": 80182,
          "at": 1791419943018
        },
        {
          "elapsedMs": 0.3999999985098839,
          "bytes": 79961,
          "at": 1791419943034
        },
        {
          "elapsedMs": 0.19999999552965164,
          "bytes": 79961,
          "at": 1791419943066
        },
        {
          "elapsedMs": 0.20000000298023224,
          "bytes": 80182,
          "at": 1791419943178
        },
        {
          "elapsedMs": 0.10000000149011612,
          "bytes": 79961,
          "at": 1791419943183
        },
        {
          "elapsedMs": 0.20000000298023224,
          "bytes": 80182,
          "at": 1791419943218
        },
        {
          "elapsedMs": 0.10000000149011612,
          "bytes": 80182,
          "at": 1791419943218
        },
        {
          "elapsedMs": 0.20000000298023224,
          "bytes": 79961,
          "at": 1791419943234
        },
        {
          "elapsedMs": 0.3999999985098839,
          "bytes": 79961,
          "at": 1791419943268
        },
        {
          "elapsedMs": 0.20000000298023224,
          "bytes": 80182,
          "at": 1791419943378
        },
        {
          "elapsedMs": 0.19999999552965164,
          "bytes": 79961,
          "at": 1791419943384
        },
        {
          "elapsedMs": 0.20000000298023224,
          "bytes": 80182,
          "at": 1791419943418
        },
        {
          "elapsedMs": 0.10000000149011612,
          "bytes": 80182,
          "at": 1791419943419
        },
        {
          "elapsedMs": 0.19999999552965164,
          "bytes": 79961,
          "at": 1791419943430
        },
        {
          "elapsedMs": 0.19999999552965164,
          "bytes": 79961,
          "at": 1791419943466
        },
        {
          "elapsedMs": 3.2999999970197678,
          "bytes": 80269,
          "at": 1791419943581
        },
        {
          "elapsedMs": 0.3999999985098839,
          "bytes": 80048,
          "at": 1791419943587
        },
        {
          "elapsedMs": 0.20000000298023224,
          "bytes": 80269,
          "at": 1791419943627
        },
        {
          "elapsedMs": 0.19999999552965164,
          "bytes": 80269,
          "at": 1791419943628
        },
        {
          "elapsedMs": 0.10000000149011612,
          "bytes": 80048,
          "at": 1791419943635
        },
        {
          "elapsedMs": 0.30000000447034836,
          "bytes": 80048,
          "at": 1791419943666
        },
        {
          "elapsedMs": 0.20000000298023224,
          "bytes": 80269,
          "at": 1791419943679
        },
        {
          "elapsedMs": 0.20000000298023224,
          "bytes": 80048,
          "at": 1791419943682
        },
        {
          "elapsedMs": 0.10000000149011612,
          "bytes": 80269,
          "at": 1791419943740
        },
        {
          "elapsedMs": 0.29999999701976776,
          "bytes": 80269,
          "at": 1791419943741
        },
        {
          "elapsedMs": 0.10000000149011612,
          "bytes": 80048,
          "at": 1791419943746
        },
        {
          "elapsedMs": 0.20000000298023224,
          "bytes": 80048,
          "at": 1791419943784
        },
        {
          "elapsedMs": 0.4000000059604645,
          "bytes": 80269,
          "at": 1791419943878
        },
        {
          "elapsedMs": 0,
          "bytes": 80048,
          "at": 1791419943883
        },
        {
          "elapsedMs": 0.19999999552965164,
          "bytes": 80269,
          "at": 1791419943917
        },
        {
          "elapsedMs": 0.29999999701976776,
          "bytes": 80269,
          "at": 1791419943918
        },
        {
          "elapsedMs": 0.30000000447034836,
          "bytes": 80048,
          "at": 1791419943935
        },
        {
          "elapsedMs": 0.30000000447034836,
          "bytes": 80048,
          "at": 1791419943966
        },
        {
          "elapsedMs": 0.19999999552965164,
          "bytes": 80269,
          "at": 1791419944078
        },
        {
          "elapsedMs": 0.10000000149011612,
          "bytes": 80048,
          "at": 1791419944083
        },
        {
          "elapsedMs": 0.19999999552965164,
          "bytes": 80269,
          "at": 1791419944115
        },
        {
          "elapsedMs": 0.19999999552965164,
          "bytes": 80269,
          "at": 1791419944116
        },
        {
          "elapsedMs": 0.29999999701976776,
          "bytes": 80048,
          "at": 1791419944133
        },
        {
          "elapsedMs": 0.10000000149011612,
          "bytes": 80048,
          "at": 1791419944166
        },
        {
          "elapsedMs": 0.20000000298023224,
          "bytes": 80269,
          "at": 1791419944278
        },
        {
          "elapsedMs": 0.30000000447034836,
          "bytes": 80048,
          "at": 1791419944288
        },
        {
          "elapsedMs": 0.09999999403953552,
          "bytes": 80269,
          "at": 1791419944316
        },
        {
          "elapsedMs": 0.10000000149011612,
          "bytes": 80269,
          "at": 1791419944317
        },
        {
          "elapsedMs": 0.10000000149011612,
          "bytes": 80048,
          "at": 1791419944332
        },
        {
          "elapsedMs": 0.19999999552965164,
          "bytes": 80048,
          "at": 1791419944366
        },
        {
          "elapsedMs": 0.20000000298023224,
          "bytes": 80269,
          "at": 1791419944478
        },
        {
          "elapsedMs": 0.30000000447034836,
          "bytes": 80048,
          "at": 1791419944483
        },
        {
          "elapsedMs": 0.20000000298023224,
          "bytes": 80269,
          "at": 1791419944516
        },
        {
          "elapsedMs": 0.19999999552965164,
          "bytes": 80269,
          "at": 1791419944517
        },
        {
          "elapsedMs": 0.30000000447034836,
          "bytes": 80048,
          "at": 1791419944534
        },
        {
          "elapsedMs": 0.29999999701976776,
          "bytes": 80048,
          "at": 1791419944566
        },
        {
          "elapsedMs": 0.30000000447034836,
          "bytes": 80269,
          "at": 1791419944678
        },
        {
          "elapsedMs": 0.29999999701976776,
          "bytes": 80048,
          "at": 1791419944684
        },
        {
          "elapsedMs": 0.30000000447034836,
          "bytes": 80269,
          "at": 1791419944717
        },
        {
          "elapsedMs": 0.10000000149011612,
          "bytes": 80269,
          "at": 1791419944718
        },
        {
          "elapsedMs": 0.10000000149011612,
          "bytes": 80048,
          "at": 1791419944730
        },
        {
          "elapsedMs": 0.3999999985098839,
          "bytes": 80048,
          "at": 1791419944767
        },
        {
          "elapsedMs": 0.4000000059604645,
          "bytes": 80269,
          "at": 1791419944878
        },
        {
          "elapsedMs": 0.29999999701976776,
          "bytes": 80048,
          "at": 1791419944889
        },
        {
          "elapsedMs": 0.19999999552965164,
          "bytes": 80269,
          "at": 1791419944916
        },
        {
          "elapsedMs": 0.09999999403953552,
          "bytes": 80269,
          "at": 1791419944917
        },
        {
          "elapsedMs": 0.4000000059604645,
          "bytes": 80048,
          "at": 1791419944934
        },
        {
          "elapsedMs": 0.30000000447034836,
          "bytes": 80048,
          "at": 1791419944967
        },
        {
          "elapsedMs": 0.30000000447034836,
          "bytes": 80269,
          "at": 1791419945078
        },
        {
          "elapsedMs": 0.20000000298023224,
          "bytes": 80048,
          "at": 1791419945085
        },
        {
          "elapsedMs": 0.29999999701976776,
          "bytes": 80269,
          "at": 1791419945116
        },
        {
          "elapsedMs": 0.10000000149011612,
          "bytes": 80269,
          "at": 1791419945117
        },
        {
          "elapsedMs": 0.10000000149011612,
          "bytes": 80048,
          "at": 1791419945133
        },
        {
          "elapsedMs": 0.09999999403953552,
          "bytes": 80048,
          "at": 1791419945166
        },
        {
          "elapsedMs": 0.4000000059604645,
          "bytes": 80269,
          "at": 1791419945278
        },
        {
          "elapsedMs": 0.29999999701976776,
          "bytes": 80048,
          "at": 1791419945285
        },
        {
          "elapsedMs": 0.19999999552965164,
          "bytes": 80269,
          "at": 1791419945317
        },
        {
          "elapsedMs": 0.19999999552965164,
          "bytes": 80269,
          "at": 1791419945318
        },
        {
          "elapsedMs": 0.29999999701976776,
          "bytes": 80048,
          "at": 1791419945333
        },
        {
          "elapsedMs": 1.5,
          "bytes": 80048,
          "at": 1791419945368
        },
        {
          "elapsedMs": 0.4000000059604645,
          "bytes": 80269,
          "at": 1791419945478
        },
        {
          "elapsedMs": 0.3999999985098839,
          "bytes": 80048,
          "at": 1791419945485
        },
        {
          "elapsedMs": 0.20000000298023224,
          "bytes": 80182,
          "at": 1791419945516
        },
        {
          "elapsedMs": 0.29999999701976776,
          "bytes": 80182,
          "at": 1791419945517
        },
        {
          "elapsedMs": 0.30000000447034836,
          "bytes": 79961,
          "at": 1791419945531
        },
        {
          "elapsedMs": 0.20000000298023224,
          "bytes": 79961,
          "at": 1791419945579
        },
        {
          "elapsedMs": 0.20000000298023224,
          "bytes": 80182,
          "at": 1791419945678
        },
        {
          "elapsedMs": 0.19999999552965164,
          "bytes": 79961,
          "at": 1791419945685
        },
        {
          "elapsedMs": 0.20000000298023224,
          "bytes": 80182,
          "at": 1791419945715
        },
        {
          "elapsedMs": 0.30000000447034836,
          "bytes": 80182,
          "at": 1791419945717
        },
        {
          "elapsedMs": 0.5999999940395355,
          "bytes": 79961,
          "at": 1791419945733
        },
        {
          "elapsedMs": 0.29999999701976776,
          "bytes": 79961,
          "at": 1791419945766
        },
        {
          "elapsedMs": 0.19999999552965164,
          "bytes": 80182,
          "at": 1791419945779
        },
        {
          "elapsedMs": 0.19999999552965164,
          "bytes": 79961,
          "at": 1791419945783
        },
        {
          "elapsedMs": 0.7000000029802322,
          "bytes": 80182,
          "at": 1791419945834
        },
        {
          "elapsedMs": 0.29999999701976776,
          "bytes": 80182,
          "at": 1791419945835
        },
        {
          "elapsedMs": 0.29999999701976776,
          "bytes": 79961,
          "at": 1791419945848
        },
        {
          "elapsedMs": 0.3999999985098839,
          "bytes": 79961,
          "at": 1791419945884
        },
        {
          "elapsedMs": 0.3999999985098839,
          "bytes": 80182,
          "at": 1791419945978
        },
        {
          "elapsedMs": 0.30000000447034836,
          "bytes": 79961,
          "at": 1791419945988
        },
        {
          "elapsedMs": 0.3999999985098839,
          "bytes": 80182,
          "at": 1791419946016
        },
        {
          "elapsedMs": 0.20000000298023224,
          "bytes": 80182,
          "at": 1791419946018
        },
        {
          "elapsedMs": 0.29999999701976776,
          "bytes": 79961,
          "at": 1791419946033
        },
        {
          "elapsedMs": 0.3999999985098839,
          "bytes": 79961,
          "at": 1791419946066
        },
        {
          "elapsedMs": 0.29999999701976776,
          "bytes": 80182,
          "at": 1791419946079
        },
        {
          "elapsedMs": 0.29999999701976776,
          "bytes": 79961,
          "at": 1791419946083
        },
        {
          "elapsedMs": 0.20000000298023224,
          "bytes": 80182,
          "at": 1791419946133
        },
        {
          "elapsedMs": 0.19999999552965164,
          "bytes": 80182,
          "at": 1791419946134
        },
        {
          "elapsedMs": 0.3999999985098839,
          "bytes": 79961,
          "at": 1791419946151
        },
        {
          "elapsedMs": 0.4000000059604645,
          "bytes": 79961,
          "at": 1791419946183
        },
        {
          "elapsedMs": 0.30000000447034836,
          "bytes": 80182,
          "at": 1791419946279
        },
        {
          "elapsedMs": 0.29999999701976776,
          "bytes": 79961,
          "at": 1791419946285
        },
        {
          "elapsedMs": 0.19999999552965164,
          "bytes": 80182,
          "at": 1791419946317
        },
        {
          "elapsedMs": 0.10000000149011612,
          "bytes": 80182,
          "at": 1791419946318
        },
        {
          "elapsedMs": 0.20000000298023224,
          "bytes": 79961,
          "at": 1791419946334
        },
        {
          "elapsedMs": 0.30000000447034836,
          "bytes": 79961,
          "at": 1791419946375
        },
        {
          "elapsedMs": 0.30000000447034836,
          "bytes": 80182,
          "at": 1791419946478
        },
        {
          "elapsedMs": 0.3999999985098839,
          "bytes": 79961,
          "at": 1791419946483
        },
        {
          "elapsedMs": 0.19999999552965164,
          "bytes": 80182,
          "at": 1791419946517
        },
        {
          "elapsedMs": 0.10000000149011612,
          "bytes": 80182,
          "at": 1791419946519
        },
        {
          "elapsedMs": 0.20000000298023224,
          "bytes": 79961,
          "at": 1791419946533
        },
        {
          "elapsedMs": 0.3999999985098839,
          "bytes": 79961,
          "at": 1791419946566
        },
        {
          "elapsedMs": 0.3999999985098839,
          "bytes": 80182,
          "at": 1791419946579
        },
        {
          "elapsedMs": 0.3999999985098839,
          "bytes": 79961,
          "at": 1791419946583
        },
        {
          "elapsedMs": 0.6999999955296516,
          "bytes": 80182,
          "at": 1791419946633
        },
        {
          "elapsedMs": 0.19999999552965164,
          "bytes": 80182,
          "at": 1791419946634
        },
        {
          "elapsedMs": 0.29999999701976776,
          "bytes": 79961,
          "at": 1791419946650
        },
        {
          "elapsedMs": 0.29999999701976776,
          "bytes": 79961,
          "at": 1791419946683
        },
        {
          "elapsedMs": 0.5,
          "bytes": 80182,
          "at": 1791419946778
        },
        {
          "elapsedMs": 0.20000000298023224,
          "bytes": 79961,
          "at": 1791419946789
        },
        {
          "elapsedMs": 0.20000000298023224,
          "bytes": 80182,
          "at": 1791419946816
        },
        {
          "elapsedMs": 0.20000000298023224,
          "bytes": 80182,
          "at": 1791419946817
        },
        {
          "elapsedMs": 0.3999999985098839,
          "bytes": 79961,
          "at": 1791419946833
        },
        {
          "elapsedMs": 0.20000000298023224,
          "bytes": 79961,
          "at": 1791419946867
        },
        {
          "elapsedMs": 0.29999999701976776,
          "bytes": 80182,
          "at": 1791419946978
        },
        {
          "elapsedMs": 0.20000000298023224,
          "bytes": 79961,
          "at": 1791419946984
        },
        {
          "elapsedMs": 0.30000000447034836,
          "bytes": 80182,
          "at": 1791419947017
        },
        {
          "elapsedMs": 0.20000000298023224,
          "bytes": 80182,
          "at": 1791419947018
        },
        {
          "elapsedMs": 0.3999999985098839,
          "bytes": 79961,
          "at": 1791419947034
        },
        {
          "elapsedMs": 0.3999999985098839,
          "bytes": 79961,
          "at": 1791419947066
        },
        {
          "elapsedMs": 0.19999999552965164,
          "bytes": 80182,
          "at": 1791419947080
        },
        {
          "elapsedMs": 0.20000000298023224,
          "bytes": 79961,
          "at": 1791419947084
        },
        {
          "elapsedMs": 0.29999999701976776,
          "bytes": 80182,
          "at": 1791419947133
        },
        {
          "elapsedMs": 0.10000000149011612,
          "bytes": 80182,
          "at": 1791419947134
        },
        {
          "elapsedMs": 0.3999999985098839,
          "bytes": 79961,
          "at": 1791419947151
        },
        {
          "elapsedMs": 0.29999999701976776,
          "bytes": 79961,
          "at": 1791419947182
        },
        {
          "elapsedMs": 0.29999999701976776,
          "bytes": 80182,
          "at": 1791419947278
        },
        {
          "elapsedMs": 0.3999999985098839,
          "bytes": 79961,
          "at": 1791419947289
        },
        {
          "elapsedMs": 0.5,
          "bytes": 80182,
          "at": 1791419947316
        },
        {
          "elapsedMs": 0.19999999552965164,
          "bytes": 80182,
          "at": 1791419947317
        },
        {
          "elapsedMs": 0.29999999701976776,
          "bytes": 79961,
          "at": 1791419947333
        },
        {
          "elapsedMs": 0.3999999985098839,
          "bytes": 79961,
          "at": 1791419947367
        },
        {
          "elapsedMs": 0.6000000014901161,
          "bytes": 80182,
          "at": 1791419947380
        },
        {
          "elapsedMs": 0.30000000447034836,
          "bytes": 79961,
          "at": 1791419947384
        },
        {
          "elapsedMs": 0.5,
          "bytes": 80182,
          "at": 1791419947433
        },
        {
          "elapsedMs": 0.7000000029802322,
          "bytes": 80182,
          "at": 1791419947436
        },
        {
          "elapsedMs": 0.5,
          "bytes": 79961,
          "at": 1791419947447
        },
        {
          "elapsedMs": 0.7000000029802322,
          "bytes": 79961,
          "at": 1791419947483
        },
        {
          "elapsedMs": 0.7000000029802322,
          "bytes": 80182,
          "at": 1791419947579
        },
        {
          "elapsedMs": 0.29999999701976776,
          "bytes": 79961,
          "at": 1791419947585
        },
        {
          "elapsedMs": 0.30000000447034836,
          "bytes": 80182,
          "at": 1791419947616
        },
        {
          "elapsedMs": 0.20000000298023224,
          "bytes": 80182,
          "at": 1791419947617
        },
        {
          "elapsedMs": 1.1000000014901161,
          "bytes": 79961,
          "at": 1791419947633
        },
        {
          "elapsedMs": 0.5,
          "bytes": 79961,
          "at": 1791419947666
        },
        {
          "elapsedMs": 0.30000000447034836,
          "bytes": 80182,
          "at": 1791419947680
        },
        {
          "elapsedMs": 0.20000000298023224,
          "bytes": 79961,
          "at": 1791419947684
        },
        {
          "elapsedMs": 0.7000000029802322,
          "bytes": 80182,
          "at": 1791419947733
        },
        {
          "elapsedMs": 0.3999999985098839,
          "bytes": 80182,
          "at": 1791419947735
        },
        {
          "elapsedMs": 0.30000000447034836,
          "bytes": 79961,
          "at": 1791419947750
        },
        {
          "elapsedMs": 1.5,
          "bytes": 79961,
          "at": 1791419947784
        },
        {
          "elapsedMs": 0.7000000029802322,
          "bytes": 80182,
          "at": 1791419947879
        },
        {
          "elapsedMs": 0.3999999985098839,
          "bytes": 79961,
          "at": 1791419947884
        },
        {
          "elapsedMs": 0.3999999985098839,
          "bytes": 80182,
          "at": 1791419947916
        },
        {
          "elapsedMs": 0.5,
          "bytes": 80182,
          "at": 1791419947917
        },
        {
          "elapsedMs": 1.2999999970197678,
          "bytes": 79961,
          "at": 1791419947934
        },
        {
          "elapsedMs": 1.1000000014901161,
          "bytes": 79961,
          "at": 1791419947966
        },
        {
          "elapsedMs": 0.5,
          "bytes": 80182,
          "at": 1791419948078
        },
        {
          "elapsedMs": 1.1000000014901161,
          "bytes": 79961,
          "at": 1791419948084
        },
        {
          "elapsedMs": 0.6000000014901161,
          "bytes": 80182,
          "at": 1791419948116
        },
        {
          "elapsedMs": 0.30000000447034836,
          "bytes": 80182,
          "at": 1791419948117
        },
        {
          "elapsedMs": 0.8000000044703484,
          "bytes": 79961,
          "at": 1791419948133
        },
        {
          "elapsedMs": 0.6999999955296516,
          "bytes": 79961,
          "at": 1791419948166
        },
        {
          "elapsedMs": 0.3999999985098839,
          "bytes": 80182,
          "at": 1791419948278
        },
        {
          "elapsedMs": 0.30000000447034836,
          "bytes": 79961,
          "at": 1791419948289
        },
        {
          "elapsedMs": 0.29999999701976776,
          "bytes": 80182,
          "at": 1791419948315
        },
        {
          "elapsedMs": 0.20000000298023224,
          "bytes": 80182,
          "at": 1791419948317
        },
        {
          "elapsedMs": 0.3999999985098839,
          "bytes": 79961,
          "at": 1791419948333
        },
        {
          "elapsedMs": 0.5,
          "bytes": 79961,
          "at": 1791419948366
        },
        {
          "elapsedMs": 0.5999999940395355,
          "bytes": 80182,
          "at": 1791419948478
        },
        {
          "elapsedMs": 0.29999999701976776,
          "bytes": 79961,
          "at": 1791419948484
        },
        {
          "elapsedMs": 0.4000000059604645,
          "bytes": 80182,
          "at": 1791419948516
        },
        {
          "elapsedMs": 0.20000000298023224,
          "bytes": 80182,
          "at": 1791419948517
        },
        {
          "elapsedMs": 0.5,
          "bytes": 79961,
          "at": 1791419948534
        },
        {
          "elapsedMs": 0.4000000059604645,
          "bytes": 79961,
          "at": 1791419948566
        },
        {
          "elapsedMs": 0.6000000014901161,
          "bytes": 80182,
          "at": 1791419948679
        },
        {
          "elapsedMs": 0.6000000014901161,
          "bytes": 79961,
          "at": 1791419948686
        },
        {
          "elapsedMs": 0.6000000014901161,
          "bytes": 80182,
          "at": 1791419948716
        },
        {
          "elapsedMs": 0.3999999985098839,
          "bytes": 80182,
          "at": 1791419948718
        },
        {
          "elapsedMs": 0.4000000059604645,
          "bytes": 79961,
          "at": 1791419948731
        },
        {
          "elapsedMs": 0.5,
          "bytes": 79961,
          "at": 1791419948767
        },
        {
          "elapsedMs": 0.6000000014901161,
          "bytes": 80182,
          "at": 1791419948879
        },
        {
          "elapsedMs": 0.6000000014901161,
          "bytes": 79961,
          "at": 1791419948884
        },
        {
          "elapsedMs": 0.3999999985098839,
          "bytes": 80182,
          "at": 1791419948915
        },
        {
          "elapsedMs": 0.3999999985098839,
          "bytes": 80182,
          "at": 1791419948917
        },
        {
          "elapsedMs": 0.5,
          "bytes": 79961,
          "at": 1791419948932
        },
        {
          "elapsedMs": 0.6000000014901161,
          "bytes": 79961,
          "at": 1791419948967
        },
        {
          "elapsedMs": 0.7000000029802322,
          "bytes": 80182,
          "at": 1791419949078
        },
        {
          "elapsedMs": 0.3999999985098839,
          "bytes": 79961,
          "at": 1791419949088
        },
        {
          "elapsedMs": 0.8000000044703484,
          "bytes": 80182,
          "at": 1791419949116
        },
        {
          "elapsedMs": 0.29999999701976776,
          "bytes": 80182,
          "at": 1791419949117
        },
        {
          "elapsedMs": 0.29999999701976776,
          "bytes": 79961,
          "at": 1791419949132
        },
        {
          "elapsedMs": 0.3999999985098839,
          "bytes": 79961,
          "at": 1791419949165
        },
        {
          "elapsedMs": 0.5,
          "bytes": 80182,
          "at": 1791419949278
        },
        {
          "elapsedMs": 0.3999999985098839,
          "bytes": 79961,
          "at": 1791419949287
        },
        {
          "elapsedMs": 0.4000000059604645,
          "bytes": 80182,
          "at": 1791419949316
        },
        {
          "elapsedMs": 0.3999999985098839,
          "bytes": 80182,
          "at": 1791419949317
        },
        {
          "elapsedMs": 0.5,
          "bytes": 79961,
          "at": 1791419949332
        },
        {
          "elapsedMs": 0.3999999985098839,
          "bytes": 79961,
          "at": 1791419949366
        },
        {
          "elapsedMs": 0.6000000014901161,
          "bytes": 80182,
          "at": 1791419949479
        },
        {
          "elapsedMs": 0.29999999701976776,
          "bytes": 79961,
          "at": 1791419949484
        },
        {
          "elapsedMs": 0.3999999985098839,
          "bytes": 80182,
          "at": 1791419949516
        },
        {
          "elapsedMs": 0.3999999985098839,
          "bytes": 80182,
          "at": 1791419949517
        },
        {
          "elapsedMs": 0.29999999701976776,
          "bytes": 79961,
          "at": 1791419949532
        },
        {
          "elapsedMs": 0.5,
          "bytes": 79961,
          "at": 1791419949566
        },
        {
          "elapsedMs": 0.5,
          "bytes": 80182,
          "at": 1791419949678
        },
        {
          "elapsedMs": 0.20000000298023224,
          "bytes": 79961,
          "at": 1791419949683
        },
        {
          "elapsedMs": 0.29999999701976776,
          "bytes": 80182,
          "at": 1791419949715
        },
        {
          "elapsedMs": 0.29999999701976776,
          "bytes": 80182,
          "at": 1791419949716
        },
        {
          "elapsedMs": 0.29999999701976776,
          "bytes": 79961,
          "at": 1791419949730
        },
        {
          "elapsedMs": 0.3999999985098839,
          "bytes": 79961,
          "at": 1791419949765
        },
        {
          "elapsedMs": 0.5,
          "bytes": 80182,
          "at": 1791419949783
        },
        {
          "elapsedMs": 0.29999999701976776,
          "bytes": 79961,
          "at": 1791419949787
        },
        {
          "elapsedMs": 0.5,
          "bytes": 80182,
          "at": 1791419949832
        },
        {
          "elapsedMs": 0.30000000447034836,
          "bytes": 80182,
          "at": 1791419949834
        },
        {
          "elapsedMs": 0.4000000059604645,
          "bytes": 79961,
          "at": 1791419949849
        },
        {
          "elapsedMs": 0.29999999701976776,
          "bytes": 79961,
          "at": 1791419949882
        },
        {
          "elapsedMs": 0.5,
          "bytes": 80182,
          "at": 1791419949978
        },
        {
          "elapsedMs": 0.30000000447034836,
          "bytes": 79961,
          "at": 1791419949984
        },
        {
          "elapsedMs": 0.29999999701976776,
          "bytes": 80182,
          "at": 1791419950016
        },
        {
          "elapsedMs": 0.19999999552965164,
          "bytes": 80182,
          "at": 1791419950017
        },
        {
          "elapsedMs": 0.3999999985098839,
          "bytes": 79961,
          "at": 1791419950032
        },
        {
          "elapsedMs": 0.7999999970197678,
          "bytes": 79961,
          "at": 1791419950066
        },
        {
          "elapsedMs": 2.600000001490116,
          "bytes": 80182,
          "at": 1791419950181
        },
        {
          "elapsedMs": 0.3999999985098839,
          "bytes": 79961,
          "at": 1791419950188
        },
        {
          "elapsedMs": 0.3999999985098839,
          "bytes": 80182,
          "at": 1791419950219
        },
        {
          "elapsedMs": 0.3999999985098839,
          "bytes": 80182,
          "at": 1791419950220
        },
        {
          "elapsedMs": 0.3999999985098839,
          "bytes": 79961,
          "at": 1791419950230
        },
        {
          "elapsedMs": 0.4000000059604645,
          "bytes": 79961,
          "at": 1791419950268
        },
        {
          "elapsedMs": 0.3999999985098839,
          "bytes": 80182,
          "at": 1791419950381
        },
        {
          "elapsedMs": 0.29999999701976776,
          "bytes": 79961,
          "at": 1791419950387
        },
        {
          "elapsedMs": 0.7999999970197678,
          "bytes": 80182,
          "at": 1791419950416
        },
        {
          "elapsedMs": 0.30000000447034836,
          "bytes": 80182,
          "at": 1791419950418
        },
        {
          "elapsedMs": 0.7000000029802322,
          "bytes": 79961,
          "at": 1791419950430
        },
        {
          "elapsedMs": 0.29999999701976776,
          "bytes": 79961,
          "at": 1791419950466
        },
        {
          "elapsedMs": 0.4000000059604645,
          "bytes": 80182,
          "at": 1791419950578
        },
        {
          "elapsedMs": 0.30000000447034836,
          "bytes": 79961,
          "at": 1791419950584
        },
        {
          "elapsedMs": 0.3999999985098839,
          "bytes": 80182,
          "at": 1791419950615
        },
        {
          "elapsedMs": 0.29999999701976776,
          "bytes": 80182,
          "at": 1791419950616
        },
        {
          "elapsedMs": 0.29999999701976776,
          "bytes": 79961,
          "at": 1791419950635
        },
        {
          "elapsedMs": 0.30000000447034836,
          "bytes": 79961,
          "at": 1791419950666
        },
        {
          "elapsedMs": 0.5,
          "bytes": 80182,
          "at": 1791419950778
        },
        {
          "elapsedMs": 0.5,
          "bytes": 79961,
          "at": 1791419950785
        },
        {
          "elapsedMs": 0.5,
          "bytes": 80182,
          "at": 1791419950816
        },
        {
          "elapsedMs": 0.5,
          "bytes": 80182,
          "at": 1791419950817
        },
        {
          "elapsedMs": 0.5,
          "bytes": 79961,
          "at": 1791419950833
        },
        {
          "elapsedMs": 0.3999999985098839,
          "bytes": 79961,
          "at": 1791419950866
        },
        {
          "elapsedMs": 0.7000000029802322,
          "bytes": 80182,
          "at": 1791419950978
        },
        {
          "elapsedMs": 0.30000000447034836,
          "bytes": 79961,
          "at": 1791419950985
        },
        {
          "elapsedMs": 0.5,
          "bytes": 80182,
          "at": 1791419951017
        },
        {
          "elapsedMs": 0.5,
          "bytes": 80182,
          "at": 1791419951019
        },
        {
          "elapsedMs": 0.6000000014901161,
          "bytes": 79961,
          "at": 1791419951030
        },
        {
          "elapsedMs": 0.3999999985098839,
          "bytes": 79961,
          "at": 1791419951066
        },
        {
          "elapsedMs": 0.5,
          "bytes": 80182,
          "at": 1791419951178
        },
        {
          "elapsedMs": 0.5,
          "bytes": 79961,
          "at": 1791419951188
        },
        {
          "elapsedMs": 0.5,
          "bytes": 80182,
          "at": 1791419951215
        },
        {
          "elapsedMs": 0.4000000059604645,
          "bytes": 80182,
          "at": 1791419951217
        },
        {
          "elapsedMs": 0.5,
          "bytes": 79961,
          "at": 1791419951233
        },
        {
          "elapsedMs": 0.4000000059604645,
          "bytes": 79961,
          "at": 1791419951266
        },
        {
          "elapsedMs": 0.7000000029802322,
          "bytes": 80182,
          "at": 1791419951378
        },
        {
          "elapsedMs": 0.5999999940395355,
          "bytes": 79961,
          "at": 1791419951388
        },
        {
          "elapsedMs": 0.3999999985098839,
          "bytes": 80182,
          "at": 1791419951416
        },
        {
          "elapsedMs": 0.3999999985098839,
          "bytes": 80182,
          "at": 1791419951417
        },
        {
          "elapsedMs": 0.5,
          "bytes": 79961,
          "at": 1791419951433
        },
        {
          "elapsedMs": 0.5,
          "bytes": 79961,
          "at": 1791419951466
        },
        {
          "elapsedMs": 0.6000000014901161,
          "bytes": 80182,
          "at": 1791419951579
        },
        {
          "elapsedMs": 0.4000000059604645,
          "bytes": 79961,
          "at": 1791419951583
        },
        {
          "elapsedMs": 0.5,
          "bytes": 80182,
          "at": 1791419951632
        },
        {
          "elapsedMs": 0.5,
          "bytes": 80182,
          "at": 1791419951634
        },
        {
          "elapsedMs": 0.5,
          "bytes": 79961,
          "at": 1791419951648
        },
        {
          "elapsedMs": 0.5,
          "bytes": 79961,
          "at": 1791419951682
        },
        {
          "elapsedMs": 0.6999999955296516,
          "bytes": 80182,
          "at": 1791419951778
        },
        {
          "elapsedMs": 0.3999999985098839,
          "bytes": 79961,
          "at": 1791419951789
        },
        {
          "elapsedMs": 0.5,
          "bytes": 80182,
          "at": 1791419951816
        },
        {
          "elapsedMs": 0.3999999985098839,
          "bytes": 80182,
          "at": 1791419951818
        },
        {
          "elapsedMs": 0.5,
          "bytes": 79961,
          "at": 1791419951833
        },
        {
          "elapsedMs": 0.29999999701976776,
          "bytes": 79961,
          "at": 1791419951865
        },
        {
          "elapsedMs": 0.3999999985098839,
          "bytes": 80182,
          "at": 1791419951978
        },
        {
          "elapsedMs": 0.29999999701976776,
          "bytes": 79961,
          "at": 1791419951984
        },
        {
          "elapsedMs": 0.29999999701976776,
          "bytes": 80182,
          "at": 1791419952016
        },
        {
          "elapsedMs": 0.30000000447034836,
          "bytes": 80182,
          "at": 1791419952017
        },
        {
          "elapsedMs": 0.29999999701976776,
          "bytes": 79961,
          "at": 1791419952033
        },
        {
          "elapsedMs": 0.20000000298023224,
          "bytes": 79961,
          "at": 1791419952066
        },
        {
          "elapsedMs": 0.5,
          "bytes": 80182,
          "at": 1791419952178
        },
        {
          "elapsedMs": 0.3999999985098839,
          "bytes": 79961,
          "at": 1791419952184
        },
        {
          "elapsedMs": 0.20000000298023224,
          "bytes": 80182,
          "at": 1791419952216
        },
        {
          "elapsedMs": 0.30000000447034836,
          "bytes": 80182,
          "at": 1791419952217
        },
        {
          "elapsedMs": 0.3999999985098839,
          "bytes": 79961,
          "at": 1791419952231
        },
        {
          "elapsedMs": 0.30000000447034836,
          "bytes": 79961,
          "at": 1791419952268
        },
        {
          "elapsedMs": 0.5,
          "bytes": 80182,
          "at": 1791419952378
        },
        {
          "elapsedMs": 0.29999999701976776,
          "bytes": 79961,
          "at": 1791419952388
        },
        {
          "elapsedMs": 0.3999999985098839,
          "bytes": 80182,
          "at": 1791419952416
        },
        {
          "elapsedMs": 0.3999999985098839,
          "bytes": 80182,
          "at": 1791419952417
        },
        {
          "elapsedMs": 0.30000000447034836,
          "bytes": 79961,
          "at": 1791419952432
        },
        {
          "elapsedMs": 0.3999999985098839,
          "bytes": 79961,
          "at": 1791419952467
        },
        {
          "elapsedMs": 0.30000000447034836,
          "bytes": 80182,
          "at": 1791419952579
        },
        {
          "elapsedMs": 0.29999999701976776,
          "bytes": 79961,
          "at": 1791419952582
        },
        {
          "elapsedMs": 0.19999999552965164,
          "bytes": 80182,
          "at": 1791419952632
        },
        {
          "elapsedMs": 0.3999999985098839,
          "bytes": 80182,
          "at": 1791419952634
        },
        {
          "elapsedMs": 0.29999999701976776,
          "bytes": 79961,
          "at": 1791419952650
        },
        {
          "elapsedMs": 0.29999999701976776,
          "bytes": 79961,
          "at": 1791419952682
        },
        {
          "elapsedMs": 0.3999999985098839,
          "bytes": 80182,
          "at": 1791419952778
        },
        {
          "elapsedMs": 0.19999999552965164,
          "bytes": 79961,
          "at": 1791419952791
        },
        {
          "elapsedMs": 0.29999999701976776,
          "bytes": 80182,
          "at": 1791419952816
        },
        {
          "elapsedMs": 0.29999999701976776,
          "bytes": 80182,
          "at": 1791419952817
        },
        {
          "elapsedMs": 0.5,
          "bytes": 79961,
          "at": 1791419952832
        },
        {
          "elapsedMs": 0.19999999552965164,
          "bytes": 79961,
          "at": 1791419952865
        },
        {
          "elapsedMs": 0.4000000059604645,
          "bytes": 80182,
          "at": 1791419952979
        },
        {
          "elapsedMs": 0.30000000447034836,
          "bytes": 79961,
          "at": 1791419952983
        },
        {
          "elapsedMs": 0.3999999985098839,
          "bytes": 80182,
          "at": 1791419953032
        },
        {
          "elapsedMs": 0.4000000059604645,
          "bytes": 80182,
          "at": 1791419953034
        },
        {
          "elapsedMs": 0.29999999701976776,
          "bytes": 79961,
          "at": 1791419953048
        },
        {
          "elapsedMs": 0.20000000298023224,
          "bytes": 79961,
          "at": 1791419953083
        },
        {
          "elapsedMs": 0.3999999985098839,
          "bytes": 80184,
          "at": 1791419953178
        },
        {
          "elapsedMs": 0.20000000298023224,
          "bytes": 79962,
          "at": 1791419953187
        },
        {
          "elapsedMs": 0.3999999985098839,
          "bytes": 80185,
          "at": 1791419953216
        },
        {
          "elapsedMs": 0.29999999701976776,
          "bytes": 80185,
          "at": 1791419953217
        },
        {
          "elapsedMs": 0.3999999985098839,
          "bytes": 79962,
          "at": 1791419953234
        },
        {
          "elapsedMs": 0.29999999701976776,
          "bytes": 79962,
          "at": 1791419953268
        },
        {
          "elapsedMs": 0.29999999701976776,
          "bytes": 80185,
          "at": 1791419953379
        },
        {
          "elapsedMs": 0.3999999985098839,
          "bytes": 79962,
          "at": 1791419953383
        },
        {
          "elapsedMs": 0.30000000447034836,
          "bytes": 80185,
          "at": 1791419953433
        },
        {
          "elapsedMs": 0.3999999985098839,
          "bytes": 80185,
          "at": 1791419953434
        },
        {
          "elapsedMs": 0.29999999701976776,
          "bytes": 79962,
          "at": 1791419953449
        },
        {
          "elapsedMs": 0.20000000298023224,
          "bytes": 79962,
          "at": 1791419953482
        },
        {
          "elapsedMs": 0.3999999985098839,
          "bytes": 80185,
          "at": 1791419953578
        },
        {
          "elapsedMs": 0.20000000298023224,
          "bytes": 79962,
          "at": 1791419953582
        },
        {
          "elapsedMs": 0.4000000059604645,
          "bytes": 80185,
          "at": 1791419953632
        },
        {
          "elapsedMs": 0.3999999985098839,
          "bytes": 80185,
          "at": 1791419953633
        },
        {
          "elapsedMs": 0.29999999701976776,
          "bytes": 79962,
          "at": 1791419953647
        },
        {
          "elapsedMs": 0.20000000298023224,
          "bytes": 79962,
          "at": 1791419953682
        },
        {
          "elapsedMs": 0.3999999985098839,
          "bytes": 80185,
          "at": 1791419953779
        },
        {
          "elapsedMs": 0.30000000447034836,
          "bytes": 79962,
          "at": 1791419953784
        },
        {
          "elapsedMs": 0.29999999701976776,
          "bytes": 80243,
          "at": 1791419953832
        },
        {
          "elapsedMs": 0.3999999985098839,
          "bytes": 80243,
          "at": 1791419953833
        },
        {
          "elapsedMs": 0.3999999985098839,
          "bytes": 80020,
          "at": 1791419953848
        },
        {
          "elapsedMs": 0.29999999701976776,
          "bytes": 80020,
          "at": 1791419953882
        },
        {
          "elapsedMs": 0.29999999701976776,
          "bytes": 80243,
          "at": 1791419953978
        },
        {
          "elapsedMs": 0.30000000447034836,
          "bytes": 80020,
          "at": 1791419953984
        },
        {
          "elapsedMs": 0.5999999940395355,
          "bytes": 80243,
          "at": 1791419954033
        },
        {
          "elapsedMs": 0.5,
          "bytes": 80243,
          "at": 1791419954034
        },
        {
          "elapsedMs": 0.6000000014901161,
          "bytes": 80020,
          "at": 1791419954052
        },
        {
          "elapsedMs": 0.3999999985098839,
          "bytes": 80020,
          "at": 1791419954082
        },
        {
          "elapsedMs": 0.3999999985098839,
          "bytes": 80251,
          "at": 1791419954179
        },
        {
          "elapsedMs": 0.20000000298023224,
          "bytes": 80028,
          "at": 1791419954185
        },
        {
          "elapsedMs": 0.4000000059604645,
          "bytes": 80251,
          "at": 1791419954232
        },
        {
          "elapsedMs": 0.29999999701976776,
          "bytes": 80251,
          "at": 1791419954233
        },
        {
          "elapsedMs": 0.29999999701976776,
          "bytes": 80028,
          "at": 1791419954251
        },
        {
          "elapsedMs": 0.29999999701976776,
          "bytes": 80028,
          "at": 1791419954282
        },
        {
          "elapsedMs": 0.3999999985098839,
          "bytes": 80251,
          "at": 1791419954378
        },
        {
          "elapsedMs": 0.29999999701976776,
          "bytes": 80028,
          "at": 1791419954384
        },
        {
          "elapsedMs": 0.3999999985098839,
          "bytes": 80251,
          "at": 1791419954432
        },
        {
          "elapsedMs": 0.6000000014901161,
          "bytes": 80251,
          "at": 1791419954434
        },
        {
          "elapsedMs": 0.5,
          "bytes": 80028,
          "at": 1791419954449
        },
        {
          "elapsedMs": 0.30000000447034836,
          "bytes": 80028,
          "at": 1791419954482
        },
        {
          "elapsedMs": 0.29999999701976776,
          "bytes": 80255,
          "at": 1791419954578
        },
        {
          "elapsedMs": 0.30000000447034836,
          "bytes": 80032,
          "at": 1791419954588
        },
        {
          "elapsedMs": 0.3999999985098839,
          "bytes": 80255,
          "at": 1791419954634
        },
        {
          "elapsedMs": 0.5,
          "bytes": 80255,
          "at": 1791419954635
        },
        {
          "elapsedMs": 0.29999999701976776,
          "bytes": 80032,
          "at": 1791419954647
        },
        {
          "elapsedMs": 0.29999999701976776,
          "bytes": 80032,
          "at": 1791419954682
        },
        {
          "elapsedMs": 0.29999999701976776,
          "bytes": 80259,
          "at": 1791419954778
        },
        {
          "elapsedMs": 0.29999999701976776,
          "bytes": 80036,
          "at": 1791419954783
        },
        {
          "elapsedMs": 0.4000000059604645,
          "bytes": 80258,
          "at": 1791419954832
        },
        {
          "elapsedMs": 0.20000000298023224,
          "bytes": 80258,
          "at": 1791419954833
        },
        {
          "elapsedMs": 0.4000000059604645,
          "bytes": 80035,
          "at": 1791419954848
        }
      ],
      "storageErrors": [],
      "unhandledRejections": []
    },
    "pageErrors": 0,
    "consoleErrors": 0,
    "requestFailures": 0,
    "httpFailures": 0
  },
  "fixtureManifest": {
    "path": "reports/v2/20261008-regional-crisis/phase-06/j-fixture-manifest.json",
    "sha256": "acbe2b0bf3f691da5c36c790eb6ed35197842dbad0d53d919f3e34e11423111a",
    "sourceFingerprint": "c9fd3e455af08f18c50bc7eaa3677ecdd950b2e0c177bc779fe39b1fb3ca2cbb"
  },
  "controlledFixturesExecuted": [
    "NORMAL_FRESH",
    "CONTROLLED_WARNING_UI_FIXTURE",
    "CONTROLLED_UI_FIXTURE",
    "CONTROLLED_FOREST_CAMP_RAID",
    "CONTROLLED_FOREST_CHIEF",
    "CONTROLLED_UI_FIXTURE_KNOWN_AFTERMATH",
    "LEGACY_UNKNOWN_FIXTURE"
  ],
  "controlledLaneStatus": "PASS_WITH_FIXTURES_SEPARATE",
  "sourceAfter": {
    "head": "bd316cb326e5fbc20087c0154d6e3f294a5daac7",
    "sourceSha256": {
      "src/App.vue": "f3ed979e98946fd747bf7f0508a03a31b50165ff09b4202e5b48753a977fdde8",
      "src/components/AdventureWindow.vue": "eb6167f033c2c871d0719fb3742319df591feace02bffabe8af5a4802ebfc087",
      "src/components/CharacterSheet.vue": "0905f39da0b3ba52ed2c8c4c852ce08bc96a5e80d925cb64bb1f3dcb5b0d0dbd",
      "src/components/IdentityWindow.vue": "982afc32143581311c9a014236e3e2a75e1a40b8f04f8fe97796c542966f7f06",
      "src/components/InventoryWindow.vue": "12794d34b5d7df1902804f36698c26d58f0c46e3ec8f8bcd4519b075d2ad4609",
      "src/components/LifeNewsWindow.vue": "f59e6aef06e4f610b702f09ac45ed64295a4fbeece8bfe9a424e0b2d7975438b",
      "src/components/NpcWindow.vue": "0e930a8dfeec0f4db6cdad0adace75825baa8cc40e09307e1e55c7085cde4cd7",
      "src/components/PixelMeter.vue": "77b69a1b161f6ad7e29a346665a69645a3d8589281e8bc32832f149e41d81ca9",
      "src/components/PixelWindow.vue": "15397996c0984586bd95e6383c647fba88dbb77ec0a9f01e78dc723821e61da4",
      "src/components/PlaceWindow.vue": "39ad0ac71e13dc67b07e65f15ecbcb38fb7cd18d0e3d8f5140eb97a943d21ce6",
      "src/components/PropertyWindow.vue": "9bd6f8d2a5b00435b6e86c149bf6a7d4bf5343ed2be26e2416772a3aaf0c27d1",
      "src/components/StatusNotice.vue": "6c722ade5aa61f45e5fb2c77c8a8dc15e701173484f3871f7365d7cf9500f6a9",
      "src/components/WorldMap.vue": "37de32ea49da36d4e74c9ced377adbe280fa45cb60fdf69d8a5c39a260719a5f",
      "src/components/WorldRecords.vue": "424365a02880ce6767ffc9e9769e5a0f61905c0fc046753d8fc80f5bfadaaed8",
      "src/data/config.ts": "c81505557ccadf66b8046b1f1976c90bb63165804502dce770c468deb9cb6984",
      "src/data/crafting.ts": "a6946d02a5783c52e672bc25abc33202830f98983488e7f0df2ee1984d7c86f9",
      "src/data/identity.ts": "0acc09bbd1f9d9c4e057b2bdca01fa202730e868325cb873286c5c31a809dae0",
      "src/data/lifeRules.ts": "07b9ab1836c6d96077a4a6aaedd7f5d7abec6f1b5132bc5203da1d1e9291e1b3",
      "src/data/livingEvents.ts": "768aaee2a9d1e8b9919163059d36a494f5071bf7a0568bfe7b0c80f735d03bc1",
      "src/data/npcLife.ts": "5089f01033570e33528b63538a06a3f0645735b8c8c884d8f2c54a900a937b4f",
      "src/data/ownership.ts": "32b4133d753764952905da43276cd1cd56ea26f32e44b4b540225dc8f59140f2",
      "src/data/rewards.ts": "f2d60b4eb0c7d3349e242b6c2a81853e92cf5b74e25e1be071cf839fd6c98cd5",
      "src/domain/crisis.ts": "03ef61f00c08ea84cdd6126d64009e3032fb38a5662db8a736519045f00ad14c",
      "src/domain/life.ts": "db2eff0c1eb6d3ae310f39d8df5a6bf40b125193741a25b9bbe652c4640de72a",
      "src/domain/reward.ts": "fb7463d0327e73097979d5ccd6823b10b0f0d9d14280974215ba6459eb899c0a",
      "src/domain/types.ts": "c90703ac043a4e3310ed695155a0dba02763d56fb06b0f3bd6833cfe32f34564",
      "src/engine/actions.test.ts": "813166423bd0b55fd0172eedb1bcf766028a1045588807473c2205f6cec47fa5",
      "src/engine/actions.ts": "2470daad996be973e130a31fb76fc9ef14ca089a15c2269e797f1598f1df05f7",
      "src/engine/calendar.ts": "e587ce1d1e149fea987f5a3ab6013872528d5d74beafcb0f40d2fe476abf5524",
      "src/engine/civilDefense.test.ts": "c05afe2ab42f334f3284f3b7830ea073db96707995b2336e2b30855d0c84e125",
      "src/engine/civilDefense.ts": "9a6988658e62df485f85f69d0c1f0a0626078eeec43f0934ad2298e6cdcfe77d",
      "src/engine/combatStats.test.ts": "896b7517b4a2bcb4671b4d17188f0823edfe290e3826fc21f3bc94fe0f062bea",
      "src/engine/combatStats.ts": "d7235e4c59edc77aec368f940e8825712672cc3fcd49e83c7c901c5f049db34f",
      "src/engine/crafting.test.ts": "3a7ebc2ff5340947c3fc8608d49bd72d16cbc4e5399e910c5e3597c474fd2bca",
      "src/engine/crafting.ts": "04ed1724b723b78221ee31811b46171bb9e8d2fbb029a777dda5a12449378a88",
      "src/engine/crisisAdventure.test.ts": "56078d5785fef942872e0b4532ebfc6046c34e49f53abde0a7e2606afdc213e3",
      "src/engine/crisisContributions.test.ts": "2f88fab54f5ceca44570195901077f3f41a421b4c9ff3657b90ddcfe31ca02ce",
      "src/engine/crisisContributions.ts": "9354b3ddb288d2cfc5cad639b16bdb1b68c5eaca782101040ee3c9bbe49e1cd6",
      "src/engine/crisisResolution.test.ts": "8d289cce7b38e55494b3198c3da986a36d14d7c776f32aac776179c5a8685bb8",
      "src/engine/events.ts": "e2b781ad3f99cfc2b20f58ce561b2bf9c489c417512f4c7b209e02e3d5d2a1b1",
      "src/engine/gameLoop.test.ts": "96c76b875cedace6ab191a95e0b01285a024723691c1ebaca3ae76407492258d",
      "src/engine/gameLoop.ts": "016305d39fe6746347f783723e0f6e6d53f387766d3ca899816d618e9ab2d941",
      "src/engine/gearStats.ts": "66fa786c0c3e81cc317033181a0f11d9ef987c15f943e0960ec20a668eff0702",
      "src/engine/identity.test.ts": "5dc96ec9abf767c0e9202429cabebedefeb3bc0237ebe519c4d9feeccda2a07f",
      "src/engine/identity.ts": "2d7596a712c16940a590bdf47edd288fc965f429304889e0be3b09969d61119e",
      "src/engine/itemGeneration.test.ts": "2b09ecb49724820a5187a26099f654a00b0457a0d0f8e50609562ff26f5d39e2",
      "src/engine/itemGeneration.ts": "87be6646c4aa67a8d6443586373e848d0d8ffabad72b9752825224cb170fff71",
      "src/engine/lifeIntegration.test.ts": "c9e702a8819e0d372aff7411f45a85ebc1e829dfc6f1e753b728863a21f56a16",
      "src/engine/lifeState.ts": "bd7697bcb564061cd00ff7fc14373625c30d2a7de06473b8f97bffb4c61b3c58",
      "src/engine/livingEvents.test.ts": "239b9276d488b5c6e54f5a71b3ef7c727f3d600f9d04f9689a8efa207dd1157a",
      "src/engine/livingEvents.ts": "5a1754700e98080bbdd8e50f6896900377c16c1cacbb21da5c3c8a9162fa4ab7",
      "src/engine/lod.ts": "325c339270bc38b55bf9e5185f9f502e3934a1055ece7f1b67fb448743fe5df4",
      "src/engine/npcLife.test.ts": "8bbe40ae3b0a87926c7d65a53d079931b59bdd26ac8489148518c188a466a9dc",
      "src/engine/npcLife.ts": "7f2fe08b29c5ee145a06c3623b19b663fcd7251bdfa5c3a7bfe19bc393bf5c28",
      "src/engine/ownership.test.ts": "b339812b317032d3cf497e53c139c6397cc829ad5f5d50859897306acb2de725",
      "src/engine/ownership.ts": "50b5bef7df35778c95ddbf0dd0951a22f46517842a224bee1552cd2dd18ff6db",
      "src/engine/random.ts": "b0844202733996c5dd2f123a32ad800c433b22c02ddf0e744c163e880b612734",
      "src/engine/regionalCrisis.test.ts": "2eef285818c781d60dda7120bf6f3cd89c65084c1ac4345674010976830912f4",
      "src/engine/regionalCrisis.ts": "3fe8139a9677ae925c1f8ee63c5763b12fd03036d2cf651893a09874e3783bf3",
      "src/engine/regionalCrisisRecognition.ts": "b6c33d892cbb421b89d84620219bad60c7fe15fa883852bf6dbd0a44658004c0",
      "src/engine/rewardActions.test.ts": "0b8972f23231416b0cff9d4f8af8d8cc4c79804bdb1a971c437e0581ca5a7c7f",
      "src/engine/rewardActions.ts": "799acb63db633179829613db2dc4ca6066226846ec0c6c0c885c7b6c13ce717d",
      "src/engine/rewardState.ts": "2bc667870966beec916017a865f8e8cbf7b9893b31fe33823fec98305df5d901",
      "src/engine/simulation.test.ts": "a0808a2c3a02ea77382e0c29cd931e175f71e3201fc0827ae177c2af320d3b4e",
      "src/engine/simulation.ts": "c0c83c8f9e6de55e09ea78fa1489015c6bcf35c066a06aa1f95daecd600ac907",
      "src/engine/wolfFamily.test.ts": "9d1aa4f13c4582c317dd4e91b6a3cf32db1ea33e8adeef4a54097ecf4355716f",
      "src/engine/wolfFamily.ts": "1c1c18f12926a13f804ae215e60349e0c69e2dcb0e5c8d26518b11eeb7197ed7",
      "src/main.ts": "d40986b5fc51412d180baf7fd19e010611819486787be3a901e22315f3ae34a4",
      "src/presentation/craftingProjection.test.ts": "9e267bcd768b9ee7238ff6c6c7e669df5b7fa987fd872c7bf2848aee5d1090ce",
      "src/presentation/craftingProjection.ts": "26e70a094527b49ed17cf4e8a802d8e32f145789b13cb78d5b1825d70ce80dbf",
      "src/presentation/crisisProjection.test.ts": "5e0988814fda47f84e244671d10ef15ea3ea94594df2e813682dbdc1b959fa6c",
      "src/presentation/crisisProjection.ts": "0b221c5ff24b5f8b2cabd3fd45dc212194fe74c0932925f6c59f3ffc9f076c3b",
      "src/presentation/icons.ts": "765708954fb2796d5a31715a4f66e9036672417b61aad5e80ccdddaf2231a135",
      "src/presentation/lifeProjection.test.ts": "fa6c4282aedc420b300baf2d283bf11222b3cd806a4e4b7dbf8c77269a95292a",
      "src/presentation/lifeProjection.ts": "07c2f4a68e2ce095c8eb352db85a22d0481e9cf6131c1440da950f765b0e24f4",
      "src/presentation/rewardProjection.test.ts": "cb54650c0885c3c1c245a9eb7d599fa63589f7543fb1c7514fd570d6e1244d86",
      "src/presentation/rewardProjection.ts": "969498139ed5fa7b221378d939032d7948904c242ea3d3691657728293603d92",
      "src/presentation/worldProjection.test.ts": "ac09f1dd5fd910f21f54f2475de22aaab72c8ba5be3b974d90913cde7910bad4",
      "src/presentation/worldProjection.ts": "06d76b4946a11de5ef28d3fa4a6966a0a2a0e0859c43370009b4ad30d2dcc73b",
      "src/presentation/worldUI.test.ts": "2f3df8b838778eabfb17e3364c37905b3a2ab043ebba3ad1500c911cce7e4e6e",
      "src/presentation/worldUI.ts": "a0abdb1cc227cf4d60e7bb3c1531fc555dff800d462b74be312f67c562e6c91e",
      "src/services/playJournal.test.ts": "90fa0dbf1b5a928728e4100eb4b5e5b2f7eb1f3944b1a559455713e8b155610a",
      "src/services/playJournal.ts": "92d55ee79abe39e0e0c83fd2cc54243559517f787cfe23262486810f45163940",
      "src/services/rewardSave.test.ts": "a27b2e1566755e16eabb9ced931a2c38898bfca10f3812e9be485e156603c3aa",
      "src/services/rewardValidation.ts": "3b229fe371f38df3cb6ab75dabf90973b94c1249b9d557ed747d736851f25ba1",
      "src/services/saveService.test.ts": "f1d85b9ad0a24e1c662864219da4cce053d38337b9afc2298a7a4cee0a4d27c8",
      "src/services/saveService.ts": "5d8ce05621c8be0dba81ec594d61de23bc40826faa7acf0a7c260876f9251bf1",
      "src/services/saveWriter.ts": "0703016eb96d12bb843f0b04b6e21b6568bf7f9b44defc59e340896c675ff43b",
      "src/stores/gameStore.test.ts": "a182469258b05a83d305dac07c2450847436a19cc7528362a149d8b07df0064f",
      "src/stores/gameStore.ts": "b5d18a378cf4b05d05a37a2825e7eff045fd1ef68ac0714076b8f7c049bf5ac2",
      "src/style.scss": "3d4a0eca9794501b3da62630d98a25298b7e0a9cf71bae57ce6c8d77ae4f8c2e"
    },
    "sourceFingerprint": "c9fd3e455af08f18c50bc7eaa3677ecdd950b2e0c177bc779fe39b1fb3ca2cbb",
    "buildInputsSha256": {
      "package.json": "e44cbba601836e8b2adc8e872caba3ce665c6b21873aeee153fc729099625f80",
      "package-lock.json": "cd8379969a4ee99f80434dce4c7afff4fcf52290aa9d40ba4668c5165dbdc53d",
      "tsconfig.json": "2f45629d03f844524c3b19b580db910c7c120e4e0d06b00eae6f73e829d968b0",
      "vite.config.ts": "f5e64ccf326c3dd505ea11a18e691d1bc5b698d9bd130b234a788fc3c9017366",
      "index.html": "bfa28297eece5f57e38878097b4db8b481d5fcee44442da76244e0bb3dffb794"
    },
    "buildInputsFingerprint": "953400b45ba7b923fe1f99ec590543615929d91e42782cd5c58ee3d75f739b71",
    "distSha256": {
      "dist/assets/index-C5oR9znA.js": "b3ad26fd438aaffec0176bfa43faf3f253f66dd00eec98ad119cf0527ee99b9f",
      "dist/assets/index-DmiWzmoy.css": "b76cc82a4d2fccd3ef0737700963ccae4aba6a3fedda8c26cc82eb30e7f86870",
      "dist/index.html": "2e91f5d3576d38eb50b492546391a6a3f0ed513afd93e2c6f79e2971290e6875"
    },
    "distFingerprint": "2214607f93c555fe64672f75bca427ad6c0d8fef02a835219a3fcb2a7568a137",
    "buildStatusPath": "/workspace/plw-rpg/reports/v2/20261008-regional-crisis/phase-06/j-build-status.json",
    "buildStatusSha256": "8e338e86b7bbea441d8c211d871a67fa727db8325b5f535724022d8488814a31",
    "buildStatusSourceSha256": {
      "src/App.vue": "f3ed979e98946fd747bf7f0508a03a31b50165ff09b4202e5b48753a977fdde8",
      "src/components/AdventureWindow.vue": "eb6167f033c2c871d0719fb3742319df591feace02bffabe8af5a4802ebfc087",
      "src/components/CharacterSheet.vue": "0905f39da0b3ba52ed2c8c4c852ce08bc96a5e80d925cb64bb1f3dcb5b0d0dbd",
      "src/components/IdentityWindow.vue": "982afc32143581311c9a014236e3e2a75e1a40b8f04f8fe97796c542966f7f06",
      "src/components/InventoryWindow.vue": "12794d34b5d7df1902804f36698c26d58f0c46e3ec8f8bcd4519b075d2ad4609",
      "src/components/LifeNewsWindow.vue": "f59e6aef06e4f610b702f09ac45ed64295a4fbeece8bfe9a424e0b2d7975438b",
      "src/components/NpcWindow.vue": "0e930a8dfeec0f4db6cdad0adace75825baa8cc40e09307e1e55c7085cde4cd7",
      "src/components/PixelMeter.vue": "77b69a1b161f6ad7e29a346665a69645a3d8589281e8bc32832f149e41d81ca9",
      "src/components/PixelWindow.vue": "15397996c0984586bd95e6383c647fba88dbb77ec0a9f01e78dc723821e61da4",
      "src/components/PlaceWindow.vue": "39ad0ac71e13dc67b07e65f15ecbcb38fb7cd18d0e3d8f5140eb97a943d21ce6",
      "src/components/PropertyWindow.vue": "9bd6f8d2a5b00435b6e86c149bf6a7d4bf5343ed2be26e2416772a3aaf0c27d1",
      "src/components/StatusNotice.vue": "6c722ade5aa61f45e5fb2c77c8a8dc15e701173484f3871f7365d7cf9500f6a9",
      "src/components/WorldMap.vue": "37de32ea49da36d4e74c9ced377adbe280fa45cb60fdf69d8a5c39a260719a5f",
      "src/components/WorldRecords.vue": "424365a02880ce6767ffc9e9769e5a0f61905c0fc046753d8fc80f5bfadaaed8",
      "src/data/config.ts": "c81505557ccadf66b8046b1f1976c90bb63165804502dce770c468deb9cb6984",
      "src/data/crafting.ts": "a6946d02a5783c52e672bc25abc33202830f98983488e7f0df2ee1984d7c86f9",
      "src/data/identity.ts": "0acc09bbd1f9d9c4e057b2bdca01fa202730e868325cb873286c5c31a809dae0",
      "src/data/lifeRules.ts": "07b9ab1836c6d96077a4a6aaedd7f5d7abec6f1b5132bc5203da1d1e9291e1b3",
      "src/data/livingEvents.ts": "768aaee2a9d1e8b9919163059d36a494f5071bf7a0568bfe7b0c80f735d03bc1",
      "src/data/npcLife.ts": "5089f01033570e33528b63538a06a3f0645735b8c8c884d8f2c54a900a937b4f",
      "src/data/ownership.ts": "32b4133d753764952905da43276cd1cd56ea26f32e44b4b540225dc8f59140f2",
      "src/data/rewards.ts": "f2d60b4eb0c7d3349e242b6c2a81853e92cf5b74e25e1be071cf839fd6c98cd5",
      "src/domain/crisis.ts": "03ef61f00c08ea84cdd6126d64009e3032fb38a5662db8a736519045f00ad14c",
      "src/domain/life.ts": "db2eff0c1eb6d3ae310f39d8df5a6bf40b125193741a25b9bbe652c4640de72a",
      "src/domain/reward.ts": "fb7463d0327e73097979d5ccd6823b10b0f0d9d14280974215ba6459eb899c0a",
      "src/domain/types.ts": "c90703ac043a4e3310ed695155a0dba02763d56fb06b0f3bd6833cfe32f34564",
      "src/engine/actions.test.ts": "813166423bd0b55fd0172eedb1bcf766028a1045588807473c2205f6cec47fa5",
      "src/engine/actions.ts": "2470daad996be973e130a31fb76fc9ef14ca089a15c2269e797f1598f1df05f7",
      "src/engine/calendar.ts": "e587ce1d1e149fea987f5a3ab6013872528d5d74beafcb0f40d2fe476abf5524",
      "src/engine/civilDefense.test.ts": "c05afe2ab42f334f3284f3b7830ea073db96707995b2336e2b30855d0c84e125",
      "src/engine/civilDefense.ts": "9a6988658e62df485f85f69d0c1f0a0626078eeec43f0934ad2298e6cdcfe77d",
      "src/engine/combatStats.test.ts": "896b7517b4a2bcb4671b4d17188f0823edfe290e3826fc21f3bc94fe0f062bea",
      "src/engine/combatStats.ts": "d7235e4c59edc77aec368f940e8825712672cc3fcd49e83c7c901c5f049db34f",
      "src/engine/crafting.test.ts": "3a7ebc2ff5340947c3fc8608d49bd72d16cbc4e5399e910c5e3597c474fd2bca",
      "src/engine/crafting.ts": "04ed1724b723b78221ee31811b46171bb9e8d2fbb029a777dda5a12449378a88",
      "src/engine/crisisAdventure.test.ts": "56078d5785fef942872e0b4532ebfc6046c34e49f53abde0a7e2606afdc213e3",
      "src/engine/crisisContributions.test.ts": "2f88fab54f5ceca44570195901077f3f41a421b4c9ff3657b90ddcfe31ca02ce",
      "src/engine/crisisContributions.ts": "9354b3ddb288d2cfc5cad639b16bdb1b68c5eaca782101040ee3c9bbe49e1cd6",
      "src/engine/crisisResolution.test.ts": "8d289cce7b38e55494b3198c3da986a36d14d7c776f32aac776179c5a8685bb8",
      "src/engine/events.ts": "e2b781ad3f99cfc2b20f58ce561b2bf9c489c417512f4c7b209e02e3d5d2a1b1",
      "src/engine/gameLoop.test.ts": "96c76b875cedace6ab191a95e0b01285a024723691c1ebaca3ae76407492258d",
      "src/engine/gameLoop.ts": "016305d39fe6746347f783723e0f6e6d53f387766d3ca899816d618e9ab2d941",
      "src/engine/gearStats.ts": "66fa786c0c3e81cc317033181a0f11d9ef987c15f943e0960ec20a668eff0702",
      "src/engine/identity.test.ts": "5dc96ec9abf767c0e9202429cabebedefeb3bc0237ebe519c4d9feeccda2a07f",
      "src/engine/identity.ts": "2d7596a712c16940a590bdf47edd288fc965f429304889e0be3b09969d61119e",
      "src/engine/itemGeneration.test.ts": "2b09ecb49724820a5187a26099f654a00b0457a0d0f8e50609562ff26f5d39e2",
      "src/engine/itemGeneration.ts": "87be6646c4aa67a8d6443586373e848d0d8ffabad72b9752825224cb170fff71",
      "src/engine/lifeIntegration.test.ts": "c9e702a8819e0d372aff7411f45a85ebc1e829dfc6f1e753b728863a21f56a16",
      "src/engine/lifeState.ts": "bd7697bcb564061cd00ff7fc14373625c30d2a7de06473b8f97bffb4c61b3c58",
      "src/engine/livingEvents.test.ts": "239b9276d488b5c6e54f5a71b3ef7c727f3d600f9d04f9689a8efa207dd1157a",
      "src/engine/livingEvents.ts": "5a1754700e98080bbdd8e50f6896900377c16c1cacbb21da5c3c8a9162fa4ab7",
      "src/engine/lod.ts": "325c339270bc38b55bf9e5185f9f502e3934a1055ece7f1b67fb448743fe5df4",
      "src/engine/npcLife.test.ts": "8bbe40ae3b0a87926c7d65a53d079931b59bdd26ac8489148518c188a466a9dc",
      "src/engine/npcLife.ts": "7f2fe08b29c5ee145a06c3623b19b663fcd7251bdfa5c3a7bfe19bc393bf5c28",
      "src/engine/ownership.test.ts": "b339812b317032d3cf497e53c139c6397cc829ad5f5d50859897306acb2de725",
      "src/engine/ownership.ts": "50b5bef7df35778c95ddbf0dd0951a22f46517842a224bee1552cd2dd18ff6db",
      "src/engine/random.ts": "b0844202733996c5dd2f123a32ad800c433b22c02ddf0e744c163e880b612734",
      "src/engine/regionalCrisis.test.ts": "2eef285818c781d60dda7120bf6f3cd89c65084c1ac4345674010976830912f4",
      "src/engine/regionalCrisis.ts": "3fe8139a9677ae925c1f8ee63c5763b12fd03036d2cf651893a09874e3783bf3",
      "src/engine/regionalCrisisRecognition.ts": "b6c33d892cbb421b89d84620219bad60c7fe15fa883852bf6dbd0a44658004c0",
      "src/engine/rewardActions.test.ts": "0b8972f23231416b0cff9d4f8af8d8cc4c79804bdb1a971c437e0581ca5a7c7f",
      "src/engine/rewardActions.ts": "799acb63db633179829613db2dc4ca6066226846ec0c6c0c885c7b6c13ce717d",
      "src/engine/rewardState.ts": "2bc667870966beec916017a865f8e8cbf7b9893b31fe33823fec98305df5d901",
      "src/engine/simulation.test.ts": "a0808a2c3a02ea77382e0c29cd931e175f71e3201fc0827ae177c2af320d3b4e",
      "src/engine/simulation.ts": "c0c83c8f9e6de55e09ea78fa1489015c6bcf35c066a06aa1f95daecd600ac907",
      "src/engine/wolfFamily.test.ts": "9d1aa4f13c4582c317dd4e91b6a3cf32db1ea33e8adeef4a54097ecf4355716f",
      "src/engine/wolfFamily.ts": "1c1c18f12926a13f804ae215e60349e0c69e2dcb0e5c8d26518b11eeb7197ed7",
      "src/main.ts": "d40986b5fc51412d180baf7fd19e010611819486787be3a901e22315f3ae34a4",
      "src/presentation/craftingProjection.test.ts": "9e267bcd768b9ee7238ff6c6c7e669df5b7fa987fd872c7bf2848aee5d1090ce",
      "src/presentation/craftingProjection.ts": "26e70a094527b49ed17cf4e8a802d8e32f145789b13cb78d5b1825d70ce80dbf",
      "src/presentation/crisisProjection.test.ts": "5e0988814fda47f84e244671d10ef15ea3ea94594df2e813682dbdc1b959fa6c",
      "src/presentation/crisisProjection.ts": "0b221c5ff24b5f8b2cabd3fd45dc212194fe74c0932925f6c59f3ffc9f076c3b",
      "src/presentation/icons.ts": "765708954fb2796d5a31715a4f66e9036672417b61aad5e80ccdddaf2231a135",
      "src/presentation/lifeProjection.test.ts": "fa6c4282aedc420b300baf2d283bf11222b3cd806a4e4b7dbf8c77269a95292a",
      "src/presentation/lifeProjection.ts": "07c2f4a68e2ce095c8eb352db85a22d0481e9cf6131c1440da950f765b0e24f4",
      "src/presentation/rewardProjection.test.ts": "cb54650c0885c3c1c245a9eb7d599fa63589f7543fb1c7514fd570d6e1244d86",
      "src/presentation/rewardProjection.ts": "969498139ed5fa7b221378d939032d7948904c242ea3d3691657728293603d92",
      "src/presentation/worldProjection.test.ts": "ac09f1dd5fd910f21f54f2475de22aaab72c8ba5be3b974d90913cde7910bad4",
      "src/presentation/worldProjection.ts": "06d76b4946a11de5ef28d3fa4a6966a0a2a0e0859c43370009b4ad30d2dcc73b",
      "src/presentation/worldUI.test.ts": "2f3df8b838778eabfb17e3364c37905b3a2ab043ebba3ad1500c911cce7e4e6e",
      "src/presentation/worldUI.ts": "a0abdb1cc227cf4d60e7bb3c1531fc555dff800d462b74be312f67c562e6c91e",
      "src/services/playJournal.test.ts": "90fa0dbf1b5a928728e4100eb4b5e5b2f7eb1f3944b1a559455713e8b155610a",
      "src/services/playJournal.ts": "92d55ee79abe39e0e0c83fd2cc54243559517f787cfe23262486810f45163940",
      "src/services/rewardSave.test.ts": "a27b2e1566755e16eabb9ced931a2c38898bfca10f3812e9be485e156603c3aa",
      "src/services/rewardValidation.ts": "3b229fe371f38df3cb6ab75dabf90973b94c1249b9d557ed747d736851f25ba1",
      "src/services/saveService.test.ts": "f1d85b9ad0a24e1c662864219da4cce053d38337b9afc2298a7a4cee0a4d27c8",
      "src/services/saveService.ts": "5d8ce05621c8be0dba81ec594d61de23bc40826faa7acf0a7c260876f9251bf1",
      "src/services/saveWriter.ts": "0703016eb96d12bb843f0b04b6e21b6568bf7f9b44defc59e340896c675ff43b",
      "src/stores/gameStore.test.ts": "a182469258b05a83d305dac07c2450847436a19cc7528362a149d8b07df0064f",
      "src/stores/gameStore.ts": "b5d18a378cf4b05d05a37a2825e7eff045fd1ef68ac0714076b8f7c049bf5ac2",
      "src/style.scss": "3d4a0eca9794501b3da62630d98a25298b7e0a9cf71bae57ce6c8d77ae4f8c2e"
    },
    "qaFilesSha256": {
      "reports/v2/20261008-regional-crisis/phase-06/j_browser_launcher.py": "428fbff3f6d35d633d923d8718f5d5456af0de274851aa2ef7baa59069e7c866",
      "reports/v2/20261008-regional-crisis/phase-06/j_browser_runner.py": "221db4cd8b43b4123517b4a72b8487328c22eca3740b4b8d3ea33681fdb1c778",
      "reports/v2/20261008-regional-crisis/phase-06/j_browser_support.py": "0a5ee7cf4eae755d904bd8330a6e97af574ada6c3ca520d0edd317cd24defb28",
      "reports/v2/20261008-regional-crisis/phase-06/j_fixture_generator.py": "ee0a6954bba20c715c0848f906012815a8c26a144f22d27c2b2a317e2bc91281"
    },
    "recordedReportsSha256": "bc09dc981267e9cdfaf63103b260c052417b2ff675e551cd2677986f9231962b"
  },
  "sourceStableDuringRun": true,
  "endUTC": "2026-10-08T00:39:19.661576+00:00",
  "durationSeconds": 25.57,
  "browserErrors": false
}
