{
  "status": "FAILED",
  "runId": "20261008T005042Z-pid50642",
  "mode": "dry",
  "startedMonotonic": 56654.209598275,
  "producer": "g6-luna-low-phase6-j-browser-qa",
  "runnerExecution": {
    "requestedModel": "GPT-6 Luna",
    "requestedEffort": "low",
    "backendRuntimeVerified": false
  },
  "policyExecution": {
    "controller": "visible-world goal selection with recorded reasons",
    "modelInference": "none",
    "humanEnjoymentClaim": false
  },
  "releaseMarker": {
    "authorization": "Phase 6-J released by Root",
    "markerRequired": false
  },
  "sourceBefore": {
    "head": "bd316cb326e5fbc20087c0154d6e3f294a5daac7",
    "sourceSha256": {
      "src/App.vue": "f3ed979e98946fd747bf7f0508a03a31b50165ff09b4202e5b48753a977fdde8",
      "src/components/AdventureWindow.vue": "eb6167f033c2c871d0719fb3742319df591feace02bffabe8af5a4802ebfc087",
      "src/components/CharacterSheet.vue": "0905f39da0b3ba52ed2c8c4c852ce08bc96a5e80d925cb64bb1f3dcb5b0d0dbd",
      "src/components/IdentityWindow.vue": "982afc32143581311c9a014236e3e2a75e1a40b8f04f8fe97796c542966f7f06",
      "src/components/InventoryWindow.vue": "12794d34b5d7df1902804f36698c26d58f0c46e3ec8f8bcd4519b075d2ad4609",
      "src/components/LifeNewsWindow.vue": "f59e6aef06e4f610b702f09ac45ed64295a4fbeece8bfe9a424e0b2d7975438b",
      "src/components/NpcWindow.vue": "0e930a8dfeec0f4db6cdad0adace75825baa8cc40e09307e1e55c7085cde4cd7",
      "src/components/PixelMeter.vue": "77b69a1b161f6ad7e29a346665a69645a3d8589281e8bc32832f149e41d81ca9",
      "src/components/PixelWindow.vue": "15397996c0984586bd95e6383c647fba88dbb77ec0a9f01e78dc723821e61da4",
      "src/components/PlaceWindow.vue": "39ad0ac71e13dc67b07e65f15ecbcb38fb7cd18d0e3d8f5140eb97a943d21ce6",
      "src/components/PropertyWindow.vue": "9bd6f8d2a5b00435b6e86c149bf6a7d4bf5343ed2be26e2416772a3aaf0c27d1",
      "src/components/StatusNotice.vue": "6c722ade5aa61f45e5fb2c77c8a8dc15e701173484f3871f7365d7cf9500f6a9",
      "src/components/WorldMap.vue": "37de32ea49da36d4e74c9ced377adbe280fa45cb60fdf69d8a5c39a260719a5f",
      "src/components/WorldRecords.vue": "424365a02880ce6767ffc9e9769e5a0f61905c0fc046753d8fc80f5bfadaaed8",
      "src/data/config.ts": "c81505557ccadf66b8046b1f1976c90bb63165804502dce770c468deb9cb6984",
      "src/data/crafting.ts": "a6946d02a5783c52e672bc25abc33202830f98983488e7f0df2ee1984d7c86f9",
      "src/data/identity.ts": "0acc09bbd1f9d9c4e057b2bdca01fa202730e868325cb873286c5c31a809dae0",
      "src/data/lifeRules.ts": "07b9ab1836c6d96077a4a6aaedd7f5d7abec6f1b5132bc5203da1d1e9291e1b3",
      "src/data/livingEvents.ts": "768aaee2a9d1e8b9919163059d36a494f5071bf7a0568bfe7b0c80f735d03bc1",
      "src/data/npcLife.ts": "5089f01033570e33528b63538a06a3f0645735b8c8c884d8f2c54a900a937b4f",
      "src/data/ownership.ts": "32b4133d753764952905da43276cd1cd56ea26f32e44b4b540225dc8f59140f2",
      "src/data/rewards.ts": "f2d60b4eb0c7d3349e242b6c2a81853e92cf5b74e25e1be071cf839fd6c98cd5",
      "src/domain/crisis.ts": "03ef61f00c08ea84cdd6126d64009e3032fb38a5662db8a736519045f00ad14c",
      "src/domain/life.ts": "db2eff0c1eb6d3ae310f39d8df5a6bf40b125193741a25b9bbe652c4640de72a",
      "src/domain/reward.ts": "fb7463d0327e73097979d5ccd6823b10b0f0d9d14280974215ba6459eb899c0a",
      "src/domain/types.ts": "c90703ac043a4e3310ed695155a0dba02763d56fb06b0f3bd6833cfe32f34564",
      "src/engine/actions.test.ts": "813166423bd0b55fd0172eedb1bcf766028a1045588807473c2205f6cec47fa5",
      "src/engine/actions.ts": "2470daad996be973e130a31fb76fc9ef14ca089a15c2269e797f1598f1df05f7",
      "src/engine/calendar.ts": "e587ce1d1e149fea987f5a3ab6013872528d5d74beafcb0f40d2fe476abf5524",
      "src/engine/civilDefense.test.ts": "c05afe2ab42f334f3284f3b7830ea073db96707995b2336e2b30855d0c84e125",
      "src/engine/civilDefense.ts": "9a6988658e62df485f85f69d0c1f0a0626078eeec43f0934ad2298e6cdcfe77d",
      "src/engine/combatStats.test.ts": "896b7517b4a2bcb4671b4d17188f0823edfe290e3826fc21f3bc94fe0f062bea",
      "src/engine/combatStats.ts": "d7235e4c59edc77aec368f940e8825712672cc3fcd49e83c7c901c5f049db34f",
      "src/engine/crafting.test.ts": "3a7ebc2ff5340947c3fc8608d49bd72d16cbc4e5399e910c5e3597c474fd2bca",
      "src/engine/crafting.ts": "04ed1724b723b78221ee31811b46171bb9e8d2fbb029a777dda5a12449378a88",
      "src/engine/crisisAdventure.test.ts": "56078d5785fef942872e0b4532ebfc6046c34e49f53abde0a7e2606afdc213e3",
      "src/engine/crisisContributions.test.ts": "2f88fab54f5ceca44570195901077f3f41a421b4c9ff3657b90ddcfe31ca02ce",
      "src/engine/crisisContributions.ts": "9354b3ddb288d2cfc5cad639b16bdb1b68c5eaca782101040ee3c9bbe49e1cd6",
      "src/engine/crisisResolution.test.ts": "8d289cce7b38e55494b3198c3da986a36d14d7c776f32aac776179c5a8685bb8",
      "src/engine/events.ts": "e2b781ad3f99cfc2b20f58ce561b2bf9c489c417512f4c7b209e02e3d5d2a1b1",
      "src/engine/gameLoop.test.ts": "96c76b875cedace6ab191a95e0b01285a024723691c1ebaca3ae76407492258d",
      "src/engine/gameLoop.ts": "016305d39fe6746347f783723e0f6e6d53f387766d3ca899816d618e9ab2d941",
      "src/engine/gearStats.ts": "66fa786c0c3e81cc317033181a0f11d9ef987c15f943e0960ec20a668eff0702",
      "src/engine/identity.test.ts": "5dc96ec9abf767c0e9202429cabebedefeb3bc0237ebe519c4d9feeccda2a07f",
      "src/engine/identity.ts": "2d7596a712c16940a590bdf47edd288fc965f429304889e0be3b09969d61119e",
      "src/engine/itemGeneration.test.ts": "2b09ecb49724820a5187a26099f654a00b0457a0d0f8e50609562ff26f5d39e2",
      "src/engine/itemGeneration.ts": "87be6646c4aa67a8d6443586373e848d0d8ffabad72b9752825224cb170fff71",
      "src/engine/lifeIntegration.test.ts": "c9e702a8819e0d372aff7411f45a85ebc1e829dfc6f1e753b728863a21f56a16",
      "src/engine/lifeState.ts": "bd7697bcb564061cd00ff7fc14373625c30d2a7de06473b8f97bffb4c61b3c58",
      "src/engine/livingEvents.test.ts": "239b9276d488b5c6e54f5a71b3ef7c727f3d600f9d04f9689a8efa207dd1157a",
      "src/engine/livingEvents.ts": "5a1754700e98080bbdd8e50f6896900377c16c1cacbb21da5c3c8a9162fa4ab7",
      "src/engine/lod.ts": "325c339270bc38b55bf9e5185f9f502e3934a1055ece7f1b67fb448743fe5df4",
      "src/engine/npcLife.test.ts": "8bbe40ae3b0a87926c7d65a53d079931b59bdd26ac8489148518c188a466a9dc",
      "src/engine/npcLife.ts": "7f2fe08b29c5ee145a06c3623b19b663fcd7251bdfa5c3a7bfe19bc393bf5c28",
      "src/engine/ownership.test.ts": "b339812b317032d3cf497e53c139c6397cc829ad5f5d50859897306acb2de725",
      "src/engine/ownership.ts": "50b5bef7df35778c95ddbf0dd0951a22f46517842a224bee1552cd2dd18ff6db",
      "src/engine/random.ts": "b0844202733996c5dd2f123a32ad800c433b22c02ddf0e744c163e880b612734",
      "src/engine/regionalCrisis.test.ts": "2eef285818c781d60dda7120bf6f3cd89c65084c1ac4345674010976830912f4",
      "src/engine/regionalCrisis.ts": "3fe8139a9677ae925c1f8ee63c5763b12fd03036d2cf651893a09874e3783bf3",
      "src/engine/regionalCrisisRecognition.ts": "b6c33d892cbb421b89d84620219bad60c7fe15fa883852bf6dbd0a44658004c0",
      "src/engine/rewardActions.test.ts": "0b8972f23231416b0cff9d4f8af8d8cc4c79804bdb1a971c437e0581ca5a7c7f",
      "src/engine/rewardActions.ts": "799acb63db633179829613db2dc4ca6066226846ec0c6c0c885c7b6c13ce717d",
      "src/engine/rewardState.ts": "2bc667870966beec916017a865f8e8cbf7b9893b31fe33823fec98305df5d901",
      "src/engine/simulation.test.ts": "a0808a2c3a02ea77382e0c29cd931e175f71e3201fc0827ae177c2af320d3b4e",
      "src/engine/simulation.ts": "c0c83c8f9e6de55e09ea78fa1489015c6bcf35c066a06aa1f95daecd600ac907",
      "src/engine/wolfFamily.test.ts": "9d1aa4f13c4582c317dd4e91b6a3cf32db1ea33e8adeef4a54097ecf4355716f",
      "src/engine/wolfFamily.ts": "1c1c18f12926a13f804ae215e60349e0c69e2dcb0e5c8d26518b11eeb7197ed7",
      "src/main.ts": "d40986b5fc51412d180baf7fd19e010611819486787be3a901e22315f3ae34a4",
      "src/presentation/craftingProjection.test.ts": "9e267bcd768b9ee7238ff6c6c7e669df5b7fa987fd872c7bf2848aee5d1090ce",
      "src/presentation/craftingProjection.ts": "26e70a094527b49ed17cf4e8a802d8e32f145789b13cb78d5b1825d70ce80dbf",
      "src/presentation/crisisProjection.test.ts": "5e0988814fda47f84e244671d10ef15ea3ea94594df2e813682dbdc1b959fa6c",
      "src/presentation/crisisProjection.ts": "0b221c5ff24b5f8b2cabd3fd45dc212194fe74c0932925f6c59f3ffc9f076c3b",
      "src/presentation/icons.ts": "765708954fb2796d5a31715a4f66e9036672417b61aad5e80ccdddaf2231a135",
      "src/presentation/lifeProjection.test.ts": "fa6c4282aedc420b300baf2d283bf11222b3cd806a4e4b7dbf8c77269a95292a",
      "src/presentation/lifeProjection.ts": "07c2f4a68e2ce095c8eb352db85a22d0481e9cf6131c1440da950f765b0e24f4",
      "src/presentation/rewardProjection.test.ts": "cb54650c0885c3c1c245a9eb7d599fa63589f7543fb1c7514fd570d6e1244d86",
      "src/presentation/rewardProjection.ts": "969498139ed5fa7b221378d939032d7948904c242ea3d3691657728293603d92",
      "src/presentation/worldProjection.test.ts": "ac09f1dd5fd910f21f54f2475de22aaab72c8ba5be3b974d90913cde7910bad4",
      "src/presentation/worldProjection.ts": "06d76b4946a11de5ef28d3fa4a6966a0a2a0e0859c43370009b4ad30d2dcc73b",
      "src/presentation/worldUI.test.ts": "2f3df8b838778eabfb17e3364c37905b3a2ab043ebba3ad1500c911cce7e4e6e",
      "src/presentation/worldUI.ts": "a0abdb1cc227cf4d60e7bb3c1531fc555dff800d462b74be312f67c562e6c91e",
      "src/services/playJournal.test.ts": "90fa0dbf1b5a928728e4100eb4b5e5b2f7eb1f3944b1a559455713e8b155610a",
      "src/services/playJournal.ts": "92d55ee79abe39e0e0c83fd2cc54243559517f787cfe23262486810f45163940",
      "src/services/rewardSave.test.ts": "a27b2e1566755e16eabb9ced931a2c38898bfca10f3812e9be485e156603c3aa",
      "src/services/rewardValidation.ts": "3b229fe371f38df3cb6ab75dabf90973b94c1249b9d557ed747d736851f25ba1",
      "src/services/saveService.test.ts": "f1d85b9ad0a24e1c662864219da4cce053d38337b9afc2298a7a4cee0a4d27c8",
      "src/services/saveService.ts": "5d8ce05621c8be0dba81ec594d61de23bc40826faa7acf0a7c260876f9251bf1",
      "src/services/saveWriter.ts": "0703016eb96d12bb843f0b04b6e21b6568bf7f9b44defc59e340896c675ff43b",
      "src/stores/gameStore.test.ts": "a182469258b05a83d305dac07c2450847436a19cc7528362a149d8b07df0064f",
      "src/stores/gameStore.ts": "b5d18a378cf4b05d05a37a2825e7eff045fd1ef68ac0714076b8f7c049bf5ac2",
      "src/style.scss": "3d4a0eca9794501b3da62630d98a25298b7e0a9cf71bae57ce6c8d77ae4f8c2e"
    },
    "sourceFingerprint": "c9fd3e455af08f18c50bc7eaa3677ecdd950b2e0c177bc779fe39b1fb3ca2cbb",
    "buildInputsSha256": {
      "package.json": "e44cbba601836e8b2adc8e872caba3ce665c6b21873aeee153fc729099625f80",
      "package-lock.json": "cd8379969a4ee99f80434dce4c7afff4fcf52290aa9d40ba4668c5165dbdc53d",
      "tsconfig.json": "2f45629d03f844524c3b19b580db910c7c120e4e0d06b00eae6f73e829d968b0",
      "vite.config.ts": "f5e64ccf326c3dd505ea11a18e691d1bc5b698d9bd130b234a788fc3c9017366",
      "index.html": "bfa28297eece5f57e38878097b4db8b481d5fcee44442da76244e0bb3dffb794"
    },
    "buildInputsFingerprint": "953400b45ba7b923fe1f99ec590543615929d91e42782cd5c58ee3d75f739b71",
    "distSha256": {
      "dist/assets/index-C5oR9znA.js": "b3ad26fd438aaffec0176bfa43faf3f253f66dd00eec98ad119cf0527ee99b9f",
      "dist/assets/index-DmiWzmoy.css": "b76cc82a4d2fccd3ef0737700963ccae4aba6a3fedda8c26cc82eb30e7f86870",
      "dist/index.html": "2e91f5d3576d38eb50b492546391a6a3f0ed513afd93e2c6f79e2971290e6875"
    },
    "distFingerprint": "2214607f93c555fe64672f75bca427ad6c0d8fef02a835219a3fcb2a7568a137",
    "buildStatusPath": "/workspace/plw-rpg/reports/v2/20261008-regional-crisis/phase-06/j-build-status.json",
    "buildStatusSha256": "8e338e86b7bbea441d8c211d871a67fa727db8325b5f535724022d8488814a31",
    "buildStatusSourceSha256": {
      "src/App.vue": "f3ed979e98946fd747bf7f0508a03a31b50165ff09b4202e5b48753a977fdde8",
      "src/components/AdventureWindow.vue": "eb6167f033c2c871d0719fb3742319df591feace02bffabe8af5a4802ebfc087",
      "src/components/CharacterSheet.vue": "0905f39da0b3ba52ed2c8c4c852ce08bc96a5e80d925cb64bb1f3dcb5b0d0dbd",
      "src/components/IdentityWindow.vue": "982afc32143581311c9a014236e3e2a75e1a40b8f04f8fe97796c542966f7f06",
      "src/components/InventoryWindow.vue": "12794d34b5d7df1902804f36698c26d58f0c46e3ec8f8bcd4519b075d2ad4609",
      "src/components/LifeNewsWindow.vue": "f59e6aef06e4f610b702f09ac45ed64295a4fbeece8bfe9a424e0b2d7975438b",
      "src/components/NpcWindow.vue": "0e930a8dfeec0f4db6cdad0adace75825baa8cc40e09307e1e55c7085cde4cd7",
      "src/components/PixelMeter.vue": "77b69a1b161f6ad7e29a346665a69645a3d8589281e8bc32832f149e41d81ca9",
      "src/components/PixelWindow.vue": "15397996c0984586bd95e6383c647fba88dbb77ec0a9f01e78dc723821e61da4",
      "src/components/PlaceWindow.vue": "39ad0ac71e13dc67b07e65f15ecbcb38fb7cd18d0e3d8f5140eb97a943d21ce6",
      "src/components/PropertyWindow.vue": "9bd6f8d2a5b00435b6e86c149bf6a7d4bf5343ed2be26e2416772a3aaf0c27d1",
      "src/components/StatusNotice.vue": "6c722ade5aa61f45e5fb2c77c8a8dc15e701173484f3871f7365d7cf9500f6a9",
      "src/components/WorldMap.vue": "37de32ea49da36d4e74c9ced377adbe280fa45cb60fdf69d8a5c39a260719a5f",
      "src/components/WorldRecords.vue": "424365a02880ce6767ffc9e9769e5a0f61905c0fc046753d8fc80f5bfadaaed8",
      "src/data/config.ts": "c81505557ccadf66b8046b1f1976c90bb63165804502dce770c468deb9cb6984",
      "src/data/crafting.ts": "a6946d02a5783c52e672bc25abc33202830f98983488e7f0df2ee1984d7c86f9",
      "src/data/identity.ts": "0acc09bbd1f9d9c4e057b2bdca01fa202730e868325cb873286c5c31a809dae0",
      "src/data/lifeRules.ts": "07b9ab1836c6d96077a4a6aaedd7f5d7abec6f1b5132bc5203da1d1e9291e1b3",
      "src/data/livingEvents.ts": "768aaee2a9d1e8b9919163059d36a494f5071bf7a0568bfe7b0c80f735d03bc1",
      "src/data/npcLife.ts": "5089f01033570e33528b63538a06a3f0645735b8c8c884d8f2c54a900a937b4f",
      "src/data/ownership.ts": "32b4133d753764952905da43276cd1cd56ea26f32e44b4b540225dc8f59140f2",
      "src/data/rewards.ts": "f2d60b4eb0c7d3349e242b6c2a81853e92cf5b74e25e1be071cf839fd6c98cd5",
      "src/domain/crisis.ts": "03ef61f00c08ea84cdd6126d64009e3032fb38a5662db8a736519045f00ad14c",
      "src/domain/life.ts": "db2eff0c1eb6d3ae310f39d8df5a6bf40b125193741a25b9bbe652c4640de72a",
      "src/domain/reward.ts": "fb7463d0327e73097979d5ccd6823b10b0f0d9d14280974215ba6459eb899c0a",
      "src/domain/types.ts": "c90703ac043a4e3310ed695155a0dba02763d56fb06b0f3bd6833cfe32f34564",
      "src/engine/actions.test.ts": "813166423bd0b55fd0172eedb1bcf766028a1045588807473c2205f6cec47fa5",
      "src/engine/actions.ts": "2470daad996be973e130a31fb76fc9ef14ca089a15c2269e797f1598f1df05f7",
      "src/engine/calendar.ts": "e587ce1d1e149fea987f5a3ab6013872528d5d74beafcb0f40d2fe476abf5524",
      "src/engine/civilDefense.test.ts": "c05afe2ab42f334f3284f3b7830ea073db96707995b2336e2b30855d0c84e125",
      "src/engine/civilDefense.ts": "9a6988658e62df485f85f69d0c1f0a0626078eeec43f0934ad2298e6cdcfe77d",
      "src/engine/combatStats.test.ts": "896b7517b4a2bcb4671b4d17188f0823edfe290e3826fc21f3bc94fe0f062bea",
      "src/engine/combatStats.ts": "d7235e4c59edc77aec368f940e8825712672cc3fcd49e83c7c901c5f049db34f",
      "src/engine/crafting.test.ts": "3a7ebc2ff5340947c3fc8608d49bd72d16cbc4e5399e910c5e3597c474fd2bca",
      "src/engine/crafting.ts": "04ed1724b723b78221ee31811b46171bb9e8d2fbb029a777dda5a12449378a88",
      "src/engine/crisisAdventure.test.ts": "56078d5785fef942872e0b4532ebfc6046c34e49f53abde0a7e2606afdc213e3",
      "src/engine/crisisContributions.test.ts": "2f88fab54f5ceca44570195901077f3f41a421b4c9ff3657b90ddcfe31ca02ce",
      "src/engine/crisisContributions.ts": "9354b3ddb288d2cfc5cad639b16bdb1b68c5eaca782101040ee3c9bbe49e1cd6",
      "src/engine/crisisResolution.test.ts": "8d289cce7b38e55494b3198c3da986a36d14d7c776f32aac776179c5a8685bb8",
      "src/engine/events.ts": "e2b781ad3f99cfc2b20f58ce561b2bf9c489c417512f4c7b209e02e3d5d2a1b1",
      "src/engine/gameLoop.test.ts": "96c76b875cedace6ab191a95e0b01285a024723691c1ebaca3ae76407492258d",
      "src/engine/gameLoop.ts": "016305d39fe6746347f783723e0f6e6d53f387766d3ca899816d618e9ab2d941",
      "src/engine/gearStats.ts": "66fa786c0c3e81cc317033181a0f11d9ef987c15f943e0960ec20a668eff0702",
      "src/engine/identity.test.ts": "5dc96ec9abf767c0e9202429cabebedefeb3bc0237ebe519c4d9feeccda2a07f",
      "src/engine/identity.ts": "2d7596a712c16940a590bdf47edd288fc965f429304889e0be3b09969d61119e",
      "src/engine/itemGeneration.test.ts": "2b09ecb49724820a5187a26099f654a00b0457a0d0f8e50609562ff26f5d39e2",
      "src/engine/itemGeneration.ts": "87be6646c4aa67a8d6443586373e848d0d8ffabad72b9752825224cb170fff71",
      "src/engine/lifeIntegration.test.ts": "c9e702a8819e0d372aff7411f45a85ebc1e829dfc6f1e753b728863a21f56a16",
      "src/engine/lifeState.ts": "bd7697bcb564061cd00ff7fc14373625c30d2a7de06473b8f97bffb4c61b3c58",
      "src/engine/livingEvents.test.ts": "239b9276d488b5c6e54f5a71b3ef7c727f3d600f9d04f9689a8efa207dd1157a",
      "src/engine/livingEvents.ts": "5a1754700e98080bbdd8e50f6896900377c16c1cacbb21da5c3c8a9162fa4ab7",
      "src/engine/lod.ts": "325c339270bc38b55bf9e5185f9f502e3934a1055ece7f1b67fb448743fe5df4",
      "src/engine/npcLife.test.ts": "8bbe40ae3b0a87926c7d65a53d079931b59bdd26ac8489148518c188a466a9dc",
      "src/engine/npcLife.ts": "7f2fe08b29c5ee145a06c3623b19b663fcd7251bdfa5c3a7bfe19bc393bf5c28",
      "src/engine/ownership.test.ts": "b339812b317032d3cf497e53c139c6397cc829ad5f5d50859897306acb2de725",
      "src/engine/ownership.ts": "50b5bef7df35778c95ddbf0dd0951a22f46517842a224bee1552cd2dd18ff6db",
      "src/engine/random.ts": "b0844202733996c5dd2f123a32ad800c433b22c02ddf0e744c163e880b612734",
      "src/engine/regionalCrisis.test.ts": "2eef285818c781d60dda7120bf6f3cd89c65084c1ac4345674010976830912f4",
      "src/engine/regionalCrisis.ts": "3fe8139a9677ae925c1f8ee63c5763b12fd03036d2cf651893a09874e3783bf3",
      "src/engine/regionalCrisisRecognition.ts": "b6c33d892cbb421b89d84620219bad60c7fe15fa883852bf6dbd0a44658004c0",
      "src/engine/rewardActions.test.ts": "0b8972f23231416b0cff9d4f8af8d8cc4c79804bdb1a971c437e0581ca5a7c7f",
      "src/engine/rewardActions.ts": "799acb63db633179829613db2dc4ca6066226846ec0c6c0c885c7b6c13ce717d",
      "src/engine/rewardState.ts": "2bc667870966beec916017a865f8e8cbf7b9893b31fe33823fec98305df5d901",
      "src/engine/simulation.test.ts": "a0808a2c3a02ea77382e0c29cd931e175f71e3201fc0827ae177c2af320d3b4e",
      "src/engine/simulation.ts": "c0c83c8f9e6de55e09ea78fa1489015c6bcf35c066a06aa1f95daecd600ac907",
      "src/engine/wolfFamily.test.ts": "9d1aa4f13c4582c317dd4e91b6a3cf32db1ea33e8adeef4a54097ecf4355716f",
      "src/engine/wolfFamily.ts": "1c1c18f12926a13f804ae215e60349e0c69e2dcb0e5c8d26518b11eeb7197ed7",
      "src/main.ts": "d40986b5fc51412d180baf7fd19e010611819486787be3a901e22315f3ae34a4",
      "src/presentation/craftingProjection.test.ts": "9e267bcd768b9ee7238ff6c6c7e669df5b7fa987fd872c7bf2848aee5d1090ce",
      "src/presentation/craftingProjection.ts": "26e70a094527b49ed17cf4e8a802d8e32f145789b13cb78d5b1825d70ce80dbf",
      "src/presentation/crisisProjection.test.ts": "5e0988814fda47f84e244671d10ef15ea3ea94594df2e813682dbdc1b959fa6c",
      "src/presentation/crisisProjection.ts": "0b221c5ff24b5f8b2cabd3fd45dc212194fe74c0932925f6c59f3ffc9f076c3b",
      "src/presentation/icons.ts": "765708954fb2796d5a31715a4f66e9036672417b61aad5e80ccdddaf2231a135",
      "src/presentation/lifeProjection.test.ts": "fa6c4282aedc420b300baf2d283bf11222b3cd806a4e4b7dbf8c77269a95292a",
      "src/presentation/lifeProjection.ts": "07c2f4a68e2ce095c8eb352db85a22d0481e9cf6131c1440da950f765b0e24f4",
      "src/presentation/rewardProjection.test.ts": "cb54650c0885c3c1c245a9eb7d599fa63589f7543fb1c7514fd570d6e1244d86",
      "src/presentation/rewardProjection.ts": "969498139ed5fa7b221378d939032d7948904c242ea3d3691657728293603d92",
      "src/presentation/worldProjection.test.ts": "ac09f1dd5fd910f21f54f2475de22aaab72c8ba5be3b974d90913cde7910bad4",
      "src/presentation/worldProjection.ts": "06d76b4946a11de5ef28d3fa4a6966a0a2a0e0859c43370009b4ad30d2dcc73b",
      "src/presentation/worldUI.test.ts": "2f3df8b838778eabfb17e3364c37905b3a2ab043ebba3ad1500c911cce7e4e6e",
      "src/presentation/worldUI.ts": "a0abdb1cc227cf4d60e7bb3c1531fc555dff800d462b74be312f67c562e6c91e",
      "src/services/playJournal.test.ts": "90fa0dbf1b5a928728e4100eb4b5e5b2f7eb1f3944b1a559455713e8b155610a",
      "src/services/playJournal.ts": "92d55ee79abe39e0e0c83fd2cc54243559517f787cfe23262486810f45163940",
      "src/services/rewardSave.test.ts": "a27b2e1566755e16eabb9ced931a2c38898bfca10f3812e9be485e156603c3aa",
      "src/services/rewardValidation.ts": "3b229fe371f38df3cb6ab75dabf90973b94c1249b9d557ed747d736851f25ba1",
      "src/services/saveService.test.ts": "f1d85b9ad0a24e1c662864219da4cce053d38337b9afc2298a7a4cee0a4d27c8",
      "src/services/saveService.ts": "5d8ce05621c8be0dba81ec594d61de23bc40826faa7acf0a7c260876f9251bf1",
      "src/services/saveWriter.ts": "0703016eb96d12bb843f0b04b6e21b6568bf7f9b44defc59e340896c675ff43b",
      "src/stores/gameStore.test.ts": "a182469258b05a83d305dac07c2450847436a19cc7528362a149d8b07df0064f",
      "src/stores/gameStore.ts": "b5d18a378cf4b05d05a37a2825e7eff045fd1ef68ac0714076b8f7c049bf5ac2",
      "src/style.scss": "3d4a0eca9794501b3da62630d98a25298b7e0a9cf71bae57ce6c8d77ae4f8c2e"
    },
    "qaFilesSha256": {
      "reports/v2/20261008-regional-crisis/phase-06/j_browser_launcher.py": "428fbff3f6d35d633d923d8718f5d5456af0de274851aa2ef7baa59069e7c866",
      "reports/v2/20261008-regional-crisis/phase-06/j_browser_runner.py": "12001948a7db3de9a98050844810b90cd00f30afb75d32d6707433c89d4cd087",
      "reports/v2/20261008-regional-crisis/phase-06/j_browser_support.py": "0a5ee7cf4eae755d904bd8330a6e97af574ada6c3ca520d0edd317cd24defb28",
      "reports/v2/20261008-regional-crisis/phase-06/j_fixture_generator.py": "ad99459003741d3bb9d8ccccec77f2312e5020042d7f51d40a65403b9550ac84"
    },
    "recordedReportsSha256": "bc09dc981267e9cdfaf63103b260c052417b2ff675e551cd2677986f9231962b"
  },
  "buildStatus": {
    "runId": "phase6-j-fullcheck-20261008",
    "phase": "J full regression and latest production build",
    "command": [
      "npm",
      "run",
      "check"
    ],
    "exitCode": 0,
    "startedAtUtc": "2026-10-08T00:33:37Z",
    "finishedAtUtc": "2026-10-08T00:33:58Z",
    "headBefore": "bd316cb326e5fbc20087c0154d6e3f294a5daac7",
    "headAfter": "bd316cb326e5fbc20087c0154d6e3f294a5daac7",
    "branch": "v2x/reward-core",
    "sourceFileCount": 91,
    "sourceFingerprintSha256Before": "c9fd3e455af08f18c50bc7eaa3677ecdd950b2e0c177bc779fe39b1fb3ca2cbb",
    "sourceFingerprintSha256After": "c9fd3e455af08f18c50bc7eaa3677ecdd950b2e0c177bc779fe39b1fb3ca2cbb",
    "sourceStableDuringRun": true,
    "sourceSha256": {
      "src/App.vue": "f3ed979e98946fd747bf7f0508a03a31b50165ff09b4202e5b48753a977fdde8",
      "src/components/AdventureWindow.vue": "eb6167f033c2c871d0719fb3742319df591feace02bffabe8af5a4802ebfc087",
      "src/components/CharacterSheet.vue": "0905f39da0b3ba52ed2c8c4c852ce08bc96a5e80d925cb64bb1f3dcb5b0d0dbd",
      "src/components/IdentityWindow.vue": "982afc32143581311c9a014236e3e2a75e1a40b8f04f8fe97796c542966f7f06",
      "src/components/InventoryWindow.vue": "12794d34b5d7df1902804f36698c26d58f0c46e3ec8f8bcd4519b075d2ad4609",
      "src/components/LifeNewsWindow.vue": "f59e6aef06e4f610b702f09ac45ed64295a4fbeece8bfe9a424e0b2d7975438b",
      "src/components/NpcWindow.vue": "0e930a8dfeec0f4db6cdad0adace75825baa8cc40e09307e1e55c7085cde4cd7",
      "src/components/PixelMeter.vue": "77b69a1b161f6ad7e29a346665a69645a3d8589281e8bc32832f149e41d81ca9",
      "src/components/PixelWindow.vue": "15397996c0984586bd95e6383c647fba88dbb77ec0a9f01e78dc723821e61da4",
      "src/components/PlaceWindow.vue": "39ad0ac71e13dc67b07e65f15ecbcb38fb7cd18d0e3d8f5140eb97a943d21ce6",
      "src/components/PropertyWindow.vue": "9bd6f8d2a5b00435b6e86c149bf6a7d4bf5343ed2be26e2416772a3aaf0c27d1",
      "src/components/StatusNotice.vue": "6c722ade5aa61f45e5fb2c77c8a8dc15e701173484f3871f7365d7cf9500f6a9",
      "src/components/WorldMap.vue": "37de32ea49da36d4e74c9ced377adbe280fa45cb60fdf69d8a5c39a260719a5f",
      "src/components/WorldRecords.vue": "424365a02880ce6767ffc9e9769e5a0f61905c0fc046753d8fc80f5bfadaaed8",
      "src/data/config.ts": "c81505557ccadf66b8046b1f1976c90bb63165804502dce770c468deb9cb6984",
      "src/data/crafting.ts": "a6946d02a5783c52e672bc25abc33202830f98983488e7f0df2ee1984d7c86f9",
      "src/data/identity.ts": "0acc09bbd1f9d9c4e057b2bdca01fa202730e868325cb873286c5c31a809dae0",
      "src/data/lifeRules.ts": "07b9ab1836c6d96077a4a6aaedd7f5d7abec6f1b5132bc5203da1d1e9291e1b3",
      "src/data/livingEvents.ts": "768aaee2a9d1e8b9919163059d36a494f5071bf7a0568bfe7b0c80f735d03bc1",
      "src/data/npcLife.ts": "5089f01033570e33528b63538a06a3f0645735b8c8c884d8f2c54a900a937b4f",
      "src/data/ownership.ts": "32b4133d753764952905da43276cd1cd56ea26f32e44b4b540225dc8f59140f2",
      "src/data/rewards.ts": "f2d60b4eb0c7d3349e242b6c2a81853e92cf5b74e25e1be071cf839fd6c98cd5",
      "src/domain/crisis.ts": "03ef61f00c08ea84cdd6126d64009e3032fb38a5662db8a736519045f00ad14c",
      "src/domain/life.ts": "db2eff0c1eb6d3ae310f39d8df5a6bf40b125193741a25b9bbe652c4640de72a",
      "src/domain/reward.ts": "fb7463d0327e73097979d5ccd6823b10b0f0d9d14280974215ba6459eb899c0a",
      "src/domain/types.ts": "c90703ac043a4e3310ed695155a0dba02763d56fb06b0f3bd6833cfe32f34564",
      "src/engine/actions.test.ts": "813166423bd0b55fd0172eedb1bcf766028a1045588807473c2205f6cec47fa5",
      "src/engine/actions.ts": "2470daad996be973e130a31fb76fc9ef14ca089a15c2269e797f1598f1df05f7",
      "src/engine/calendar.ts": "e587ce1d1e149fea987f5a3ab6013872528d5d74beafcb0f40d2fe476abf5524",
      "src/engine/civilDefense.test.ts": "c05afe2ab42f334f3284f3b7830ea073db96707995b2336e2b30855d0c84e125",
      "src/engine/civilDefense.ts": "9a6988658e62df485f85f69d0c1f0a0626078eeec43f0934ad2298e6cdcfe77d",
      "src/engine/combatStats.test.ts": "896b7517b4a2bcb4671b4d17188f0823edfe290e3826fc21f3bc94fe0f062bea",
      "src/engine/combatStats.ts": "d7235e4c59edc77aec368f940e8825712672cc3fcd49e83c7c901c5f049db34f",
      "src/engine/crafting.test.ts": "3a7ebc2ff5340947c3fc8608d49bd72d16cbc4e5399e910c5e3597c474fd2bca",
      "src/engine/crafting.ts": "04ed1724b723b78221ee31811b46171bb9e8d2fbb029a777dda5a12449378a88",
      "src/engine/crisisAdventure.test.ts": "56078d5785fef942872e0b4532ebfc6046c34e49f53abde0a7e2606afdc213e3",
      "src/engine/crisisContributions.test.ts": "2f88fab54f5ceca44570195901077f3f41a421b4c9ff3657b90ddcfe31ca02ce",
      "src/engine/crisisContributions.ts": "9354b3ddb288d2cfc5cad639b16bdb1b68c5eaca782101040ee3c9bbe49e1cd6",
      "src/engine/crisisResolution.test.ts": "8d289cce7b38e55494b3198c3da986a36d14d7c776f32aac776179c5a8685bb8",
      "src/engine/events.ts": "e2b781ad3f99cfc2b20f58ce561b2bf9c489c417512f4c7b209e02e3d5d2a1b1",
      "src/engine/gameLoop.test.ts": "96c76b875cedace6ab191a95e0b01285a024723691c1ebaca3ae76407492258d",
      "src/engine/gameLoop.ts": "016305d39fe6746347f783723e0f6e6d53f387766d3ca899816d618e9ab2d941",
      "src/engine/gearStats.ts": "66fa786c0c3e81cc317033181a0f11d9ef987c15f943e0960ec20a668eff0702",
      "src/engine/identity.test.ts": "5dc96ec9abf767c0e9202429cabebedefeb3bc0237ebe519c4d9feeccda2a07f",
      "src/engine/identity.ts": "2d7596a712c16940a590bdf47edd288fc965f429304889e0be3b09969d61119e",
      "src/engine/itemGeneration.test.ts": "2b09ecb49724820a5187a26099f654a00b0457a0d0f8e50609562ff26f5d39e2",
      "src/engine/itemGeneration.ts": "87be6646c4aa67a8d6443586373e848d0d8ffabad72b9752825224cb170fff71",
      "src/engine/lifeIntegration.test.ts": "c9e702a8819e0d372aff7411f45a85ebc1e829dfc6f1e753b728863a21f56a16",
      "src/engine/lifeState.ts": "bd7697bcb564061cd00ff7fc14373625c30d2a7de06473b8f97bffb4c61b3c58",
      "src/engine/livingEvents.test.ts": "239b9276d488b5c6e54f5a71b3ef7c727f3d600f9d04f9689a8efa207dd1157a",
      "src/engine/livingEvents.ts": "5a1754700e98080bbdd8e50f6896900377c16c1cacbb21da5c3c8a9162fa4ab7",
      "src/engine/lod.ts": "325c339270bc38b55bf9e5185f9f502e3934a1055ece7f1b67fb448743fe5df4",
      "src/engine/npcLife.test.ts": "8bbe40ae3b0a87926c7d65a53d079931b59bdd26ac8489148518c188a466a9dc",
      "src/engine/npcLife.ts": "7f2fe08b29c5ee145a06c3623b19b663fcd7251bdfa5c3a7bfe19bc393bf5c28",
      "src/engine/ownership.test.ts": "b339812b317032d3cf497e53c139c6397cc829ad5f5d50859897306acb2de725",
      "src/engine/ownership.ts": "50b5bef7df35778c95ddbf0dd0951a22f46517842a224bee1552cd2dd18ff6db",
      "src/engine/random.ts": "b0844202733996c5dd2f123a32ad800c433b22c02ddf0e744c163e880b612734",
      "src/engine/regionalCrisis.test.ts": "2eef285818c781d60dda7120bf6f3cd89c65084c1ac4345674010976830912f4",
      "src/engine/regionalCrisis.ts": "3fe8139a9677ae925c1f8ee63c5763b12fd03036d2cf651893a09874e3783bf3",
      "src/engine/regionalCrisisRecognition.ts": "b6c33d892cbb421b89d84620219bad60c7fe15fa883852bf6dbd0a44658004c0",
      "src/engine/rewardActions.test.ts": "0b8972f23231416b0cff9d4f8af8d8cc4c79804bdb1a971c437e0581ca5a7c7f",
      "src/engine/rewardActions.ts": "799acb63db633179829613db2dc4ca6066226846ec0c6c0c885c7b6c13ce717d",
      "src/engine/rewardState.ts": "2bc667870966beec916017a865f8e8cbf7b9893b31fe33823fec98305df5d901",
      "src/engine/simulation.test.ts": "a0808a2c3a02ea77382e0c29cd931e175f71e3201fc0827ae177c2af320d3b4e",
      "src/engine/simulation.ts": "c0c83c8f9e6de55e09ea78fa1489015c6bcf35c066a06aa1f95daecd600ac907",
      "src/engine/wolfFamily.test.ts": "9d1aa4f13c4582c317dd4e91b6a3cf32db1ea33e8adeef4a54097ecf4355716f",
      "src/engine/wolfFamily.ts": "1c1c18f12926a13f804ae215e60349e0c69e2dcb0e5c8d26518b11eeb7197ed7",
      "src/main.ts": "d40986b5fc51412d180baf7fd19e010611819486787be3a901e22315f3ae34a4",
      "src/presentation/craftingProjection.test.ts": "9e267bcd768b9ee7238ff6c6c7e669df5b7fa987fd872c7bf2848aee5d1090ce",
      "src/presentation/craftingProjection.ts": "26e70a094527b49ed17cf4e8a802d8e32f145789b13cb78d5b1825d70ce80dbf",
      "src/presentation/crisisProjection.test.ts": "5e0988814fda47f84e244671d10ef15ea3ea94594df2e813682dbdc1b959fa6c",
      "src/presentation/crisisProjection.ts": "0b221c5ff24b5f8b2cabd3fd45dc212194fe74c0932925f6c59f3ffc9f076c3b",
      "src/presentation/icons.ts": "765708954fb2796d5a31715a4f66e9036672417b61aad5e80ccdddaf2231a135",
      "src/presentation/lifeProjection.test.ts": "fa6c4282aedc420b300baf2d283bf11222b3cd806a4e4b7dbf8c77269a95292a",
      "src/presentation/lifeProjection.ts": "07c2f4a68e2ce095c8eb352db85a22d0481e9cf6131c1440da950f765b0e24f4",
      "src/presentation/rewardProjection.test.ts": "cb54650c0885c3c1c245a9eb7d599fa63589f7543fb1c7514fd570d6e1244d86",
      "src/presentation/rewardProjection.ts": "969498139ed5fa7b221378d939032d7948904c242ea3d3691657728293603d92",
      "src/presentation/worldProjection.test.ts": "ac09f1dd5fd910f21f54f2475de22aaab72c8ba5be3b974d90913cde7910bad4",
      "src/presentation/worldProjection.ts": "06d76b4946a11de5ef28d3fa4a6966a0a2a0e0859c43370009b4ad30d2dcc73b",
      "src/presentation/worldUI.test.ts": "2f3df8b838778eabfb17e3364c37905b3a2ab043ebba3ad1500c911cce7e4e6e",
      "src/presentation/worldUI.ts": "a0abdb1cc227cf4d60e7bb3c1531fc555dff800d462b74be312f67c562e6c91e",
      "src/services/playJournal.test.ts": "90fa0dbf1b5a928728e4100eb4b5e5b2f7eb1f3944b1a559455713e8b155610a",
      "src/services/playJournal.ts": "92d55ee79abe39e0e0c83fd2cc54243559517f787cfe23262486810f45163940",
      "src/services/rewardSave.test.ts": "a27b2e1566755e16eabb9ced931a2c38898bfca10f3812e9be485e156603c3aa",
      "src/services/rewardValidation.ts": "3b229fe371f38df3cb6ab75dabf90973b94c1249b9d557ed747d736851f25ba1",
      "src/services/saveService.test.ts": "f1d85b9ad0a24e1c662864219da4cce053d38337b9afc2298a7a4cee0a4d27c8",
      "src/services/saveService.ts": "5d8ce05621c8be0dba81ec594d61de23bc40826faa7acf0a7c260876f9251bf1",
      "src/services/saveWriter.ts": "0703016eb96d12bb843f0b04b6e21b6568bf7f9b44defc59e340896c675ff43b",
      "src/stores/gameStore.test.ts": "a182469258b05a83d305dac07c2450847436a19cc7528362a149d8b07df0064f",
      "src/stores/gameStore.ts": "b5d18a378cf4b05d05a37a2825e7eff045fd1ef68ac0714076b8f7c049bf5ac2",
      "src/style.scss": "3d4a0eca9794501b3da62630d98a25298b7e0a9cf71bae57ce6c8d77ae4f8c2e"
    },
    "inputSha256Before": {
      "package.json": "e44cbba601836e8b2adc8e872caba3ce665c6b21873aeee153fc729099625f80",
      "package-lock.json": "cd8379969a4ee99f80434dce4c7afff4fcf52290aa9d40ba4668c5165dbdc53d",
      "docs/specs/V2X-PHASE6-REGIONAL-CRISIS.md": "4e7d8533181a43f66c2d51dce056407a38be34797900ed875898e4470adde640",
      "tickets/20261008-v2x-06j-qa-delivery.md": "62ca67f6a2679949beecc0982f0c4d2e940a34de07966018571ef577b530cd20",
      "docs/specs/V2X-REWARD-RETENTION.md": "0ee5012f9c0f3ac176deb23ee69586105644f24425a59143662e1a7a9e4face5",
      "tsconfig.json": "2f45629d03f844524c3b19b580db910c7c120e4e0d06b00eae6f73e829d968b0",
      "vite.config.ts": "f5e64ccf326c3dd505ea11a18e691d1bc5b698d9bd130b234a788fc3c9017366",
      "index.html": "bfa28297eece5f57e38878097b4db8b481d5fcee44442da76244e0bb3dffb794"
    },
    "inputSha256After": {
      "package.json": "e44cbba601836e8b2adc8e872caba3ce665c6b21873aeee153fc729099625f80",
      "package-lock.json": "cd8379969a4ee99f80434dce4c7afff4fcf52290aa9d40ba4668c5165dbdc53d",
      "docs/specs/V2X-PHASE6-REGIONAL-CRISIS.md": "4e7d8533181a43f66c2d51dce056407a38be34797900ed875898e4470adde640",
      "docs/specs/V2X-REWARD-RETENTION.md": "0ee5012f9c0f3ac176deb23ee69586105644f24425a59143662e1a7a9e4face5",
      "tickets/20261008-v2x-06j-qa-delivery.md": "62ca67f6a2679949beecc0982f0c4d2e940a34de07966018571ef577b530cd20",
      "tsconfig.json": "2f45629d03f844524c3b19b580db910c7c120e4e0d06b00eae6f73e829d968b0",
      "vite.config.ts": "f5e64ccf326c3dd505ea11a18e691d1bc5b698d9bd130b234a788fc3c9017366",
      "index.html": "bfa28297eece5f57e38878097b4db8b481d5fcee44442da76244e0bb3dffb794"
    },
    "buildInputsStableDuringRun": true,
    "testResults": {
      "testFilesPassed": 28,
      "testFilesFailed": 0,
      "testsExecuted": 531,
      "passed": 531,
      "failed": 0,
      "skipped": 0,
      "todo": 0,
      "summary": "Vitest emitted only 28 passed files / 531 passed tests; no failed, skipped, or todo line."
    },
    "typecheck": "passed (vue-tsc --noEmit, exit inferred from sequential build command success)",
    "productionBuild": "passed",
    "viteVersion": "7.3.6",
    "vitestVersion": "4.1.11",
    "runtime": {
      "node": "v24.19.0",
      "npm": "11.9.0",
      "python": "3.12.14",
      "os": "Linux-6.18.44-x86_64-with-glibc2.41",
      "kernel": "6.18.44",
      "machine": "x86_64",
      "chromiumPath": "/usr/bin/chromium",
      "chromiumVersion": "Chromium 151.0.7922.173 built on Debian GNU/Linux 13 (trixie)"
    },
    "distFileCount": 3,
    "distSha256": {
      "dist/assets/index-C5oR9znA.js": "b3ad26fd438aaffec0176bfa43faf3f253f66dd00eec98ad119cf0527ee99b9f",
      "dist/assets/index-DmiWzmoy.css": "b76cc82a4d2fccd3ef0737700963ccae4aba6a3fedda8c26cc82eb30e7f86870",
      "dist/index.html": "2e91f5d3576d38eb50b492546391a6a3f0ed513afd93e2c6f79e2971290e6875"
    },
    "previousDistSha256": {
      "dist/assets/index-C5oR9znA.js": "b3ad26fd438aaffec0176bfa43faf3f253f66dd00eec98ad119cf0527ee99b9f",
      "dist/assets/index-DmiWzmoy.css": "b76cc82a4d2fccd3ef0737700963ccae4aba6a3fedda8c26cc82eb30e7f86870",
      "dist/index.html": "2e91f5d3576d38eb50b492546391a6a3f0ed513afd93e2c6f79e2971290e6875"
    },
    "previousDistContentMatchesNewBuild": true,
    "browserHelpersSha256": {
      "reports/v2/20261008-regional-crisis/phase-06/g_browser_launcher.py": "d86346e692e5e0fa9a8b0693b0c8720b52cd327d0ee28bc7c6bffe5c2dbedbf6",
      "reports/v2/20261008-regional-crisis/phase-06/g_browser_runner.py": "5fae51d280a025a2b9a41ed399746bd148cb2fbcf02b34ff97797136953648ab",
      "reports/v2/20261008-regional-crisis/phase-06/g_browser_support.py": "cd3b8440eddeabc3b4acfdae39770761c5b31c2040ee9665b65df6d4514a222f",
      "reports/v2/20261008-regional-crisis/phase-06/g_browser_fixture_generator.py": "bf9953732cca76f7e9c9f39c5f83554f186d55f92b59b4f142d85694a658d255",
      "reports/v2/20261008-regional-crisis/phase-06/phase06_i_reaggregate.py": "54dc9df81908504e4438f4e96f1beedfcfcc975dca724f89f8a77941e5026d78",
      "scripts/recorded_reports.py": "bc09dc981267e9cdfaf63103b260c052417b2ff675e551cd2677986f9231962b"
    },
    "stdoutSha256": "1202bdfc363ace86e4b85f6c93b30a71cc7596db3246cc3c3a9f3aa3f593a8db",
    "stderrSha256": "e3b0c44298fc1c149afbf4c8996fb92427ae41e4649b934ca495991b7852b855",
    "exitEvidencePath": "reports/v2/20261008-regional-crisis/phase-06/j-regression-run/j-regression-exit.txt",
    "stdoutEvidencePath": "reports/v2/20261008-regional-crisis/phase-06/j-regression-run/j-regression-stdout.txt",
    "stderrEvidencePath": "reports/v2/20261008-regional-crisis/phase-06/j-regression-run/j-regression-stderr.txt",
    "gitStatusPorcelainAfter": "?? reports/v2/20261008-regional-crisis/phase-06/j-regression-run/\n?? reports/v2/20261008-regional-crisis/phase-06/j_browser_launcher.py\n?? reports/v2/20261008-regional-crisis/phase-06/j_browser_runner.py\n?? reports/v2/20261008-regional-crisis/phase-06/j_browser_support.py",
    "inputHashMethodNote": "These extra baseline inputs are reconstructed from HEAD because pre-run git status was empty; their current working-tree hashes match HEAD after the run."
  },
  "buildStatusPath": "/workspace/plw-rpg/reports/v2/20261008-regional-crisis/phase-06/j-build-status.json",
  "url": "http://127.0.0.1:51301",
  "startUTC": "2026-10-08T00:50:42.391782+00:00",
  "lanes": {
    "NORMAL_FRESH": {
      "status": "COMPLETED_BUDGET",
      "stateInjected": false,
      "debugTimeOrStateInjection": false,
      "startClockText": "第 1 年 春 1 日\n08:00",
      "elapsedNormalSeconds": 65.1,
      "normalPhaseTrace": [
        {
          "atUTC": "2026-10-08T00:50:44.475995+00:00",
          "elapsedNormalSeconds": 1.02,
          "phase": "dormant",
          "worldTime": 509,
          "outcome": null,
          "resolutionSummary": null,
          "crisisEvents": [],
          "normalFresh": true,
          "controlledFixture": false,
          "capture": "post-visible-policy-turn"
        }
      ],
      "realArcActionCount": 0,
      "aftermathReload": null
    },
    "CONTROLLED_WARNING_UI_FIXTURE": {
      "status": "PASS_WARNING_AND_NEEDS",
      "fixturePath": "j-fixture-warning.json",
      "fixtureSha256": "452a4d85d8b5c9cb2890304bbb9cacc9b179dfe98e7b504d0b4bde33da303efd",
      "normalFreshEquivalent": false,
      "keyboardEscapeVerified": true,
      "narrowViewportNoHorizontalOverflow": true
    },
    "CONTROLLED_UI_FIXTURE": {
      "status": "PASS_UI_ACTIONS",
      "fixturePath": "j-fixture-preparation.json",
      "fixtureSha256": "a279417d293c36145165e70e4e895f77d33ba151f843abf23cfb78202ae60e79",
      "normalFreshEquivalent": false,
      "foodVisible": true,
      "goldVisible": true,
      "gearVisible": true,
      "reloadPreservedLedger": true
    },
    "CONTROLLED_FOREST_CAMP_RAID": {
      "status": "PASS_VISIBLE_ACTION_COMBAT",
      "fixturePath": "j-fixture-forestCampChief.json",
      "normalFreshEquivalent": false
    },
    "CONTROLLED_FOREST_CHIEF": {
      "status": "PASS_VISIBLE_ACTION_COMBAT",
      "fixturePath": "j-fixture-forestCampChief.json",
      "normalFreshEquivalent": false
    },
    "CONTROLLED_UI_FIXTURE_KNOWN_AFTERMATH": {
      "status": "PASS_RESULT_RELOAD",
      "fixturePath": "j-fixture-knownAftermath.json",
      "fixtureSha256": "dc02056da3e3e4ec6a7692caaf1d1890e938b59854eb7a470fe3ad62c41b8183",
      "normalFreshEquivalent": false,
      "legacyUnknown": false
    },
    "LEGACY_UNKNOWN_FIXTURE": {
      "status": "PASS_RESULT_RELOAD",
      "fixturePath": "j-fixture-legacyUnknown.json",
      "fixtureSha256": "d9a20e63c848fa74741e46395e4fe5c436726836f8be36c495ed6a0cfe17838d",
      "normalFreshEquivalent": false,
      "legacyUnknown": true
    }
  },
  "pageErrors": [],
  "consoleErrors": [],
  "requestFailures": [],
  "httpFailures": [],
  "screenshots": [
    {
      "path": "normal-phase-dormant-01.png",
      "sha256": "2e6527828fbb118bc2e01d3f25df2e8d73762e3708c4cdf8e7e34ad7f8c87ebd"
    },
    {
      "path": "controlled-warning-world.png",
      "sha256": "22a0ab3fae0c2f0c0fa83dbfa328ecbb4dae9f94fac1eeac768cd4bb9f78c43a"
    },
    {
      "path": "controlled-warning-life-news-narrow.png",
      "sha256": "1e447c1ac14cbd879d09f5dee83f3a964dc0dfdc7e4e60f1880e2679ee8e55df"
    },
    {
      "path": "controlled-preparation-before.png",
      "sha256": "c1e7b6c6f4a34774992a874c936c82f7f08b9803a16ac2c4395b38217ba929bd"
    },
    {
      "path": "controlled-gear-confirm.png",
      "sha256": "1d66631d421ecdd323346536babdefd5d3448720f65aeb196ed00e0ea260a940"
    },
    {
      "path": "controlled-gear-delivered.png",
      "sha256": "5f75345f6e92656bef3a5303c8a717c5039ed32588d2497b5abcf6f1d44d27ce"
    },
    {
      "path": "controlled_forest_camp_raid.png",
      "sha256": "8e2dfdabd96f79210c27b530e85441e54b72f2b64c727acbdcda7653c22fb45c"
    },
    {
      "path": "controlled_forest_chief.png",
      "sha256": "d09ed8490c169313490c7726961ae4b21ddbfaf2465ab8256c0b66eb72863c3b"
    },
    {
      "path": "controlled_ui_fixture_known_aftermath-before-reload.png",
      "sha256": "d8e44f5154cfbabafc0fc03d9435abd78e84e95971d77d04c4460a4ba249131b"
    },
    {
      "path": "legacy_unknown_fixture-before-reload.png",
      "sha256": "97e5261ca147fe0fc9c6f8934951eb3a11857863084ff02307a0aa1d56493ed3"
    },
    {
      "path": "failure.png",
      "sha256": "c0ea4e7e3759d442f012027fde60a898092fdbdc4e373b529923d48b048dd2e8"
    }
  ],
  "humanValidation": {
    "status": "DEFERRED / NOT APPLICABLE AT THIS STAGE"
  },
  "limitations": [
    "Runner-driven browser QA is not human product validation.",
    "Controlled UI fixtures are separate from normal fresh-save play.",
    "Human Safari and physical phones are excluded."
  ],
  "servedAssets": {
    "index": {
      "status": 200,
      "bytes": 448,
      "sha256": "2e91f5d3576d38eb50b492546391a6a3f0ed513afd93e2c6f79e2971290e6875"
    },
    "assets": [
      {
        "path": "assets/index-C5oR9znA.js",
        "status": 200,
        "bytes": 336845,
        "sha256": "b3ad26fd438aaffec0176bfa43faf3f253f66dd00eec98ad119cf0527ee99b9f"
      },
      {
        "path": "assets/index-DmiWzmoy.css",
        "status": 200,
        "bytes": 30795,
        "sha256": "b76cc82a4d2fccd3ef0737700963ccae4aba6a3fedda8c26cc82eb30e7f86870"
      }
    ]
  },
  "profilingCapabilities": {
    "Performance.enable": true
  },
  "normalRunStartedMonotonic": 56655.275046729,
  "normalStartUTC": "2026-10-08T00:50:43.457228+00:00",
  "nextCheckpointMonotonic": 56780.371114484,
  "agentChoiceCount": 47,
  "lastAgentChoice": {
    "turn": 47,
    "choice": "inspect_local_news",
    "reason": "目前無可用請求，檢查居民與北方消息以決定下一步：橡谷與周邊\n\n地方消息與委託\n\n消息來自居民的近況、沿路傳聞，以及世界裡正在發生的事。\n\n北方近況\n\n林間暫時安靜，偶爾仍能看見野狼的蹤跡。\n\n眼前的請求\n\n目前沒有待處理的請求。居民的需要會隨橡谷的生活而改變。\n\n最近的消息\n全部\n地方\n區域\n傳聞\n重大\n\n這個分類暫時沒有新消息。過些日子，橡谷又會有自己的故事。。",
    "observedCrisisPhase": "dormant"
  },
  "normalPhaseTrace": [
    {
      "atUTC": "2026-10-08T00:50:44.475995+00:00",
      "elapsedNormalSeconds": 1.02,
      "phase": "dormant",
      "worldTime": 509,
      "outcome": null,
      "resolutionSummary": null,
      "crisisEvents": [],
      "normalFresh": true,
      "controlledFixture": false,
      "capture": "post-visible-policy-turn"
    }
  ],
  "saveLatencySamples": {
    "writes": [
      {
        "elapsedMs": 0.20000000298023224,
        "bytes": 80357,
        "at": 1791420643282
      },
      {
        "elapsedMs": 0.29999999701976776,
        "bytes": 79962,
        "at": 1791420643301
      },
      {
        "elapsedMs": 0.19999999552965164,
        "bytes": 79962,
        "at": 1791420643354
      },
      {
        "elapsedMs": 0.10000000149011612,
        "bytes": 79961,
        "at": 1791420643356
      },
      {
        "elapsedMs": 0.20000000298023224,
        "bytes": 79961,
        "at": 1791420643446
      },
      {
        "elapsedMs": 0.30000000447034836,
        "bytes": 79961,
        "at": 1791420643588
      },
      {
        "elapsedMs": 0.20000000298023224,
        "bytes": 80182,
        "at": 1791420643653
      },
      {
        "elapsedMs": 0.3999999985098839,
        "bytes": 79961,
        "at": 1791420643658
      },
      {
        "elapsedMs": 0.19999999552965164,
        "bytes": 80182,
        "at": 1791420643753
      },
      {
        "elapsedMs": 0.20000000298023224,
        "bytes": 79961,
        "at": 1791420643759
      },
      {
        "elapsedMs": 0.10000000149011612,
        "bytes": 80182,
        "at": 1791420643854
      },
      {
        "elapsedMs": 0.10000000149011612,
        "bytes": 79961,
        "at": 1791420643860
      },
      {
        "elapsedMs": 0.20000000298023224,
        "bytes": 80182,
        "at": 1791420643953
      },
      {
        "elapsedMs": 0.20000000298023224,
        "bytes": 79961,
        "at": 1791420643959
      },
      {
        "elapsedMs": 0.20000000298023224,
        "bytes": 80182,
        "at": 1791420644053
      },
      {
        "elapsedMs": 0.30000000447034836,
        "bytes": 79961,
        "at": 1791420644060
      },
      {
        "elapsedMs": 0.09999999403953552,
        "bytes": 80182,
        "at": 1791420644153
      },
      {
        "elapsedMs": 0.09999999403953552,
        "bytes": 79961,
        "at": 1791420644159
      },
      {
        "elapsedMs": 0.20000000298023224,
        "bytes": 80182,
        "at": 1791420644253
      },
      {
        "elapsedMs": 0.29999999701976776,
        "bytes": 79961,
        "at": 1791420644259
      },
      {
        "elapsedMs": 0.29999999701976776,
        "bytes": 80182,
        "at": 1791420644323
      },
      {
        "elapsedMs": 0.20000000298023224,
        "bytes": 80182,
        "at": 1791420644324
      },
      {
        "elapsedMs": 0.30000000447034836,
        "bytes": 79961,
        "at": 1791420644336
      },
      {
        "elapsedMs": 0.3999999985098839,
        "bytes": 83757,
        "at": 1791420645960
      },
      {
        "elapsedMs": 0.3999999985098839,
        "bytes": 82810,
        "at": 1791420645973
      },
      {
        "elapsedMs": 0.20000000298023224,
        "bytes": 83032,
        "at": 1791420647308
      },
      {
        "elapsedMs": 0.20000000298023224,
        "bytes": 82809,
        "at": 1791420647340
      },
      {
        "elapsedMs": 0.30000000447034836,
        "bytes": 83020,
        "at": 1791420648526
      },
      {
        "elapsedMs": 0.20000000298023224,
        "bytes": 82810,
        "at": 1791420648559
      },
      {
        "elapsedMs": 0.30000000447034836,
        "bytes": 83085,
        "at": 1791420650007
      },
      {
        "elapsedMs": 0.10000000149011612,
        "bytes": 82862,
        "at": 1791420650032
      },
      {
        "elapsedMs": 0.19999999552965164,
        "bytes": 83067,
        "at": 1791420651288
      },
      {
        "elapsedMs": 0.19999999552965164,
        "bytes": 82844,
        "at": 1791420651327
      },
      {
        "elapsedMs": 0.30000000447034836,
        "bytes": 83122,
        "at": 1791420652740
      },
      {
        "elapsedMs": 0.29999999701976776,
        "bytes": 82899,
        "at": 1791420652768
      },
      {
        "elapsedMs": 0.19999999552965164,
        "bytes": 83109,
        "at": 1791420653905
      },
      {
        "elapsedMs": 0.19999999552965164,
        "bytes": 82899,
        "at": 1791420653930
      },
      {
        "elapsedMs": 0.20000000298023224,
        "bytes": 82899,
        "at": 1791420654353
      },
      {
        "elapsedMs": 0.3999999985098839,
        "bytes": 83123,
        "at": 1791420655322
      },
      {
        "elapsedMs": 0.10000000149011612,
        "bytes": 82900,
        "at": 1791420655348
      },
      {
        "elapsedMs": 0.19999999552965164,
        "bytes": 83128,
        "at": 1791420656622
      },
      {
        "elapsedMs": 0.19999999552965164,
        "bytes": 82904,
        "at": 1791420656648
      },
      {
        "elapsedMs": 0.20000000298023224,
        "bytes": 83123,
        "at": 1791420657957
      },
      {
        "elapsedMs": 0.10000000149011612,
        "bytes": 82898,
        "at": 1791420657986
      },
      {
        "elapsedMs": 0.29999999701976776,
        "bytes": 83152,
        "at": 1791420659355
      },
      {
        "elapsedMs": 0.5,
        "bytes": 82927,
        "at": 1791420659379
      },
      {
        "elapsedMs": 0.3999999985098839,
        "bytes": 83129,
        "at": 1791420660691
      },
      {
        "elapsedMs": 0.29999999701976776,
        "bytes": 82904,
        "at": 1791420660721
      },
      {
        "elapsedMs": 0.30000000447034836,
        "bytes": 83127,
        "at": 1791420662006
      },
      {
        "elapsedMs": 0.29999999701976776,
        "bytes": 82902,
        "at": 1791420662035
      },
      {
        "elapsedMs": 0.30000000447034836,
        "bytes": 83110,
        "at": 1791420663355
      },
      {
        "elapsedMs": 0.19999999552965164,
        "bytes": 82885,
        "at": 1791420663384
      },
      {
        "elapsedMs": 0.20000000298023224,
        "bytes": 82885,
        "at": 1791420664453
      },
      {
        "elapsedMs": 0.20000000298023224,
        "bytes": 83097,
        "at": 1791420664504
      },
      {
        "elapsedMs": 0.20000000298023224,
        "bytes": 82885,
        "at": 1791420664542
      },
      {
        "elapsedMs": 0.3999999985098839,
        "bytes": 83122,
        "at": 1791420666041
      },
      {
        "elapsedMs": 0.19999999552965164,
        "bytes": 82897,
        "at": 1791420666071
      },
      {
        "elapsedMs": 0.30000000447034836,
        "bytes": 83146,
        "at": 1791420667355
      },
      {
        "elapsedMs": 0.20000000298023224,
        "bytes": 82921,
        "at": 1791420667379
      },
      {
        "elapsedMs": 0.5,
        "bytes": 85042,
        "at": 1791420668640
      },
      {
        "elapsedMs": 0.6000000014901161,
        "bytes": 84686,
        "at": 1791420668673
      },
      {
        "elapsedMs": 0.6000000014901161,
        "bytes": 84898,
        "at": 1791420669838
      },
      {
        "elapsedMs": 0.6000000014901161,
        "bytes": 84686,
        "at": 1791420669873
      },
      {
        "elapsedMs": 0.3999999985098839,
        "bytes": 84914,
        "at": 1791420671232
      },
      {
        "elapsedMs": 0.29999999701976776,
        "bytes": 84689,
        "at": 1791420671239
      },
      {
        "elapsedMs": 0.5,
        "bytes": 84891,
        "at": 1791420672691
      },
      {
        "elapsedMs": 0.6000000014901161,
        "bytes": 84666,
        "at": 1791420672728
      },
      {
        "elapsedMs": 0.5,
        "bytes": 84666,
        "at": 1791420673854
      },
      {
        "elapsedMs": 0.3999999985098839,
        "bytes": 84891,
        "at": 1791420673869
      },
      {
        "elapsedMs": 0.29999999701976776,
        "bytes": 84666,
        "at": 1791420673873
      },
      {
        "elapsedMs": 0.5,
        "bytes": 84891,
        "at": 1791420673954
      },
      {
        "elapsedMs": 0.29999999701976776,
        "bytes": 84666,
        "at": 1791420673960
      },
      {
        "elapsedMs": 0.30000000447034836,
        "bytes": 84891,
        "at": 1791420674055
      },
      {
        "elapsedMs": 0.3999999985098839,
        "bytes": 84666,
        "at": 1791420674061
      },
      {
        "elapsedMs": 0.3999999985098839,
        "bytes": 84891,
        "at": 1791420674154
      },
      {
        "elapsedMs": 0.30000000447034836,
        "bytes": 84666,
        "at": 1791420674161
      },
      {
        "elapsedMs": 0.3999999985098839,
        "bytes": 84891,
        "at": 1791420674254
      },
      {
        "elapsedMs": 0.19999999552965164,
        "bytes": 84666,
        "at": 1791420674260
      },
      {
        "elapsedMs": 0.9000000059604645,
        "bytes": 84891,
        "at": 1791420674354
      },
      {
        "elapsedMs": 0.29999999701976776,
        "bytes": 84666,
        "at": 1791420674361
      },
      {
        "elapsedMs": 0.29999999701976776,
        "bytes": 84891,
        "at": 1791420674454
      },
      {
        "elapsedMs": 0.3999999985098839,
        "bytes": 84666,
        "at": 1791420674466
      },
      {
        "elapsedMs": 0.29999999701976776,
        "bytes": 84891,
        "at": 1791420674554
      },
      {
        "elapsedMs": 0.30000000447034836,
        "bytes": 84666,
        "at": 1791420674561
      },
      {
        "elapsedMs": 0.3999999985098839,
        "bytes": 84891,
        "at": 1791420674589
      },
      {
        "elapsedMs": 0.29999999701976776,
        "bytes": 84891,
        "at": 1791420674591
      },
      {
        "elapsedMs": 1.1000000014901161,
        "bytes": 84666,
        "at": 1791420674604
      },
      {
        "elapsedMs": 0.5,
        "bytes": 84878,
        "at": 1791420675886
      },
      {
        "elapsedMs": 0.7999999970197678,
        "bytes": 84666,
        "at": 1791420675915
      },
      {
        "elapsedMs": 0.3999999985098839,
        "bytes": 84903,
        "at": 1791420677355
      },
      {
        "elapsedMs": 0.29999999701976776,
        "bytes": 84678,
        "at": 1791420677381
      },
      {
        "elapsedMs": 0.5,
        "bytes": 84904,
        "at": 1791420678674
      },
      {
        "elapsedMs": 0.29999999701976776,
        "bytes": 84679,
        "at": 1791420678704
      },
      {
        "elapsedMs": 0.3999999985098839,
        "bytes": 84921,
        "at": 1791420680120
      },
      {
        "elapsedMs": 0.5,
        "bytes": 84696,
        "at": 1791420680149
      },
      {
        "elapsedMs": 0.5,
        "bytes": 84908,
        "at": 1791420681290
      },
      {
        "elapsedMs": 0.3999999985098839,
        "bytes": 84696,
        "at": 1791420681320
      },
      {
        "elapsedMs": 0.6000000014901161,
        "bytes": 84923,
        "at": 1791420682726
      },
      {
        "elapsedMs": 0.29999999701976776,
        "bytes": 84698,
        "at": 1791420682752
      },
      {
        "elapsedMs": 0.5,
        "bytes": 84923,
        "at": 1791420684071
      },
      {
        "elapsedMs": 0.29999999701976776,
        "bytes": 84698,
        "at": 1791420684101
      },
      {
        "elapsedMs": 0.29999999701976776,
        "bytes": 84698,
        "at": 1791420684653
      },
      {
        "elapsedMs": 0.5,
        "bytes": 84946,
        "at": 1791420685407
      },
      {
        "elapsedMs": 0.5,
        "bytes": 84721,
        "at": 1791420685437
      },
      {
        "elapsedMs": 0.3999999985098839,
        "bytes": 84934,
        "at": 1791420686838
      },
      {
        "elapsedMs": 0.30000000447034836,
        "bytes": 84709,
        "at": 1791420686865
      },
      {
        "elapsedMs": 0.5,
        "bytes": 84946,
        "at": 1791420688172
      },
      {
        "elapsedMs": 0.6000000014901161,
        "bytes": 84721,
        "at": 1791420688203
      },
      {
        "elapsedMs": 0.3999999985098839,
        "bytes": 84721,
        "at": 1791420689354
      },
      {
        "elapsedMs": 0.4000000059604645,
        "bytes": 84946,
        "at": 1791420689368
      },
      {
        "elapsedMs": 0.10000000149011612,
        "bytes": 84721,
        "at": 1791420689372
      },
      {
        "elapsedMs": 0.3999999985098839,
        "bytes": 84946,
        "at": 1791420689454
      },
      {
        "elapsedMs": 0.20000000298023224,
        "bytes": 84721,
        "at": 1791420689460
      },
      {
        "elapsedMs": 0.30000000447034836,
        "bytes": 84946,
        "at": 1791420689554
      },
      {
        "elapsedMs": 0.20000000298023224,
        "bytes": 84721,
        "at": 1791420689560
      },
      {
        "elapsedMs": 0.3999999985098839,
        "bytes": 84946,
        "at": 1791420689654
      },
      {
        "elapsedMs": 0.4000000059604645,
        "bytes": 84721,
        "at": 1791420689663
      },
      {
        "elapsedMs": 0.4000000059604645,
        "bytes": 84946,
        "at": 1791420689754
      },
      {
        "elapsedMs": 0.30000000447034836,
        "bytes": 84721,
        "at": 1791420689760
      },
      {
        "elapsedMs": 0.29999999701976776,
        "bytes": 84946,
        "at": 1791420689853
      },
      {
        "elapsedMs": 0.3999999985098839,
        "bytes": 84721,
        "at": 1791420689859
      },
      {
        "elapsedMs": 0.3999999985098839,
        "bytes": 84946,
        "at": 1791420689954
      },
      {
        "elapsedMs": 0.20000000298023224,
        "bytes": 84721,
        "at": 1791420689959
      },
      {
        "elapsedMs": 0.30000000447034836,
        "bytes": 84946,
        "at": 1791420690054
      },
      {
        "elapsedMs": 0.5,
        "bytes": 84721,
        "at": 1791420690065
      },
      {
        "elapsedMs": 0.4000000059604645,
        "bytes": 84946,
        "at": 1791420690093
      },
      {
        "elapsedMs": 0.29999999701976776,
        "bytes": 84946,
        "at": 1791420690098
      },
      {
        "elapsedMs": 0.30000000447034836,
        "bytes": 84721,
        "at": 1791420690105
      },
      {
        "elapsedMs": 0.3999999985098839,
        "bytes": 84947,
        "at": 1791420691487
      },
      {
        "elapsedMs": 0.29999999701976776,
        "bytes": 84722,
        "at": 1791420691515
      },
      {
        "elapsedMs": 0.7999999970197678,
        "bytes": 84934,
        "at": 1791420692671
      },
      {
        "elapsedMs": 0.30000000447034836,
        "bytes": 84722,
        "at": 1791420692703
      },
      {
        "elapsedMs": 0.3999999985098839,
        "bytes": 84934,
        "at": 1791420694221
      },
      {
        "elapsedMs": 0.6000000014901161,
        "bytes": 84709,
        "at": 1791420694251
      },
      {
        "elapsedMs": 0.3999999985098839,
        "bytes": 84930,
        "at": 1791420695587
      },
      {
        "elapsedMs": 0.5,
        "bytes": 84705,
        "at": 1791420695617
      },
      {
        "elapsedMs": 0.3999999985098839,
        "bytes": 84924,
        "at": 1791420696888
      },
      {
        "elapsedMs": 0.3999999985098839,
        "bytes": 84699,
        "at": 1791420696917
      },
      {
        "elapsedMs": 0.5,
        "bytes": 84911,
        "at": 1791420698122
      },
      {
        "elapsedMs": 0.5,
        "bytes": 84699,
        "at": 1791420698158
      },
      {
        "elapsedMs": 0.5999999940395355,
        "bytes": 88589,
        "at": 1791420699622
      },
      {
        "elapsedMs": 0.3999999985098839,
        "bytes": 88130,
        "at": 1791420699660
      },
      {
        "elapsedMs": 0.4000000059604645,
        "bytes": 88130,
        "at": 1791420700154
      },
      {
        "elapsedMs": 0.5,
        "bytes": 88369,
        "at": 1791420701054
      },
      {
        "elapsedMs": 0.4000000059604645,
        "bytes": 88144,
        "at": 1791420701080
      },
      {
        "elapsedMs": 0.5,
        "bytes": 88357,
        "at": 1791420702438
      },
      {
        "elapsedMs": 0.3999999985098839,
        "bytes": 88132,
        "at": 1791420702474
      },
      {
        "elapsedMs": 0.3999999985098839,
        "bytes": 88344,
        "at": 1791420703636
      },
      {
        "elapsedMs": 0.3999999985098839,
        "bytes": 88132,
        "at": 1791420703662
      },
      {
        "elapsedMs": 0.3999999985098839,
        "bytes": 88132,
        "at": 1791420704919
      },
      {
        "elapsedMs": 0.3999999985098839,
        "bytes": 88357,
        "at": 1791420704954
      },
      {
        "elapsedMs": 0.3999999985098839,
        "bytes": 88132,
        "at": 1791420704960
      },
      {
        "elapsedMs": 0.3999999985098839,
        "bytes": 88357,
        "at": 1791420705054
      },
      {
        "elapsedMs": 0.29999999701976776,
        "bytes": 88132,
        "at": 1791420705060
      },
      {
        "elapsedMs": 0.30000000447034836,
        "bytes": 88357,
        "at": 1791420705154
      },
      {
        "elapsedMs": 0.29999999701976776,
        "bytes": 88132,
        "at": 1791420705159
      },
      {
        "elapsedMs": 0.3999999985098839,
        "bytes": 88357,
        "at": 1791420705254
      },
      {
        "elapsedMs": 0.29999999701976776,
        "bytes": 88132,
        "at": 1791420705260
      },
      {
        "elapsedMs": 0.5,
        "bytes": 88357,
        "at": 1791420705354
      },
      {
        "elapsedMs": 0.30000000447034836,
        "bytes": 88132,
        "at": 1791420705360
      },
      {
        "elapsedMs": 0.3999999985098839,
        "bytes": 88357,
        "at": 1791420705454
      },
      {
        "elapsedMs": 0.29999999701976776,
        "bytes": 88132,
        "at": 1791420705460
      },
      {
        "elapsedMs": 0.4000000059604645,
        "bytes": 88357,
        "at": 1791420705554
      },
      {
        "elapsedMs": 0.29999999701976776,
        "bytes": 88132,
        "at": 1791420705560
      },
      {
        "elapsedMs": 0.3999999985098839,
        "bytes": 88357,
        "at": 1791420705655
      },
      {
        "elapsedMs": 0.4000000059604645,
        "bytes": 88357,
        "at": 1791420705657
      },
      {
        "elapsedMs": 0.29999999701976776,
        "bytes": 88132,
        "at": 1791420705685
      },
      {
        "elapsedMs": 0.3999999985098839,
        "bytes": 88360,
        "at": 1791420707086
      },
      {
        "elapsedMs": 0.29999999701976776,
        "bytes": 88135,
        "at": 1791420707110
      },
      {
        "elapsedMs": 0.3999999985098839,
        "bytes": 88347,
        "at": 1791420708487
      },
      {
        "elapsedMs": 0.30000000447034836,
        "bytes": 88122,
        "at": 1791420708516
      }
    ],
    "storageErrors": [],
    "unhandledRejections": []
  },
  "checkpoints": [
    {
      "atUTC": "2026-10-08T00:50:44.588192+00:00",
      "elapsedRealSeconds": 2.19,
      "reason": "agent-turn",
      "browser": {
        "utc": "2026-10-08T00:50:44.582Z",
        "url": "http://127.0.0.1:51301/",
        "viewport": {
          "width": 1280,
          "height": 900
        },
        "worldClock": "第 1 年 春 1 日\n08:29",
        "visibleText": "≈\n≈\n≈\n≈\n≈\n≈\n≈\n≈\n≈\n≈\n≈\n≈\n≈\n≈\n≈\n≈\n≈\n≈\n≈\n░\n░\n░\n░\n░\n≈\n♣\n🌲\n♣\n♣\n♣\n♣\n♣\n♣\n🌲\n♣\n♣\n♣\n│\n♣\n♣\n🌲\n♣\n▲\n░\n░\n░\n░\n░\n≈\n♣\n♣\n♣\n🌲\n♣\n♣\n♣\n♣\n♣\n♣\n🌲\n♣\n│\n♣\n♣\n♣\n♣\n▲\n░\n░\n░\n░\n░\n≈\n♣\n♣\n♣\n♣\n♣\n🌲\n♣\n🐺\n♣\n♣\n♣\n♣\n│\n♣\n♣\n♣\n♣\n▲\n░\n░\n░\n░\n░\n≈\n🌲\n♣\n♣\n♣\n🪓\n4\n♣\n♣\n🌲\n♣\n♣\n♣\n♣\n│\n♣\n🌲\n♣\n♣\n▲\n░\n░\n░\n░\n░\n≈\n♣\n♣\n🌲\n♣\n♣\n♣\n♣\n♣\n♣\n🌲\n♣\n♣\n│\n♣\n♣\n♣\n🌲\n▲\n⛏️\n4\n▲\n▲\n▲\n≈\n≈\n♣\n♣\n♣\n♣\n🌲\n♣\n♣\n🛡️\n4\n♣\n♣\n♣\n🌲\n│\n♣\n♣\n♣\n♣\n▲\n▲\n▲\n▲\n▲\n≈\n≈\n─\n─\n─\n─\n─\n─\n─\n─\n─\n─\n─\n─\n┼\n─\n─\n─\n─\n─\n─\n─\n─\n─\n≈\n≈\n·\n·\n·\n·\n·\n·\n·\n·\n·\n🏪\n雜貨店\n4\n·\n⚒️\n4\n│\n≋\n≋\n≋\n≋\n▲\n▲\n▲\n▲\n▲\n≈\n≈\n·\n·\n·\n🏠\n·\n·\n🙂\n家\n·\n·\n·\n·\n·\n│\n≋\n≋\n≋\n≋\n≋\n≋\n≋\n≋\n≋\n≈\n≈\n─\n─\n─\n─\n─\n─\n─\n─\n─\n─\n─\n─\n┼\n≋\n≋\n≋\n農田\n5\n≋\n≋\n≋\n≋\n≋\n≋\n≈\n≈\n·\n·\n·\n·\n·\n·\n🛏️\n旅店\n·\n·\n·\n⚔️\n4\n·\n│\n≋\n≋\n≋\n≋\n≋\n≋\n≋\n≋\n≋\n≈\n≈\n·\n·\n·\n·\n🏠\n·\n·\n·\n·\n·\n·\n·\n│\n≋\n≋\n≋\n≋\n≋\n≋\n≋\n≋\n≋\n≈\n≈\n·\n·\n·\n·\n·\n·\n·\n·\n·\n·\n·\n·\n│\n≋\n≋\n≋\n≋\n≋\n≋\n≋\n≋\n≋\n≈\n≈\n·\n·\n·\n·\n·\n·\n·\n·\n·\n·\n·\n·\n│\n≋\n≋\n≋\n≋\n≋\n≋\n≋\n≋\n≋\n≈\n≈\n≈\n≈\n≈\n≈\n≈\n≈\n≈\n≈\n≈\n≈\n≈\n≈\n≈\n≈\n≈\n≈\n≈\n≈\n≈\n≈\n≈\n≈\n≈\n北方森林\n橡谷 · 小聚落\n東方農田\n未知之地",
        "openDialogs": [],
        "localStorageBytes": 79961,
        "save": {
          "worldTime": 509,
          "historyCount": 1,
          "eventCount": 1,
          "journalPending": 0,
          "crisisPhase": "dormant",
          "crisisSequence": 0,
          "crisisOutcome": null,
          "crisisSummary": null,
          "crisisEvents": [],
          "storageKeyPresent": true
        },
        "indexedDB": [
          {
            "name": "oakvale-play-journal",
            "counts": {
              "records": 9
            }
          }
        ]
      },
      "cdp": {
        "Memory.getDOMCounters": {
          "documents": 1,
          "nodes": 2120,
          "jsEventListeners": 441
        },
        "Runtime.getHeapUsage": {
          "usedSize": 4054832,
          "totalSize": 15581184,
          "embedderHeapUsedSize": 5454000,
          "backingStorageSize": 2162469
        },
        "Performance.getMetrics": {
          "metrics": [
            {
              "name": "Timestamp",
              "value": 56656.397032
            },
            {
              "name": "AudioHandlers",
              "value": 0
            },
            {
              "name": "AudioWorkletProcessors",
              "value": 0
            },
            {
              "name": "Documents",
              "value": 1
            },
            {
              "name": "Frames",
              "value": 1
            },
            {
              "name": "JSEventListeners",
              "value": 441
            },
            {
              "name": "LayoutObjects",
              "value": 1339
            },
            {
              "name": "MediaKeySessions",
              "value": 0
            },
            {
              "name": "MediaKeys",
              "value": 0
            },
            {
              "name": "Nodes",
              "value": 2120
            },
            {
              "name": "Resources",
              "value": 2
            },
            {
              "name": "ContextLifecycleStateObservers",
              "value": 8
            },
            {
              "name": "V8PerContextDatas",
              "value": 2
            },
            {
              "name": "WorkerGlobalScopes",
              "value": 0
            },
            {
              "name": "UACSSResources",
              "value": 0
            },
            {
              "name": "RTCPeerConnections",
              "value": 0
            },
            {
              "name": "ResourceFetchers",
              "value": 1
            },
            {
              "name": "AdSubframes",
              "value": 0
            },
            {
              "name": "DetachedScriptStates",
              "value": 2
            },
            {
              "name": "ArrayBufferContents",
              "value": 0
            },
            {
              "name": "LayoutCount",
              "value": 18
            },
            {
              "name": "RecalcStyleCount",
              "value": 38
            },
            {
              "name": "LayoutDuration",
              "value": 0.135942
            },
            {
              "name": "RecalcStyleDuration",
              "value": 0.032509
            },
            {
              "name": "DevToolsCommandDuration",
              "value": 0.130548
            },
            {
              "name": "ScriptDuration",
              "value": 0.075052
            },
            {
              "name": "V8CompileDuration",
              "value": 0
            },
            {
              "name": "TaskDuration",
              "value": 0.501369
            },
            {
              "name": "TaskOtherDuration",
              "value": 0.127318
            },
            {
              "name": "ThreadTime",
              "value": 0.388908
            },
            {
              "name": "ProcessTime",
              "value": 0.6
            },
            {
              "name": "JSHeapUsedSize",
              "value": 4054832
            },
            {
              "name": "JSHeapTotalSize",
              "value": 15581184
            },
            {
              "name": "FirstMeaningfulPaint",
              "value": 56655.098853
            },
            {
              "name": "DomContentLoaded",
              "value": 56655.070139
            },
            {
              "name": "NavigationStart",
              "value": 56654.865408
            }
          ]
        }
      },
      "saveLatency": {
        "writes": [
          {
            "elapsedMs": 0.20000000298023224,
            "bytes": 80357,
            "at": 1791420643282
          },
          {
            "elapsedMs": 0.29999999701976776,
            "bytes": 79962,
            "at": 1791420643301
          },
          {
            "elapsedMs": 0.19999999552965164,
            "bytes": 79962,
            "at": 1791420643354
          },
          {
            "elapsedMs": 0.10000000149011612,
            "bytes": 79961,
            "at": 1791420643356
          },
          {
            "elapsedMs": 0.20000000298023224,
            "bytes": 79961,
            "at": 1791420643446
          },
          {
            "elapsedMs": 0.30000000447034836,
            "bytes": 79961,
            "at": 1791420643588
          },
          {
            "elapsedMs": 0.20000000298023224,
            "bytes": 80182,
            "at": 1791420643653
          },
          {
            "elapsedMs": 0.3999999985098839,
            "bytes": 79961,
            "at": 1791420643658
          },
          {
            "elapsedMs": 0.19999999552965164,
            "bytes": 80182,
            "at": 1791420643753
          },
          {
            "elapsedMs": 0.20000000298023224,
            "bytes": 79961,
            "at": 1791420643759
          },
          {
            "elapsedMs": 0.10000000149011612,
            "bytes": 80182,
            "at": 1791420643854
          },
          {
            "elapsedMs": 0.10000000149011612,
            "bytes": 79961,
            "at": 1791420643860
          },
          {
            "elapsedMs": 0.20000000298023224,
            "bytes": 80182,
            "at": 1791420643953
          },
          {
            "elapsedMs": 0.20000000298023224,
            "bytes": 79961,
            "at": 1791420643959
          },
          {
            "elapsedMs": 0.20000000298023224,
            "bytes": 80182,
            "at": 1791420644053
          },
          {
            "elapsedMs": 0.30000000447034836,
            "bytes": 79961,
            "at": 1791420644060
          },
          {
            "elapsedMs": 0.09999999403953552,
            "bytes": 80182,
            "at": 1791420644153
          },
          {
            "elapsedMs": 0.09999999403953552,
            "bytes": 79961,
            "at": 1791420644159
          },
          {
            "elapsedMs": 0.20000000298023224,
            "bytes": 80182,
            "at": 1791420644253
          },
          {
            "elapsedMs": 0.29999999701976776,
            "bytes": 79961,
            "at": 1791420644259
          },
          {
            "elapsedMs": 0.29999999701976776,
            "bytes": 80182,
            "at": 1791420644323
          },
          {
            "elapsedMs": 0.20000000298023224,
            "bytes": 80182,
            "at": 1791420644324
          },
          {
            "elapsedMs": 0.30000000447034836,
            "bytes": 79961,
            "at": 1791420644336
          }
        ],
        "storageErrors": [],
        "unhandledRejections": []
      },
      "pageErrors": 0,
      "consoleErrors": 0,
      "requestFailures": 0,
      "httpFailures": 0
    },
    {
      "atUTC": "2026-10-08T00:51:45.791860+00:00",
      "elapsedRealSeconds": 63.38,
      "reason": "agent-turn",
      "browser": {
        "utc": "2026-10-08T00:51:45.784Z",
        "url": "http://127.0.0.1:51301/",
        "viewport": {
          "width": 1280,
          "height": 900
        },
        "worldClock": "第 1 年 夏 3 日\n10:42",
        "visibleText": "≈\n≈\n≈\n≈\n≈\n≈\n≈\n≈\n≈\n≈\n≈\n≈\n≈\n≈\n≈\n≈\n≈\n≈\n≈\n░\n░\n░\n░\n░\n≈\n♣\n🌲\n♣\n♣\n♣\n♣\n♣\n♣\n🌲\n♣\n♣\n♣\n│\n♣\n♣\n🌲\n♣\n▲\n░\n░\n░\n░\n░\n≈\n♣\n♣\n♣\n🌲\n♣\n♣\n♣\n♣\n♣\n♣\n🌲\n♣\n│\n♣\n♣\n♣\n♣\n▲\n░\n░\n░\n░\n░\n≈\n♣\n♣\n♣\n♣\n♣\n🌲\n♣\n🐺\n♣\n♣\n♣\n♣\n│\n♣\n♣\n♣\n♣\n▲\n░\n░\n░\n░\n░\n≈\n🌲\n♣\n♣\n♣\n🙂\n5\n♣\n♣\n🌲\n♣\n🐺\n♣\n♣\n│\n♣\n🌲\n♣\n♣\n▲\n░\n░\n░\n░\n░\n≈\n♣\n♣\n🌲\n♣\n♣\n♣\n♣\n♣\n♣\n🌲\n♣\n♣\n│\n♣\n♣\n♣\n🌲\n▲\n⛏️\n5\n▲\n▲\n▲\n≈\n≈\n♣\n♣\n♣\n♣\n🌲\n♣\n♣\n🛡️\n4\n♣\n♣\n♣\n🌲\n│\n♣\n♣\n♣\n♣\n▲\n▲\n▲\n▲\n▲\n≈\n≈\n─\n─\n─\n─\n─\n─\n─\n─\n─\n─\n─\n─\n┼\n─\n─\n─\n─\n─\n─\n─\n─\n─\n≈\n≈\n·\n·\n·\n·\n·\n·\n·\n·\n·\n🏪\n雜貨店\n3\n·\n⚒️\n4\n│\n≋\n≋\n≋\n≋\n▲\n▲\n▲\n▲\n▲\n≈\n≈\n·\n·\n·\n🏠\n·\n·\n🏠\n家\n·\n·\n·\n·\n·\n│\n≋\n≋\n≋\n≋\n≋\n≋\n≋\n≋\n≋\n≈\n≈\n─\n─\n─\n─\n─\n─\n─\n─\n─\n─\n─\n─\n┼\n≋\n≋\n≋\n農田\n5\n≋\n≋\n≋\n≋\n≋\n≋\n≈\n≈\n·\n·\n·\n·\n·\n👨‍🌾\n🛏️\n旅店\n🧺\n·\n·\n⚔️\n4\n·\n│\n≋\n≋\n≋\n≋\n≋\n≋\n≋\n≋\n≋\n≈\n≈\n·\n·\n·\n·\n🏠\n·\n·\n·\n·\n·\n·\n·\n│\n≋\n≋\n≋\n≋\n≋\n≋\n≋\n≋\n≋\n≈\n≈\n·\n·\n·\n·\n·\n·\n·\n·\n·\n·\n·\n·\n│\n≋\n≋\n≋\n≋\n≋\n≋\n≋\n≋\n≋\n≈\n≈\n·\n·\n·\n·\n·\n·\n·\n·\n·\n·\n·\n·\n│\n≋\n≋\n≋\n≋\n≋\n≋\n≋\n≋\n≋\n≈\n≈\n≈\n≈\n≈\n≈\n≈\n≈\n≈\n≈\n≈\n≈\n≈\n≈\n≈\n≈\n≈\n≈\n≈\n≈\n≈\n≈\n≈\n≈\n≈\n北方森林\n橡谷 · 小聚落\n東方農田\n未知之地",
        "openDialogs": [],
        "localStorageBytes": 88132,
        "save": {
          "worldTime": 46722,
          "historyCount": 4,
          "eventCount": 10,
          "journalPending": 0,
          "crisisPhase": "dormant",
          "crisisSequence": 0,
          "crisisOutcome": null,
          "crisisSummary": null,
          "crisisEvents": [],
          "storageKeyPresent": true
        },
        "indexedDB": [
          {
            "name": "oakvale-play-journal",
            "counts": {
              "records": 76
            }
          }
        ]
      },
      "cdp": {
        "Memory.getDOMCounters": {
          "documents": 2,
          "nodes": 2138,
          "jsEventListeners": 445
        },
        "Runtime.getHeapUsage": {
          "usedSize": 13105904,
          "totalSize": 41803776,
          "embedderHeapUsedSize": 5247504,
          "backingStorageSize": 760366
        },
        "Performance.getMetrics": {
          "metrics": [
            {
              "name": "Timestamp",
              "value": 56717.598133
            },
            {
              "name": "AudioHandlers",
              "value": 0
            },
            {
              "name": "AudioWorkletProcessors",
              "value": 0
            },
            {
              "name": "Documents",
              "value": 2
            },
            {
              "name": "Frames",
              "value": 1
            },
            {
              "name": "JSEventListeners",
              "value": 445
            },
            {
              "name": "LayoutObjects",
              "value": 1323
            },
            {
              "name": "MediaKeySessions",
              "value": 0
            },
            {
              "name": "MediaKeys",
              "value": 0
            },
            {
              "name": "Nodes",
              "value": 2138
            },
            {
              "name": "Resources",
              "value": 2
            },
            {
              "name": "ContextLifecycleStateObservers",
              "value": 9
            },
            {
              "name": "V8PerContextDatas",
              "value": 2
            },
            {
              "name": "WorkerGlobalScopes",
              "value": 0
            },
            {
              "name": "UACSSResources",
              "value": 0
            },
            {
              "name": "RTCPeerConnections",
              "value": 0
            },
            {
              "name": "ResourceFetchers",
              "value": 2
            },
            {
              "name": "AdSubframes",
              "value": 0
            },
            {
              "name": "DetachedScriptStates",
              "value": 0
            },
            {
              "name": "ArrayBufferContents",
              "value": 3
            },
            {
              "name": "LayoutCount",
              "value": 293
            },
            {
              "name": "RecalcStyleCount",
              "value": 930
            },
            {
              "name": "LayoutDuration",
              "value": 0.279325
            },
            {
              "name": "RecalcStyleDuration",
              "value": 0.481003
            },
            {
              "name": "DevToolsCommandDuration",
              "value": 3.427424
            },
            {
              "name": "ScriptDuration",
              "value": 0.370887
            },
            {
              "name": "V8CompileDuration",
              "value": 0
            },
            {
              "name": "TaskDuration",
              "value": 6.111115
            },
            {
              "name": "TaskOtherDuration",
              "value": 1.552476
            },
            {
              "name": "ThreadTime",
              "value": 6.022069
            },
            {
              "name": "ProcessTime",
              "value": 7.41
            },
            {
              "name": "JSHeapUsedSize",
              "value": 13105904
            },
            {
              "name": "JSHeapTotalSize",
              "value": 41803776
            },
            {
              "name": "FirstMeaningfulPaint",
              "value": 56655.098853
            },
            {
              "name": "DomContentLoaded",
              "value": 56655.070139
            },
            {
              "name": "NavigationStart",
              "value": 56654.865408
            }
          ]
        }
      },
      "saveLatency": {
        "writes": [
          {
            "elapsedMs": 0.20000000298023224,
            "bytes": 80357,
            "at": 1791420643282
          },
          {
            "elapsedMs": 0.29999999701976776,
            "bytes": 79962,
            "at": 1791420643301
          },
          {
            "elapsedMs": 0.19999999552965164,
            "bytes": 79962,
            "at": 1791420643354
          },
          {
            "elapsedMs": 0.10000000149011612,
            "bytes": 79961,
            "at": 1791420643356
          },
          {
            "elapsedMs": 0.20000000298023224,
            "bytes": 79961,
            "at": 1791420643446
          },
          {
            "elapsedMs": 0.30000000447034836,
            "bytes": 79961,
            "at": 1791420643588
          },
          {
            "elapsedMs": 0.20000000298023224,
            "bytes": 80182,
            "at": 1791420643653
          },
          {
            "elapsedMs": 0.3999999985098839,
            "bytes": 79961,
            "at": 1791420643658
          },
          {
            "elapsedMs": 0.19999999552965164,
            "bytes": 80182,
            "at": 1791420643753
          },
          {
            "elapsedMs": 0.20000000298023224,
            "bytes": 79961,
            "at": 1791420643759
          },
          {
            "elapsedMs": 0.10000000149011612,
            "bytes": 80182,
            "at": 1791420643854
          },
          {
            "elapsedMs": 0.10000000149011612,
            "bytes": 79961,
            "at": 1791420643860
          },
          {
            "elapsedMs": 0.20000000298023224,
            "bytes": 80182,
            "at": 1791420643953
          },
          {
            "elapsedMs": 0.20000000298023224,
            "bytes": 79961,
            "at": 1791420643959
          },
          {
            "elapsedMs": 0.20000000298023224,
            "bytes": 80182,
            "at": 1791420644053
          },
          {
            "elapsedMs": 0.30000000447034836,
            "bytes": 79961,
            "at": 1791420644060
          },
          {
            "elapsedMs": 0.09999999403953552,
            "bytes": 80182,
            "at": 1791420644153
          },
          {
            "elapsedMs": 0.09999999403953552,
            "bytes": 79961,
            "at": 1791420644159
          },
          {
            "elapsedMs": 0.20000000298023224,
            "bytes": 80182,
            "at": 1791420644253
          },
          {
            "elapsedMs": 0.29999999701976776,
            "bytes": 79961,
            "at": 1791420644259
          },
          {
            "elapsedMs": 0.29999999701976776,
            "bytes": 80182,
            "at": 1791420644323
          },
          {
            "elapsedMs": 0.20000000298023224,
            "bytes": 80182,
            "at": 1791420644324
          },
          {
            "elapsedMs": 0.30000000447034836,
            "bytes": 79961,
            "at": 1791420644336
          },
          {
            "elapsedMs": 0.3999999985098839,
            "bytes": 83757,
            "at": 1791420645960
          },
          {
            "elapsedMs": 0.3999999985098839,
            "bytes": 82810,
            "at": 1791420645973
          },
          {
            "elapsedMs": 0.20000000298023224,
            "bytes": 83032,
            "at": 1791420647308
          },
          {
            "elapsedMs": 0.20000000298023224,
            "bytes": 82809,
            "at": 1791420647340
          },
          {
            "elapsedMs": 0.30000000447034836,
            "bytes": 83020,
            "at": 1791420648526
          },
          {
            "elapsedMs": 0.20000000298023224,
            "bytes": 82810,
            "at": 1791420648559
          },
          {
            "elapsedMs": 0.30000000447034836,
            "bytes": 83085,
            "at": 1791420650007
          },
          {
            "elapsedMs": 0.10000000149011612,
            "bytes": 82862,
            "at": 1791420650032
          },
          {
            "elapsedMs": 0.19999999552965164,
            "bytes": 83067,
            "at": 1791420651288
          },
          {
            "elapsedMs": 0.19999999552965164,
            "bytes": 82844,
            "at": 1791420651327
          },
          {
            "elapsedMs": 0.30000000447034836,
            "bytes": 83122,
            "at": 1791420652740
          },
          {
            "elapsedMs": 0.29999999701976776,
            "bytes": 82899,
            "at": 1791420652768
          },
          {
            "elapsedMs": 0.19999999552965164,
            "bytes": 83109,
            "at": 1791420653905
          },
          {
            "elapsedMs": 0.19999999552965164,
            "bytes": 82899,
            "at": 1791420653930
          },
          {
            "elapsedMs": 0.20000000298023224,
            "bytes": 82899,
            "at": 1791420654353
          },
          {
            "elapsedMs": 0.3999999985098839,
            "bytes": 83123,
            "at": 1791420655322
          },
          {
            "elapsedMs": 0.10000000149011612,
            "bytes": 82900,
            "at": 1791420655348
          },
          {
            "elapsedMs": 0.19999999552965164,
            "bytes": 83128,
            "at": 1791420656622
          },
          {
            "elapsedMs": 0.19999999552965164,
            "bytes": 82904,
            "at": 1791420656648
          },
          {
            "elapsedMs": 0.20000000298023224,
            "bytes": 83123,
            "at": 1791420657957
          },
          {
            "elapsedMs": 0.10000000149011612,
            "bytes": 82898,
            "at": 1791420657986
          },
          {
            "elapsedMs": 0.29999999701976776,
            "bytes": 83152,
            "at": 1791420659355
          },
          {
            "elapsedMs": 0.5,
            "bytes": 82927,
            "at": 1791420659379
          },
          {
            "elapsedMs": 0.3999999985098839,
            "bytes": 83129,
            "at": 1791420660691
          },
          {
            "elapsedMs": 0.29999999701976776,
            "bytes": 82904,
            "at": 1791420660721
          },
          {
            "elapsedMs": 0.30000000447034836,
            "bytes": 83127,
            "at": 1791420662006
          },
          {
            "elapsedMs": 0.29999999701976776,
            "bytes": 82902,
            "at": 1791420662035
          },
          {
            "elapsedMs": 0.30000000447034836,
            "bytes": 83110,
            "at": 1791420663355
          },
          {
            "elapsedMs": 0.19999999552965164,
            "bytes": 82885,
            "at": 1791420663384
          },
          {
            "elapsedMs": 0.20000000298023224,
            "bytes": 82885,
            "at": 1791420664453
          },
          {
            "elapsedMs": 0.20000000298023224,
            "bytes": 83097,
            "at": 1791420664504
          },
          {
            "elapsedMs": 0.20000000298023224,
            "bytes": 82885,
            "at": 1791420664542
          },
          {
            "elapsedMs": 0.3999999985098839,
            "bytes": 83122,
            "at": 1791420666041
          },
          {
            "elapsedMs": 0.19999999552965164,
            "bytes": 82897,
            "at": 1791420666071
          },
          {
            "elapsedMs": 0.30000000447034836,
            "bytes": 83146,
            "at": 1791420667355
          },
          {
            "elapsedMs": 0.20000000298023224,
            "bytes": 82921,
            "at": 1791420667379
          },
          {
            "elapsedMs": 0.5,
            "bytes": 85042,
            "at": 1791420668640
          },
          {
            "elapsedMs": 0.6000000014901161,
            "bytes": 84686,
            "at": 1791420668673
          },
          {
            "elapsedMs": 0.6000000014901161,
            "bytes": 84898,
            "at": 1791420669838
          },
          {
            "elapsedMs": 0.6000000014901161,
            "bytes": 84686,
            "at": 1791420669873
          },
          {
            "elapsedMs": 0.3999999985098839,
            "bytes": 84914,
            "at": 1791420671232
          },
          {
            "elapsedMs": 0.29999999701976776,
            "bytes": 84689,
            "at": 1791420671239
          },
          {
            "elapsedMs": 0.5,
            "bytes": 84891,
            "at": 1791420672691
          },
          {
            "elapsedMs": 0.6000000014901161,
            "bytes": 84666,
            "at": 1791420672728
          },
          {
            "elapsedMs": 0.5,
            "bytes": 84666,
            "at": 1791420673854
          },
          {
            "elapsedMs": 0.3999999985098839,
            "bytes": 84891,
            "at": 1791420673869
          },
          {
            "elapsedMs": 0.29999999701976776,
            "bytes": 84666,
            "at": 1791420673873
          },
          {
            "elapsedMs": 0.5,
            "bytes": 84891,
            "at": 1791420673954
          },
          {
            "elapsedMs": 0.29999999701976776,
            "bytes": 84666,
            "at": 1791420673960
          },
          {
            "elapsedMs": 0.30000000447034836,
            "bytes": 84891,
            "at": 1791420674055
          },
          {
            "elapsedMs": 0.3999999985098839,
            "bytes": 84666,
            "at": 1791420674061
          },
          {
            "elapsedMs": 0.3999999985098839,
            "bytes": 84891,
            "at": 1791420674154
          },
          {
            "elapsedMs": 0.30000000447034836,
            "bytes": 84666,
            "at": 1791420674161
          },
          {
            "elapsedMs": 0.3999999985098839,
            "bytes": 84891,
            "at": 1791420674254
          },
          {
            "elapsedMs": 0.19999999552965164,
            "bytes": 84666,
            "at": 1791420674260
          },
          {
            "elapsedMs": 0.9000000059604645,
            "bytes": 84891,
            "at": 1791420674354
          },
          {
            "elapsedMs": 0.29999999701976776,
            "bytes": 84666,
            "at": 1791420674361
          },
          {
            "elapsedMs": 0.29999999701976776,
            "bytes": 84891,
            "at": 1791420674454
          },
          {
            "elapsedMs": 0.3999999985098839,
            "bytes": 84666,
            "at": 1791420674466
          },
          {
            "elapsedMs": 0.29999999701976776,
            "bytes": 84891,
            "at": 1791420674554
          },
          {
            "elapsedMs": 0.30000000447034836,
            "bytes": 84666,
            "at": 1791420674561
          },
          {
            "elapsedMs": 0.3999999985098839,
            "bytes": 84891,
            "at": 1791420674589
          },
          {
            "elapsedMs": 0.29999999701976776,
            "bytes": 84891,
            "at": 1791420674591
          },
          {
            "elapsedMs": 1.1000000014901161,
            "bytes": 84666,
            "at": 1791420674604
          },
          {
            "elapsedMs": 0.5,
            "bytes": 84878,
            "at": 1791420675886
          },
          {
            "elapsedMs": 0.7999999970197678,
            "bytes": 84666,
            "at": 1791420675915
          },
          {
            "elapsedMs": 0.3999999985098839,
            "bytes": 84903,
            "at": 1791420677355
          },
          {
            "elapsedMs": 0.29999999701976776,
            "bytes": 84678,
            "at": 1791420677381
          },
          {
            "elapsedMs": 0.5,
            "bytes": 84904,
            "at": 1791420678674
          },
          {
            "elapsedMs": 0.29999999701976776,
            "bytes": 84679,
            "at": 1791420678704
          },
          {
            "elapsedMs": 0.3999999985098839,
            "bytes": 84921,
            "at": 1791420680120
          },
          {
            "elapsedMs": 0.5,
            "bytes": 84696,
            "at": 1791420680149
          },
          {
            "elapsedMs": 0.5,
            "bytes": 84908,
            "at": 1791420681290
          },
          {
            "elapsedMs": 0.3999999985098839,
            "bytes": 84696,
            "at": 1791420681320
          },
          {
            "elapsedMs": 0.6000000014901161,
            "bytes": 84923,
            "at": 1791420682726
          },
          {
            "elapsedMs": 0.29999999701976776,
            "bytes": 84698,
            "at": 1791420682752
          },
          {
            "elapsedMs": 0.5,
            "bytes": 84923,
            "at": 1791420684071
          },
          {
            "elapsedMs": 0.29999999701976776,
            "bytes": 84698,
            "at": 1791420684101
          },
          {
            "elapsedMs": 0.29999999701976776,
            "bytes": 84698,
            "at": 1791420684653
          },
          {
            "elapsedMs": 0.5,
            "bytes": 84946,
            "at": 1791420685407
          },
          {
            "elapsedMs": 0.5,
            "bytes": 84721,
            "at": 1791420685437
          },
          {
            "elapsedMs": 0.3999999985098839,
            "bytes": 84934,
            "at": 1791420686838
          },
          {
            "elapsedMs": 0.30000000447034836,
            "bytes": 84709,
            "at": 1791420686865
          },
          {
            "elapsedMs": 0.5,
            "bytes": 84946,
            "at": 1791420688172
          },
          {
            "elapsedMs": 0.6000000014901161,
            "bytes": 84721,
            "at": 1791420688203
          },
          {
            "elapsedMs": 0.3999999985098839,
            "bytes": 84721,
            "at": 1791420689354
          },
          {
            "elapsedMs": 0.4000000059604645,
            "bytes": 84946,
            "at": 1791420689368
          },
          {
            "elapsedMs": 0.10000000149011612,
            "bytes": 84721,
            "at": 1791420689372
          },
          {
            "elapsedMs": 0.3999999985098839,
            "bytes": 84946,
            "at": 1791420689454
          },
          {
            "elapsedMs": 0.20000000298023224,
            "bytes": 84721,
            "at": 1791420689460
          },
          {
            "elapsedMs": 0.30000000447034836,
            "bytes": 84946,
            "at": 1791420689554
          },
          {
            "elapsedMs": 0.20000000298023224,
            "bytes": 84721,
            "at": 1791420689560
          },
          {
            "elapsedMs": 0.3999999985098839,
            "bytes": 84946,
            "at": 1791420689654
          },
          {
            "elapsedMs": 0.4000000059604645,
            "bytes": 84721,
            "at": 1791420689663
          },
          {
            "elapsedMs": 0.4000000059604645,
            "bytes": 84946,
            "at": 1791420689754
          },
          {
            "elapsedMs": 0.30000000447034836,
            "bytes": 84721,
            "at": 1791420689760
          },
          {
            "elapsedMs": 0.29999999701976776,
            "bytes": 84946,
            "at": 1791420689853
          },
          {
            "elapsedMs": 0.3999999985098839,
            "bytes": 84721,
            "at": 1791420689859
          },
          {
            "elapsedMs": 0.3999999985098839,
            "bytes": 84946,
            "at": 1791420689954
          },
          {
            "elapsedMs": 0.20000000298023224,
            "bytes": 84721,
            "at": 1791420689959
          },
          {
            "elapsedMs": 0.30000000447034836,
            "bytes": 84946,
            "at": 1791420690054
          },
          {
            "elapsedMs": 0.5,
            "bytes": 84721,
            "at": 1791420690065
          },
          {
            "elapsedMs": 0.4000000059604645,
            "bytes": 84946,
            "at": 1791420690093
          },
          {
            "elapsedMs": 0.29999999701976776,
            "bytes": 84946,
            "at": 1791420690098
          },
          {
            "elapsedMs": 0.30000000447034836,
            "bytes": 84721,
            "at": 1791420690105
          },
          {
            "elapsedMs": 0.3999999985098839,
            "bytes": 84947,
            "at": 1791420691487
          },
          {
            "elapsedMs": 0.29999999701976776,
            "bytes": 84722,
            "at": 1791420691515
          },
          {
            "elapsedMs": 0.7999999970197678,
            "bytes": 84934,
            "at": 1791420692671
          },
          {
            "elapsedMs": 0.30000000447034836,
            "bytes": 84722,
            "at": 1791420692703
          },
          {
            "elapsedMs": 0.3999999985098839,
            "bytes": 84934,
            "at": 1791420694221
          },
          {
            "elapsedMs": 0.6000000014901161,
            "bytes": 84709,
            "at": 1791420694251
          },
          {
            "elapsedMs": 0.3999999985098839,
            "bytes": 84930,
            "at": 1791420695587
          },
          {
            "elapsedMs": 0.5,
            "bytes": 84705,
            "at": 1791420695617
          },
          {
            "elapsedMs": 0.3999999985098839,
            "bytes": 84924,
            "at": 1791420696888
          },
          {
            "elapsedMs": 0.3999999985098839,
            "bytes": 84699,
            "at": 1791420696917
          },
          {
            "elapsedMs": 0.5,
            "bytes": 84911,
            "at": 1791420698122
          },
          {
            "elapsedMs": 0.5,
            "bytes": 84699,
            "at": 1791420698158
          },
          {
            "elapsedMs": 0.5999999940395355,
            "bytes": 88589,
            "at": 1791420699622
          },
          {
            "elapsedMs": 0.3999999985098839,
            "bytes": 88130,
            "at": 1791420699660
          },
          {
            "elapsedMs": 0.4000000059604645,
            "bytes": 88130,
            "at": 1791420700154
          },
          {
            "elapsedMs": 0.5,
            "bytes": 88369,
            "at": 1791420701054
          },
          {
            "elapsedMs": 0.4000000059604645,
            "bytes": 88144,
            "at": 1791420701080
          },
          {
            "elapsedMs": 0.5,
            "bytes": 88357,
            "at": 1791420702438
          },
          {
            "elapsedMs": 0.3999999985098839,
            "bytes": 88132,
            "at": 1791420702474
          },
          {
            "elapsedMs": 0.3999999985098839,
            "bytes": 88344,
            "at": 1791420703636
          },
          {
            "elapsedMs": 0.3999999985098839,
            "bytes": 88132,
            "at": 1791420703662
          },
          {
            "elapsedMs": 0.3999999985098839,
            "bytes": 88132,
            "at": 1791420704919
          },
          {
            "elapsedMs": 0.3999999985098839,
            "bytes": 88357,
            "at": 1791420704954
          },
          {
            "elapsedMs": 0.3999999985098839,
            "bytes": 88132,
            "at": 1791420704960
          },
          {
            "elapsedMs": 0.3999999985098839,
            "bytes": 88357,
            "at": 1791420705054
          },
          {
            "elapsedMs": 0.29999999701976776,
            "bytes": 88132,
            "at": 1791420705060
          },
          {
            "elapsedMs": 0.30000000447034836,
            "bytes": 88357,
            "at": 1791420705154
          },
          {
            "elapsedMs": 0.29999999701976776,
            "bytes": 88132,
            "at": 1791420705159
          },
          {
            "elapsedMs": 0.3999999985098839,
            "bytes": 88357,
            "at": 1791420705254
          },
          {
            "elapsedMs": 0.29999999701976776,
            "bytes": 88132,
            "at": 1791420705260
          },
          {
            "elapsedMs": 0.5,
            "bytes": 88357,
            "at": 1791420705354
          },
          {
            "elapsedMs": 0.30000000447034836,
            "bytes": 88132,
            "at": 1791420705360
          },
          {
            "elapsedMs": 0.3999999985098839,
            "bytes": 88357,
            "at": 1791420705454
          },
          {
            "elapsedMs": 0.29999999701976776,
            "bytes": 88132,
            "at": 1791420705460
          },
          {
            "elapsedMs": 0.4000000059604645,
            "bytes": 88357,
            "at": 1791420705554
          },
          {
            "elapsedMs": 0.29999999701976776,
            "bytes": 88132,
            "at": 1791420705560
          },
          {
            "elapsedMs": 0.3999999985098839,
            "bytes": 88357,
            "at": 1791420705655
          },
          {
            "elapsedMs": 0.4000000059604645,
            "bytes": 88357,
            "at": 1791420705657
          },
          {
            "elapsedMs": 0.29999999701976776,
            "bytes": 88132,
            "at": 1791420705685
          }
        ],
        "storageErrors": [],
        "unhandledRejections": []
      },
      "pageErrors": 0,
      "consoleErrors": 0,
      "requestFailures": 0,
      "httpFailures": 0
    },
    {
      "atUTC": "2026-10-08T00:51:48.565334+00:00",
      "elapsedRealSeconds": 66.16,
      "reason": "final-normal",
      "browser": {
        "utc": "2026-10-08T00:51:48.557Z",
        "url": "http://127.0.0.1:51301/",
        "viewport": {
          "width": 1280,
          "height": 900
        },
        "worldClock": "第 1 年 夏 5 日\n10:42",
        "visibleText": "≈\n≈\n≈\n≈\n≈\n≈\n≈\n≈\n≈\n≈\n≈\n≈\n≈\n≈\n≈\n≈\n≈\n≈\n≈\n░\n░\n░\n░\n░\n≈\n♣\n🌲\n♣\n♣\n♣\n♣\n♣\n♣\n🌲\n♣\n♣\n♣\n│\n♣\n♣\n🌲\n♣\n▲\n░\n░\n░\n░\n░\n≈\n♣\n♣\n♣\n🌲\n♣\n♣\n♣\n♣\n♣\n♣\n🌲\n♣\n│\n♣\n♣\n♣\n♣\n▲\n░\n░\n░\n░\n░\n≈\n♣\n♣\n♣\n♣\n♣\n🌲\n♣\n🐺\n♣\n♣\n♣\n♣\n│\n♣\n♣\n♣\n♣\n▲\n░\n░\n░\n░\n░\n≈\n🌲\n♣\n♣\n♣\n🙂\n5\n♣\n♣\n🌲\n♣\n🐺\n♣\n♣\n│\n♣\n🌲\n♣\n♣\n▲\n░\n░\n░\n░\n░\n≈\n♣\n♣\n🌲\n♣\n♣\n♣\n♣\n♣\n♣\n🌲\n♣\n♣\n│\n♣\n♣\n♣\n🌲\n▲\n⛏️\n5\n▲\n▲\n▲\n≈\n≈\n♣\n♣\n♣\n♣\n🌲\n♣\n♣\n🛡️\n4\n♣\n♣\n♣\n🌲\n│\n♣\n♣\n♣\n♣\n▲\n▲\n▲\n▲\n▲\n≈\n≈\n─\n─\n─\n─\n─\n─\n─\n─\n─\n─\n─\n─\n┼\n─\n─\n─\n─\n─\n─\n─\n─\n─\n≈\n≈\n·\n·\n·\n·\n·\n·\n·\n·\n·\n🏪\n雜貨店\n3\n·\n⚒️\n4\n│\n≋\n≋\n≋\n≋\n▲\n▲\n▲\n▲\n▲\n≈\n≈\n·\n·\n·\n🏠\n·\n·\n🏠\n家\n·\n·\n·\n·\n·\n│\n≋\n≋\n≋\n≋\n≋\n≋\n≋\n≋\n≋\n≈\n≈\n─\n─\n─\n─\n─\n─\n─\n─\n─\n─\n─\n─\n┼\n≋\n≋\n≋\n農田\n5\n≋\n≋\n≋\n≋\n≋\n≋\n≈\n≈\n·\n·\n·\n·\n·\n👨‍🌾\n🛏️\n旅店\n🧺\n·\n·\n⚔️\n4\n·\n│\n≋\n≋\n≋\n≋\n≋\n≋\n≋\n≋\n≋\n≈\n≈\n·\n·\n·\n·\n🏠\n·\n·\n·\n·\n·\n·\n·\n│\n≋\n≋\n≋\n≋\n≋\n≋\n≋\n≋\n≋\n≈\n≈\n·\n·\n·\n·\n·\n·\n·\n·\n·\n·\n·\n·\n│\n≋\n≋\n≋\n≋\n≋\n≋\n≋\n≋\n≋\n≈\n≈\n·\n·\n·\n·\n·\n·\n·\n·\n·\n·\n·\n·\n│\n≋\n≋\n≋\n≋\n≋\n≋\n≋\n≋\n≋\n≈\n≈\n≈\n≈\n≈\n≈\n≈\n≈\n≈\n≈\n≈\n≈\n≈\n≈\n≈\n≈\n≈\n≈\n≈\n≈\n≈\n≈\n≈\n≈\n≈\n北方森林\n橡谷 · 小聚落\n東方農田\n未知之地",
        "openDialogs": [
          "┤ 旅人筆記 ├\n× Esc\n今天，想去哪裡？\n\n去東方農田種小麥，到森林伐木，或到礦場採石。素材可以賣給雜貨店。也可以走入迷霧山谷，探索廢棄礦坑。\n\n這裡沒有每日任務。居民、聚落與怪物會隨自己的時間繼續生活。\n\n讓時間往前走\n\n等待不會自動恢復生命與體力。田地會成熟、契約會到期，所有人也會衰老。\n\n等待 1 日\n度過一季\n度過一年\n同行者 · 0/2\n\n目前獨自旅行。村莊的酒館裡，或許有人願意同行。\n\n操作\n\nWASD／方向鍵移動 · Enter 互動 · Esc 選單\nC 角色 · I 物品 · L 日誌 · M 地圖\n\n開啟視窗後世界時間仍會前進，可隨時用視窗底部按鈕暫停。\n\n時間繼續前進。聚落與森林都有自己的生活。\n×\n第 1 年 夏 5 日 10:42 · 生命 100 · 體力 84 · 45 金\n繼續時間"
        ],
        "localStorageBytes": 88122,
        "save": {
          "worldTime": 49602,
          "historyCount": 4,
          "eventCount": 10,
          "journalPending": 0,
          "crisisPhase": "dormant",
          "crisisSequence": 0,
          "crisisOutcome": null,
          "crisisSummary": null,
          "crisisEvents": [],
          "storageKeyPresent": true
        },
        "indexedDB": [
          {
            "name": "oakvale-play-journal",
            "counts": {
              "records": 78
            }
          }
        ]
      },
      "cdp": {
        "Memory.getDOMCounters": {
          "documents": 2,
          "nodes": 2623,
          "jsEventListeners": 519
        },
        "Runtime.getHeapUsage": {
          "usedSize": 6880348,
          "totalSize": 41885696,
          "embedderHeapUsedSize": 8340208,
          "backingStorageSize": 1554399
        },
        "Performance.getMetrics": {
          "metrics": [
            {
              "name": "Timestamp",
              "value": 56720.372918
            },
            {
              "name": "AudioHandlers",
              "value": 0
            },
            {
              "name": "AudioWorkletProcessors",
              "value": 0
            },
            {
              "name": "Documents",
              "value": 2
            },
            {
              "name": "Frames",
              "value": 1
            },
            {
              "name": "JSEventListeners",
              "value": 519
            },
            {
              "name": "LayoutObjects",
              "value": 1770
            },
            {
              "name": "MediaKeySessions",
              "value": 0
            },
            {
              "name": "MediaKeys",
              "value": 0
            },
            {
              "name": "Nodes",
              "value": 2623
            },
            {
              "name": "Resources",
              "value": 2
            },
            {
              "name": "ContextLifecycleStateObservers",
              "value": 10
            },
            {
              "name": "V8PerContextDatas",
              "value": 2
            },
            {
              "name": "WorkerGlobalScopes",
              "value": 0
            },
            {
              "name": "UACSSResources",
              "value": 0
            },
            {
              "name": "RTCPeerConnections",
              "value": 0
            },
            {
              "name": "ResourceFetchers",
              "value": 2
            },
            {
              "name": "AdSubframes",
              "value": 0
            },
            {
              "name": "DetachedScriptStates",
              "value": 0
            },
            {
              "name": "ArrayBufferContents",
              "value": 8
            },
            {
              "name": "LayoutCount",
              "value": 307
            },
            {
              "name": "RecalcStyleCount",
              "value": 984
            },
            {
              "name": "LayoutDuration",
              "value": 0.286297
            },
            {
              "name": "RecalcStyleDuration",
              "value": 0.506445
            },
            {
              "name": "DevToolsCommandDuration",
              "value": 3.574122
            },
            {
              "name": "ScriptDuration",
              "value": 0.380677
            },
            {
              "name": "V8CompileDuration",
              "value": 0
            },
            {
              "name": "TaskDuration",
              "value": 6.362077
            },
            {
              "name": "TaskOtherDuration",
              "value": 1.614536
            },
            {
              "name": "ThreadTime",
              "value": 6.276429
            },
            {
              "name": "ProcessTime",
              "value": 7.71
            },
            {
              "name": "JSHeapUsedSize",
              "value": 6880348
            },
            {
              "name": "JSHeapTotalSize",
              "value": 41885696
            },
            {
              "name": "FirstMeaningfulPaint",
              "value": 56655.098853
            },
            {
              "name": "DomContentLoaded",
              "value": 56655.070139
            },
            {
              "name": "NavigationStart",
              "value": 56654.865408
            }
          ]
        }
      },
      "saveLatency": {
        "writes": [
          {
            "elapsedMs": 0.20000000298023224,
            "bytes": 80357,
            "at": 1791420643282
          },
          {
            "elapsedMs": 0.29999999701976776,
            "bytes": 79962,
            "at": 1791420643301
          },
          {
            "elapsedMs": 0.19999999552965164,
            "bytes": 79962,
            "at": 1791420643354
          },
          {
            "elapsedMs": 0.10000000149011612,
            "bytes": 79961,
            "at": 1791420643356
          },
          {
            "elapsedMs": 0.20000000298023224,
            "bytes": 79961,
            "at": 1791420643446
          },
          {
            "elapsedMs": 0.30000000447034836,
            "bytes": 79961,
            "at": 1791420643588
          },
          {
            "elapsedMs": 0.20000000298023224,
            "bytes": 80182,
            "at": 1791420643653
          },
          {
            "elapsedMs": 0.3999999985098839,
            "bytes": 79961,
            "at": 1791420643658
          },
          {
            "elapsedMs": 0.19999999552965164,
            "bytes": 80182,
            "at": 1791420643753
          },
          {
            "elapsedMs": 0.20000000298023224,
            "bytes": 79961,
            "at": 1791420643759
          },
          {
            "elapsedMs": 0.10000000149011612,
            "bytes": 80182,
            "at": 1791420643854
          },
          {
            "elapsedMs": 0.10000000149011612,
            "bytes": 79961,
            "at": 1791420643860
          },
          {
            "elapsedMs": 0.20000000298023224,
            "bytes": 80182,
            "at": 1791420643953
          },
          {
            "elapsedMs": 0.20000000298023224,
            "bytes": 79961,
            "at": 1791420643959
          },
          {
            "elapsedMs": 0.20000000298023224,
            "bytes": 80182,
            "at": 1791420644053
          },
          {
            "elapsedMs": 0.30000000447034836,
            "bytes": 79961,
            "at": 1791420644060
          },
          {
            "elapsedMs": 0.09999999403953552,
            "bytes": 80182,
            "at": 1791420644153
          },
          {
            "elapsedMs": 0.09999999403953552,
            "bytes": 79961,
            "at": 1791420644159
          },
          {
            "elapsedMs": 0.20000000298023224,
            "bytes": 80182,
            "at": 1791420644253
          },
          {
            "elapsedMs": 0.29999999701976776,
            "bytes": 79961,
            "at": 1791420644259
          },
          {
            "elapsedMs": 0.29999999701976776,
            "bytes": 80182,
            "at": 1791420644323
          },
          {
            "elapsedMs": 0.20000000298023224,
            "bytes": 80182,
            "at": 1791420644324
          },
          {
            "elapsedMs": 0.30000000447034836,
            "bytes": 79961,
            "at": 1791420644336
          },
          {
            "elapsedMs": 0.3999999985098839,
            "bytes": 83757,
            "at": 1791420645960
          },
          {
            "elapsedMs": 0.3999999985098839,
            "bytes": 82810,
            "at": 1791420645973
          },
          {
            "elapsedMs": 0.20000000298023224,
            "bytes": 83032,
            "at": 1791420647308
          },
          {
            "elapsedMs": 0.20000000298023224,
            "bytes": 82809,
            "at": 1791420647340
          },
          {
            "elapsedMs": 0.30000000447034836,
            "bytes": 83020,
            "at": 1791420648526
          },
          {
            "elapsedMs": 0.20000000298023224,
            "bytes": 82810,
            "at": 1791420648559
          },
          {
            "elapsedMs": 0.30000000447034836,
            "bytes": 83085,
            "at": 1791420650007
          },
          {
            "elapsedMs": 0.10000000149011612,
            "bytes": 82862,
            "at": 1791420650032
          },
          {
            "elapsedMs": 0.19999999552965164,
            "bytes": 83067,
            "at": 1791420651288
          },
          {
            "elapsedMs": 0.19999999552965164,
            "bytes": 82844,
            "at": 1791420651327
          },
          {
            "elapsedMs": 0.30000000447034836,
            "bytes": 83122,
            "at": 1791420652740
          },
          {
            "elapsedMs": 0.29999999701976776,
            "bytes": 82899,
            "at": 1791420652768
          },
          {
            "elapsedMs": 0.19999999552965164,
            "bytes": 83109,
            "at": 1791420653905
          },
          {
            "elapsedMs": 0.19999999552965164,
            "bytes": 82899,
            "at": 1791420653930
          },
          {
            "elapsedMs": 0.20000000298023224,
            "bytes": 82899,
            "at": 1791420654353
          },
          {
            "elapsedMs": 0.3999999985098839,
            "bytes": 83123,
            "at": 1791420655322
          },
          {
            "elapsedMs": 0.10000000149011612,
            "bytes": 82900,
            "at": 1791420655348
          },
          {
            "elapsedMs": 0.19999999552965164,
            "bytes": 83128,
            "at": 1791420656622
          },
          {
            "elapsedMs": 0.19999999552965164,
            "bytes": 82904,
            "at": 1791420656648
          },
          {
            "elapsedMs": 0.20000000298023224,
            "bytes": 83123,
            "at": 1791420657957
          },
          {
            "elapsedMs": 0.10000000149011612,
            "bytes": 82898,
            "at": 1791420657986
          },
          {
            "elapsedMs": 0.29999999701976776,
            "bytes": 83152,
            "at": 1791420659355
          },
          {
            "elapsedMs": 0.5,
            "bytes": 82927,
            "at": 1791420659379
          },
          {
            "elapsedMs": 0.3999999985098839,
            "bytes": 83129,
            "at": 1791420660691
          },
          {
            "elapsedMs": 0.29999999701976776,
            "bytes": 82904,
            "at": 1791420660721
          },
          {
            "elapsedMs": 0.30000000447034836,
            "bytes": 83127,
            "at": 1791420662006
          },
          {
            "elapsedMs": 0.29999999701976776,
            "bytes": 82902,
            "at": 1791420662035
          },
          {
            "elapsedMs": 0.30000000447034836,
            "bytes": 83110,
            "at": 1791420663355
          },
          {
            "elapsedMs": 0.19999999552965164,
            "bytes": 82885,
            "at": 1791420663384
          },
          {
            "elapsedMs": 0.20000000298023224,
            "bytes": 82885,
            "at": 1791420664453
          },
          {
            "elapsedMs": 0.20000000298023224,
            "bytes": 83097,
            "at": 1791420664504
          },
          {
            "elapsedMs": 0.20000000298023224,
            "bytes": 82885,
            "at": 1791420664542
          },
          {
            "elapsedMs": 0.3999999985098839,
            "bytes": 83122,
            "at": 1791420666041
          },
          {
            "elapsedMs": 0.19999999552965164,
            "bytes": 82897,
            "at": 1791420666071
          },
          {
            "elapsedMs": 0.30000000447034836,
            "bytes": 83146,
            "at": 1791420667355
          },
          {
            "elapsedMs": 0.20000000298023224,
            "bytes": 82921,
            "at": 1791420667379
          },
          {
            "elapsedMs": 0.5,
            "bytes": 85042,
            "at": 1791420668640
          },
          {
            "elapsedMs": 0.6000000014901161,
            "bytes": 84686,
            "at": 1791420668673
          },
          {
            "elapsedMs": 0.6000000014901161,
            "bytes": 84898,
            "at": 1791420669838
          },
          {
            "elapsedMs": 0.6000000014901161,
            "bytes": 84686,
            "at": 1791420669873
          },
          {
            "elapsedMs": 0.3999999985098839,
            "bytes": 84914,
            "at": 1791420671232
          },
          {
            "elapsedMs": 0.29999999701976776,
            "bytes": 84689,
            "at": 1791420671239
          },
          {
            "elapsedMs": 0.5,
            "bytes": 84891,
            "at": 1791420672691
          },
          {
            "elapsedMs": 0.6000000014901161,
            "bytes": 84666,
            "at": 1791420672728
          },
          {
            "elapsedMs": 0.5,
            "bytes": 84666,
            "at": 1791420673854
          },
          {
            "elapsedMs": 0.3999999985098839,
            "bytes": 84891,
            "at": 1791420673869
          },
          {
            "elapsedMs": 0.29999999701976776,
            "bytes": 84666,
            "at": 1791420673873
          },
          {
            "elapsedMs": 0.5,
            "bytes": 84891,
            "at": 1791420673954
          },
          {
            "elapsedMs": 0.29999999701976776,
            "bytes": 84666,
            "at": 1791420673960
          },
          {
            "elapsedMs": 0.30000000447034836,
            "bytes": 84891,
            "at": 1791420674055
          },
          {
            "elapsedMs": 0.3999999985098839,
            "bytes": 84666,
            "at": 1791420674061
          },
          {
            "elapsedMs": 0.3999999985098839,
            "bytes": 84891,
            "at": 1791420674154
          },
          {
            "elapsedMs": 0.30000000447034836,
            "bytes": 84666,
            "at": 1791420674161
          },
          {
            "elapsedMs": 0.3999999985098839,
            "bytes": 84891,
            "at": 1791420674254
          },
          {
            "elapsedMs": 0.19999999552965164,
            "bytes": 84666,
            "at": 1791420674260
          },
          {
            "elapsedMs": 0.9000000059604645,
            "bytes": 84891,
            "at": 1791420674354
          },
          {
            "elapsedMs": 0.29999999701976776,
            "bytes": 84666,
            "at": 1791420674361
          },
          {
            "elapsedMs": 0.29999999701976776,
            "bytes": 84891,
            "at": 1791420674454
          },
          {
            "elapsedMs": 0.3999999985098839,
            "bytes": 84666,
            "at": 1791420674466
          },
          {
            "elapsedMs": 0.29999999701976776,
            "bytes": 84891,
            "at": 1791420674554
          },
          {
            "elapsedMs": 0.30000000447034836,
            "bytes": 84666,
            "at": 1791420674561
          },
          {
            "elapsedMs": 0.3999999985098839,
            "bytes": 84891,
            "at": 1791420674589
          },
          {
            "elapsedMs": 0.29999999701976776,
            "bytes": 84891,
            "at": 1791420674591
          },
          {
            "elapsedMs": 1.1000000014901161,
            "bytes": 84666,
            "at": 1791420674604
          },
          {
            "elapsedMs": 0.5,
            "bytes": 84878,
            "at": 1791420675886
          },
          {
            "elapsedMs": 0.7999999970197678,
            "bytes": 84666,
            "at": 1791420675915
          },
          {
            "elapsedMs": 0.3999999985098839,
            "bytes": 84903,
            "at": 1791420677355
          },
          {
            "elapsedMs": 0.29999999701976776,
            "bytes": 84678,
            "at": 1791420677381
          },
          {
            "elapsedMs": 0.5,
            "bytes": 84904,
            "at": 1791420678674
          },
          {
            "elapsedMs": 0.29999999701976776,
            "bytes": 84679,
            "at": 1791420678704
          },
          {
            "elapsedMs": 0.3999999985098839,
            "bytes": 84921,
            "at": 1791420680120
          },
          {
            "elapsedMs": 0.5,
            "bytes": 84696,
            "at": 1791420680149
          },
          {
            "elapsedMs": 0.5,
            "bytes": 84908,
            "at": 1791420681290
          },
          {
            "elapsedMs": 0.3999999985098839,
            "bytes": 84696,
            "at": 1791420681320
          },
          {
            "elapsedMs": 0.6000000014901161,
            "bytes": 84923,
            "at": 1791420682726
          },
          {
            "elapsedMs": 0.29999999701976776,
            "bytes": 84698,
            "at": 1791420682752
          },
          {
            "elapsedMs": 0.5,
            "bytes": 84923,
            "at": 1791420684071
          },
          {
            "elapsedMs": 0.29999999701976776,
            "bytes": 84698,
            "at": 1791420684101
          },
          {
            "elapsedMs": 0.29999999701976776,
            "bytes": 84698,
            "at": 1791420684653
          },
          {
            "elapsedMs": 0.5,
            "bytes": 84946,
            "at": 1791420685407
          },
          {
            "elapsedMs": 0.5,
            "bytes": 84721,
            "at": 1791420685437
          },
          {
            "elapsedMs": 0.3999999985098839,
            "bytes": 84934,
            "at": 1791420686838
          },
          {
            "elapsedMs": 0.30000000447034836,
            "bytes": 84709,
            "at": 1791420686865
          },
          {
            "elapsedMs": 0.5,
            "bytes": 84946,
            "at": 1791420688172
          },
          {
            "elapsedMs": 0.6000000014901161,
            "bytes": 84721,
            "at": 1791420688203
          },
          {
            "elapsedMs": 0.3999999985098839,
            "bytes": 84721,
            "at": 1791420689354
          },
          {
            "elapsedMs": 0.4000000059604645,
            "bytes": 84946,
            "at": 1791420689368
          },
          {
            "elapsedMs": 0.10000000149011612,
            "bytes": 84721,
            "at": 1791420689372
          },
          {
            "elapsedMs": 0.3999999985098839,
            "bytes": 84946,
            "at": 1791420689454
          },
          {
            "elapsedMs": 0.20000000298023224,
            "bytes": 84721,
            "at": 1791420689460
          },
          {
            "elapsedMs": 0.30000000447034836,
            "bytes": 84946,
            "at": 1791420689554
          },
          {
            "elapsedMs": 0.20000000298023224,
            "bytes": 84721,
            "at": 1791420689560
          },
          {
            "elapsedMs": 0.3999999985098839,
            "bytes": 84946,
            "at": 1791420689654
          },
          {
            "elapsedMs": 0.4000000059604645,
            "bytes": 84721,
            "at": 1791420689663
          },
          {
            "elapsedMs": 0.4000000059604645,
            "bytes": 84946,
            "at": 1791420689754
          },
          {
            "elapsedMs": 0.30000000447034836,
            "bytes": 84721,
            "at": 1791420689760
          },
          {
            "elapsedMs": 0.29999999701976776,
            "bytes": 84946,
            "at": 1791420689853
          },
          {
            "elapsedMs": 0.3999999985098839,
            "bytes": 84721,
            "at": 1791420689859
          },
          {
            "elapsedMs": 0.3999999985098839,
            "bytes": 84946,
            "at": 1791420689954
          },
          {
            "elapsedMs": 0.20000000298023224,
            "bytes": 84721,
            "at": 1791420689959
          },
          {
            "elapsedMs": 0.30000000447034836,
            "bytes": 84946,
            "at": 1791420690054
          },
          {
            "elapsedMs": 0.5,
            "bytes": 84721,
            "at": 1791420690065
          },
          {
            "elapsedMs": 0.4000000059604645,
            "bytes": 84946,
            "at": 1791420690093
          },
          {
            "elapsedMs": 0.29999999701976776,
            "bytes": 84946,
            "at": 1791420690098
          },
          {
            "elapsedMs": 0.30000000447034836,
            "bytes": 84721,
            "at": 1791420690105
          },
          {
            "elapsedMs": 0.3999999985098839,
            "bytes": 84947,
            "at": 1791420691487
          },
          {
            "elapsedMs": 0.29999999701976776,
            "bytes": 84722,
            "at": 1791420691515
          },
          {
            "elapsedMs": 0.7999999970197678,
            "bytes": 84934,
            "at": 1791420692671
          },
          {
            "elapsedMs": 0.30000000447034836,
            "bytes": 84722,
            "at": 1791420692703
          },
          {
            "elapsedMs": 0.3999999985098839,
            "bytes": 84934,
            "at": 1791420694221
          },
          {
            "elapsedMs": 0.6000000014901161,
            "bytes": 84709,
            "at": 1791420694251
          },
          {
            "elapsedMs": 0.3999999985098839,
            "bytes": 84930,
            "at": 1791420695587
          },
          {
            "elapsedMs": 0.5,
            "bytes": 84705,
            "at": 1791420695617
          },
          {
            "elapsedMs": 0.3999999985098839,
            "bytes": 84924,
            "at": 1791420696888
          },
          {
            "elapsedMs": 0.3999999985098839,
            "bytes": 84699,
            "at": 1791420696917
          },
          {
            "elapsedMs": 0.5,
            "bytes": 84911,
            "at": 1791420698122
          },
          {
            "elapsedMs": 0.5,
            "bytes": 84699,
            "at": 1791420698158
          },
          {
            "elapsedMs": 0.5999999940395355,
            "bytes": 88589,
            "at": 1791420699622
          },
          {
            "elapsedMs": 0.3999999985098839,
            "bytes": 88130,
            "at": 1791420699660
          },
          {
            "elapsedMs": 0.4000000059604645,
            "bytes": 88130,
            "at": 1791420700154
          },
          {
            "elapsedMs": 0.5,
            "bytes": 88369,
            "at": 1791420701054
          },
          {
            "elapsedMs": 0.4000000059604645,
            "bytes": 88144,
            "at": 1791420701080
          },
          {
            "elapsedMs": 0.5,
            "bytes": 88357,
            "at": 1791420702438
          },
          {
            "elapsedMs": 0.3999999985098839,
            "bytes": 88132,
            "at": 1791420702474
          },
          {
            "elapsedMs": 0.3999999985098839,
            "bytes": 88344,
            "at": 1791420703636
          },
          {
            "elapsedMs": 0.3999999985098839,
            "bytes": 88132,
            "at": 1791420703662
          },
          {
            "elapsedMs": 0.3999999985098839,
            "bytes": 88132,
            "at": 1791420704919
          },
          {
            "elapsedMs": 0.3999999985098839,
            "bytes": 88357,
            "at": 1791420704954
          },
          {
            "elapsedMs": 0.3999999985098839,
            "bytes": 88132,
            "at": 1791420704960
          },
          {
            "elapsedMs": 0.3999999985098839,
            "bytes": 88357,
            "at": 1791420705054
          },
          {
            "elapsedMs": 0.29999999701976776,
            "bytes": 88132,
            "at": 1791420705060
          },
          {
            "elapsedMs": 0.30000000447034836,
            "bytes": 88357,
            "at": 1791420705154
          },
          {
            "elapsedMs": 0.29999999701976776,
            "bytes": 88132,
            "at": 1791420705159
          },
          {
            "elapsedMs": 0.3999999985098839,
            "bytes": 88357,
            "at": 1791420705254
          },
          {
            "elapsedMs": 0.29999999701976776,
            "bytes": 88132,
            "at": 1791420705260
          },
          {
            "elapsedMs": 0.5,
            "bytes": 88357,
            "at": 1791420705354
          },
          {
            "elapsedMs": 0.30000000447034836,
            "bytes": 88132,
            "at": 1791420705360
          },
          {
            "elapsedMs": 0.3999999985098839,
            "bytes": 88357,
            "at": 1791420705454
          },
          {
            "elapsedMs": 0.29999999701976776,
            "bytes": 88132,
            "at": 1791420705460
          },
          {
            "elapsedMs": 0.4000000059604645,
            "bytes": 88357,
            "at": 1791420705554
          },
          {
            "elapsedMs": 0.29999999701976776,
            "bytes": 88132,
            "at": 1791420705560
          },
          {
            "elapsedMs": 0.3999999985098839,
            "bytes": 88357,
            "at": 1791420705655
          },
          {
            "elapsedMs": 0.4000000059604645,
            "bytes": 88357,
            "at": 1791420705657
          },
          {
            "elapsedMs": 0.29999999701976776,
            "bytes": 88132,
            "at": 1791420705685
          },
          {
            "elapsedMs": 0.3999999985098839,
            "bytes": 88360,
            "at": 1791420707086
          },
          {
            "elapsedMs": 0.29999999701976776,
            "bytes": 88135,
            "at": 1791420707110
          },
          {
            "elapsedMs": 0.3999999985098839,
            "bytes": 88347,
            "at": 1791420708487
          },
          {
            "elapsedMs": 0.30000000447034836,
            "bytes": 88122,
            "at": 1791420708516
          }
        ],
        "storageErrors": [],
        "unhandledRejections": []
      },
      "pageErrors": 0,
      "consoleErrors": 0,
      "requestFailures": 0,
      "httpFailures": 0
    }
  ],
  "lastCheckpoint": {
    "atUTC": "2026-10-08T00:51:48.565334+00:00",
    "elapsedRealSeconds": 66.16,
    "reason": "final-normal",
    "browser": {
      "utc": "2026-10-08T00:51:48.557Z",
      "url": "http://127.0.0.1:51301/",
      "viewport": {
        "width": 1280,
        "height": 900
      },
      "worldClock": "第 1 年 夏 5 日\n10:42",
      "visibleText": "≈\n≈\n≈\n≈\n≈\n≈\n≈\n≈\n≈\n≈\n≈\n≈\n≈\n≈\n≈\n≈\n≈\n≈\n≈\n░\n░\n░\n░\n░\n≈\n♣\n🌲\n♣\n♣\n♣\n♣\n♣\n♣\n🌲\n♣\n♣\n♣\n│\n♣\n♣\n🌲\n♣\n▲\n░\n░\n░\n░\n░\n≈\n♣\n♣\n♣\n🌲\n♣\n♣\n♣\n♣\n♣\n♣\n🌲\n♣\n│\n♣\n♣\n♣\n♣\n▲\n░\n░\n░\n░\n░\n≈\n♣\n♣\n♣\n♣\n♣\n🌲\n♣\n🐺\n♣\n♣\n♣\n♣\n│\n♣\n♣\n♣\n♣\n▲\n░\n░\n░\n░\n░\n≈\n🌲\n♣\n♣\n♣\n🙂\n5\n♣\n♣\n🌲\n♣\n🐺\n♣\n♣\n│\n♣\n🌲\n♣\n♣\n▲\n░\n░\n░\n░\n░\n≈\n♣\n♣\n🌲\n♣\n♣\n♣\n♣\n♣\n♣\n🌲\n♣\n♣\n│\n♣\n♣\n♣\n🌲\n▲\n⛏️\n5\n▲\n▲\n▲\n≈\n≈\n♣\n♣\n♣\n♣\n🌲\n♣\n♣\n🛡️\n4\n♣\n♣\n♣\n🌲\n│\n♣\n♣\n♣\n♣\n▲\n▲\n▲\n▲\n▲\n≈\n≈\n─\n─\n─\n─\n─\n─\n─\n─\n─\n─\n─\n─\n┼\n─\n─\n─\n─\n─\n─\n─\n─\n─\n≈\n≈\n·\n·\n·\n·\n·\n·\n·\n·\n·\n🏪\n雜貨店\n3\n·\n⚒️\n4\n│\n≋\n≋\n≋\n≋\n▲\n▲\n▲\n▲\n▲\n≈\n≈\n·\n·\n·\n🏠\n·\n·\n🏠\n家\n·\n·\n·\n·\n·\n│\n≋\n≋\n≋\n≋\n≋\n≋\n≋\n≋\n≋\n≈\n≈\n─\n─\n─\n─\n─\n─\n─\n─\n─\n─\n─\n─\n┼\n≋\n≋\n≋\n農田\n5\n≋\n≋\n≋\n≋\n≋\n≋\n≈\n≈\n·\n·\n·\n·\n·\n👨‍🌾\n🛏️\n旅店\n🧺\n·\n·\n⚔️\n4\n·\n│\n≋\n≋\n≋\n≋\n≋\n≋\n≋\n≋\n≋\n≈\n≈\n·\n·\n·\n·\n🏠\n·\n·\n·\n·\n·\n·\n·\n│\n≋\n≋\n≋\n≋\n≋\n≋\n≋\n≋\n≋\n≈\n≈\n·\n·\n·\n·\n·\n·\n·\n·\n·\n·\n·\n·\n│\n≋\n≋\n≋\n≋\n≋\n≋\n≋\n≋\n≋\n≈\n≈\n·\n·\n·\n·\n·\n·\n·\n·\n·\n·\n·\n·\n│\n≋\n≋\n≋\n≋\n≋\n≋\n≋\n≋\n≋\n≈\n≈\n≈\n≈\n≈\n≈\n≈\n≈\n≈\n≈\n≈\n≈\n≈\n≈\n≈\n≈\n≈\n≈\n≈\n≈\n≈\n≈\n≈\n≈\n≈\n北方森林\n橡谷 · 小聚落\n東方農田\n未知之地",
      "openDialogs": [
        "┤ 旅人筆記 ├\n× Esc\n今天，想去哪裡？\n\n去東方農田種小麥，到森林伐木，或到礦場採石。素材可以賣給雜貨店。也可以走入迷霧山谷，探索廢棄礦坑。\n\n這裡沒有每日任務。居民、聚落與怪物會隨自己的時間繼續生活。\n\n讓時間往前走\n\n等待不會自動恢復生命與體力。田地會成熟、契約會到期，所有人也會衰老。\n\n等待 1 日\n度過一季\n度過一年\n同行者 · 0/2\n\n目前獨自旅行。村莊的酒館裡，或許有人願意同行。\n\n操作\n\nWASD／方向鍵移動 · Enter 互動 · Esc 選單\nC 角色 · I 物品 · L 日誌 · M 地圖\n\n開啟視窗後世界時間仍會前進，可隨時用視窗底部按鈕暫停。\n\n時間繼續前進。聚落與森林都有自己的生活。\n×\n第 1 年 夏 5 日 10:42 · 生命 100 · 體力 84 · 45 金\n繼續時間"
      ],
      "localStorageBytes": 88122,
      "save": {
        "worldTime": 49602,
        "historyCount": 4,
        "eventCount": 10,
        "journalPending": 0,
        "crisisPhase": "dormant",
        "crisisSequence": 0,
        "crisisOutcome": null,
        "crisisSummary": null,
        "crisisEvents": [],
        "storageKeyPresent": true
      },
      "indexedDB": [
        {
          "name": "oakvale-play-journal",
          "counts": {
            "records": 78
          }
        }
      ]
    },
    "cdp": {
      "Memory.getDOMCounters": {
        "documents": 2,
        "nodes": 2623,
        "jsEventListeners": 519
      },
      "Runtime.getHeapUsage": {
        "usedSize": 6880348,
        "totalSize": 41885696,
        "embedderHeapUsedSize": 8340208,
        "backingStorageSize": 1554399
      },
      "Performance.getMetrics": {
        "metrics": [
          {
            "name": "Timestamp",
            "value": 56720.372918
          },
          {
            "name": "AudioHandlers",
            "value": 0
          },
          {
            "name": "AudioWorkletProcessors",
            "value": 0
          },
          {
            "name": "Documents",
            "value": 2
          },
          {
            "name": "Frames",
            "value": 1
          },
          {
            "name": "JSEventListeners",
            "value": 519
          },
          {
            "name": "LayoutObjects",
            "value": 1770
          },
          {
            "name": "MediaKeySessions",
            "value": 0
          },
          {
            "name": "MediaKeys",
            "value": 0
          },
          {
            "name": "Nodes",
            "value": 2623
          },
          {
            "name": "Resources",
            "value": 2
          },
          {
            "name": "ContextLifecycleStateObservers",
            "value": 10
          },
          {
            "name": "V8PerContextDatas",
            "value": 2
          },
          {
            "name": "WorkerGlobalScopes",
            "value": 0
          },
          {
            "name": "UACSSResources",
            "value": 0
          },
          {
            "name": "RTCPeerConnections",
            "value": 0
          },
          {
            "name": "ResourceFetchers",
            "value": 2
          },
          {
            "name": "AdSubframes",
            "value": 0
          },
          {
            "name": "DetachedScriptStates",
            "value": 0
          },
          {
            "name": "ArrayBufferContents",
            "value": 8
          },
          {
            "name": "LayoutCount",
            "value": 307
          },
          {
            "name": "RecalcStyleCount",
            "value": 984
          },
          {
            "name": "LayoutDuration",
            "value": 0.286297
          },
          {
            "name": "RecalcStyleDuration",
            "value": 0.506445
          },
          {
            "name": "DevToolsCommandDuration",
            "value": 3.574122
          },
          {
            "name": "ScriptDuration",
            "value": 0.380677
          },
          {
            "name": "V8CompileDuration",
            "value": 0
          },
          {
            "name": "TaskDuration",
            "value": 6.362077
          },
          {
            "name": "TaskOtherDuration",
            "value": 1.614536
          },
          {
            "name": "ThreadTime",
            "value": 6.276429
          },
          {
            "name": "ProcessTime",
            "value": 7.71
          },
          {
            "name": "JSHeapUsedSize",
            "value": 6880348
          },
          {
            "name": "JSHeapTotalSize",
            "value": 41885696
          },
          {
            "name": "FirstMeaningfulPaint",
            "value": 56655.098853
          },
          {
            "name": "DomContentLoaded",
            "value": 56655.070139
          },
          {
            "name": "NavigationStart",
            "value": 56654.865408
          }
        ]
      }
    },
    "saveLatency": {
      "writes": [
        {
          "elapsedMs": 0.20000000298023224,
          "bytes": 80357,
          "at": 1791420643282
        },
        {
          "elapsedMs": 0.29999999701976776,
          "bytes": 79962,
          "at": 1791420643301
        },
        {
          "elapsedMs": 0.19999999552965164,
          "bytes": 79962,
          "at": 1791420643354
        },
        {
          "elapsedMs": 0.10000000149011612,
          "bytes": 79961,
          "at": 1791420643356
        },
        {
          "elapsedMs": 0.20000000298023224,
          "bytes": 79961,
          "at": 1791420643446
        },
        {
          "elapsedMs": 0.30000000447034836,
          "bytes": 79961,
          "at": 1791420643588
        },
        {
          "elapsedMs": 0.20000000298023224,
          "bytes": 80182,
          "at": 1791420643653
        },
        {
          "elapsedMs": 0.3999999985098839,
          "bytes": 79961,
          "at": 1791420643658
        },
        {
          "elapsedMs": 0.19999999552965164,
          "bytes": 80182,
          "at": 1791420643753
        },
        {
          "elapsedMs": 0.20000000298023224,
          "bytes": 79961,
          "at": 1791420643759
        },
        {
          "elapsedMs": 0.10000000149011612,
          "bytes": 80182,
          "at": 1791420643854
        },
        {
          "elapsedMs": 0.10000000149011612,
          "bytes": 79961,
          "at": 1791420643860
        },
        {
          "elapsedMs": 0.20000000298023224,
          "bytes": 80182,
          "at": 1791420643953
        },
        {
          "elapsedMs": 0.20000000298023224,
          "bytes": 79961,
          "at": 1791420643959
        },
        {
          "elapsedMs": 0.20000000298023224,
          "bytes": 80182,
          "at": 1791420644053
        },
        {
          "elapsedMs": 0.30000000447034836,
          "bytes": 79961,
          "at": 1791420644060
        },
        {
          "elapsedMs": 0.09999999403953552,
          "bytes": 80182,
          "at": 1791420644153
        },
        {
          "elapsedMs": 0.09999999403953552,
          "bytes": 79961,
          "at": 1791420644159
        },
        {
          "elapsedMs": 0.20000000298023224,
          "bytes": 80182,
          "at": 1791420644253
        },
        {
          "elapsedMs": 0.29999999701976776,
          "bytes": 79961,
          "at": 1791420644259
        },
        {
          "elapsedMs": 0.29999999701976776,
          "bytes": 80182,
          "at": 1791420644323
        },
        {
          "elapsedMs": 0.20000000298023224,
          "bytes": 80182,
          "at": 1791420644324
        },
        {
          "elapsedMs": 0.30000000447034836,
          "bytes": 79961,
          "at": 1791420644336
        },
        {
          "elapsedMs": 0.3999999985098839,
          "bytes": 83757,
          "at": 1791420645960
        },
        {
          "elapsedMs": 0.3999999985098839,
          "bytes": 82810,
          "at": 1791420645973
        },
        {
          "elapsedMs": 0.20000000298023224,
          "bytes": 83032,
          "at": 1791420647308
        },
        {
          "elapsedMs": 0.20000000298023224,
          "bytes": 82809,
          "at": 1791420647340
        },
        {
          "elapsedMs": 0.30000000447034836,
          "bytes": 83020,
          "at": 1791420648526
        },
        {
          "elapsedMs": 0.20000000298023224,
          "bytes": 82810,
          "at": 1791420648559
        },
        {
          "elapsedMs": 0.30000000447034836,
          "bytes": 83085,
          "at": 1791420650007
        },
        {
          "elapsedMs": 0.10000000149011612,
          "bytes": 82862,
          "at": 1791420650032
        },
        {
          "elapsedMs": 0.19999999552965164,
          "bytes": 83067,
          "at": 1791420651288
        },
        {
          "elapsedMs": 0.19999999552965164,
          "bytes": 82844,
          "at": 1791420651327
        },
        {
          "elapsedMs": 0.30000000447034836,
          "bytes": 83122,
          "at": 1791420652740
        },
        {
          "elapsedMs": 0.29999999701976776,
          "bytes": 82899,
          "at": 1791420652768
        },
        {
          "elapsedMs": 0.19999999552965164,
          "bytes": 83109,
          "at": 1791420653905
        },
        {
          "elapsedMs": 0.19999999552965164,
          "bytes": 82899,
          "at": 1791420653930
        },
        {
          "elapsedMs": 0.20000000298023224,
          "bytes": 82899,
          "at": 1791420654353
        },
        {
          "elapsedMs": 0.3999999985098839,
          "bytes": 83123,
          "at": 1791420655322
        },
        {
          "elapsedMs": 0.10000000149011612,
          "bytes": 82900,
          "at": 1791420655348
        },
        {
          "elapsedMs": 0.19999999552965164,
          "bytes": 83128,
          "at": 1791420656622
        },
        {
          "elapsedMs": 0.19999999552965164,
          "bytes": 82904,
          "at": 1791420656648
        },
        {
          "elapsedMs": 0.20000000298023224,
          "bytes": 83123,
          "at": 1791420657957
        },
        {
          "elapsedMs": 0.10000000149011612,
          "bytes": 82898,
          "at": 1791420657986
        },
        {
          "elapsedMs": 0.29999999701976776,
          "bytes": 83152,
          "at": 1791420659355
        },
        {
          "elapsedMs": 0.5,
          "bytes": 82927,
          "at": 1791420659379
        },
        {
          "elapsedMs": 0.3999999985098839,
          "bytes": 83129,
          "at": 1791420660691
        },
        {
          "elapsedMs": 0.29999999701976776,
          "bytes": 82904,
          "at": 1791420660721
        },
        {
          "elapsedMs": 0.30000000447034836,
          "bytes": 83127,
          "at": 1791420662006
        },
        {
          "elapsedMs": 0.29999999701976776,
          "bytes": 82902,
          "at": 1791420662035
        },
        {
          "elapsedMs": 0.30000000447034836,
          "bytes": 83110,
          "at": 1791420663355
        },
        {
          "elapsedMs": 0.19999999552965164,
          "bytes": 82885,
          "at": 1791420663384
        },
        {
          "elapsedMs": 0.20000000298023224,
          "bytes": 82885,
          "at": 1791420664453
        },
        {
          "elapsedMs": 0.20000000298023224,
          "bytes": 83097,
          "at": 1791420664504
        },
        {
          "elapsedMs": 0.20000000298023224,
          "bytes": 82885,
          "at": 1791420664542
        },
        {
          "elapsedMs": 0.3999999985098839,
          "bytes": 83122,
          "at": 1791420666041
        },
        {
          "elapsedMs": 0.19999999552965164,
          "bytes": 82897,
          "at": 1791420666071
        },
        {
          "elapsedMs": 0.30000000447034836,
          "bytes": 83146,
          "at": 1791420667355
        },
        {
          "elapsedMs": 0.20000000298023224,
          "bytes": 82921,
          "at": 1791420667379
        },
        {
          "elapsedMs": 0.5,
          "bytes": 85042,
          "at": 1791420668640
        },
        {
          "elapsedMs": 0.6000000014901161,
          "bytes": 84686,
          "at": 1791420668673
        },
        {
          "elapsedMs": 0.6000000014901161,
          "bytes": 84898,
          "at": 1791420669838
        },
        {
          "elapsedMs": 0.6000000014901161,
          "bytes": 84686,
          "at": 1791420669873
        },
        {
          "elapsedMs": 0.3999999985098839,
          "bytes": 84914,
          "at": 1791420671232
        },
        {
          "elapsedMs": 0.29999999701976776,
          "bytes": 84689,
          "at": 1791420671239
        },
        {
          "elapsedMs": 0.5,
          "bytes": 84891,
          "at": 1791420672691
        },
        {
          "elapsedMs": 0.6000000014901161,
          "bytes": 84666,
          "at": 1791420672728
        },
        {
          "elapsedMs": 0.5,
          "bytes": 84666,
          "at": 1791420673854
        },
        {
          "elapsedMs": 0.3999999985098839,
          "bytes": 84891,
          "at": 1791420673869
        },
        {
          "elapsedMs": 0.29999999701976776,
          "bytes": 84666,
          "at": 1791420673873
        },
        {
          "elapsedMs": 0.5,
          "bytes": 84891,
          "at": 1791420673954
        },
        {
          "elapsedMs": 0.29999999701976776,
          "bytes": 84666,
          "at": 1791420673960
        },
        {
          "elapsedMs": 0.30000000447034836,
          "bytes": 84891,
          "at": 1791420674055
        },
        {
          "elapsedMs": 0.3999999985098839,
          "bytes": 84666,
          "at": 1791420674061
        },
        {
          "elapsedMs": 0.3999999985098839,
          "bytes": 84891,
          "at": 1791420674154
        },
        {
          "elapsedMs": 0.30000000447034836,
          "bytes": 84666,
          "at": 1791420674161
        },
        {
          "elapsedMs": 0.3999999985098839,
          "bytes": 84891,
          "at": 1791420674254
        },
        {
          "elapsedMs": 0.19999999552965164,
          "bytes": 84666,
          "at": 1791420674260
        },
        {
          "elapsedMs": 0.9000000059604645,
          "bytes": 84891,
          "at": 1791420674354
        },
        {
          "elapsedMs": 0.29999999701976776,
          "bytes": 84666,
          "at": 1791420674361
        },
        {
          "elapsedMs": 0.29999999701976776,
          "bytes": 84891,
          "at": 1791420674454
        },
        {
          "elapsedMs": 0.3999999985098839,
          "bytes": 84666,
          "at": 1791420674466
        },
        {
          "elapsedMs": 0.29999999701976776,
          "bytes": 84891,
          "at": 1791420674554
        },
        {
          "elapsedMs": 0.30000000447034836,
          "bytes": 84666,
          "at": 1791420674561
        },
        {
          "elapsedMs": 0.3999999985098839,
          "bytes": 84891,
          "at": 1791420674589
        },
        {
          "elapsedMs": 0.29999999701976776,
          "bytes": 84891,
          "at": 1791420674591
        },
        {
          "elapsedMs": 1.1000000014901161,
          "bytes": 84666,
          "at": 1791420674604
        },
        {
          "elapsedMs": 0.5,
          "bytes": 84878,
          "at": 1791420675886
        },
        {
          "elapsedMs": 0.7999999970197678,
          "bytes": 84666,
          "at": 1791420675915
        },
        {
          "elapsedMs": 0.3999999985098839,
          "bytes": 84903,
          "at": 1791420677355
        },
        {
          "elapsedMs": 0.29999999701976776,
          "bytes": 84678,
          "at": 1791420677381
        },
        {
          "elapsedMs": 0.5,
          "bytes": 84904,
          "at": 1791420678674
        },
        {
          "elapsedMs": 0.29999999701976776,
          "bytes": 84679,
          "at": 1791420678704
        },
        {
          "elapsedMs": 0.3999999985098839,
          "bytes": 84921,
          "at": 1791420680120
        },
        {
          "elapsedMs": 0.5,
          "bytes": 84696,
          "at": 1791420680149
        },
        {
          "elapsedMs": 0.5,
          "bytes": 84908,
          "at": 1791420681290
        },
        {
          "elapsedMs": 0.3999999985098839,
          "bytes": 84696,
          "at": 1791420681320
        },
        {
          "elapsedMs": 0.6000000014901161,
          "bytes": 84923,
          "at": 1791420682726
        },
        {
          "elapsedMs": 0.29999999701976776,
          "bytes": 84698,
          "at": 1791420682752
        },
        {
          "elapsedMs": 0.5,
          "bytes": 84923,
          "at": 1791420684071
        },
        {
          "elapsedMs": 0.29999999701976776,
          "bytes": 84698,
          "at": 1791420684101
        },
        {
          "elapsedMs": 0.29999999701976776,
          "bytes": 84698,
          "at": 1791420684653
        },
        {
          "elapsedMs": 0.5,
          "bytes": 84946,
          "at": 1791420685407
        },
        {
          "elapsedMs": 0.5,
          "bytes": 84721,
          "at": 1791420685437
        },
        {
          "elapsedMs": 0.3999999985098839,
          "bytes": 84934,
          "at": 1791420686838
        },
        {
          "elapsedMs": 0.30000000447034836,
          "bytes": 84709,
          "at": 1791420686865
        },
        {
          "elapsedMs": 0.5,
          "bytes": 84946,
          "at": 1791420688172
        },
        {
          "elapsedMs": 0.6000000014901161,
          "bytes": 84721,
          "at": 1791420688203
        },
        {
          "elapsedMs": 0.3999999985098839,
          "bytes": 84721,
          "at": 1791420689354
        },
        {
          "elapsedMs": 0.4000000059604645,
          "bytes": 84946,
          "at": 1791420689368
        },
        {
          "elapsedMs": 0.10000000149011612,
          "bytes": 84721,
          "at": 1791420689372
        },
        {
          "elapsedMs": 0.3999999985098839,
          "bytes": 84946,
          "at": 1791420689454
        },
        {
          "elapsedMs": 0.20000000298023224,
          "bytes": 84721,
          "at": 1791420689460
        },
        {
          "elapsedMs": 0.30000000447034836,
          "bytes": 84946,
          "at": 1791420689554
        },
        {
          "elapsedMs": 0.20000000298023224,
          "bytes": 84721,
          "at": 1791420689560
        },
        {
          "elapsedMs": 0.3999999985098839,
          "bytes": 84946,
          "at": 1791420689654
        },
        {
          "elapsedMs": 0.4000000059604645,
          "bytes": 84721,
          "at": 1791420689663
        },
        {
          "elapsedMs": 0.4000000059604645,
          "bytes": 84946,
          "at": 1791420689754
        },
        {
          "elapsedMs": 0.30000000447034836,
          "bytes": 84721,
          "at": 1791420689760
        },
        {
          "elapsedMs": 0.29999999701976776,
          "bytes": 84946,
          "at": 1791420689853
        },
        {
          "elapsedMs": 0.3999999985098839,
          "bytes": 84721,
          "at": 1791420689859
        },
        {
          "elapsedMs": 0.3999999985098839,
          "bytes": 84946,
          "at": 1791420689954
        },
        {
          "elapsedMs": 0.20000000298023224,
          "bytes": 84721,
          "at": 1791420689959
        },
        {
          "elapsedMs": 0.30000000447034836,
          "bytes": 84946,
          "at": 1791420690054
        },
        {
          "elapsedMs": 0.5,
          "bytes": 84721,
          "at": 1791420690065
        },
        {
          "elapsedMs": 0.4000000059604645,
          "bytes": 84946,
          "at": 1791420690093
        },
        {
          "elapsedMs": 0.29999999701976776,
          "bytes": 84946,
          "at": 1791420690098
        },
        {
          "elapsedMs": 0.30000000447034836,
          "bytes": 84721,
          "at": 1791420690105
        },
        {
          "elapsedMs": 0.3999999985098839,
          "bytes": 84947,
          "at": 1791420691487
        },
        {
          "elapsedMs": 0.29999999701976776,
          "bytes": 84722,
          "at": 1791420691515
        },
        {
          "elapsedMs": 0.7999999970197678,
          "bytes": 84934,
          "at": 1791420692671
        },
        {
          "elapsedMs": 0.30000000447034836,
          "bytes": 84722,
          "at": 1791420692703
        },
        {
          "elapsedMs": 0.3999999985098839,
          "bytes": 84934,
          "at": 1791420694221
        },
        {
          "elapsedMs": 0.6000000014901161,
          "bytes": 84709,
          "at": 1791420694251
        },
        {
          "elapsedMs": 0.3999999985098839,
          "bytes": 84930,
          "at": 1791420695587
        },
        {
          "elapsedMs": 0.5,
          "bytes": 84705,
          "at": 1791420695617
        },
        {
          "elapsedMs": 0.3999999985098839,
          "bytes": 84924,
          "at": 1791420696888
        },
        {
          "elapsedMs": 0.3999999985098839,
          "bytes": 84699,
          "at": 1791420696917
        },
        {
          "elapsedMs": 0.5,
          "bytes": 84911,
          "at": 1791420698122
        },
        {
          "elapsedMs": 0.5,
          "bytes": 84699,
          "at": 1791420698158
        },
        {
          "elapsedMs": 0.5999999940395355,
          "bytes": 88589,
          "at": 1791420699622
        },
        {
          "elapsedMs": 0.3999999985098839,
          "bytes": 88130,
          "at": 1791420699660
        },
        {
          "elapsedMs": 0.4000000059604645,
          "bytes": 88130,
          "at": 1791420700154
        },
        {
          "elapsedMs": 0.5,
          "bytes": 88369,
          "at": 1791420701054
        },
        {
          "elapsedMs": 0.4000000059604645,
          "bytes": 88144,
          "at": 1791420701080
        },
        {
          "elapsedMs": 0.5,
          "bytes": 88357,
          "at": 1791420702438
        },
        {
          "elapsedMs": 0.3999999985098839,
          "bytes": 88132,
          "at": 1791420702474
        },
        {
          "elapsedMs": 0.3999999985098839,
          "bytes": 88344,
          "at": 1791420703636
        },
        {
          "elapsedMs": 0.3999999985098839,
          "bytes": 88132,
          "at": 1791420703662
        },
        {
          "elapsedMs": 0.3999999985098839,
          "bytes": 88132,
          "at": 1791420704919
        },
        {
          "elapsedMs": 0.3999999985098839,
          "bytes": 88357,
          "at": 1791420704954
        },
        {
          "elapsedMs": 0.3999999985098839,
          "bytes": 88132,
          "at": 1791420704960
        },
        {
          "elapsedMs": 0.3999999985098839,
          "bytes": 88357,
          "at": 1791420705054
        },
        {
          "elapsedMs": 0.29999999701976776,
          "bytes": 88132,
          "at": 1791420705060
        },
        {
          "elapsedMs": 0.30000000447034836,
          "bytes": 88357,
          "at": 1791420705154
        },
        {
          "elapsedMs": 0.29999999701976776,
          "bytes": 88132,
          "at": 1791420705159
        },
        {
          "elapsedMs": 0.3999999985098839,
          "bytes": 88357,
          "at": 1791420705254
        },
        {
          "elapsedMs": 0.29999999701976776,
          "bytes": 88132,
          "at": 1791420705260
        },
        {
          "elapsedMs": 0.5,
          "bytes": 88357,
          "at": 1791420705354
        },
        {
          "elapsedMs": 0.30000000447034836,
          "bytes": 88132,
          "at": 1791420705360
        },
        {
          "elapsedMs": 0.3999999985098839,
          "bytes": 88357,
          "at": 1791420705454
        },
        {
          "elapsedMs": 0.29999999701976776,
          "bytes": 88132,
          "at": 1791420705460
        },
        {
          "elapsedMs": 0.4000000059604645,
          "bytes": 88357,
          "at": 1791420705554
        },
        {
          "elapsedMs": 0.29999999701976776,
          "bytes": 88132,
          "at": 1791420705560
        },
        {
          "elapsedMs": 0.3999999985098839,
          "bytes": 88357,
          "at": 1791420705655
        },
        {
          "elapsedMs": 0.4000000059604645,
          "bytes": 88357,
          "at": 1791420705657
        },
        {
          "elapsedMs": 0.29999999701976776,
          "bytes": 88132,
          "at": 1791420705685
        },
        {
          "elapsedMs": 0.3999999985098839,
          "bytes": 88360,
          "at": 1791420707086
        },
        {
          "elapsedMs": 0.29999999701976776,
          "bytes": 88135,
          "at": 1791420707110
        },
        {
          "elapsedMs": 0.3999999985098839,
          "bytes": 88347,
          "at": 1791420708487
        },
        {
          "elapsedMs": 0.30000000447034836,
          "bytes": 88122,
          "at": 1791420708516
        }
      ],
      "storageErrors": [],
      "unhandledRejections": []
    },
    "pageErrors": 0,
    "consoleErrors": 0,
    "requestFailures": 0,
    "httpFailures": 0
  },
  "normalDurationSeconds": 65.1,
  "fixtureManifest": {
    "path": "reports/v2/20261008-regional-crisis/phase-06/j-fixture-manifest.json",
    "sha256": "acbe2b0bf3f691da5c36c790eb6ed35197842dbad0d53d919f3e34e11423111a",
    "sourceFingerprint": "c9fd3e455af08f18c50bc7eaa3677ecdd950b2e0c177bc779fe39b1fb3ca2cbb"
  },
  "controlledFixturesExecuted": [
    "NORMAL_FRESH",
    "CONTROLLED_WARNING_UI_FIXTURE",
    "CONTROLLED_UI_FIXTURE",
    "CONTROLLED_FOREST_CAMP_RAID",
    "CONTROLLED_FOREST_CHIEF",
    "CONTROLLED_UI_FIXTURE_KNOWN_AFTERMATH",
    "LEGACY_UNKNOWN_FIXTURE"
  ],
  "controlledLaneStatus": "PASS_WITH_FIXTURES_SEPARATE",
  "missingControlledLanes": [],
  "normalArcAssessment": {
    "phasesObserved": [
      "dormant"
    ],
    "requiredOrderedPhases": [
      "warning",
      "preparation",
      "active",
      "aftermath"
    ],
    "orderedPhasesObserved": false,
    "realUIActionObserved": false,
    "aftermathSaveReloadVerified": false,
    "complete": false,
    "normalFreshOnly": true,
    "controlledFixturesExcluded": true
  },
  "normalDurationRequirement": {
    "minimumSeconds": 0,
    "actualSeconds": 65.1,
    "passed": true
  },
  "error": "KeyError: 'browserErrors'",
  "failureUTC": "2026-10-08T00:51:53.192797+00:00",
  "sourceAfter": {
    "head": "bd316cb326e5fbc20087c0154d6e3f294a5daac7",
    "sourceSha256": {
      "src/App.vue": "f3ed979e98946fd747bf7f0508a03a31b50165ff09b4202e5b48753a977fdde8",
      "src/components/AdventureWindow.vue": "eb6167f033c2c871d0719fb3742319df591feace02bffabe8af5a4802ebfc087",
      "src/components/CharacterSheet.vue": "0905f39da0b3ba52ed2c8c4c852ce08bc96a5e80d925cb64bb1f3dcb5b0d0dbd",
      "src/components/IdentityWindow.vue": "982afc32143581311c9a014236e3e2a75e1a40b8f04f8fe97796c542966f7f06",
      "src/components/InventoryWindow.vue": "12794d34b5d7df1902804f36698c26d58f0c46e3ec8f8bcd4519b075d2ad4609",
      "src/components/LifeNewsWindow.vue": "f59e6aef06e4f610b702f09ac45ed64295a4fbeece8bfe9a424e0b2d7975438b",
      "src/components/NpcWindow.vue": "0e930a8dfeec0f4db6cdad0adace75825baa8cc40e09307e1e55c7085cde4cd7",
      "src/components/PixelMeter.vue": "77b69a1b161f6ad7e29a346665a69645a3d8589281e8bc32832f149e41d81ca9",
      "src/components/PixelWindow.vue": "15397996c0984586bd95e6383c647fba88dbb77ec0a9f01e78dc723821e61da4",
      "src/components/PlaceWindow.vue": "39ad0ac71e13dc67b07e65f15ecbcb38fb7cd18d0e3d8f5140eb97a943d21ce6",
      "src/components/PropertyWindow.vue": "9bd6f8d2a5b00435b6e86c149bf6a7d4bf5343ed2be26e2416772a3aaf0c27d1",
      "src/components/StatusNotice.vue": "6c722ade5aa61f45e5fb2c77c8a8dc15e701173484f3871f7365d7cf9500f6a9",
      "src/components/WorldMap.vue": "37de32ea49da36d4e74c9ced377adbe280fa45cb60fdf69d8a5c39a260719a5f",
      "src/components/WorldRecords.vue": "424365a02880ce6767ffc9e9769e5a0f61905c0fc046753d8fc80f5bfadaaed8",
      "src/data/config.ts": "c81505557ccadf66b8046b1f1976c90bb63165804502dce770c468deb9cb6984",
      "src/data/crafting.ts": "a6946d02a5783c52e672bc25abc33202830f98983488e7f0df2ee1984d7c86f9",
      "src/data/identity.ts": "0acc09bbd1f9d9c4e057b2bdca01fa202730e868325cb873286c5c31a809dae0",
      "src/data/lifeRules.ts": "07b9ab1836c6d96077a4a6aaedd7f5d7abec6f1b5132bc5203da1d1e9291e1b3",
      "src/data/livingEvents.ts": "768aaee2a9d1e8b9919163059d36a494f5071bf7a0568bfe7b0c80f735d03bc1",
      "src/data/npcLife.ts": "5089f01033570e33528b63538a06a3f0645735b8c8c884d8f2c54a900a937b4f",
      "src/data/ownership.ts": "32b4133d753764952905da43276cd1cd56ea26f32e44b4b540225dc8f59140f2",
      "src/data/rewards.ts": "f2d60b4eb0c7d3349e242b6c2a81853e92cf5b74e25e1be071cf839fd6c98cd5",
      "src/domain/crisis.ts": "03ef61f00c08ea84cdd6126d64009e3032fb38a5662db8a736519045f00ad14c",
      "src/domain/life.ts": "db2eff0c1eb6d3ae310f39d8df5a6bf40b125193741a25b9bbe652c4640de72a",
      "src/domain/reward.ts": "fb7463d0327e73097979d5ccd6823b10b0f0d9d14280974215ba6459eb899c0a",
      "src/domain/types.ts": "c90703ac043a4e3310ed695155a0dba02763d56fb06b0f3bd6833cfe32f34564",
      "src/engine/actions.test.ts": "813166423bd0b55fd0172eedb1bcf766028a1045588807473c2205f6cec47fa5",
      "src/engine/actions.ts": "2470daad996be973e130a31fb76fc9ef14ca089a15c2269e797f1598f1df05f7",
      "src/engine/calendar.ts": "e587ce1d1e149fea987f5a3ab6013872528d5d74beafcb0f40d2fe476abf5524",
      "src/engine/civilDefense.test.ts": "c05afe2ab42f334f3284f3b7830ea073db96707995b2336e2b30855d0c84e125",
      "src/engine/civilDefense.ts": "9a6988658e62df485f85f69d0c1f0a0626078eeec43f0934ad2298e6cdcfe77d",
      "src/engine/combatStats.test.ts": "896b7517b4a2bcb4671b4d17188f0823edfe290e3826fc21f3bc94fe0f062bea",
      "src/engine/combatStats.ts": "d7235e4c59edc77aec368f940e8825712672cc3fcd49e83c7c901c5f049db34f",
      "src/engine/crafting.test.ts": "3a7ebc2ff5340947c3fc8608d49bd72d16cbc4e5399e910c5e3597c474fd2bca",
      "src/engine/crafting.ts": "04ed1724b723b78221ee31811b46171bb9e8d2fbb029a777dda5a12449378a88",
      "src/engine/crisisAdventure.test.ts": "56078d5785fef942872e0b4532ebfc6046c34e49f53abde0a7e2606afdc213e3",
      "src/engine/crisisContributions.test.ts": "2f88fab54f5ceca44570195901077f3f41a421b4c9ff3657b90ddcfe31ca02ce",
      "src/engine/crisisContributions.ts": "9354b3ddb288d2cfc5cad639b16bdb1b68c5eaca782101040ee3c9bbe49e1cd6",
      "src/engine/crisisResolution.test.ts": "8d289cce7b38e55494b3198c3da986a36d14d7c776f32aac776179c5a8685bb8",
      "src/engine/events.ts": "e2b781ad3f99cfc2b20f58ce561b2bf9c489c417512f4c7b209e02e3d5d2a1b1",
      "src/engine/gameLoop.test.ts": "96c76b875cedace6ab191a95e0b01285a024723691c1ebaca3ae76407492258d",
      "src/engine/gameLoop.ts": "016305d39fe6746347f783723e0f6e6d53f387766d3ca899816d618e9ab2d941",
      "src/engine/gearStats.ts": "66fa786c0c3e81cc317033181a0f11d9ef987c15f943e0960ec20a668eff0702",
      "src/engine/identity.test.ts": "5dc96ec9abf767c0e9202429cabebedefeb3bc0237ebe519c4d9feeccda2a07f",
      "src/engine/identity.ts": "2d7596a712c16940a590bdf47edd288fc965f429304889e0be3b09969d61119e",
      "src/engine/itemGeneration.test.ts": "2b09ecb49724820a5187a26099f654a00b0457a0d0f8e50609562ff26f5d39e2",
      "src/engine/itemGeneration.ts": "87be6646c4aa67a8d6443586373e848d0d8ffabad72b9752825224cb170fff71",
      "src/engine/lifeIntegration.test.ts": "c9e702a8819e0d372aff7411f45a85ebc1e829dfc6f1e753b728863a21f56a16",
      "src/engine/lifeState.ts": "bd7697bcb564061cd00ff7fc14373625c30d2a7de06473b8f97bffb4c61b3c58",
      "src/engine/livingEvents.test.ts": "239b9276d488b5c6e54f5a71b3ef7c727f3d600f9d04f9689a8efa207dd1157a",
      "src/engine/livingEvents.ts": "5a1754700e98080bbdd8e50f6896900377c16c1cacbb21da5c3c8a9162fa4ab7",
      "src/engine/lod.ts": "325c339270bc38b55bf9e5185f9f502e3934a1055ece7f1b67fb448743fe5df4",
      "src/engine/npcLife.test.ts": "8bbe40ae3b0a87926c7d65a53d079931b59bdd26ac8489148518c188a466a9dc",
      "src/engine/npcLife.ts": "7f2fe08b29c5ee145a06c3623b19b663fcd7251bdfa5c3a7bfe19bc393bf5c28",
      "src/engine/ownership.test.ts": "b339812b317032d3cf497e53c139c6397cc829ad5f5d50859897306acb2de725",
      "src/engine/ownership.ts": "50b5bef7df35778c95ddbf0dd0951a22f46517842a224bee1552cd2dd18ff6db",
      "src/engine/random.ts": "b0844202733996c5dd2f123a32ad800c433b22c02ddf0e744c163e880b612734",
      "src/engine/regionalCrisis.test.ts": "2eef285818c781d60dda7120bf6f3cd89c65084c1ac4345674010976830912f4",
      "src/engine/regionalCrisis.ts": "3fe8139a9677ae925c1f8ee63c5763b12fd03036d2cf651893a09874e3783bf3",
      "src/engine/regionalCrisisRecognition.ts": "b6c33d892cbb421b89d84620219bad60c7fe15fa883852bf6dbd0a44658004c0",
      "src/engine/rewardActions.test.ts": "0b8972f23231416b0cff9d4f8af8d8cc4c79804bdb1a971c437e0581ca5a7c7f",
      "src/engine/rewardActions.ts": "799acb63db633179829613db2dc4ca6066226846ec0c6c0c885c7b6c13ce717d",
      "src/engine/rewardState.ts": "2bc667870966beec916017a865f8e8cbf7b9893b31fe33823fec98305df5d901",
      "src/engine/simulation.test.ts": "a0808a2c3a02ea77382e0c29cd931e175f71e3201fc0827ae177c2af320d3b4e",
      "src/engine/simulation.ts": "c0c83c8f9e6de55e09ea78fa1489015c6bcf35c066a06aa1f95daecd600ac907",
      "src/engine/wolfFamily.test.ts": "9d1aa4f13c4582c317dd4e91b6a3cf32db1ea33e8adeef4a54097ecf4355716f",
      "src/engine/wolfFamily.ts": "1c1c18f12926a13f804ae215e60349e0c69e2dcb0e5c8d26518b11eeb7197ed7",
      "src/main.ts": "d40986b5fc51412d180baf7fd19e010611819486787be3a901e22315f3ae34a4",
      "src/presentation/craftingProjection.test.ts": "9e267bcd768b9ee7238ff6c6c7e669df5b7fa987fd872c7bf2848aee5d1090ce",
      "src/presentation/craftingProjection.ts": "26e70a094527b49ed17cf4e8a802d8e32f145789b13cb78d5b1825d70ce80dbf",
      "src/presentation/crisisProjection.test.ts": "5e0988814fda47f84e244671d10ef15ea3ea94594df2e813682dbdc1b959fa6c",
      "src/presentation/crisisProjection.ts": "0b221c5ff24b5f8b2cabd3fd45dc212194fe74c0932925f6c59f3ffc9f076c3b",
      "src/presentation/icons.ts": "765708954fb2796d5a31715a4f66e9036672417b61aad5e80ccdddaf2231a135",
      "src/presentation/lifeProjection.test.ts": "fa6c4282aedc420b300baf2d283bf11222b3cd806a4e4b7dbf8c77269a95292a",
      "src/presentation/lifeProjection.ts": "07c2f4a68e2ce095c8eb352db85a22d0481e9cf6131c1440da950f765b0e24f4",
      "src/presentation/rewardProjection.test.ts": "cb54650c0885c3c1c245a9eb7d599fa63589f7543fb1c7514fd570d6e1244d86",
      "src/presentation/rewardProjection.ts": "969498139ed5fa7b221378d939032d7948904c242ea3d3691657728293603d92",
      "src/presentation/worldProjection.test.ts": "ac09f1dd5fd910f21f54f2475de22aaab72c8ba5be3b974d90913cde7910bad4",
      "src/presentation/worldProjection.ts": "06d76b4946a11de5ef28d3fa4a6966a0a2a0e0859c43370009b4ad30d2dcc73b",
      "src/presentation/worldUI.test.ts": "2f3df8b838778eabfb17e3364c37905b3a2ab043ebba3ad1500c911cce7e4e6e",
      "src/presentation/worldUI.ts": "a0abdb1cc227cf4d60e7bb3c1531fc555dff800d462b74be312f67c562e6c91e",
      "src/services/playJournal.test.ts": "90fa0dbf1b5a928728e4100eb4b5e5b2f7eb1f3944b1a559455713e8b155610a",
      "src/services/playJournal.ts": "92d55ee79abe39e0e0c83fd2cc54243559517f787cfe23262486810f45163940",
      "src/services/rewardSave.test.ts": "a27b2e1566755e16eabb9ced931a2c38898bfca10f3812e9be485e156603c3aa",
      "src/services/rewardValidation.ts": "3b229fe371f38df3cb6ab75dabf90973b94c1249b9d557ed747d736851f25ba1",
      "src/services/saveService.test.ts": "f1d85b9ad0a24e1c662864219da4cce053d38337b9afc2298a7a4cee0a4d27c8",
      "src/services/saveService.ts": "5d8ce05621c8be0dba81ec594d61de23bc40826faa7acf0a7c260876f9251bf1",
      "src/services/saveWriter.ts": "0703016eb96d12bb843f0b04b6e21b6568bf7f9b44defc59e340896c675ff43b",
      "src/stores/gameStore.test.ts": "a182469258b05a83d305dac07c2450847436a19cc7528362a149d8b07df0064f",
      "src/stores/gameStore.ts": "b5d18a378cf4b05d05a37a2825e7eff045fd1ef68ac0714076b8f7c049bf5ac2",
      "src/style.scss": "3d4a0eca9794501b3da62630d98a25298b7e0a9cf71bae57ce6c8d77ae4f8c2e"
    },
    "sourceFingerprint": "c9fd3e455af08f18c50bc7eaa3677ecdd950b2e0c177bc779fe39b1fb3ca2cbb",
    "buildInputsSha256": {
      "package.json": "e44cbba601836e8b2adc8e872caba3ce665c6b21873aeee153fc729099625f80",
      "package-lock.json": "cd8379969a4ee99f80434dce4c7afff4fcf52290aa9d40ba4668c5165dbdc53d",
      "tsconfig.json": "2f45629d03f844524c3b19b580db910c7c120e4e0d06b00eae6f73e829d968b0",
      "vite.config.ts": "f5e64ccf326c3dd505ea11a18e691d1bc5b698d9bd130b234a788fc3c9017366",
      "index.html": "bfa28297eece5f57e38878097b4db8b481d5fcee44442da76244e0bb3dffb794"
    },
    "buildInputsFingerprint": "953400b45ba7b923fe1f99ec590543615929d91e42782cd5c58ee3d75f739b71",
    "distSha256": {
      "dist/assets/index-C5oR9znA.js": "b3ad26fd438aaffec0176bfa43faf3f253f66dd00eec98ad119cf0527ee99b9f",
      "dist/assets/index-DmiWzmoy.css": "b76cc82a4d2fccd3ef0737700963ccae4aba6a3fedda8c26cc82eb30e7f86870",
      "dist/index.html": "2e91f5d3576d38eb50b492546391a6a3f0ed513afd93e2c6f79e2971290e6875"
    },
    "distFingerprint": "2214607f93c555fe64672f75bca427ad6c0d8fef02a835219a3fcb2a7568a137",
    "buildStatusPath": "/workspace/plw-rpg/reports/v2/20261008-regional-crisis/phase-06/j-build-status.json",
    "buildStatusSha256": "8e338e86b7bbea441d8c211d871a67fa727db8325b5f535724022d8488814a31",
    "buildStatusSourceSha256": {
      "src/App.vue": "f3ed979e98946fd747bf7f0508a03a31b50165ff09b4202e5b48753a977fdde8",
      "src/components/AdventureWindow.vue": "eb6167f033c2c871d0719fb3742319df591feace02bffabe8af5a4802ebfc087",
      "src/components/CharacterSheet.vue": "0905f39da0b3ba52ed2c8c4c852ce08bc96a5e80d925cb64bb1f3dcb5b0d0dbd",
      "src/components/IdentityWindow.vue": "982afc32143581311c9a014236e3e2a75e1a40b8f04f8fe97796c542966f7f06",
      "src/components/InventoryWindow.vue": "12794d34b5d7df1902804f36698c26d58f0c46e3ec8f8bcd4519b075d2ad4609",
      "src/components/LifeNewsWindow.vue": "f59e6aef06e4f610b702f09ac45ed64295a4fbeece8bfe9a424e0b2d7975438b",
      "src/components/NpcWindow.vue": "0e930a8dfeec0f4db6cdad0adace75825baa8cc40e09307e1e55c7085cde4cd7",
      "src/components/PixelMeter.vue": "77b69a1b161f6ad7e29a346665a69645a3d8589281e8bc32832f149e41d81ca9",
      "src/components/PixelWindow.vue": "15397996c0984586bd95e6383c647fba88dbb77ec0a9f01e78dc723821e61da4",
      "src/components/PlaceWindow.vue": "39ad0ac71e13dc67b07e65f15ecbcb38fb7cd18d0e3d8f5140eb97a943d21ce6",
      "src/components/PropertyWindow.vue": "9bd6f8d2a5b00435b6e86c149bf6a7d4bf5343ed2be26e2416772a3aaf0c27d1",
      "src/components/StatusNotice.vue": "6c722ade5aa61f45e5fb2c77c8a8dc15e701173484f3871f7365d7cf9500f6a9",
      "src/components/WorldMap.vue": "37de32ea49da36d4e74c9ced377adbe280fa45cb60fdf69d8a5c39a260719a5f",
      "src/components/WorldRecords.vue": "424365a02880ce6767ffc9e9769e5a0f61905c0fc046753d8fc80f5bfadaaed8",
      "src/data/config.ts": "c81505557ccadf66b8046b1f1976c90bb63165804502dce770c468deb9cb6984",
      "src/data/crafting.ts": "a6946d02a5783c52e672bc25abc33202830f98983488e7f0df2ee1984d7c86f9",
      "src/data/identity.ts": "0acc09bbd1f9d9c4e057b2bdca01fa202730e868325cb873286c5c31a809dae0",
      "src/data/lifeRules.ts": "07b9ab1836c6d96077a4a6aaedd7f5d7abec6f1b5132bc5203da1d1e9291e1b3",
      "src/data/livingEvents.ts": "768aaee2a9d1e8b9919163059d36a494f5071bf7a0568bfe7b0c80f735d03bc1",
      "src/data/npcLife.ts": "5089f01033570e33528b63538a06a3f0645735b8c8c884d8f2c54a900a937b4f",
      "src/data/ownership.ts": "32b4133d753764952905da43276cd1cd56ea26f32e44b4b540225dc8f59140f2",
      "src/data/rewards.ts": "f2d60b4eb0c7d3349e242b6c2a81853e92cf5b74e25e1be071cf839fd6c98cd5",
      "src/domain/crisis.ts": "03ef61f00c08ea84cdd6126d64009e3032fb38a5662db8a736519045f00ad14c",
      "src/domain/life.ts": "db2eff0c1eb6d3ae310f39d8df5a6bf40b125193741a25b9bbe652c4640de72a",
      "src/domain/reward.ts": "fb7463d0327e73097979d5ccd6823b10b0f0d9d14280974215ba6459eb899c0a",
      "src/domain/types.ts": "c90703ac043a4e3310ed695155a0dba02763d56fb06b0f3bd6833cfe32f34564",
      "src/engine/actions.test.ts": "813166423bd0b55fd0172eedb1bcf766028a1045588807473c2205f6cec47fa5",
      "src/engine/actions.ts": "2470daad996be973e130a31fb76fc9ef14ca089a15c2269e797f1598f1df05f7",
      "src/engine/calendar.ts": "e587ce1d1e149fea987f5a3ab6013872528d5d74beafcb0f40d2fe476abf5524",
      "src/engine/civilDefense.test.ts": "c05afe2ab42f334f3284f3b7830ea073db96707995b2336e2b30855d0c84e125",
      "src/engine/civilDefense.ts": "9a6988658e62df485f85f69d0c1f0a0626078eeec43f0934ad2298e6cdcfe77d",
      "src/engine/combatStats.test.ts": "896b7517b4a2bcb4671b4d17188f0823edfe290e3826fc21f3bc94fe0f062bea",
      "src/engine/combatStats.ts": "d7235e4c59edc77aec368f940e8825712672cc3fcd49e83c7c901c5f049db34f",
      "src/engine/crafting.test.ts": "3a7ebc2ff5340947c3fc8608d49bd72d16cbc4e5399e910c5e3597c474fd2bca",
      "src/engine/crafting.ts": "04ed1724b723b78221ee31811b46171bb9e8d2fbb029a777dda5a12449378a88",
      "src/engine/crisisAdventure.test.ts": "56078d5785fef942872e0b4532ebfc6046c34e49f53abde0a7e2606afdc213e3",
      "src/engine/crisisContributions.test.ts": "2f88fab54f5ceca44570195901077f3f41a421b4c9ff3657b90ddcfe31ca02ce",
      "src/engine/crisisContributions.ts": "9354b3ddb288d2cfc5cad639b16bdb1b68c5eaca782101040ee3c9bbe49e1cd6",
      "src/engine/crisisResolution.test.ts": "8d289cce7b38e55494b3198c3da986a36d14d7c776f32aac776179c5a8685bb8",
      "src/engine/events.ts": "e2b781ad3f99cfc2b20f58ce561b2bf9c489c417512f4c7b209e02e3d5d2a1b1",
      "src/engine/gameLoop.test.ts": "96c76b875cedace6ab191a95e0b01285a024723691c1ebaca3ae76407492258d",
      "src/engine/gameLoop.ts": "016305d39fe6746347f783723e0f6e6d53f387766d3ca899816d618e9ab2d941",
      "src/engine/gearStats.ts": "66fa786c0c3e81cc317033181a0f11d9ef987c15f943e0960ec20a668eff0702",
      "src/engine/identity.test.ts": "5dc96ec9abf767c0e9202429cabebedefeb3bc0237ebe519c4d9feeccda2a07f",
      "src/engine/identity.ts": "2d7596a712c16940a590bdf47edd288fc965f429304889e0be3b09969d61119e",
      "src/engine/itemGeneration.test.ts": "2b09ecb49724820a5187a26099f654a00b0457a0d0f8e50609562ff26f5d39e2",
      "src/engine/itemGeneration.ts": "87be6646c4aa67a8d6443586373e848d0d8ffabad72b9752825224cb170fff71",
      "src/engine/lifeIntegration.test.ts": "c9e702a8819e0d372aff7411f45a85ebc1e829dfc6f1e753b728863a21f56a16",
      "src/engine/lifeState.ts": "bd7697bcb564061cd00ff7fc14373625c30d2a7de06473b8f97bffb4c61b3c58",
      "src/engine/livingEvents.test.ts": "239b9276d488b5c6e54f5a71b3ef7c727f3d600f9d04f9689a8efa207dd1157a",
      "src/engine/livingEvents.ts": "5a1754700e98080bbdd8e50f6896900377c16c1cacbb21da5c3c8a9162fa4ab7",
      "src/engine/lod.ts": "325c339270bc38b55bf9e5185f9f502e3934a1055ece7f1b67fb448743fe5df4",
      "src/engine/npcLife.test.ts": "8bbe40ae3b0a87926c7d65a53d079931b59bdd26ac8489148518c188a466a9dc",
      "src/engine/npcLife.ts": "7f2fe08b29c5ee145a06c3623b19b663fcd7251bdfa5c3a7bfe19bc393bf5c28",
      "src/engine/ownership.test.ts": "b339812b317032d3cf497e53c139c6397cc829ad5f5d50859897306acb2de725",
      "src/engine/ownership.ts": "50b5bef7df35778c95ddbf0dd0951a22f46517842a224bee1552cd2dd18ff6db",
      "src/engine/random.ts": "b0844202733996c5dd2f123a32ad800c433b22c02ddf0e744c163e880b612734",
      "src/engine/regionalCrisis.test.ts": "2eef285818c781d60dda7120bf6f3cd89c65084c1ac4345674010976830912f4",
      "src/engine/regionalCrisis.ts": "3fe8139a9677ae925c1f8ee63c5763b12fd03036d2cf651893a09874e3783bf3",
      "src/engine/regionalCrisisRecognition.ts": "b6c33d892cbb421b89d84620219bad60c7fe15fa883852bf6dbd0a44658004c0",
      "src/engine/rewardActions.test.ts": "0b8972f23231416b0cff9d4f8af8d8cc4c79804bdb1a971c437e0581ca5a7c7f",
      "src/engine/rewardActions.ts": "799acb63db633179829613db2dc4ca6066226846ec0c6c0c885c7b6c13ce717d",
      "src/engine/rewardState.ts": "2bc667870966beec916017a865f8e8cbf7b9893b31fe33823fec98305df5d901",
      "src/engine/simulation.test.ts": "a0808a2c3a02ea77382e0c29cd931e175f71e3201fc0827ae177c2af320d3b4e",
      "src/engine/simulation.ts": "c0c83c8f9e6de55e09ea78fa1489015c6bcf35c066a06aa1f95daecd600ac907",
      "src/engine/wolfFamily.test.ts": "9d1aa4f13c4582c317dd4e91b6a3cf32db1ea33e8adeef4a54097ecf4355716f",
      "src/engine/wolfFamily.ts": "1c1c18f12926a13f804ae215e60349e0c69e2dcb0e5c8d26518b11eeb7197ed7",
      "src/main.ts": "d40986b5fc51412d180baf7fd19e010611819486787be3a901e22315f3ae34a4",
      "src/presentation/craftingProjection.test.ts": "9e267bcd768b9ee7238ff6c6c7e669df5b7fa987fd872c7bf2848aee5d1090ce",
      "src/presentation/craftingProjection.ts": "26e70a094527b49ed17cf4e8a802d8e32f145789b13cb78d5b1825d70ce80dbf",
      "src/presentation/crisisProjection.test.ts": "5e0988814fda47f84e244671d10ef15ea3ea94594df2e813682dbdc1b959fa6c",
      "src/presentation/crisisProjection.ts": "0b221c5ff24b5f8b2cabd3fd45dc212194fe74c0932925f6c59f3ffc9f076c3b",
      "src/presentation/icons.ts": "765708954fb2796d5a31715a4f66e9036672417b61aad5e80ccdddaf2231a135",
      "src/presentation/lifeProjection.test.ts": "fa6c4282aedc420b300baf2d283bf11222b3cd806a4e4b7dbf8c77269a95292a",
      "src/presentation/lifeProjection.ts": "07c2f4a68e2ce095c8eb352db85a22d0481e9cf6131c1440da950f765b0e24f4",
      "src/presentation/rewardProjection.test.ts": "cb54650c0885c3c1c245a9eb7d599fa63589f7543fb1c7514fd570d6e1244d86",
      "src/presentation/rewardProjection.ts": "969498139ed5fa7b221378d939032d7948904c242ea3d3691657728293603d92",
      "src/presentation/worldProjection.test.ts": "ac09f1dd5fd910f21f54f2475de22aaab72c8ba5be3b974d90913cde7910bad4",
      "src/presentation/worldProjection.ts": "06d76b4946a11de5ef28d3fa4a6966a0a2a0e0859c43370009b4ad30d2dcc73b",
      "src/presentation/worldUI.test.ts": "2f3df8b838778eabfb17e3364c37905b3a2ab043ebba3ad1500c911cce7e4e6e",
      "src/presentation/worldUI.ts": "a0abdb1cc227cf4d60e7bb3c1531fc555dff800d462b74be312f67c562e6c91e",
      "src/services/playJournal.test.ts": "90fa0dbf1b5a928728e4100eb4b5e5b2f7eb1f3944b1a559455713e8b155610a",
      "src/services/playJournal.ts": "92d55ee79abe39e0e0c83fd2cc54243559517f787cfe23262486810f45163940",
      "src/services/rewardSave.test.ts": "a27b2e1566755e16eabb9ced931a2c38898bfca10f3812e9be485e156603c3aa",
      "src/services/rewardValidation.ts": "3b229fe371f38df3cb6ab75dabf90973b94c1249b9d557ed747d736851f25ba1",
      "src/services/saveService.test.ts": "f1d85b9ad0a24e1c662864219da4cce053d38337b9afc2298a7a4cee0a4d27c8",
      "src/services/saveService.ts": "5d8ce05621c8be0dba81ec594d61de23bc40826faa7acf0a7c260876f9251bf1",
      "src/services/saveWriter.ts": "0703016eb96d12bb843f0b04b6e21b6568bf7f9b44defc59e340896c675ff43b",
      "src/stores/gameStore.test.ts": "a182469258b05a83d305dac07c2450847436a19cc7528362a149d8b07df0064f",
      "src/stores/gameStore.ts": "b5d18a378cf4b05d05a37a2825e7eff045fd1ef68ac0714076b8f7c049bf5ac2",
      "src/style.scss": "3d4a0eca9794501b3da62630d98a25298b7e0a9cf71bae57ce6c8d77ae4f8c2e"
    },
    "qaFilesSha256": {
      "reports/v2/20261008-regional-crisis/phase-06/j_browser_launcher.py": "428fbff3f6d35d633d923d8718f5d5456af0de274851aa2ef7baa59069e7c866",
      "reports/v2/20261008-regional-crisis/phase-06/j_browser_runner.py": "12001948a7db3de9a98050844810b90cd00f30afb75d32d6707433c89d4cd087",
      "reports/v2/20261008-regional-crisis/phase-06/j_browser_support.py": "0a5ee7cf4eae755d904bd8330a6e97af574ada6c3ca520d0edd317cd24defb28",
      "reports/v2/20261008-regional-crisis/phase-06/j_fixture_generator.py": "ad99459003741d3bb9d8ccccec77f2312e5020042d7f51d40a65403b9550ac84"
    },
    "recordedReportsSha256": "bc09dc981267e9cdfaf63103b260c052417b2ff675e551cd2677986f9231962b"
  },
  "sourceStableDuringRun": true,
  "endUTC": "2026-10-08T00:51:53.420765+00:00",
  "durationSeconds": 71.03,
  "browserErrors": false
}
